{"x": [0.0637747664943477, 0.08645729920697336, 0.13436853315003594, 0.1523087596223809, 0.07820929508521202, 0.0699595932100951, 0.058393187571486566, 0.14632034246818457, 0.13481866638369588, 0.09346212730365433, 0.11916442140305664, 0.11997551321546428, 0.08657279050236273, 0.08832766434085866, 0.10982100011409135, 0.10222562747613863, 0.11524680962689125, 0.10316050475710584, 0.09977272740254227, 0.10034714384323482, 0.17489439585599031, 0.1814124100735603, 0.10915356305534446, 0.08496759622415623, 0.10861348077019717, 0.15985021998553905, 0.1451640824959879, 0.0900681032347345, 0.08402317677130146, 0.11068783371892157], "cost": 0.6309166430650134, "fun": [0.2617613509939852, 0.3194433667596639, 0.1803911726841977, 0.31234579042243327, 0.24070344346638675, 0.0644609166201291, 0.039435899402364055, 0.17154991387829738, 0.21779204536446076, 0.1828841848287559, 0.002437278398312652, 0.3570224972565514, 0.3419658112719123, 0.0018804055640811337, 0.001324287605633478, 0.3298472044090146, 0.040953277696856076, 0.3407288690682727, 0.2908762985450427, 0.48126186837198914, 0.0, 0.0, 0.0, 0.0, 0.0, 0.0, 0.0, 0.0, 0.0, 0.0, 0.0, 0.0, 0.0, 0.0, 0.0, 0.0, 0.0, 0.0, 0.0, 0.0, 0.0, 0.0, 0.0, 0.0, 0.0, 0.0, 0.0, 0.0, 0.0, 0.0, 0.0, 0.0, 0.0, 0.0, 0.0, 0.0, 0.0, 0.0, 0.0, 0.0, 0.0, 0.0, 0.0, 0.0, 0.0, 0.0, 0.0, 0.0, 0.0, 0.0], "grad": [-0.5355626783917502, -0.6210295956051632, -0.06333873950282709, -0.31853323516684573, 0.1978749118298585, -0.2889997793231074, 0.2988936603081389, 0.43484874954665576, 0.5747511126393314, 0.05443216489208169, -0.9175087930982775, -0.5516841224324518, -0.20782575308733486, 1.375744746662236, 0.2805016044855165, -0.44910622246908316, -0.2042996630420439, -0.17439531394146401, -0.006682969592167021, 0.18241920412104273, 0.07857661464174061, 0.9354971300012803, 0.675980535642406, 0.7256240487255416, -1.0054598730675302, 0.15620709247354014, -0.15608683094263265, 0.24823656702217323, -1.1373841642571585, -0.27373618338272676], "optimality": 1.375744746662236, "nfev": 1877, "njev": null, "status": 2, "message": "`ftol` termination condition is satisfied.", "success": true, "res_time": 2630.975843000002, "tension_error": [0.36225233505652304, 0.1354270079302665, -0.34368533150035935, -0.5230875962238091, 0.2179070491478799, 0.3004040678990491, 0.4160681242851344, -0.4632034246818456, -0.3481866638369588, 0.06537872696345676, -0.1916442140305663, -0.19975513215464272, 0.13427209497637274, 0.11672335659141345, -0.09821000114091344, -0.022256274761386224, -0.15246809626891247, -0.03160504757105831, 0.0022727259745773665, -0.003471438432348095, -0.748943958559903, -0.8141241007356028, -0.09153563055344455, 0.15032403775843778, -0.08613480770197163, -0.5985021998553904, -0.45164082495987884, 0.099318967652655, 0.15976823228698547, -0.10687833718921569], "git_revision": "ec36e56dd006ef5715c6882890a8a7f5f3c70256"}