{"x": [0.03284113269892617, 0.09511735741038896, 0.1514610956302143, 0.1454435117404133, 0.1019048005593281, 0.07212560946008001, 0.0910671346839453, 0.18151464338571374, 0.14721035760154264, 0.0705004738843611, 0.14907070743870102, 0.09992417124144848, 0.018103063792045255, 0.02188820125397015, 0.10641309624943339, 0.1601027341652552, 0.0759296355250038, 0.06402453189398703, 0.09510272322596103, 0.0936286003209805, 0.1694212772248428, 0.15277816164648186, 0.0764663943063511, 0.038771557539871514, 0.06647889958466034, 0.17262329024307405, 0.1766221940641568, 0.03736690811232451, 0.06849731983938986, 0.03196171826968277], "cost": 2.291431200990456, "fun": [0.707746078349066, 0.5861485769942336, 0.30269420066839314, 0.45755036066916793, 0.2442319911332067, 0.5023165926209918, 0.4422747035952731, 0.5665653524626575, 0.49746987378313584, 0.7276955312957244, 0.5053386602280098, 0.40792504226281495, 0.5573453621230364, 0.32668718067173513, 0.5691062092366291, 0.3913087245778457, 0.3229639389627068, 0.3950636143808198, 0.35080101480356846, 0.3636551186467767, 0.0, 0.0, 0.0, 0.0, 0.0, 0.0, 0.0, 0.0, 0.0, 0.0, 0.0, 0.0, 0.0, 0.0, 0.0, 0.0, 0.0, 0.0, 0.0, 0.0, 0.0, 0.0, 0.0, 0.0, 0.0, 0.0, 0.0, 0.0, 0.0, 0.0, 0.0, 0.0, 0.0, 0.0, 0.0, 0.0, 0.0, 0.0, 0.0, 0.0, 0.0, 0.0, 0.0, 0.0, 0.0, 0.0, 0.0, 0.0, 0.0, 0.0], "grad": [-2151.9780798610323, 6159.997981634007, 20207.206031996553, 3736.08497401398, -1512.905639715063, -2286.9404747768, 1897.6825731063013, 546.6379204593738, 932.2239457262583, -2659.317709715499, -158.54231786032202, 6381.384897886456, 18223.421281630726, 3730.7970595383013, -1837.4012726974888, -1557.1032635689544, 11277.885622845079, 502.9639031811573, 1233.0615732881006, 1806.6771411328523, -10141.233986286385, 483.3003019577628, -3336.4371028094984, 1173.7438624431848, -2367.098836951229, -107.0983628059696, 3371.3552872059763, 2843.828563781097, 4369.286390123626, -3528.978271135171], "optimality": 20207.206031996553, "nfev": 212, "njev": null, "status": 2, "message": "`ftol` termination condition is satisfied.", "success": true, "res_time": 1403.0914899999916, "tension_error": [0.6715886730107384, 0.04882642589611047, -0.5146109563021428, -0.45443511740413306, -0.01904800559328096, 0.27874390539919996, 0.08932865316054708, -0.8151464338571374, -0.4721035760154263, 0.29499526115638897, -0.4907070743870101, 0.0007582875855152715, 0.8189693620795475, 0.7811179874602986, -0.06413096249433384, -0.6010273416525519, 0.24070364474996206, 0.3597546810601297, 0.04897276774038978, 0.06371399679019507, -0.6942127722484278, -0.5277816164648186, 0.235336056936489, 0.6122844246012848, 0.3352110041533966, -0.7262329024307403, -0.7662219406415679, 0.6263309188767548, 0.3150268016061014, 0.6803828173031723], "git_revision": "ec36e56dd006ef5715c6882890a8a7f5f3c70256"}