{"x": [0.0019454337654019717, 0.126716953777599, 0.10869078450452535, 0.16910943031177497, 0.1386739059823421, 0.08903875150848471, 0.024075614845478533, 0.16753686603185347, 0.20820874804769868, 0.026289443635295645, 0.15240469276577548, 0.12926719965568884, 0.0566176104869824, 0.08594037486809912, 0.09448717353548111, 0.16162983797436792, 0.07728401528920818, 0.08414582321856587, 0.08709566407815975, 0.06813253511845824, 0.17332988763180235, 0.2152676448085646, 0.17209071201046128, 0.06025972437855471, 0.14917189857862864, 0.2927134189411195, 0.1976051164034164, 0.06669065112392022, 0.14388320850868114, 0.06752832099445885], "cost": 2.021215994496009, "fun": [0.7984410659670449, 0.6653053922920528, 0.6095017599990831, 0.3562249025440902, 0.13664178408391425, 0.3241591352951099, 0.33410059727546015, 0.387890668859592, 0.16084499544565034, 0.608947638799478, 0.3035508431477118, 0.42348760001644303, 0.32899119387424725, 0.33777784901157804, 0.322194318559995, 0.48314873696090105, 0.32365996295344324, 0.4752878454136491, 0.37419275933866897, 0.6161597337953847, 0.0, 0.0, 0.0, 0.0, 0.0, 0.0, 0.0, 0.0, 0.0, 0.0, 0.0, 0.0, 0.0, 0.0, 0.0, 0.0, 0.0, 0.0, 0.0, 0.0, 0.0, 0.0, 0.0, 0.0, 0.0, 0.0, 0.0, 0.0, 0.0, 0.0, 0.0, 0.0, 0.0, 0.0, 0.0, 0.0, 0.0, 0.0, 0.0, 0.0, 0.0, 0.0, 0.0, 0.0, 0.0, 0.0, 0.0, 0.0, 0.0, 0.0], "grad": [-1638.0384195130928, -3602.541947223411, 553.4133467244369, 2831.306586987834, -3100.4591287678227, -91.61776487325565, -2420.144194216931, -153.04700986562239, -1131.3618224500863, -3329.420082592059, -3308.5441171403622, -2840.512077995118, -1575.7594122237474, 1405.0126053778006, 3852.3100035407583, -6143.99330262477, -2252.6807315631063, 235.29082624236707, 6327.27440317541, -5172.698896447222, 999.2105781199127, -1398.4905774702236, 180.80405659596602, -497.73927173066056, -4993.957897313063, 2186.0227670177633, 2794.022467167748, 4534.701092847999, -1703.046588974727, -1026.8209694640993], "optimality": 6327.27440317541, "nfev": 305, "njev": null, "status": 2, "message": "`ftol` termination condition is satisfied.", "success": true, "res_time": 1382.1023959999984, "tension_error": [0.9805456623459803, -0.26716953777599, -0.08690784504525345, -0.6910943031177497, -0.38673905982342105, 0.10961248491515294, 0.7592438515452147, -0.6753686603185346, -1.0820874804769867, 0.7371055636470436, -0.5240469276577547, -0.2926719965568883, 0.43382389513017605, 0.14059625131900885, 0.05512826464518894, -0.6162983797436791, 0.22715984710791823, 0.15854176781434137, 0.1290433592184026, 0.3186746488154177, -0.7332988763180234, -1.152676448085646, -0.7209071201046127, 0.3974027562144529, -0.49171898578628637, -1.927134189411195, -0.976051164034164, 0.3330934887607978, -0.4388320850868113, 0.32471679005541154], "git_revision": "ec36e56dd006ef5715c6882890a8a7f5f3c70256"}