{"fun": [272.31410985614275], "x": [-0.9219717740886659, -0.6520698364676774, -0.24806751946273986, -0.19936045593162888, -0.5849508168973202, -0.891414387484876, -0.5998516596432263, -0.22392947064573496, -0.26320819440393306, -0.5998533871710305, -1.0670444280881792, -0.7415859254449806, -0.6611813712718012, -0.679671909284463, -0.6983695994286898, -0.9936141156650723, -0.7546275897493472, -0.6683601761555715, -0.5783192787803282, -0.703023453747602, -0.3369308552366831, -0.4103669414168274, -0.6629996617387885, -1.1267042753160534, -0.7175112612637229, 0.12870508823211937, -0.3350048161366563, -0.8207894346614696, -0.9667267235770408, -0.7746793034294648], "message": {"value": 