{"x": [0.09476122422008684, 0.13159145970106498, 0.17936487023161868, 0.18147674708092054, 0.1214506230517656, 0.09594879865763967, 0.12735348643205374, 0.18258457663834715, 0.17884591578388348, 0.13270031297225307, -0.0004960438984750563, -0.008154008147774977, 0.011617438536676628, -0.006298818480778468, 0.004484392202782604, -0.0027751393605116043, 0.002896426495819153, -0.002310286758323135, 0.007999308691609386, 0.0007342366306192537, 0.06010031946008007, 0.05375138664191877, 0.04987916937284501, 0.06284589383104747, 0.05329615601666323, 0.053573233876898774, 0.053794537535345376, 0.056893792626170475, 0.053278976176100834, 0.05882854368594479], "cost": 0.6514695616783339, "fun": [0.3826921668913703, 0.2893023105628421, 0.4794381100660315, 0.24433863073018372, 0.42013270762326266, 0.17583471579957788, 0.22424968230346726, 0.23142553933274748, 0.0034265189173898905, 0.2787493259139721, 0.14935687062528832, 0.14436344698892514, 0.02907694789122742, 0.21201004000096507, 0.0072101147861894, 0.16684502693344969, 0.24826318919722323, 0.007663454358033389, 0.37175915675534016, 0.278406079501903, 0.0, 0.0, 0.0, 0.0, 0.0, 0.0, 0.0, 0.0, 0.0, 0.0, 0.0, 0.0, 0.0, 0.0, 0.0, 0.0, 0.0, 0.0, 0.0, 0.0, 0.0, 0.0, 0.0, 0.0, 0.0, 0.0, 0.0, 0.0, 0.0, 0.0, 1.2205633804929224e-07, 0.00054214246144647, 0.0, 0.00024990634288880973, 0.0, 2.1372454025804483e-05, 0.0, 1.2330982083144051e-05, 0.0, 0.0, 0.0, 0.0, 0.0, 0.0, 0.0, 0.0, 0.0, 0.0, 0.0, 0.0], "grad": [0.07531704765094044, 0.5621626739249462, 3.0105070968081447, -0.3381813951802606, 0.0804555305126522, 0.772599242619286, -0.17788289075069352, -0.33491257890888004, -1.3408998737818636, -1.4534127612477556, 0.8871395525037813, 2.7586553330268067, -2.1406509477975133, 1.70933685817097, -0.24058659793450093, 0.8289091235913366, 1.0120456326569203, -2.180996272231864, -1.4703811234159905, -0.917989485490261, -0.6690985604323769, -0.23112953160253058, -0.6450353126956936, -5.254617259327186, 3.8046519640749046, -2.5492193379285215, 2.7438396156758795, -1.3501742752832255, 2.695211523749979, 0.13594529277356937], "optimality": 5.254617259327186, "nfev": 1682, "njev": null, "status": 2, "message": "`ftol` termination condition is satisfied.", "success": true, "res_time": 2141.776509999996, "tension_error": [0.005224841990241784, -0.05502961481940744, 0.026769138063169596, -0.005267286850744644, 0.09880329072475133, -0.01279024222781855, 0.009258940862585247, -0.02207266944000162, 0.034641493500990925, -0.07185052678437776, 0.007524810508129196, 0.12369341984121511, -0.17623243395811114, 0.09555084870244317, -0.06802664375836084, 0.04209788263840671, -0.04393776558640556, 0.03504623306377761, -0.12134668380245855, -0.01113811001510577, -0.0757792410145552, 0.020531824462462826, 0.07927199097929936, -0.11742863321758128, 0.02743751204994433, 0.023234338902003254, 0.01987724067000038, -0.027137362969935998, 0.027698124155423956, -0.05648685229932839], "git_revision": "018ef57f2e70e762a509d3bbb7a77c8182022b6e", "linregress": [-0.2401662372966146, 0.06720489273097557, -0.3500164456482848, 0.05794249786588588, 0.12146892884214534]}