{"x": [0.0995398730525248, 0.12743705683971182, 0.17549997232525447, 0.1832092689557295, 0.1288898183567529, 0.09585505968298122, 0.1257261545125217, 0.1793708570386967, 0.18189702169743738, 0.12894342221695512, -0.00591766839353652, 0.005311244575157271, 0.007830641492391271, -0.008878057200878437, 0.001597093504207342, -0.001226233498090255, 0.0014732831551213452, 0.0037391723777598796, -0.003136570886674017, -0.0007688070514494239, 0.0509747216108107, 0.05504246936832668, 0.058885102894561996, 0.05639153008256878, 0.05910706712760755, 0.053517774760705114, 0.055313097568085334, 0.057115004164518576, 0.05195493543338736, 0.06160608012730958], "cost": 0.7095150957941494, "fun": [0.20969750915398166, 0.42959698095922316, 0.42055699511176753, 0.2517909345754042, 0.34261332539249084, 0.3635156443111438, 0.2831698789043702, 0.3613344179566579, 0.2788305729171249, 0.16558144179018816, 0.21038279156117284, 0.2850302708098307, 0.06352095060374316, 0.3150120917394005, 0.04666371271417428, 0.3187303233747748, 0.08581746657633768, 0.15819283120533398, 0.09542345052298579, 0.1037533534727811, 0.0, 0.0, 0.0, 0.0, 0.0, 0.0, 0.0, 0.0, 0.0, 0.0, 0.0, 0.0, 0.0, 0.0, 0.0, 0.0, 0.0, 0.0, 0.0, 0.0, 0.0, 0.0, 0.0, 0.0, 0.0, 0.0, 0.0, 0.0, 0.0, 0.0, 0.00020722964129930271, 0.0, 0.0, 0.0006997675777673518, 0.0, 1.8438242726688102e-06, 0.0, 0.0, 3.0857825670498565e-05, 4.5441438813699825e-07, 0.0, 0.0, 0.0, 0.0, 0.0, 0.0, 0.0, 0.0, 0.0, 0.0], "grad": [-421.1984973468975, -0.7840759037665497, 422.8094113235866, 0.8132468087398386, -1.2432856090141617, 0.04443046236843995, -0.3952164512728844, 1.095074814370349, 0.238338458781713, -1.007576990915954, 1.7724759435600843, 419.64865708509944, 0.04761314535863925, -0.1329426725282512, 0.7230970505383341, -1.145084348542038, -0.2479250513532445, -0.9864941970307815, 0.5277830181110823, 0.49772308592460024, 0.27926497844170806, 421.93773441695043, -420.5310466165042, -3.180342561790525, 0.5156503151509776, -0.4407853787002436, 0.7485359782963643, 0.7456949995622456, -2.2815529929542637, 0.5316840989911498], "optimality": 422.8094113235866, "nfev": 349, "njev": null, "status": 2, "message": "`ftol` termination condition is satisfied.", "success": true, "res_time": 489.7829839999904, "tension_error": [-0.06726557077268562, 0.007991207334066146, 0.08539827243628068, -0.03154903096493363, -0.014046671093312769, -0.011368255134136742, 0.03394499055688369, 0.026678320317100376, -0.011642704148262075, -0.014859822694947273, 0.08976893667717756, -0.08056970182125388, -0.11878806204145122, 0.13467698790836247, -0.024227343627992646, 0.018601528494183388, -0.022349184419338856, -0.05672192256848982, 0.047580671065795985, 0.011662531072865023, 0.06265285098424667, 0.0009465561093901944, -0.05734483549122449, -0.019518217814532418, -0.060711954406273506, 0.024075634080894748, -0.0031587779701145124, -0.030493063772623966, 0.04778335395986338, -0.09862109780652219], "git_revision": "018ef57f2e70e762a509d3bbb7a77c8182022b6e", "linregress": [-0.17143835962591641, 0.05513467639639066, -0.30430920782043497, 0.10205153755561795, 0.10141735999178958]}