{"x": [0.09401632271338507, 0.12631857379480127, 0.18009053033190364, 0.1830169185958193, 0.12989633549944843, 0.0981770453886062, 0.12142386890387374, 0.17965612338999423, 0.18533905835958686, 0.12944175373140823, 0.0032419184121171185, 0.001014230625984841, 0.0016825361546318489, 0.0009203617277034781, 0.0003053348513252492, -0.0008247047478848127, 0.003520821599841522, 0.0018772068726251809, -0.007044994153682952, -0.007380341234986159, 0.05679040515804005, 0.05473682800086342, 0.06037224363024016, 0.05197105150145303, 0.05771279471263467, 0.052120562021854715, 0.05648944887034597, 0.057015111133530395, 0.05264058706748424, 0.054453849534534825], "cost": 0.6258121677530036, "fun": [0.39205510734746307, 0.23436632628694062, 0.3442137437865089, 0.13114101116497984, 0.23739497114114078, 0.27732544399729964, 0.3944421349966019, 0.19924515269033172, 0.16024779230532138, 0.2464612467347568, 0.004461763740366037, 0.2981240750203696, 0.2104847150213921, 0.3645143918276285, 0.365178211134968, 0.08354386628179788, 0.12548126398678816, 0.19158311949882345, 0.16002739763743293, 0.08871955808496622, 0.0, 0.0, 0.0, 0.0, 0.0, 0.0, 0.0, 0.0, 0.0, 0.0, 0.0, 0.0, 0.0, 0.0, 0.0, 0.0, 0.0, 0.0, 0.0, 0.0, 0.0, 0.0, 0.0, 0.0, 0.0, 0.0, 0.0, 0.0, 0.0, 0.0, 0.0, 0.0, 0.0, 0.0, 0.0, 5.609129728167471e-07, 0.0, 0.0, 0.00034965674563206076, 0.000402003030054391, 0.0, 0.0, 0.0, 0.0, 0.0, 0.0, 0.0, 0.0, 0.0, 0.0], "grad": [1.6683899124369723, -0.11890551958549667, -131.3586207004049, -0.1607047444203673, 0.10613074902874775, -0.2569341537656238, 0.9346455472225847, 0.43750743803285586, -1.7272426792795605, -0.9625342669796475, 0.2158354689073394, -0.164601309555374, 0.3489369811344798, 0.02810401396393225, -0.41739832522961384, 0.4485762281493555, -0.5136698373277979, -0.7160642776741404, 0.693796130990529, 1.5802141256797873, -1.4203488171797658, 0.3311697434351568, -1.282502558278848, -0.653713351714444, -0.5772156040063816, -0.11118376324953907, 0.07315011933702698, 131.9725170116006, -0.23157986570173028, 0.6278250098270978], "optimality": 131.9725170116006, "nfev": 755, "njev": null, "status": 2, "message": "`ftol` termination condition is satisfied.", "success": true, "res_time": 982.3294969999988, "tension_error": [0.016524734403760927, 0.02495819956072383, 0.015761130980044547, -0.02863114403205478, -0.029315180181422, -0.046591957091013436, 0.09920914168635286, 0.022350930655704846, -0.06385718299646989, -0.02241933552842134, -0.04917875576938098, -0.01538551990164426, -0.02552347841713786, -0.01396156191255183, -0.004631821709355902, 0.01251047935891451, -0.05340961848977961, -0.02847656436151611, 0.10687006976663369, 0.11195716639057839, -0.025569011642587038, 0.005583027560156644, -0.07990423450671451, 0.04753887890694352, -0.03956133497191279, 0.045270857188597476, -0.021003611194985606, -0.02897772182087423, 0.037382261159348645, 0.009875710815710861], "git_revision": "018ef57f2e70e762a509d3bbb7a77c8182022b6e", "linregress": [-0.032185246453426665, 0.03986137476315803, -0.0700960256363067, 0.712820174469085, 0.08655952332544416]}