{"x": [0.09771840414430491, 0.12656387180423206, 0.18148408407851324, 0.1836185301785936, 0.12553660409388476, 0.09688536783561372, 0.12954717825967757, 0.17969286007877944, 0.1822552561455585, 0.12698282233592942, -0.005459287665541612, 0.007273370861097552, 0.003394884893393953, -0.00247889425131905, -0.0001374682782713854, -0.003344347746686308, 0.005659291169206657, 0.0024507135771305796, -0.0007966599194695943, 0.004850133301707957, 0.053188674812882565, 0.05276356904882985, 0.05796150063047198, 0.05164851611996636, 0.05227108527943365, 0.05601727003460594, 0.05271631479973739, 0.05503270786823338, 0.05936528961692998, 0.05066692052324487], "cost": 0.7657096002777061, "fun": [0.3546408236122164, 0.4359622673910613, 0.1519225697091964, 0.3622439772610158, 0.2664748873754929, 0.23314465962400993, 0.2942409558709226, 0.32171058807072306, 0.3327318064660511, 0.24690612977350215, 0.2892449400824474, 0.4426912639560478, 0.07854492442897117, 0.004454987181474983, 0.25718118530962564, 0.17368320102662135, 0.11362381408327497, 0.32219671094538715, 0.27411734803205406, 0.01319811406601422, 0.0, 0.0, 0.0, 0.0, 0.0, 0.0, 0.0, 0.0, 0.0, 0.0, 0.0, 0.0, 0.0, 0.0, 0.0, 0.0, 0.0, 0.0, 0.0, 0.0, 0.0, 0.0, 0.0, 0.0, 0.0, 0.0, 0.0, 0.0, 0.0, 0.0, 0.0001627076368213653, 0.0, 0.0, 1.523259870532636e-05, 2.597810573258797e-09, 3.740539865805686e-05, 0.0, 0.0, 5.05613782850301e-07, 0.0, 0.0, 0.0, 0.0, 0.0, 0.0, 0.0, 0.0, 0.0, 0.0, 0.0], "grad": [-0.6349533005375785, 1.5282316148243105, -1.36375384340139, -0.9429383005771241, 0.8173079235013816, -0.28852483492614833, 0.08077554500006379, -0.47441379111175397, -0.16028525865836318, 0.46596419427678404, 0.30720863726754133, 0.564609712965795, -0.031427053733849464, -0.3093124812199054, 0.2909829845339087, 0.7465768938632062, -1.4107637857430726, -0.5680323849094536, 0.23174644029759506, -1.8716164412156908, 1.345850352034624, -0.9761934620148374, -1.018098118330007, 0.08185342535245033, -0.09404542576240438, 0.47636218844523437, -0.664186496469138, 0.3019610066119185, 0.6309240073085585, 0.35575565234764106], "optimality": 1.8716164412156908, "nfev": 785, "njev": null, "status": 2, "message": "`ftol` termination condition is satisfied.", "success": true, "res_time": 1086.1343310000084, "tension_error": [-0.039634531618813446, 0.02123711551017415, -0.005378586509410722, -0.03775737897575452, 0.036820403370879363, -0.026997665429020254, -0.024018588337647393, 0.02179364807919376, -0.01707699403244887, 0.014881784111090144, 0.08281546314521061, -0.11033446365001444, -0.05149920319196197, 0.03760394910250997, 0.002085345164109433, 0.05073257254946113, -0.08584944556222661, -0.03717645824149653, 0.01208504923023785, -0.073574806880433, 0.02906796389930983, 0.03551666799635456, -0.04333411578774254, 0.05243162657567908, 0.0429874726054389, -0.013840825248387678, 0.03623349824306834, 0.001094634613536617, -0.06462909824588556, 0.06732208462515889], "git_revision": "018ef57f2e70e762a509d3bbb7a77c8182022b6e", "linregress": [-0.19698112991796207, 0.05217893039250755, -0.4740421798808059, 0.008135906068204591, 0.06914472217964714]}