{"x": [0.09343670229814832, 0.1280469429382891, 0.18209383393536968, 0.17930261539261125, 0.12957819875278054, 0.0976264886583141, 0.12939904016900772, 0.17746153557344171, 0.17854237564957995, 0.1311132441905866, 0.005347877311599616, -0.0025986818796867837, 4.434201189316355e-05, -0.0038147751304156647, 0.0027268306099411162, -0.0066726023959439605, 0.002933227414448941, -0.001679977955240438, 0.008276674941248289, -0.004711965588761259, 0.055980104624165646, 0.054534955042353395, 0.056496320735806516, 0.05086210263345829, 0.061425500685795414, 0.054388389437648725, 0.05297458852158443, 0.060827346219093956, 0.05513430504148351, 0.057008393027322475], "cost": 0.7680094710504362, "fun": [0.30856147843725046, 0.3522250823963582, 0.4584384530634065, 0.27106022198867985, 0.3662170585282276, 0.40145138537124275, 0.2788169890078184, 0.19821187063317422, 0.23051121767045918, 0.36018223751993544, 0.2551013105520153, 0.37475109613221824, 0.11803859514838741, 0.12198461831856379, 0.16187122884378652, 0.06980082252390173, 0.3318431594823115, 0.18595722124782763, 0.06874627430603203, 0.1520069800859896, 0.0, 0.0, 0.0, 0.0, 0.0, 0.0, 0.0, 0.0, 0.0, 0.0, 0.0, 0.0, 0.0, 0.0, 0.0, 0.0, 0.0, 0.0, 0.0, 0.0, 0.0, 0.0, 0.0, 0.0, 0.0, 0.0, 0.0, 0.0, 0.0, 0.0, 0.0, 1.7549282069798868e-05, 0.0, 5.551455054614205e-05, 0.0, 0.00029708843173337603, 0.0, 4.7414453450611216e-06, 0.0, 0.00010461798005231864, 0.0, 0.0, 0.0, 0.0, 0.0, 0.0, 0.0, 0.0, 0.0, 0.0], "grad": [0.6244334412335439, 0.40356326617616484, 1.1812700649603993, 2.5643942019763655, -2.5416627427215555, 1.213918302675003, 0.5799408547374565, -0.06063197343066862, -0.02489661063741444, -2.364434616445367, -0.7754623008551647, 1.478436503046568, 1.283372572597104, 0.4751166031241725, -1.4339052225396278, 3.7619623341599926, -0.9817116771112369, 0.4634531983982275, -0.8611700896911658, -1.6571270971558172, 2.540610323420129, -2.2723940198987114, 0.7435054052711214, -2.9390677442126316, -0.8791690880898386, 2.727365923778793, -2.564657605589449, 0.6758917611812656, 0.18870213183230522, 0.7383115539272271], "optimality": 3.7619623341599926, "nfev": 382, "njev": null, "status": 2, "message": "`ftol` termination condition is satisfied.", "success": true, "res_time": 574.6840730000113, "tension_error": [0.02531737111335051, -0.0012605490879858355, -0.014628276192740899, 0.027713521953758993, -0.024489158247258527, -0.038240206203321477, -0.021771385892957396, 0.055642051691108724, 0.03924608998785008, -0.047775254651969405, -0.08112540747748774, 0.03942108506055003, -0.000672652638347179, 0.05786878958847868, -0.04136505597720814, 0.10122101850244204, -0.04449602250694334, 0.02548467143710735, -0.1255542317156563, 0.07147885153966234, -0.013277039115991367, 0.008645368946016401, -0.02110785496370639, 0.06436124104166169, -0.09588177154278783, 0.010868717334742659, 0.032315577224176904, -0.08680797982726311, -0.0004465585736370261, -0.028875810525637063], "git_revision": "018ef57f2e70e762a509d3bbb7a77c8182022b6e", "linregress": [-0.16679734268932675, 0.052574119152653934, -0.3278245365780044, 0.07697518557008204, 0.09084066990597313]}