{"x": [0.09379711642481048, 0.12589967377400108, 0.18047009534975997, 0.17600004373828426, 0.1392461413087708, 0.09654388183246533, 0.12458931188843236, 0.17755807665329854, 0.18635534029357928, 0.13084921880758452, 0.005611968686777283, -0.003920574584082439, 0.0037259488658710712, 0.0072729774931310845, -0.007793304164790465, 0.00047313885465129245, -0.002023445033989597, 0.014164962916038894, -0.0010876248723384555, -0.010189093819283407, 0.05625403893204287, 0.0553525851722573, 0.046291988366379024, 0.06315350386356891, 0.05146488651626538, 0.058045999523747324, 0.04923904567339404, 0.05106462844393717, 0.04711622859667222, 0.05456384754918688], "cost": 0.5904149514434316, "fun": [0.3360414193307917, 0.18084886568722505, 0.38934419531137493, 0.2964631272924114, 0.3671553281011665, 0.34704445206790135, 0.16262440490706936, 0.22054917436883842, 0.10174735816724063, 0.24072034394209238, 0.3533068112075882, 0.2046109578471988, 0.2923501094364296, 0.17108098641747604, 0.02003898905533691, 0.007851424014270896, 0.1348233723180381, 0.3092250782355806, 0.007087116647716516, 0.03673183968131352, 0.0, 0.0, 0.0, 0.0, 0.0, 0.0, 0.0, 0.0, 0.0, 0.0, 0.0, 0.0, 0.0, 0.0, 0.0, 0.0, 0.0, 0.0, 0.0, 0.0, 0.0, 0.0, 0.0, 0.0, 0.0, 0.0, 0.0, 0.0, 0.0, 0.0, 0.0, 6.0262779749250045e-05, 0.0, 0.0, 0.0004733309249778474, 0.0, 8.284651312610702e-06, 0.0, 1.2865817659040185e-06, 0.001057807601287705, 0.0, 0.0, 0.0, 0.0, 0.0, 0.0, 0.0, 0.0, 0.0, 0.0], "grad": [-0.3908075017280055, 0.6463978222005662, -0.5833679901491964, -1.0540422943146601, 0.2323993296830964, -0.3088021766143315, 0.5500485598645071, -0.12117300164523481, 0.04478474101094587, 0.6407312793855926, -0.15722733201793204, 0.7995337050289844, -0.1657416331494881, -0.28598194139915917, -1.170569737937147, 0.7656415663404323, 1.1595700531242918, 0.8786572662305994, -0.7668426905107298, -0.18078551964807, 0.4226762285999235, -0.11004382370108745, 0.8410507512316334, 0.7719470144998999, 2.4705338015211904, -1.5599912926455821, 2.7328877098272844, -1.6198634895186195, 0.2889287353510728, -1.0745388399278424], "optimality": 2.7328877098272844, "nfev": 1066, "njev": null, "status": 2, "message": "`ftol` termination condition is satisfied.", "success": true, "res_time": 1189.4391490000125, "tension_error": [0.019850016276564877, 0.0313127647273617, 0.010003263896780447, 0.07781236595673381, -0.1711484276404556, -0.02181744353178583, 0.05119049110660321, 0.05417755765256492, -0.07927382051512, -0.04377008296749851, -0.08513158023992345, 0.05947372988338709, -0.056521326569786534, -0.11032849639708231, 0.11822166798653043, -0.007177349093959851, 0.0306949455505749, -0.2148774778311877, 0.016498884662093323, 0.15456494974610283, -0.017432525686410922, -0.0037577909601493177, 0.13368825819879038, -0.12209496862103897, 0.055217222721061845, -0.04461593411470574, 0.0889824411127233, 0.06128899612232318, 0.12118482540745858, 0.008207079835526005], "git_revision": "018ef57f2e70e762a509d3bbb7a77c8182022b6e", "linregress": [-0.15853603001910704, 0.0794614280255076, -0.1851300364400236, 0.32737583005990933, 0.15903738781395632]}