{"x": [0.09738660776551958, 0.12306334152478324, 0.18370943113002952, 0.18044457572922246, 0.13376551595760555, 0.09549285223667542, 0.12493996819581875, 0.18182001697908862, 0.1843910852824658, 0.12351044287043653, 0.00537875759026565, 0.001946406815494176, 0.007178534025421953, 0.0069777154387117065, -0.014584069332667893, 0.011008994089864148, 0.0036916703930604537, -0.0027955273762643542, -0.01228409905580609, 0.002898499588276384, 0.0550251199838215, 0.055991228516038175, 0.053088207644476915, 0.05418909435001046, 0.05398482425826778, 0.05357269927713053, 0.055958598301754696, 0.05609545633744152, 0.05210154974996686, 0.05357717367055106], "cost": 0.8089518367705111, "fun": [0.2697001542508922, 0.3403094431941982, 0.3947955696143302, 0.15017927276467383, 0.20387774769339626, 0.3992610139949522, 0.24887911741526852, 0.1655627766296385, 0.41338203647192234, 0.21772726258222952, 0.26955350016955454, 0.31336912590938865, 0.42521335986222003, 0.24551565001840742, 0.23285481420227871, 0.36310328739954384, 0.3120374093367797, 0.048097310201273155, 0.2107403757595743, 0.014358280782398833, 0.0, 0.0, 0.0, 0.0, 0.0, 0.0, 0.0, 0.0, 0.0, 0.0, 0.0, 0.0, 0.0, 0.0, 0.0, 0.0, 0.0, 0.0, 0.0, 0.0, 0.0, 0.0, 0.0, 0.0, 0.0, 0.0, 0.0, 0.0, 0.0, 0.0, 0.0, 0.0, 0.0, 0.0, 0.0031019597686453614, 0.0, 0.0, 2.18469718369155e-05, 0.001853659364235284, 0.0, 0.0, 0.0, 0.0, 0.0, 0.0, 0.0, 0.0, 0.0, 0.0, 0.0], "grad": [25.609755741721457, 0.7579501931512955, -0.6391857138786702, -0.1656378122022798, 24.50932607618971, 24.176674169713735, -0.33107084398414655, 1.3496862526622015, -25.426441767616083, -0.6582129861882069, 24.703689312116538, -0.24325044980475446, -0.7607658967940827, -0.7150440225932382, 1.4840734901658847, 23.343619073423383, -25.714032488040516, 1.399737098161165, 2.937734894740224, -25.422636028412754, -0.39364945116231986, -0.017713297204163148, 25.15494128023753, 0.2533040554190622, 0.5123083994474236, -25.44268380910757, -23.576766516014047, 23.798494919112244, 24.187106240023553, 26.57800088758424], "optimality": 26.57800088758424, "nfev": 969, "njev": null, "status": 2, "message": "`ftol` termination condition is satisfied.", "success": true, "res_time": 1354.0571190000046, "tension_error": [-0.03460129789631736, 0.07433892184585981, -0.039136314260850985, 0.010390387515021656, -0.08800927935065692, -0.005873696272585523, 0.0458711589372639, -0.010474569804532367, -0.049476766678330765, 0.0675565525549295, -0.08159385038367907, -0.029526303021468078, -0.10889582239297385, -0.10584947545442581, 0.22123517394955422, -0.1670025468834743, -0.05600133426023306, 0.04240716162691525, 0.18634543826100047, -0.04396921366580832, 0.0012097401365206047, -0.013445784621602919, 0.03059201531263215, 0.013891953331172054, 0.01699065838039683, 0.02324244859142006, -0.012950795810980196, -0.01502688381090129, 0.04555926662922344, 0.023174573625652294], "git_revision": "018ef57f2e70e762a509d3bbb7a77c8182022b6e", "linregress": [-0.34803857579995234, 0.07843107047083867, -0.39944557361385774, 0.028754387202693944, 0.15095411165465128]}