{"x": [0.09467315168154931, 0.13127177547001997, 0.18655201200375088, 0.17821906999737958, 0.12805409810495008, 0.09239627415755501, 0.12374642456416558, 0.180410731686278, 0.18370532699834086, 0.12825543234552392, 0.009993766195227197, -0.011784616545355193, -0.007129054971880319, 0.012378978646671599, -0.008570133330059536, 0.011931749231999135, -0.0012414317648259507, -0.002465230074570479, -0.0021330306822326182, -0.003434574317541607, 0.05510318301454229, 0.054342340046937464, 0.052600701150510874, 0.055708689804881986, 0.047592301315678695, 0.05779782976184052, 0.05564138628551373, 0.05809597089321329, 0.047747646000300355, 0.05825115574695861], "cost": 0.7718114650833596, "fun": [0.30546336964499143, 0.26017599475242387, 0.40490413288378807, 0.2364694068096178, 0.3270247483345511, 0.03540361468815927, 0.19140448395752038, 0.38111584102344076, 0.2902903692439787, 0.291680445782695, 0.4202376314330101, 0.04335327715420128, 0.033668712339785994, 0.173135929961136, 0.02933056350502422, 0.28787433046368793, 0.42696375131390985, 0.370666702680841, 0.21075264543865962, 0.2142343994993939, 0.0, 0.0, 0.0, 0.0, 0.0, 0.0, 0.0, 0.0, 0.0, 0.0, 0.0, 0.0, 0.0, 0.0, 0.0, 0.0, 0.0, 0.0, 0.0, 0.0, 0.0, 0.0, 0.0, 0.0, 0.0, 0.0, 0.0, 0.0, 0.0, 0.0, 0.0, 0.001636614397119225, 0.0003623229892020454, 0.0, 0.0006294521706957153, 0.0, 1.913236073540115e-06, 1.498208897103241e-05, 9.70490542687276e-06, 4.051527157293071e-05, 0.0, 0.0, 0.0, 0.0, 0.0, 0.0, 0.0, 0.0, 0.0, 0.0], "grad": [-0.26665189995032046, 0.049906362989764474, -0.522844687601181, -0.5109383057951873, -0.22708298980231678, -0.4008129508094038, 0.49875915070807597, 0.6583685167278677, 0.08880845163735174, 0.17667485672947292, -0.3817294089545764, 0.013993845053754117, 0.8696265832426224, 0.9501256684664019, -1.0363509158529518, -1.3182453874237625, 0.5335536927819282, 0.5102811130922379, 0.29522407480730717, 0.17784824164548962, 0.6669302237540862, -0.19093657501652483, 0.3091114229968861, -0.4411622404771567, 1.7046527823623925, -0.3511477569651218, 0.7977952464707192, -1.541329943989168, 0.6837323393402395, -0.8551198201425843], "optimality": 1.7046527823623925, "nfev": 755, "njev": null, "status": 2, "message": "`ftol` termination condition is satisfied.", "success": true, "res_time": 923.8118229999964, "tension_error": [0.006560871251970792, -0.05018011809452916, -0.0822572608031682, 0.04415052239089729, -0.001369090435724238, 0.04110029804654723, 0.06397679371875097, 0.010903789677146718, -0.0390740560346082, -0.004423259661015889, -0.15160189876907326, 0.17876846522530318, 0.10814524264959435, -0.18778472809915112, 0.13000589168892493, -0.18100041604649303, 0.018832080825518765, 0.037396668373730374, 0.032357321078172886, 0.052101277719651944, 2.5551568391784993e-05, 0.011567270305925855, 0.037987316413712724, -0.009159772296489573, 0.11396297062882614, -0.04085128659472396, -0.008138801710351449, -0.04537398211654409, 0.11160644670258364, -0.04772808146491859], "git_revision": "018ef57f2e70e762a509d3bbb7a77c8182022b6e", "linregress": [-0.40516642984809303, 0.0883220738085319, -0.445207118151872, 0.01368758336769629, 0.15400074637691327]}