{"x": [0.09434742116299363, 0.1303630438125188, 0.1823997367118196, 0.18032401483757954, 0.12645186704988726, 0.09672687892429584, 0.12570275678124068, 0.17917931322665315, 0.17975192461419318, 0.13056442753577138, -0.0004958216541649067, -0.002402154690709263, 0.0014996761901179935, 0.002897622132672489, 0.002433607769390689, -0.003484857678003231, -0.0011009315954334607, 3.803534740976397e-05, 0.005133896173175078, 0.0005178806874327881, 0.053673817737433495, 0.05734449985377939, 0.050181166246705836, 0.05517876271705274, 0.055597230350798374, 0.05364155227328777, 0.055052846237557095, 0.05914518181165121, 0.055512048938742, 0.05468755110331345], "cost": 0.8875983719261341, "fun": [0.2790307911969729, 0.21272440534158218, 0.2904138726714336, 0.4823707410656805, 0.3244268757080438, 0.18017875241000048, 0.19630956051825246, 0.3553999664841954, 0.2998800014477402, 0.21902371526986048, 0.5192004997321046, 0.4081299648597929, 0.2018517234108656, 0.12555073571656034, 0.05086062276092931, 0.2067255093667052, 0.11416220699676696, 0.45113157750400135, 0.24950294916309157, 0.2789784418515676, 0.0, 0.0, 0.0, 0.0, 0.0, 0.0, 0.0, 0.0, 0.0, 0.0, 0.0, 0.0, 0.0, 0.0, 0.0, 0.0, 0.0, 0.0, 0.0, 0.0, 0.0, 0.0, 0.0, 0.0, 0.0, 0.0, 0.0, 0.0, 0.0, 0.0, 1.218923555365969e-07, 1.3861266492842406e-05, 0.0, 0.0, 0.0, 4.232092373874927e-05, 1.3343845562031363e-06, 0.0, 0.0, 0.0, 0.0, 0.0, 0.0, 0.0, 0.0, 0.0, 0.0, 0.0, 0.0, 0.0], "grad": [6.779633239202827, 1.9224265195895334, -1.2485376085511253, -4.022886804457552, 3.361741878405722, -7.886736414443122, 4.344511369225764, -0.3146633941033611, -6.359667050277615, -0.15589754118515642, 7.957891819037615, 2.508267949481387, 0.08074692723923194, -2.1690790051898072, -4.184039995426333, -3.2353190885635366, 2.841265379606319, 2.2415139497326564, -8.839214617500735, -2.285232421290995, 77.85169966505849, -84.21712903378783, -5.232057790879262, 7.862351364219237, -2.0234270761968576, 2.1607377622271455, 6.603597197392823, -11.42611188485683, 8.714205133308168, 10.673424101725502], "optimality": 84.21712903378783, "nfev": 382, "njev": null, "status": 2, "message": "`ftol` termination condition is satisfied.", "success": true, "res_time": 649.5253899999952, "tension_error": [0.011502088020045625, -0.03639498023383545, -0.019268713125384817, 0.012219253603472643, 0.02293618802179102, -0.024593444695788686, 0.03429992586553487, 0.02958397220408751, 0.020897659965832423, -0.03944990009386376, 0.00752143914054353, 0.036439837107904355, -0.022749557426031908, -0.04395590297461969, -0.036916969187751746, 0.052864058514555126, 0.016700742945366, -0.0005769827685598043, -0.07787938928452456, -0.007856066873781684, 0.021708517310352466, -0.0339744322148707, 0.07469080520756397, -0.0011209657890443225, -0.007468971796983209, 0.022197972990383633, 0.0007891426730661808, -0.06129014068351119, -0.00617679990149259, 0.006330540668637478], "git_revision": "018ef57f2e70e762a509d3bbb7a77c8182022b6e", "linregress": [-0.033101559797580046, 0.028527270438043442, -0.10106056335612129, 0.5951590968995075, 0.06158267490413445]}