{"x": [0.093552436390339, 0.12798090628418973, 0.18176464279079763, 0.18232492122897367, 0.1276365544019761, 0.09747018704015514, 0.12530736852101315, 0.17793184180097588, 0.18170979041309607, 0.1289958234269496, -0.0007779002016590283, 0.0029902174462239192, 0.0019856147421262993, -0.001876917329790549, -0.002430017505953225, -0.001903106631702505, 0.005759006064147758, 0.006960249521293759, -0.005479481082019045, -0.0029208494310990186, 0.0555482685744448, 0.05383256929991279, 0.053056649135829415, 0.053094202365640386, 0.05759817471216126, 0.05450349075569995, 0.05399530771371663, 0.05579712172671698, 0.05704806437772105, 0.05495231719873391], "cost": 0.6981991408731212, "fun": [0.40423448113099625, 0.1537235692754087, 0.22946303225622142, 0.2931169667428237, 0.25919974516807015, 0.22468937118171586, 0.3766300852578036, 0.2778261742151611, 0.15695237234215398, 0.27957942090834886, 0.25050708929430643, 0.3524648652961893, 0.0061606266158620955, 0.3083259698583306, 0.17587726223833264, 0.16883932688695627, 0.2759075475119042, 0.414612635062143, 0.1547696353276119, 0.13332260058402637, 0.0, 0.0, 0.0, 0.0, 0.0, 0.0, 0.0, 0.0, 0.0, 0.0, 0.0, 0.0, 0.0, 0.0, 0.0, 0.0, 0.0, 0.0, 0.0, 0.0, 0.0, 0.0, 0.0, 0.0, 0.0, 0.0, 0.0, 0.0, 0.0, 0.0, 4.7072975622791644e-07, 0.0, 0.0, 6.612039398046676e-06, 1.4349217114943683e-05, 6.892699862935781e-06, 0.0, 0.0, 0.00016451984648314976, 2.491882208921167e-05, 0.0, 0.0, 0.0, 0.0, 0.0, 0.0, 0.0, 0.0, 0.0, 0.0], "grad": [-2.028384571741332, -0.9345490331866153, 0.6954134368039835, -0.0633158120798043, 0.1554659609400213, 0.2632023771541844, 1.8757256118163925, 0.20096024894217113, -0.8686458477312287, 1.3665541914133612, -1.9524354293030795, -2.4911812575433254, 0.0671656096307498, 0.6027464916929179, 0.7422934314524636, 3.5586509993932074, -3.3085343906696956, -2.270308069169301, 3.9713500456203676, -0.2322933169742054, 1010.3877215677456, 2.8548810902339907, 0.5582427930899145, -0.6965086566229584, -0.5517183325530439, 0.025503068846040478, -0.07479317689466936, -0.2119418523917984, -1011.3602985360519, -0.24605016186477435], "optimality": 1011.3602985360519, "nfev": 320, "njev": null, "status": 2, "message": "`ftol` termination condition is satisfied.", "success": true, "res_time": 523.6362289999961, "tension_error": [0.02356172586553582, -0.00025879639993483085, -0.009634562951888607, -0.018133788709984177, 0.0049648998691676, -0.035869165933749, 0.04029782593949506, 0.04850767254872397, -0.008802471781342107, -0.01565473051826148, 0.011800470945645597, -0.0453605411337772, -0.030121073402134692, 0.02847217209911496, 0.03686250616114415, 0.028869454546965826, -0.08736208525314204, -0.10558452366422191, 0.08312179013153491, 0.04430825287714387, -0.006726238965605472, 0.01930031225189186, 0.031070746727778337, 0.030501077512685677, -0.03782259010143748, 0.009122671046835498, 0.016831628068834734, -0.010501253275741064, -0.029477610880945523, 0.00231413263874127], "git_revision": "018ef57f2e70e762a509d3bbb7a77c8182022b6e", "linregress": [-0.17284995924965865, 0.04143502110605582, -0.4321435219133941, 0.017087545136230113, 0.06816710063900552]}