{"x": [0.09126201479098917, 0.1277116107065826, 0.18139772754579978, 0.17930416514506822, 0.1252220017367201, 0.09856956136316747, 0.12651876114924324, 0.1987703818451287, 0.18187959981358723, 0.12328859168073227, -0.000986674229147692, 0.0010827241777689135, -0.00019433420517743009, 0.0035777378686785723, 0.008048248269065512, 0.0011526807716347575, -0.002608994614163599, 0.013074115295393781, -0.0020314134341905266, -0.0060600244992041865, 0.05397589635155919, 0.05817112181584828, 0.058976687684518296, 0.059595795710141924, 0.05748144447612302, 0.05614358205363664, 0.05076092297664287, 0.05715685758403678, 0.05384849431168442, 0.055623894367283225], "cost": 0.578008002045212, "fun": [0.3286104860216528, 0.1416713076827454, 0.09122933656163108, 0.18796750169865678, 0.0648765609976375, 0.21555199032878722, 0.11177684326936976, 0.2508731975786754, 0.24944877919000835, 0.2503361360263274, 0.17885456846987383, 0.16079730358544703, 0.20988884053502715, 0.42985086234671027, 0.13868610160489425, 0.5951565952031954, 0.06466622709841979, 0.013140410683290818, 0.261622804448921, 0.019847748680745795, 0.0, 0.0, 0.0, 0.0, 0.0, 0.0, 0.0, 0.0, 0.0, 0.0, 0.0, 0.0, 0.0, 0.0, 0.0, 0.0, 0.0, 0.0, 0.0, 0.0, 0.0, 0.0, 0.0, 0.0, 0.0, 0.0, 0.0, 0.0, 0.0, 0.0, 9.605530496101663e-07, 0.0, 7.33918348088625e-09, 0.0, 0.0, 0.0, 1.7759042546984643e-05, 0.0, 8.3829130322699e-06, 0.00022254771510783644, 0.0, 0.0, 0.0, 0.0, 0.0, 0.0, 0.0, 0.0, 0.0, 0.0], "grad": [1.2030347012475526, -1.3575868756268288, -1.0462359502164298, 1.0211469108646671, -0.03769839583696921, 0.22981724216119304, -2.2494722173297204, -1.9144702558313593, 2.0559392315460423, 1.2820358311467643, -0.4271620947621315, 0.5974085015679358, -0.15265087735722438, 0.032321698478140704, -2.863740561363329, 1.6805232272050417, 0.796609616414941, -2.1665844120299087, -2.1260052789245147, 2.805782469931625, -0.9092777085349493, 0.00921727211151957, 1.9872553421342616, -0.45012407880867666, -1.6586426661355063, 2.814533378826468, -3.296117120858045, 5.100146293733999, -0.9595695982944719, -1.243045903695069], "optimality": 5.100146293733999, "nfev": 755, "njev": null, "status": 2, "message": "`ftol` termination condition is satisfied.", "success": true, "res_time": 1353.591551999998, "tension_error": [0.05830661149323471, 0.0038263222728286894, -0.00406858844914717, 0.027690012757074795, 0.04159280986625703, -0.05254628560723402, 0.02192142819244292, -0.26760561012719897, -0.011378420331708683, 0.07092195664247022, 0.01496749910726736, -0.016424542858661434, 0.0029479811639727175, -0.05427301815893224, -0.12208907988441293, -0.017485759646637105, 0.03957752559534393, -0.1983297052170451, 0.030815823363504892, 0.09192842845425113, 0.017126091567707405, -0.046513995034912395, -0.05873414436482739, -0.06812579415872978, -0.036051833703753214, -0.015756933905357786, 0.06589610065218036, -0.0311279653447629, 0.01905873545538333, -0.007873455497016513], "git_revision": "018ef57f2e70e762a509d3bbb7a77c8182022b6e", "linregress": [0.042109766559162924, 0.04772282586732409, 0.04599720374181592, 0.8092765613880969, 0.17282735080869616]}