{"x": [0.09442917608243298, 0.12967455358310562, 0.18055747176780626, 0.18112232419217802, 0.123706880351321, 0.0969484350315245, 0.12412754526364739, 0.1831137387943201, 0.18459725360342694, 0.1276284490440615, -0.004482891170793272, 0.002270962581254738, -0.0011247937978745115, -0.001435458808571677, 0.0002672026406314737, -0.0064842242978152016, 0.007004419579566763, 0.003580690103220068, -0.0020316273532238927, 0.00139089124266152, 0.055831516453051545, 0.05553665717475303, 0.056691393519975895, 0.05271263857023849, 0.06004156510936685, 0.05454418496586531, 0.05501013099597185, 0.056965766718508414, 0.04827446899252144, 0.055789809431486266], "cost": 0.754599826553122, "fun": [0.4429563585774829, 0.48559459236237484, 0.21898151358933032, 0.2340152826889098, 0.19104464916366412, 0.35336821227050474, 0.1521921233925011, 0.36996580635063253, 0.307780877490341, 0.4017485889543128, 0.007615471933303016, 0.20286181320858668, 0.12782791192946152, 0.00698965462880269, 0.2465219164448267, 0.0071539668613875285, 0.2268082030907075, 0.3942384096742878, 0.0065233465135305195, 0.26758805614936937, 0.0, 0.0, 0.0, 0.0, 0.0, 0.0, 0.0, 0.0, 0.0, 0.0, 0.0, 0.0, 0.0, 0.0, 0.0, 0.0, 0.0, 0.0, 0.0, 0.0, 0.0, 0.0, 0.0, 0.0, 0.0, 0.0, 0.0, 0.0, 0.0, 0.0, 9.008958523022817e-05, 0.0, 1.4230453447987115e-06, 2.957823151564956e-06, 0.0, 0.0002726302788411327, 0.0, 0.0, 8.385561612026861e-06, 0.0, 0.0, 0.0, 0.0, 0.0, 0.0, 0.0, 0.0, 0.0, 0.0, 0.0], "grad": [-1.8200792949062428, 0.16026716050027234, -0.39824617565733167, 1.1431743998177328, -0.6291484622457824, -2.0935567450057286, 3.645947059200222, -1.5105324067384638, 2.6196098264833627, -1.269755705186887, 0.7477673068899913, -0.7585719960837873, 2.0004383786092776, -1.8945188278727951, -1.693063609211122, 2.0008222384722916, -1.1448713606203926, 0.7732646508728885, -1.9353671356964628, -0.5063620207760714, 4.380763888889373, -3.14355476203398, 1.5702889679388807, 0.17270541126510858, -1.175245613612022, 3.176625707694905, -2.4947557673834684, 0.6659881349731194, 1.9783649305019, -3.8591364118347413], "optimality": 4.380763888889373, "nfev": 1901, "njev": null, "status": 2, "message": "`ftol` termination condition is satisfied.", "success": true, "res_time": 2748.9395439999935, "tension_error": [0.010261894805736001, -0.025950826946275138, 0.008677794536712326, 0.00010918302567155913, 0.06457666544232896, -0.027954372486534037, 0.058195327495413396, -0.030099872201714114, -0.05260426719346842, 0.005087855282177201, 0.06800387363394023, -0.03444969920510605, 0.017062724117249226, 0.02177540245920378, -0.004053369559034479, 0.09836338937595061, -0.10625456782696469, -0.05431780251283439, 0.030819068439586084, -0.02109932824618863, -0.011023009110138359, -0.00655009813878882, -0.024067040109779867, 0.03628926534442501, -0.07488795829340023, 0.0085053542706113, 0.001437117781168596, -0.028229184496221364, 0.10361472822771435, -0.010390328343169978], "git_revision": "018ef57f2e70e762a509d3bbb7a77c8182022b6e", "linregress": [-0.10602260295514382, 0.04181284049350426, -0.21547299906422582, 0.25281382192044255, 0.09080362693428896]}