{"x": [0.09356928337502173, 0.12902262849955573, 0.18087887321359855, 0.17977177720950804, 0.1281403461501447, 0.09607999377980057, 0.12981671505759604, 0.18128637002248824, 0.18058765038927777, 0.12677218747663907, -0.001245413544673005, 0.0007759447541108604, 0.0012606607730079077, -0.0018686175231104613, -0.0008456948314415078, 0.0029969109105993227, -0.0013509946589830369, -0.0011419336768050254, -1.3519141651874467e-05, 0.0010234182337803233, 0.05769996109583328, 0.05443803935693509, 0.05327170358842328, 0.05713244324314293, 0.05713959819744335, 0.054365874650608895, 0.05375368219252116, 0.05445315686326855, 0.056450160876954, 0.05554783581155052], "cost": 0.9463960116572846, "fun": [0.33577422949055713, 0.3601941896521511, 0.15025888092287373, 0.30328248045259776, 0.12922770278057702, 0.11036658802247373, 0.16674726286589509, 0.30244363088498705, 0.40038300266283006, 0.17877304043221295, 0.45640215218654645, 0.261524684329793, 0.38160519658110315, 0.40001586808065137, 0.35334123577377735, 0.3234301337989142, 0.25230804274131313, 0.39390625229963305, 0.19425490247761856, 0.3563415117262278, 0.0, 0.0, 0.0, 0.0, 0.0, 0.0, 0.0, 0.0, 0.0, 0.0, 0.0, 0.0, 0.0, 0.0, 0.0, 0.0, 0.0, 0.0, 0.0, 0.0, 0.0, 0.0, 0.0, 0.0, 0.0, 0.0, 0.0, 0.0, 0.0, 0.0, 1.931704777572747e-06, 0.0, 0.0, 6.524710569122252e-06, 6.048407302700318e-07, 0.0, 2.465817305827111e-06, 1.4890958141001285e-06, 2.470855544490798e-12, 0.0, 0.0, 0.0, 0.0, 0.0, 0.0, 0.0, 0.0, 0.0, 0.0, 0.0], "grad": [4.276119626877088, -3079.1834975031966, -3086.684249707601, -1.6710175432961156, 3085.766898162804, 3086.364132355575, -1.6790959140396007, -0.6311508633324008, 3083.9256190859096, 3081.721645081966, 3086.954585105908, -1.1653414792247623, 3083.000426500678, -3080.3815478370675, -3082.973563496063, -2.1848397327325872, 2.1229851115653675, 2.156597795050844, -3084.601925108775, -1.80605451543506, 3084.2166774047773, 3077.2817706389305, -3079.988003252099, 1.801221105673885, -3082.9367414608478, -3086.9004627681943, -3079.7544486839092, -0.9187108618171562, -3083.446492088462, 1.2111300069932467], "optimality": 3086.954585105908, "nfev": 258, "njev": null, "status": 2, "message": "`ftol` termination condition is satisfied.", "success": true, "res_time": 507.56357099997695, "tension_error": [0.023306163066032427, -0.016061353989768504, 0.003802248271430806, 0.02059650311600885, -0.0026774427786946074, -0.014780425832307195, -0.0281073662372235, -0.0023793342034041406, 0.008219995522012717, 0.018077040433038493, 0.01889248301759548, -0.01177080749790683, -0.019123778079074984, 0.028346266967101925, 0.01282889150308056, -0.04546207862112996, 0.02049411118168037, 0.01732273001890609, 0.00020508059765607123, -0.015524892662596568, -0.03936665354379465, 0.010115545618444214, 0.027808446738456612, -0.030757608427820864, -0.03086614655412489, 0.011210258691518617, 0.02049700177167295, 0.009886218393848947, -0.020407626229888745, -0.006719674105550852], "git_revision": "018ef57f2e70e762a509d3bbb7a77c8182022b6e", "linregress": [-0.04874928238838978, 0.021067412837060352, -0.2841608773469461, 0.12804713680755292, 0.031084390692186638]}