{"x": [0.0965853486628273, 0.1309698100547815, 0.18044560299402662, 0.1818961489035642, 0.12610748863198268, 0.09750207282293971, 0.12536445697956983, 0.17788559839901266, 0.18369139689193173, 0.12780370616578812, 0.001388940452307666, -0.003136128079218012, 0.00417823394819323, 0.001290842034401807, -0.0011392060682718906, -0.00600940949689574, 0.004820498534422311, 0.007673200606054069, -0.005319342498748278, -0.00036980036278858334, 0.0569886782977684, 0.05466210030015835, 0.05492242368428771, 0.05244136407957102, 0.058343240716699635, 0.056434984448305005, 0.053940036014141254, 0.055568725382792505, 0.056753536881856206, 0.053026822561837036], "cost": 0.6407361905818585, "fun": [0.47338530494146575, 0.3226474395878382, 0.1737808132050529, 0.28665733926071196, 0.3524790143503003, 0.20243811844741, 0.26889337988963674, 0.16219642577412083, 0.22578788193495244, 0.28401550855027646, 0.26965497760958174, 0.1531284970532808, 0.19265358511237338, 0.18521863521492496, 0.1408381660074776, 0.358492372940299, 0.20028688193313585, 0.07729734192152173, 0.28833112451887527, 0.016307221690862572, 0.0, 0.0, 0.0, 0.0, 0.0, 0.0, 0.0, 0.0, 0.0, 0.0, 0.0, 0.0, 0.0, 0.0, 0.0, 0.0, 0.0, 0.0, 0.0, 0.0, 0.0, 0.0, 0.0, 0.0, 0.0, 0.0, 0.0, 0.0, 0.0, 0.0, 0.0, 3.0844758394005295e-05, 0.0, 0.0, 1.4784507741983637e-06, 0.00021701782019321688, 0.0, 0.0, 0.0001505129483090696, 5.05710532283826e-08, 0.0, 0.0, 0.0, 0.0, 0.0, 0.0, 0.0, 0.0, 0.0, 0.0], "grad": [-0.03904477912161086, 1.70815277949084, 1.504318987600994, -1.723128250032019, -0.6818323814227005, -1.670664023333656, 0.6501516252992852, 1.6370062722694545, 0.005458778613039117, -1.9941327147646712, 1.9918709844923042, -1.5141101731563702, 0.44296111485571577, -0.21450206750386092, -0.1683856703639961, 1.4261725226538269, -3.879232611299438, -0.7197122877780016, -1.0130553498785204, 3.2649375290226805, 0.36560745019123253, -0.7605494712381373, -4.394599011592999, 3.101572448809187, 0.5189970178725689, 0.6954316975207084, 1.4533810784139876, -0.11320602957711756, -2.069568753562164, 0.9191223494325014], "optimality": 4.394599011592999, "nfev": 477, "njev": null, "status": 2, "message": "`ftol` termination condition is satisfied.", "success": true, "res_time": 620.8696160000109, "tension_error": [-0.022446480683146343, -0.04559940953896914, 0.010374804271246704, -0.011629464173879799, 0.028160286827940507, -0.03635286198181018, 0.03943181421319263, 0.04920916860198494, -0.03886274124692712, 0.0024292667273192684, -0.02106973544644053, 0.04757395383329243, -0.06338233131269437, -0.019581617140463674, 0.017281353162109155, 0.09116061676982068, -0.07312525794139248, -0.11639973947653023, 0.08069254445820388, 0.005609740719271136, -0.02857674505064689, 0.006716620351525592, 0.002767606680698504, 0.040404403428448026, -0.049124977888961294, -0.020177405174605294, 0.017670080203908894, -0.007036561513450144, -0.025009732931776052, 0.03152320530672531], "git_revision": "018ef57f2e70e762a509d3bbb7a77c8182022b6e", "linregress": [-0.1413661604979194, 0.04429836581798034, -0.3215995207093023, 0.08309525599529217, 0.07865821080015026]}