{"x": [0.0968262819063799, 0.12437812504051231, 0.18166760367587903, 0.18273034041012098, 0.12700719581479103, 0.09323096045601904, 0.12980019521016956, 0.1792926906821266, 0.1861320379838968, 0.12746569165691915, -0.000750195149262417, 0.0003635117123616829, -0.0010551548949853861, -0.0004841980771802041, -0.0053269474064233345, 0.003887217196379673, 0.0009197732218381751, 0.0019433069337145678, 0.0011926180753317514, 0.0003356140505741341, 0.058209247888070935, 0.055220331454008606, 0.05929521750738639, 0.05169069300566796, 0.05837592850331778, 0.05325274444169633, 0.05493377637783264, 0.06041786514897586, 0.0523548477566602, 0.05840317879643558], "cost": 0.5951710808042159, "fun": [0.2340705801424395, 0.2431067297221402, 0.10294647447726783, 0.2543050354026331, 0.2806163330821159, 0.41426579128920604, 0.16787128855844247, 0.14309031414491322, 0.32744049812564807, 0.15799439899511977, 0.257421802963738, 0.10659851749066257, 0.2990503166749593, 0.23767028014125385, 0.20797798878192525, 0.17542080895406198, 0.39544729075749246, 0.1809695599094338, 0.22071758949090708, 0.18592154435951633, 0.0, 0.0, 0.0, 0.0, 0.0, 0.0, 0.0, 0.0, 0.0, 0.0, 0.0, 0.0, 0.0, 0.0, 0.0, 0.0, 0.0, 0.0, 0.0, 0.0, 0.0, 0.0, 0.0, 0.0, 0.0, 0.0, 0.0, 0.0, 0.0, 0.0, 4.222044000750386e-07, 0.0, 1.1747586569131694e-06, 1.135191632801438e-07, 0.00015115942349463196, 0.0, 0.0, 0.0, 0.0, 0.0, 0.0, 0.0, 0.0, 0.0, 0.0, 0.0, 0.0, 0.0, 0.0, 0.0], "grad": [-2.262390652545097, 1.2469336688089179, -0.6249088321188703, -1.345138756372838, 3.705808689780029, 1.4216651982865818, -0.8721534741681265, -0.131275143135827, 0.5458270662360649, -1.6790843390946626, -1.7653764198118411, 0.7603290870437807, -0.943279217137261, 0.4121015592475108, 1.8833426528798745, -0.098771435766422, -0.4504438972948184, -2.300468633924617, -0.6781010525931261, 1.1779356795406528, 1.350294495545417, 2.7155548324699987, -2.2667571549744836, 3.7906770089775668, -0.1517625013035282, -4.564471112457032, 2.426448118984231, 3.012932032318041, -0.6034125395939087, 1.6122849895514708], "optimality": 4.564471112457032, "nfev": 1696, "njev": null, "status": 2, "message": "`ftol` termination condition is satisfied.", "success": true, "res_time": 2124.0820109999913, "tension_error": [-0.026101352778974525, 0.05439412090084697, -0.00816251389759362, -0.024283854306744693, 0.014512047056725914, 0.028438402095438284, -0.027856765994201383, 0.02786407630182079, -0.07588640345071523, 0.007556827284069615, 0.011380195099005435, -0.0055143441163499705, 0.01600632658903524, 0.007345113588499799, 0.08080790821806977, -0.058967710109167175, -0.01395263448670718, -0.029479278911180937, -0.018091594419425056, -0.005091146453367855, -0.04709235406679791, -0.001751548827393834, -0.0635661291259319, 0.05179181813593567, -0.04962084005153973, 0.028096050289180025, 0.0025953903346350353, -0.08059629681135042, 0.041716825449493726, -0.050034217360751275], "git_revision": "018ef57f2e70e762a509d3bbb7a77c8182022b6e", "linregress": [0.026020288288882688, 0.030236516468403418, 0.0678383862022625, 0.7216994269905126, 0.07231958944819636]}