{"x": [0.0949082167133171, 0.13010638815749567, 0.18139757974131154, 0.18452606962646212, 0.12287604950375723, 0.09605165160853149, 0.12527954263619892, 0.1838509470158255, 0.18473325794484086, 0.12724916776034356, 0.0009748181283556458, -0.0034300179081702973, 0.006431682159335827, -0.009517804602590533, 0.0005915785625354638, 0.005691723308708469, 0.0013443737474524247, 0.007500057069790347, -0.006149037452850619, -0.0001869852497999754, 0.0536297103366553, 0.051100933229173445, 0.048042252230750516, 0.052745914718031084, 0.05018542934841656, 0.050504810196177446, 0.05282644380205542, 0.05113759536586358, 0.042438551269464365, 0.05812951149433938], "cost": 0.4648050625230923, "fun": [0.2883678996694335, 0.01749481384386523, 0.29694130612867553, 0.2969573724355373, 0.017208825590980685, 0.04585802039048013, 0.2625886977935664, 0.24208894014645754, 0.2660940772188108, 0.2513459254419536, 0.1794159468974343, 0.09848144122393789, 0.2834474525929176, 0.2807454181123144, 0.13654189645021955, 0.21949682027207174, 0.21183593918916988, 0.16244896159457375, 0.16069079900929073, 0.202218316080523, 0.0, 0.0, 0.0, 0.0, 0.0, 0.0, 0.0, 0.0, 0.0, 0.0, 0.0, 0.0, 0.0, 0.0, 0.0, 0.0, 0.0, 0.0, 0.0, 0.0, 0.0, 0.0, 0.0, 0.0, 0.0, 0.0, 0.0, 0.0, 0.0, 0.0, 0.0, 4.0354239066798225e-05, 0.0, 0.0008622046364059067, 0.0, 0.0, 0.0, 0.0, 0.00023249917427430579, 6.5376557228186844e-09, 0.0, 0.0, 0.0, 0.0, 0.0, 0.0, 0.0, 0.0, 0.0, 0.0], "grad": [0.6082408803801354, -1.2478621728423223, -0.5240211208667553, -0.4494398795309853, 1.5766217210606914, 0.715058727352675, -0.3669111691904584, -0.14081777223790137, -0.8136781182422084, -0.1965400030428941, 0.8183559621494676, -0.722773810623045, -0.49898050853364473, 0.8001375901750781, 1.0225669267955486, -0.2782738341276334, -1.1814128766827292, -0.5996397510031843, 1.1757570036614275, -1.417923310756967, -1.2180518418849333, 2.145400804163435, 2.5645415581618907, -0.39832885323044653, 1.8917189333024274, -1.1575165160364227, 1.7687234946498356, 0.9332311392892291, 1.252490047136149, 1.0249610653770258], "optimality": 2.5645415581618907, "nfev": 814, "njev": null, "status": 2, "message": "`ftol` termination condition is satisfied.", "success": true, "res_time": 895.9012860000075, "tension_error": [0.0029950178535564378, -0.03250160471641474, -0.004066346307333481, -0.05152443143795974, 0.07718007556680637, -0.014350485117696194, 0.04071993477117671, -0.04128306019962458, -0.05466740495318853, 0.010841418218908, -0.014787646251300995, 0.05203215860091674, -0.09756634371736148, 0.14438172973816968, -0.008974037574972143, -0.08634142964846292, -0.020393674295323932, -0.1137732132656501, 0.09327872348059339, 0.0028365001099409154, 0.02237761098105857, 0.060738265369901644, 0.10713737437760032, 0.03578447795091093, 0.0746261354623081, 0.06978124095455487, 0.03456288022631592, 0.0601821137223065, 0.1921435361458013, -0.04588278117360017], "git_revision": "018ef57f2e70e762a509d3bbb7a77c8182022b6e", "linregress": [-0.18686231110298207, 0.06790856029616016, -0.26340685544620746, 0.15960100411920597, 0.1293305359465815]}