{"x": [0.09960192999267375, 0.12450650227098231, 0.17873884693261494, 0.18036519130163323, 0.1325050013273181, 0.09821852004585786, 0.131029555736706, 0.17921125002562968, 0.17877288710586448, 0.12267902580334618, -0.006986524754736812, 0.0016966856112739835, 0.008049226581060444, -0.002802881228681863, 0.00203921509311613, -0.01058428272562514, 0.0007105857625720858, 0.002068060098251182, -0.005681277196303942, 0.009332384164160231, 0.0535814536938262, 0.05104145878339937, 0.05793787668310925, 0.05430331669575129, 0.05918844088226033, 0.050124076379615544, 0.05495089160855186, 0.058583638235451534, 0.05764178080723852, 0.06313381063526906], "cost": 0.7635988474450685, "fun": [0.5181199664653833, 0.3455010394704652, 0.2051498889746974, 0.38861758751222686, 0.26181889028524613, 0.14526856571832997, 0.3624231062885493, 0.16604155244227858, 0.43925783467776036, 0.36079247440638695, 0.2089950495430363, 0.144966733045158, 0.02002981751410389, 0.05696743420366996, 0.009109463899231602, 0.20490885624300972, 0.1799618213972298, 0.009215858717010014, 0.44683497376277376, 0.1789738683712505, 0.0, 0.0, 0.0, 0.0, 0.0, 0.0, 0.0, 0.0, 0.0, 0.0, 0.0, 0.0, 0.0, 0.0, 0.0, 0.0, 0.0, 0.0, 0.0, 0.0, 0.0, 0.0, 0.0, 0.0, 0.0, 0.0, 0.0, 0.0, 0.0, 0.0, 0.0003410229497263792, 0.0, 0.0, 2.2019836254937104e-05, 0.0, 0.0011857258729113395, 0.0, 0.0, 0.0001833740760523583, 0.0, 0.0, 0.0, 0.0, 0.0, 0.0, 0.0, 0.0, 0.0, 0.0, 0.0], "grad": [-1.1132657913870805, 1.230003534803354, 0.6824944250615537, 0.2887381908217268, -0.33479523958198276, 0.43316222652669323, -0.4662320919972638, 0.05692908948072173, -0.9534374036631548, 0.6698697334948465, 0.9235033878130879, -1.0040959776144247, 0.2553744966797865, 1.1706462605716168, 0.36295581833110213, 2.7339138526949784, -0.10062898271092635, -0.807771369493713, 0.2541226104600648, -2.456921481658428, 0.6757710760609168, 1.2659172745884175, -0.5650074723966978, -0.3824849263388641, 0.019485475602460056, -1.3066505224375096, 0.9937340385420361, -1.2925334695137507, 1.9484873800555276, -0.6898936001852065], "optimality": 2.7339138526949784, "nfev": 1036, "njev": null, "status": 2, "message": "`ftol` termination condition is satisfied.", "success": true, "res_time": 1283.2495280000148, "tension_error": [-0.06820695260758111, 0.05244668371672892, 0.036265690108580835, 0.011594621206317216, -0.06888771820496617, -0.04722111297352272, -0.04650573040400312, 0.029099502258436688, 0.035749312719091486, 0.08016885542230165, 0.10598310966300883, -0.0257381206702779, -0.12210392053138455, 0.04251871696731278, -0.030934171770258194, 0.16055982569211932, -0.010779334711236863, -0.03137174029678286, 0.08618296581767632, -0.14156896726329285, 0.023109647186248788, 0.06164047167845967, -0.04297574886113573, 0.012159240742354725, -0.0619463654855743, 0.07555683830082321, 0.002335758337626271, -0.05277172322902808, -0.03848407914195301, -0.12179622931247117], "git_revision": "018ef57f2e70e762a509d3bbb7a77c8182022b6e", "linregress": [-0.20502111920475571, 0.07107065927540016, -0.3236930450914413, 0.08099682614579201, 0.11325354016870424]}