{"x": [0.09780634263223477, 0.1313623777341625, 0.1815385023397395, 0.18247174074107902, 0.12481733460085546, 0.09252466143285748, 0.12901407201271578, 0.18243371733272487, 0.18040342434657525, 0.12258708016917096, -0.0005808892827457581, 0.0026262729501593104, 0.0018095674060190426, -0.002658209683576521, 0.001611982009750772, -0.0010297001561195094, -0.0018965729725413346, -0.0022500772898484153, -0.0009707783134246634, 0.0021817615890874094, 0.054141302586103494, 0.05330523582029866, 0.053044100011968486, 0.05581759888044472, 0.053195771619583436, 0.05898741684690112, 0.05456887108191028, 0.05602774772105778, 0.05094932284978841, 0.06063672828636932], "cost": 0.997408645621608, "fun": [0.4479369689195971, 0.33127237783762553, 0.36884820131249463, 0.40885570135394456, 0.33890284897196316, 0.10935367560050153, 0.26622542366806506, 0.31785499837166037, 0.11133241145012887, 0.3877996523196414, 0.17260556095355178, 0.22049679149548565, 0.5323778824098631, 0.3353347075012644, 0.18324588302300396, 0.19528424520434656, 0.20622285037194252, 0.3212514726233977, 0.3885137123901163, 0.2775543485774271, 0.0, 0.0, 0.0, 0.0, 0.0, 0.0, 0.0, 0.0, 0.0, 0.0, 0.0, 0.0, 0.0, 0.0, 0.0, 0.0, 0.0, 0.0, 0.0, 0.0, 0.0, 0.0, 0.0, 0.0, 0.0, 0.0, 0.0, 0.0, 0.0, 0.0, 1.960108408837004e-07, 0.0, 0.0, 1.878311888336222e-05, 0.0, 1.0917729646652343e-06, 6.821952196121924e-06, 1.1391798879895884e-05, 9.14871708571178e-07, 0.0, 0.0, 0.0, 0.0, 0.0, 0.0, 0.0, 0.0, 0.0, 0.0, 0.0], "grad": [-1816.1195782968632, -1.0270977462316901, 1816.5391660789837, -1817.3633750814708, 1.1248784083224224, -0.06762499508690123, 1815.9095149956538, 1815.755853410716, -1816.7474737648113, -1813.8317831344098, 1819.65945304316, 0.3688918278780271, -1816.7247056592146, 1819.8537122032571, -1.6056562688421334, -0.6595147759123632, -1813.784446927214, -0.06535221314162878, 1816.626157997516, -1821.4171464677477, 1817.9147767178683, 1817.7125084979039, 0.32177874721064814, 1813.6635977127871, 1819.4851132351168, -1.1829997359177744, 2.9570352107233813, -1818.6978235049687, 1818.4782729904537, 1816.1343187838347], "optimality": 1821.4171464677477, "nfev": 383, "njev": null, "status": 2, "message": "`ftol` termination condition is satisfied.", "success": true, "res_time": 636.2076620000007, "tension_error": [-0.04096852738023267, -0.05155452239901903, -0.006204092286557374, -0.02036098878418144, 0.047731467202049016, 0.03915270848587315, -0.015931555110508297, -0.019784187126872847, 0.011014639436111123, 0.08156363817508881, 0.008811884980951364, -0.03983963184171287, -0.02745049757459097, 0.040324100792851945, -0.024453196991592027, 0.015620187202806573, 0.028770341248195993, 0.034132876720800176, 0.014726363687525883, -0.03309655170090382, 0.01461693748752336, 0.027299774639973795, 0.03126111249860392, -0.01081188445580546, 0.02896030785152647, -0.058896901963680824, 0.008130874620743241, -0.013999768046305523, 0.06303814120638535, -0.08391637320209595], "git_revision": "018ef57f2e70e762a509d3bbb7a77c8182022b6e", "linregress": [-0.0012843739654272678, 0.03149880186718128, -0.003933071943014815, 0.9835432129204045, 0.061713080932620006]}