{"x": [0.09301219197292707, 0.1325747122409313, 0.1811721012004043, 0.18112299195318277, 0.12407113986620416, 0.08770245715558252, 0.12969499594556178, 0.1835858500719941, 0.18440295346176344, 0.12674463333543828, 0.006512582104409262, -0.004492960883383019, 0.0009893679481592639, -0.003650091255467542, 0.0019640669442652827, 0.01000505460122911, -0.009187547750276664, -0.002431338938612349, -0.014339937621998691, -1.5543869865333478e-05, 0.05594784873691952, 0.054003198346786595, 0.05169720693743906, 0.058378543936051526, 0.057563936601590246, 0.05796037524211756, 0.05845815423212008, 0.04841395117596848, 0.05641785928379326, 0.05401818718075008], "cost": 0.8443564011890523, "fun": [0.21035037059930792, 0.37649611816657935, 0.3009933166852141, 0.18723543927378405, 0.15149494514549428, 0.43159129022680626, 0.07107996930461759, 0.23120302715106397, 0.2506601382300518, 0.3492103223254661, 0.2510769066240429, 0.11391741277089172, 0.3869959124195484, 0.20506723706879745, 0.37562332027876866, 0.28652727813369483, 0.3167194824023486, 0.26722594729519816, 0.38501950859654793, 0.3369845244276636, 0.0, 0.0, 0.0, 0.0, 0.0, 0.0, 0.0, 0.0, 0.0, 0.0, 0.0, 0.0, 0.0, 0.0, 0.0, 0.0, 0.0, 0.0, 0.0, 0.0, 0.0, 0.0, 0.0, 0.0, 0.0, 0.0, 0.0, 0.0, 0.0, 0.0, 0.0, 9.069804223043319e-05, 0.0, 4.863077234408653e-05, 0.0, 0.0, 0.0007755304024346628, 1.4372638967432242e-05, 0.002948776022754213, 3.755583782145938e-12, 0.0, 0.0, 0.0, 0.0, 0.0, 0.0, 0.0, 0.0, 0.0, 0.0], "grad": [-0.554083695237383, 0.9980752145981272, 1.457167970433892, -0.421299979186339, -0.222189150143981, 0.5084196792935116, -0.7638405456322233, 0.4830127391222403, 0.2936030660056259, -0.886944163394497, -1.028353270175196, 0.8411539268538313, -1.0639759730149385, 1.5606487818814765, -0.5553368849963427, -1.9723925886318234, 1.1180989781734152, 0.2296720294006235, 2.015692498448422, 1.532394334041419, -0.4681677909716192, 0.3155664646613374, -1.2577739475131837, -1.374869646488731, 0.4317486557493524, -0.6184370923346787, 1.276392117427556, 0.5139700976290338, -1.1393398868625848, -0.620968257723927], "optimality": 2.015692498448422, "nfev": 351, "njev": null, "status": 2, "message": "`ftol` termination condition is satisfied.", "success": true, "res_time": 473.50195999999414, "tension_error": [0.031757042613905974, -0.06994520811039671, -0.0006459165848988796, 9.905332739113943e-05, 0.059050977426197374, 0.1123038419430844, -0.026260930355054023, -0.037261633316342954, -0.04965680276095514, 0.0184950270102095, -0.09879356727291191, 0.06815662761265484, -0.015008361872007612, 0.055370593447897826, -0.029794200929214282, -0.1517731398958452, 0.1393718500877741, 0.03688255182724292, 0.21753178223874267, 0.0002357950085853857, -0.012787728714140145, 0.01671192995577817, 0.051693004094696425, -0.04966051524113227, -0.03730321007278417, -0.04331704404441272, -0.05086817527737812, 0.10149883283433142, -0.019917622485477238, 0.016484554645528917], "git_revision": "018ef57f2e70e762a509d3bbb7a77c8182022b6e", "linregress": [-0.28596146159050334, 0.07280548241402805, -0.3619089911790619, 0.04938848279184582, 0.13920167970759434]}