{"x": [0.09766385239729579, 0.1287975849954481, 0.1799636445891577, 0.18102127686587652, 0.128111501902658, 0.09647439824988566, 0.1245633639025894, 0.18390001649583881, 0.17972525283920374, 0.1280769939414379, -0.005284178963860803, 0.005439828549379359, 0.0006273230810789544, -2.8959523279539872e-05, 0.0019006862671687086, -0.004377320097156601, 0.004081763565943749, 0.00010506805708069414, 0.004536790379863066, -0.002900470846526205, 0.05447481337446812, 0.05139135880790523, 0.058560342459201484, 0.0570230818597659, 0.05179488703091262, 0.05462424539280615, 0.05253321986097189, 0.055235081330658284, 0.049884773954116175, 0.058261685523758516], "cost": 0.8270678924405834, "fun": [0.4290443722935631, 0.40914256692975626, 0.36736011442521654, 0.3764198560720371, 0.162891760548632, 0.31606682175634027, 0.4363949969605624, 0.2830740127041816, 0.1982924380888722, 0.2774527930969494, 0.06036498172658199, 0.38474148450028367, 0.2664335035331005, 0.24705384337661915, 0.20685220966104806, 0.36757554736688597, 0.054761901563147544, 0.170913563244872, 0.08144757518492887, 0.11078940385129889, 0.0, 0.0, 0.0, 0.0, 0.0, 0.0, 0.0, 0.0, 0.0, 0.0, 0.0, 0.0, 0.0, 0.0, 0.0, 0.0, 0.0, 0.0, 0.0, 0.0, 0.0, 0.0, 0.0, 0.0, 0.0, 0.0, 0.0, 0.0, 0.0, 0.0, 0.00014754773717689636, 0.0, 0.0, 2.428701970570969e-11, 0.0, 8.387352936631989e-05, 0.0, 0.0, 0.0, 2.4400881386719665e-05, 0.0, 0.0, 0.0, 0.0, 0.0, 0.0, 0.0, 0.0, 0.0, 0.0], "grad": [2.1442215219589027, -0.5964989906943563, 1.3150135921259989, -0.11853217439391983, 3.878322771908017, 1.0488028758492343, 2.069616765584507, 4.424370574657934, -0.0773360223731191, -3.1370141640247473, 2.9030440448624484, -2.532267560230128, -0.810539548601271, -0.5451129195232939, -0.1629837099591438, 1.9914237126991208, -0.9738723338972249, 0.1867619318337942, -1.9676345837370435, -6.060363785672218, -9.472009430227917, -5.560343881246162, -4.129233133870443, -1.600504699316737, -2.1819077820235284, -11.26504119478965, -3.118461103283937, -6.105540669242261, -8.006285392593849, 5.857053059172975], "optimality": 11.26504119478965, "nfev": 288, "njev": null, "status": 2, "message": "`ftol` termination condition is satisfied.", "success": true, "res_time": 439.3003819999867, "tension_error": [-0.03880700090954965, -0.012647523621728152, 0.01768594282287069, 0.0016420352290943806, -0.002239885745427525, -0.02076340215773537, 0.051584112875031674, -0.04202742685743003, 0.021302261359636452, -0.0017164121778635733, 0.08015912606995705, -0.0825202752349737, -0.009516269279809052, 0.0004393057262758602, -0.02883273847297841, 0.06640239778331922, -0.06191890973185089, -0.001593845267364541, -0.06882150557344212, 0.043999116956299524, 0.00955769677803042, 0.056332612052949683, -0.052418334542139074, -0.02909863491892611, 0.050211231622412235, 0.007290865908226849, 0.039010983710470314, -0.001975299239702729, 0.07918697146354167, -0.04788781445499418], "git_revision": "018ef57f2e70e762a509d3bbb7a77c8182022b6e", "linregress": [-0.1552413807425899, 0.044486682856225535, -0.3656028419179429, 0.04694602790373213, 0.07468987601371103]}