{"x": [0.09509990115262201, 0.12783194582146098, 0.1808932174201104, 0.18112491602961442, 0.12788281878058005, 0.09498670000463527, 0.12799950204686883, 0.18112704981241232, 0.18133691347962821, 0.12803152838159831, 8.574525286686598e-05, -6.998544891579243e-05, -1.998306637030876e-05, -0.00029845829098822, -0.00014209636770027952, -0.0001526102502670067, 0.00017217205573851317, 7.648249130518851e-05, -6.690088545765297e-05, 0.00011951401250176207, 0.055376053766654255, 0.05501949329148152, 0.05542983679818487, 0.05534160981015889, 0.05505028215184317, 0.05536609871425126, 0.05516428050341679, 0.055059193824796335, 0.05511892216746562, 0.05477983121604125], "cost": 0.9207261363308634, "fun": [0.3513009879727408, 0.046209806106368156, 0.4178886672456399, 0.26252579764128553, 0.29316713392407256, 0.33045390649919665, 0.1936665655712488, 0.17362580265810107, 0.29660447304751086, 0.2434454394292577, 0.10360160954059651, 0.3605171787958536, 0.20016640078592654, 0.3547283833210414, 0.345619148006968, 0.3146197736757492, 0.24141586233380533, 0.3994407291888841, 0.17500009562601618, 0.5374123317221754, 0.0, 0.0, 0.0, 0.0, 0.0, 0.0, 0.0, 0.0, 0.0, 0.0, 0.0, 0.0, 0.0, 0.0, 0.0, 0.0, 0.0, 0.0, 0.0, 0.0, 0.0, 0.0, 0.0, 0.0, 0.0, 0.0, 0.0, 0.0, 0.0, 0.0, 0.0, 3.427861435232186e-10, 7.979696844383703e-12, 2.6585874082391924e-08, 2.8691214319687875e-09, 3.5542757106243588e-09, 0.0, 0.0, 2.9943019804673523e-10, 0.0, 0.0, 0.0, 0.0, 0.0, 0.0, 0.0, 0.0, 0.0, 0.0, 0.0], "grad": [2534.332769307168, 1.7618850988765247, 4.732940895069995, -0.6500857454201912, -2533.6941985816575, 2.7880889705846457, -0.8032586392697219, -1.095475837170984, 2528.7739044075497, -2537.862715974926, 2532.7344565843655, 0.75535348525097, -0.49091441578241923, 4.717176728569976, 2.6590097017255463, 3.871311879150345, -4.2975344813748295, -2.0405767830609003, 1.8908493875618597, -2.7065981584212353, 2532.2248765307604, -2530.2739358300687, 2528.8474413590384, -2538.504430945819, 2537.9527434920333, 2531.80504237094, 2535.936930846332, -0.7812078380706464, 2540.3772636325716, 2546.2893356792574], "optimality": 2546.2893356792574, "nfev": 290, "njev": null, "status": 2, "message": "`ftol` termination condition is satisfied.", "success": true, "res_time": 550.2911880000029, "tension_error": [8.72327007491077e-05, 0.0020008811380470884, 0.00358465173164257, 6.986576839513941e-05, 0.0012291563400289361, 0.0018044540807954789, -0.0005408875431673482, 3.749703798832733e-05, -0.0031460605729317255, -0.0010267157145250646, -0.0013007251611769053, 0.0010616545088784626, 0.0003031360495919976, 0.0045275067210193125, 0.0021555516439676977, 0.002315043524147176, -0.002611789194888196, -0.0011602123441704268, 0.0010148627721104993, -0.0018129853021207271, -0.004113801237207692, 0.0012950950693724004, -0.004929670804527756, -0.0035912985986818525, 0.0008280389465274727, -0.003962786612975156, -0.0009012757299914821, 0.0006928520195455165, -0.00021320581511922827, 0.004930683994499978], "git_revision": "018ef57f2e70e762a509d3bbb7a77c8182022b6e", "linregress": [-0.0029493988275429853, 0.002102746948433629, -0.12176412338347097, 0.5215339617598944, 0.0045435101374141995]}