{"x": [0.09425482923969018, 0.12921315603963288, 0.1815051319026575, 0.1817502492660717, 0.12818147773968439, 0.0948527618174578, 0.12676025310628958, 0.17953396543896702, 0.17990878139085686, 0.1296442349837939, 0.0035660610609778132, -0.0025084178677394244, -0.001035274897337285, -0.0016771751487706953, 0.003515016534762856, 0.0023078270691311324, -0.0030676690516568657, -0.004643480951560423, -0.0015523672597005022, 0.0006952957470498065, 0.05456405330097568, 0.05768648201914476, 0.054717351040584554, 0.056866429331746876, 0.052101615995931265, 0.05788372393774528, 0.05388404972357941, 0.05896872937360121, 0.0592879257190992, 0.05550800882318729], "cost": 1.1853680304221799, "fun": [0.5041143399765535, 0.06561065244037868, 0.37353955498097957, 0.3846584706876672, 0.2964026284127842, 0.08345486453617688, 0.38848334592229466, 0.57227250632106, 0.29056663077292083, 0.2823919571746495, 0.1790404204592936, 0.38414023909343703, 0.14148343513929684, 0.22241086005331914, 0.5361582857285034, 0.3039018048897853, 0.3121901971474557, 0.028062267525867563, 0.24104215004402596, 0.5496550249557511, 0.0, 0.0, 0.0, 0.0, 0.0, 0.0, 0.0, 0.0, 0.0, 0.0, 0.0, 0.0, 0.0, 0.0, 0.0, 0.0, 0.0, 0.0, 0.0, 0.0, 0.0, 0.0, 0.0, 0.0, 0.0, 0.0, 0.0, 0.0, 0.0, 0.0, 0.0, 1.578336707033809e-05, 1.1096015403615088e-06, 4.717753615243245e-06, 0.0, 0.0, 2.8868586163096433e-05, 0.00010012234319529543, 3.740963095778277e-06, 0.0, 0.0, 0.0, 0.0, 0.0, 0.0, 0.0, 0.0, 0.0, 0.0, 0.0], "grad": [0.003970321418216849, -0.861727205961847, -0.48565875414505677, -0.24327430204452027, 1.227676015269853, -0.5249643307464034, 1.8150133643928592, -0.048383555681386525, 0.351350586951646, 0.30462974433636403, -0.33425609210768176, 1.16427667956303, -0.286078041679581, 2.1508456804589087, -0.31395356549750497, -1.670532004991085, 0.3430076941518403, 3.718894794652397, 0.9955501203863355, -0.9721960716640348, 0.3879141810301814, -1.202183457945198, -0.5355842654755909, 1.0331158168828676, -1.3929360928388732, -0.20055608468954822, -0.19115374434009524, -2.3688385643101353, 0.36999421238306685, -1.886516594338982], "optimality": 3.718894794652397, "nfev": 571, "njev": null, "status": 2, "message": "`ftol` termination condition is satisfied.", "success": true, "res_time": 894.4391879999894, "tension_error": [0.01290667475034029, -0.018951589390441625, -0.005697874557869331, -0.009416218272234923, -0.0033013944453431487, 0.0038362490114682677, 0.018258080610510367, 0.024204023570196825, 0.018518198138081404, -0.025490904517244378, -0.0540958851157516, 0.03805181192223414, 0.015704754055507673, 0.025442153854206707, -0.05332155770556554, -0.03500892044863283, 0.04653545459652715, 0.07043996381372011, 0.023548862316784363, -0.010547390583257045, 0.008203958653656425, -0.03916218071746322, 0.005878486159331832, -0.02672227147087972, 0.04555826170137213, -0.042154270865717325, 0.018519372431524392, -0.05861341960276511, -0.06345551527644168, -0.006115512777361766], "git_revision": "018ef57f2e70e762a509d3bbb7a77c8182022b6e", "linregress": [-0.14564060888930297, 0.037189498364233534, -0.47214426988487507, 0.008430662306640553, 0.05138798084987054]}