{"x": [0.09419316036089448, 0.12908183594874023, 0.1813996550095919, 0.18227990427623894, 0.1256554557618338, 0.09235134257038001, 0.13212031743392932, 0.18247358271247857, 0.18133551977257145, 0.12564385084459714, 0.0027086980678245206, -0.0027968220191423496, 0.0005248002652334864, -0.001326286326753419, 0.0015197752387159083, -0.003920837886364073, 0.0011328570427549462, -0.0002034278942671467, 0.002056117262627715, 0.0035312974035618624, 0.05837759621678792, 0.05366547559569067, 0.05353862176418089, 0.05459569033524503, 0.054552289478326965, 0.05762873663663561, 0.055900150351016774, 0.04948506472714119, 0.05748586614064479, 0.050636925733079825], "cost": 0.9258416587111253, "fun": [0.25697965190971633, 0.46414174563972993, 0.14221133433076427, 0.18100813269156868, 0.24738975000490368, 0.20920132552925924, 0.3659905363462655, 0.2893135975009293, 0.18730875194470006, 0.09436888522122122, 0.34637346229158944, 0.4604984726089985, 0.42063623666762423, 0.1837994883622204, 0.29555728086225064, 0.2822910378200361, 0.38891068698011066, 0.3920731815623066, 0.25972564190372854, 0.2615294895500463, 0.0, 0.0, 0.0, 0.0, 0.0, 0.0, 0.0, 0.0, 0.0, 0.0, 0.0, 0.0, 0.0, 0.0, 0.0, 0.0, 0.0, 0.0, 0.0, 0.0, 0.0, 0.0, 0.0, 0.0, 0.0, 0.0, 0.0, 0.0, 0.0, 0.0, 0.0, 2.1877338694455434e-05, 0.0, 2.33298462652797e-06, 0.0, 6.027492214781278e-05, 0.0, 8.418437866853053e-09, 0.0, 0.0, 0.0, 0.0, 0.0, 0.0, 0.0, 0.0, 0.0, 0.0, 0.0, 0.0], "grad": [4440.6048981267995, 4450.983697965336, -4145.442852250087, -4099.567799749873, -4146.001542285448, -294.67667251478633, 4280.29200865368, -4094.740129638788, -4094.062327231494, 4106.264780443562, 4436.732548568839, -4095.010248518658, -3257.4730223836605, -4290.040822922869, -3272.7546270335124, -319.8657941368747, 277.6621950415101, -324.867048538689, 4095.1866921901246, 4100.284970007095, -4100.005908919058, -4427.104015054006, 4525.990522248005, 4454.195442407133, 3272.6949806470743, 3456.0957420002455, -306.3721000310321, -4292.570603970102, 3243.7556301400864, -3479.242783224695], "optimality": 4525.990522248005, "nfev": 226, "njev": null, "status": 3, "message": "`xtol` termination condition is satisfied.", "success": true, "res_time": 381.0065379999869, "tension_error": [0.013842169831749483, -0.016959510054489174, -0.0040978273932036026, -0.017450897457771123, 0.03501746560137763, 0.041781894333409675, -0.06305219959022511, -0.02038893083887779, -0.003124918529781468, 0.03519350809164258, -0.04108999172608538, 0.04242680090150881, -0.007961034421828505, 0.020119294520148295, -0.023054452884998213, 0.05947772408587954, -0.017185040690424383, 0.0030859292113740106, -0.03119057170409863, -0.05356853272732644, -0.049646138675075356, 0.021835064650294975, 0.023759392410954344, 0.007724036032598353, 0.008382411682823747, -0.03828620368713064, -0.012064161069088598, 0.08525041907490023, -0.03611890879077497, 0.06777709498395355], "git_revision": "018ef57f2e70e762a509d3bbb7a77c8182022b6e", "linregress": [-0.06428025217084364, 0.034267843414091455, -0.19145013849679543, 0.3108346200204666, 0.06227793600295934]}