{"x": [0.09591388688750753, 0.12768158885317601, 0.1832327807644378, 0.1803218456095378, 0.12223286677361299, 0.09384862546234657, 0.12566592333737317, 0.17824484137438432, 0.18592217396132052, 0.13227273740068812, -0.0047790752809788, 0.0023119942963149586, -0.01341230628860772, 0.010595163071421672, 0.003507543030351802, 0.006893236344189166, 0.003145238751524001, 0.005743102904825772, -0.008627172724653602, -0.0036386859516803027, 0.055011264746492705, 0.05352680910379767, 0.05923569468981303, 0.05488708380014308, 0.04880106127854801, 0.056058544521220575, 0.05617412624550902, 0.05353884895082286, 0.053541028452534396, 0.055135360325961544], "cost": 0.41163672220104, "fun": [0.009827035835117558, 0.31250635267708354, 0.20248408166059204, 0.25779152481590883, 0.11834837933365909, 0.35715878266073553, 0.10994086770040969, 0.18284643727478236, 0.27225945528171486, 0.23960458030729645, 0.17426382771298674, 0.24320709702676985, 0.049141447631807375, 0.12727478412134746, 0.013572722926287235, 0.27338065602330974, 0.004959543630800661, 0.09404249373052025, 0.003050034737441981, 0.32787131391409213, 0.0, 0.0, 0.0, 0.0, 0.0, 0.0, 0.0, 0.0, 0.0, 0.0, 0.0, 0.0, 0.0, 0.0, 0.0, 0.0, 0.0, 0.0, 0.0, 0.0, 0.0, 0.0, 0.0, 0.0, 0.0, 0.0, 0.0, 0.0, 0.0, 0.0, 0.00010915197921116685, 0.0, 0.0024127392414894488, 0.0, 0.0, 0.0, 0.0, 0.0, 0.0006421041538190112, 4.8176331009696026e-05, 0.0, 0.0, 0.0, 0.0, 0.0, 0.0, 0.0, 0.0, 0.0, 0.0], "grad": [0.5641367943416036, -0.8471174239667187, -0.1519746988887567, 0.46953138463116595, 1.490602907686359, 0.8703921190102171, -0.2892113347488028, 0.06496079702974678, -0.46993568258127527, -1.4466693845534533, 0.9110642509119762, 1.3532079268313668, 0.7613573822149109, -1.9471543179644268, -1.3527367640788879, -0.1948519177706165, -1.6266311683116368, 0.13361121143268007, 0.08479723503174807, 0.46870305616734603, 0.1390283163227659, -0.8046630461994833, -0.2577135880166568, -0.287786886950369, 0.9367439530327752, 0.24089163755996346, -0.044878368975217686, -0.47945430531031397, -0.6001366117751719, 0.6303849055223365], "optimality": 1.9471543179644268, "nfev": 1470, "njev": null, "status": 2, "message": "`ftol` termination condition is satisfied.", "success": true, "res_time": 1487.7600929999899, "tension_error": [-0.012260643021870637, 0.004281743171426351, -0.03190569678781186, 0.01225216002569305, 0.08693693011398511, 0.0190686423939171, 0.03485867618242598, 0.04375957971608485, -0.0727028404491039, -0.06536435658084877, 0.07249688183647339, -0.03507213581122275, 0.20345994297889283, -0.1607248766898909, -0.05320818728674226, -0.1045679574675406, -0.04771215951007826, -0.08712083995056617, 0.13087115913226663, 0.05519757902306474, 0.0014199191867313953, 0.023938586291281923, -0.06266318903428603, 0.0033037002248083626, 0.09562650948422392, -0.014466944613125891, -0.016220278493750406, 0.02375594606994286, 0.023722883799785145, -0.000462566865955038], "git_revision": "018ef57f2e70e762a509d3bbb7a77c8182022b6e", "linregress": [-0.29811764592986545, 0.07296569801209726, -0.38330506731976777, 0.036541254525209996, 0.1357557647816159]}