{"x": [0.09726797589843485, 0.13222693487181594, 0.18033449154262923, 0.1790801427029371, 0.1299857660443256, 0.09528806090385773, 0.12695540027299995, 0.18161289109115802, 0.18194316005390915, 0.1284357013019737, 0.0019961272291641424, -0.0013708664759652872, -0.0038926874752468637, 0.0010975115649354723, 0.0023156637147722877, -0.00017973492326671224, -0.002593691516231257, -0.0041844584331432256, 0.0009959603627791365, 0.0023191640619142, 0.04918922982706834, 0.05588022957988772, 0.054433327399132786, 0.05731607139503907, 0.056668408416201445, 0.05635768825159297, 0.05357835086798879, 0.05322904886859344, 0.05731615031652528, 0.056091207002046575], "cost": 0.9665394423146001, "fun": [0.3523322236257756, 0.3349447377544254, 0.31736982026998695, 0.1528921904746765, 0.3882734297324042, 0.1534984589342014, 0.38260432934147875, 0.5082295991823151, 0.21949292138366247, 0.300698656135666, 0.22876957746235793, 0.2088750960587238, 0.26275224806644815, 0.41186310751795113, 0.27703055728661125, 0.17424237870073703, 0.1744232182834433, 0.18288078896684218, 0.44314824124053315, 0.39123546785676017, 0.0, 0.0, 0.0, 0.0, 0.0, 0.0, 0.0, 0.0, 0.0, 0.0, 0.0, 0.0, 0.0, 0.0, 0.0, 0.0, 0.0, 0.0, 0.0, 0.0, 0.0, 0.0, 0.0, 0.0, 0.0, 0.0, 0.0, 0.0, 0.0, 0.0, 0.0, 2.576234952576536e-06, 5.8985954738805327e-05, 0.0, 0.0, 5.806272466362881e-09, 1.744837411445756e-05, 7.326857993580934e-05, 0.0, 0.0, 0.0, 0.0, 0.0, 0.0, 0.0, 0.0, 0.0, 0.0, 0.0, 0.0], "grad": [0.3520688359889398, -1.8322769190895098, 0.9298456827972273, 1.346596174862101, -1.9791115826020609, -0.7601436354297295, 0.34730935638271254, -2.906229292287713, -2.708103847412596, 0.47557964719461365, 1.465268487667528, 2.873809722137764, 2.4530857849172736, -0.040977810764696754, -2.0913854161191385, -0.06978151498815421, 1.7103910798459827, 1.067847015303165, -1.3236017814697674, -2.5072815976220966, 2.281231901979072, 0.643159643907647, -1.9365373538358215, 1.20479772300249, -3.7873103261147776, 0.8482518500852603, 0.3215884589308602, 4.096101916766262, 0.3054582214781374, 1.2749064619460788], "optimality": 4.096101916766262, "nfev": 259, "njev": null, "status": 2, "message": "`ftol` termination condition is satisfied.", "success": true, "res_time": 427.67749599998933, "tension_error": [-0.03280169442819192, -0.06466954841645886, 0.012060325693078284, 0.031088353976042215, -0.030671809919048554, -0.002767084180595853, 0.015297767107596259, -0.007332543337122674, -0.012342606698568402, -0.007157875976130363, -0.030280544112634544, 0.020795559617400174, 0.05905069230495423, -0.016648862292245378, -0.035127799591487596, 0.0027265152205942517, 0.0393453830118302, 0.06347675454802376, -0.015108366470306398, -0.035180898619691627, 0.08973812988352635, -0.01176197001627496, 0.010187024351866122, -0.033543182549837604, -0.023718364214472747, -0.019004849207189485, 0.023156715956851585, 0.02845550375293375, -0.03354437976087197, -0.01496242289578722], "git_revision": "018ef57f2e70e762a509d3bbb7a77c8182022b6e", "linregress": [-0.07383301029949466, 0.03226727196269656, -0.23105602920293022, 0.2192677925407883, 0.05875441578257401]}