{"x": [0.09405829653492864, 0.12844145469339316, 0.18091733478427044, 0.1808662278882294, 0.12734892982675747, 0.09523779465273263, 0.12811730779906097, 0.1803797208734825, 0.18082594123162288, 0.12933511242075538, 0.00025367564880694196, -0.0009155312646698299, -0.0028266348264535234, -0.001234246778802455, 0.0010761615624978742, 0.000358354191142388, 0.0011709188108791659, -0.003031394615977224, -0.00032780086936857425, 0.0002545632192329729, 0.05383608243427419, 0.0565320818225205, 0.054171251895981806, 0.05635720844391392, 0.055997497700428785, 0.05450493060936261, 0.05739312472122635, 0.056493147137543866, 0.05621224124671916, 0.05370508395243616], "cost": 0.6624856315329761, "fun": [0.3315311092245395, 0.25109743563457065, 0.2327989886286627, 0.16071177890076788, 0.3157167448280155, 0.09259345355478463, 0.4086639153022532, 0.11968255528251688, 0.19483380923215365, 0.1962149246828011, 0.20581637008571282, 0.27724745518358157, 0.30354026629468217, 0.24689063342567497, 0.2057753728481024, 0.25482055414465116, 0.20010508832053417, 0.21255620752476376, 0.3002814937675084, 0.3885321070031262, 0.0, 0.0, 0.0, 0.0, 0.0, 0.0, 0.0, 0.0, 0.0, 0.0, 0.0, 0.0, 0.0, 0.0, 0.0, 0.0, 0.0, 0.0, 0.0, 0.0, 0.0, 0.0, 0.0, 0.0, 0.0, 0.0, 0.0, 0.0, 0.0, 0.0, 0.0, 7.673960140942405e-07, 2.2584429090738875e-05, 1.8802084811723381e-06, 0.0, 0.0, 0.0, 2.78565561718177e-05, 3.522332120111019e-08, 0.0, 0.0, 0.0, 0.0, 0.0, 0.0, 0.0, 0.0, 0.0, 0.0, 0.0], "grad": [1.784260125172571, -4.065006462820413, 0.4109105926088654, 3.0624957734280396, 4.054896446170289, 1.2577283816735405, -0.5454282166962235, 1105.459595603934, 0.013265626302171984, 1.4953472617366788, -4.341018989474485, 4.837191177281947, -1.4062484956203098, 2.8628049986412756, -3.339777492580847, -2.550572673682201, 2.4072644508019376, 2.064144708535425, 0.15189767709867708, 1.033500890624313, -2.2782122465295633, -1.517833476806985, 0.46652667391269387, -3.27674866830074, -2.338986340443418, -0.8606009288943604, 4.935378643931174, -1103.8467028801813, 4.295876213429567, -3.0187851128287613], "optimality": 1105.459595603934, "nfev": 227, "njev": null, "status": 3, "message": "`xtol` termination condition is satisfied.", "success": true, "res_time": 301.17196600002353, "tension_error": [0.015888006375478814, -0.00724515288920912, 0.003218799846723427, 0.003994073385113373, 0.009328062953432869, -0.0020045629282768223, -0.0023279591405373926, 0.011374212739917051, 0.004605207717986083, -0.020801624560766677, -0.0038481698770355013, 0.013888285496681243, 0.04287905064477066, 0.01872308712859684, -0.016324990305945558, -0.005436106343471083, -0.017762424251878486, 0.04598518423614623, 0.004972623257702602, -0.0038616340064987088, 0.019247019246090548, -0.02165033800183018, 0.014162617048593758, -0.018997570694387858, -0.013540885931637953, 0.009100828975994062, -0.034712054257287, -0.021059712600442204, -0.016798469582291437, 0.02123421988642538], "git_revision": "018ef57f2e70e762a509d3bbb7a77c8182022b6e", "linregress": [-0.06838983472427596, 0.01934076529990006, -0.3850547457228102, 0.03562290294040819, 0.03097717114175068]}