{"x": [0.09701459115699919, 0.12788608986277766, 0.18074046815133854, 0.18435691813586177, 0.1269056435719546, 0.0943013291717107, 0.12892015325161524, 0.1797162861595138, 0.17966399877371855, 0.1278591647518963, 4.183224080352488e-05, 0.0001451560179003888, 0.0014498091439554448, 0.0001302806756013451, 0.0011194744694524676, -0.003754054459916089, 0.0007381252014719735, 0.0012412864400531815, -0.0015337623746823975, 0.0009882094228411647, 0.053783141087787784, 0.0545619888981627, 0.060361196297282635, 0.04645636503995571, 0.05615685785247188, 0.05651710953429092, 0.05967502506501038, 0.057300974798047064, 0.05752860826945474, 0.05898822449358842], "cost": 0.6904692955242654, "fun": [0.12437473960551888, 0.4504437926676425, 0.24994866712972713, 0.06256984161376268, 0.17881365114928066, 0.22160474900352675, 0.2279128081463622, 0.19126083827066095, 0.2989891662229812, 0.3121905379182021, 0.1856494427843987, 0.3389013114218137, 0.2751292331372421, 0.15378957704769555, 0.23111799581181805, 0.21690592425832295, 0.336273403889037, 0.301336520817237, 0.24971324197684827, 0.35262462864259625, 0.0, 0.0, 0.0, 0.0, 0.0, 0.0, 0.0, 0.0, 0.0, 0.0, 0.0, 0.0, 0.0, 0.0, 0.0, 0.0, 0.0, 0.0, 0.0, 0.0, 0.0, 0.0, 0.0, 0.0, 0.0, 0.0, 0.0, 0.0, 0.0, 0.0, 0.0, 0.0, 0.0, 0.0, 0.0, 5.290560752911845e-05, 0.0, 0.0, 3.60806405551655e-06, 0.0, 0.0, 0.0, 0.0, 0.0, 0.0, 0.0, 0.0, 0.0, 0.0, 0.0], "grad": [-1.528188685653272, -0.7676675955398111, -1.626035817866274, -1.4875527440578251, 4.209710820604111, 1.8061838813157691, -1.0789412793989732, 1.280446616917132, 0.307190130655423, -1.3725909750385816, -3.3457495657208685, -0.17759677881867408, 1.44388933860564, 1.4280780408283602, 0.9138690364470587, -1.2965010310542804, 2.6775097783392283, -2.078979849730419, -0.19402188907896267, 2.236426085661931, -0.035221050798459164, 1.884323065008639, 0.2097267842179158, 3.5732912684537426, 0.45469821527530385, -1.8851198754146052, -0.3572060775011125, -0.19551997911154317, -0.559963617363068, -0.7196965038189778], "optimality": 4.209710820604111, "nfev": 259, "njev": null, "status": 2, "message": "`ftol` termination condition is satisfied.", "success": true, "res_time": 354.63670700002695, "tension_error": [-0.02895793751309599, 0.0011795351799477583, 0.005901804117343051, -0.04895846314795931, 0.016052558665413757, 0.012201287226834827, -0.01450684072008349, 0.021438282719361535, 0.022231463869828643, 0.001587979589637175, -0.0006345802985273161, -0.0022019654554222084, -0.021993091971811266, -0.0019763117735848313, -0.01698203178632965, 0.056947678491576774, -0.011197098259702882, -0.018829876300111667, 0.023266632790895317, -0.014990787452658102, 0.020050120748961824, 0.008235274914229092, -0.07973665037276764, 0.13119472219436884, -0.01595832307854657, -0.021423213684512613, -0.06932767545169445, -0.03331417251255734, -0.03676729176856716, -0.05890915367829344], "git_revision": "018ef57f2e70e762a509d3bbb7a77c8182022b6e", "linregress": [-0.014443799176765302, 0.028183911536984487, -0.03202216283283, 0.866596879361393, 0.08519791822298953]}