{"x": [0.0946747598640651, 0.1264599832289263, 0.1830233877422022, 0.18268394617610134, 0.12778266025231183, 0.09293421808025072, 0.12776773063131405, 0.18316581164490675, 0.18060893195316674, 0.12807557622161037, -0.0002329324305648515, 0.0014563260325279933, -0.0011095153594986764, -0.003696779159294852, 0.00012570860700540184, 0.0012259168891240967, -0.0011092502760370179, -0.0005331124432207663, 0.0022683219955534784, -0.0003534608760615638, 0.0536751616185415, 0.05682652729038411, 0.054701725929217467, 0.05237815628359244, 0.055150046233962684, 0.055821106903784175, 0.05706036003754986, 0.053216083694801256, 0.05412890736155077, 0.05650007202808155], "cost": 0.7695506913567677, "fun": [0.21035745151176952, 0.23190681713931702, 0.3284419052344479, 0.24579919417478424, 0.3047631428017465, 0.2510959284204054, 0.2638911822377881, 0.19888025940400772, 0.2983964789877927, 0.3016738323567606, 0.1746522750918992, 0.15789077218183686, 0.2971286156623482, 0.4780884922978993, 0.22079754626831383, 0.4685474745750992, 0.26147746896640883, 0.30054179231796857, 0.05812111894541975, 0.15798950480586127, 0.0, 0.0, 0.0, 0.0, 0.0, 0.0, 0.0, 0.0, 0.0, 0.0, 0.0, 0.0, 0.0, 0.0, 0.0, 0.0, 0.0, 0.0, 0.0, 0.0, 0.0, 0.0, 0.0, 0.0, 0.0, 0.0, 0.0, 0.0, 0.0, 0.0, 1.263833535987154e-08, 0.0, 1.3658404053395906e-06, 5.052083518817197e-05, 0.0, 0.0, 1.3648616666406687e-06, 1.5151528886477564e-07, 0.0, 4.415948995210141e-08, 0.0, 0.0, 0.0, 0.0, 0.0, 0.0, 0.0, 0.0, 0.0, 0.0], "grad": [-0.39526295598966366, 1.3018037500079593, -0.37987539311643115, -0.28773544548940544, 0.853638151151836, 0.7982031232156972, -1.8162323942773826, -0.029676404947948765, 1.7474849180628185, -2.8248236250360934, -0.2247377020983925, -0.09239851553410136, 0.9927448317157329, 4.125424454898788, -0.5294946418462754, -0.8458861771914132, -0.4488568613794107, -0.2863088914585541, -3.0363980997649263, 0.31807863809912296, 2.5332566013962157, -2.078799480277904, 0.2702344685497218, 0.15826715797108992, -0.018503150257558332, -1.9638147778325639, 0.7807928544693077, 2.817113259944399, -4.108892218614752, 0.8343224475258408], "optimality": 4.125424454898788, "nfev": 445, "njev": null, "status": 2, "message": "`ftol` termination condition is satisfied.", "success": true, "res_time": 690.7456610000227, "tension_error": [0.006536475691958994, 0.022813068456150668, -0.02872927869479375, -0.023580070184531236, 0.0027485257916206973, 0.03293987898942526, 0.002975002862121574, -0.03088979892893968, 0.007897161724291413, -0.0016949058694731055, 0.0035335025923851925, -0.02209195086668282, 0.016830955610486576, 0.056078832437233835, -0.001906955109950007, -0.018596725648139238, 0.016826934388123087, 0.008087127222196391, -0.03440964245389202, 0.005361876484273199, 0.021688131109223303, -0.02611697161523102, 0.006115513572766816, 0.04136324333926532, -0.0006853468964888749, -0.010865099929211426, -0.02966413169204442, 0.028652180854075567, 0.01480496866027174, -0.02116476074083018], "git_revision": "018ef57f2e70e762a509d3bbb7a77c8182022b6e", "linregress": [-0.006652997514825222, 0.018626873627798766, -0.030769865025798294, 0.8717703415305466, 0.040842006048997195]}