{"x": [0.09453829594703807, 0.12657652339141026, 0.18592387036589472, 0.181088315923217, 0.12685611688986517, 0.0918265932165092, 0.12751375875976018, 0.18335845193347988, 0.18113014700137578, 0.12722821155455763, 0.0044169752151457685, -0.0013650314782898494, -0.0012934279036300711, 0.010887328571891702, -0.005858513795754305, 0.0037811127303277936, -0.0034700865651346524, -0.006517222874948456, -0.004373120969831362, -0.00024174086551906934, 0.05885382498237398, 0.052927274509292, 0.053331212636803606, 0.053187881592816476, 0.05343444325405584, 0.05876824916284754, 0.05628397668011669, 0.05566542178839134, 0.05526972238545176, 0.054814991395915294], "cost": 0.6469086946380953, "fun": [0.43803182009492025, 0.27202148685635774, 0.34476896454245953, 0.31713885913583206, 0.3803444508037184, 0.17649133909133038, 0.3588591592592812, 0.22394205375974677, 0.22828219143373174, 0.26599273054051986, 0.08602380378728358, 0.053034881966391986, 0.25911827942141824, 0.28136785567647216, 0.03907067939682903, 0.22841582057730223, 0.25867592252623794, 0.06167783412233781, 0.19989446309148778, 0.10001321181943171, 0.0, 0.0, 0.0, 0.0, 0.0, 0.0, 0.0, 0.0, 0.0, 0.0, 0.0, 0.0, 0.0, 0.0, 0.0, 0.0, 0.0, 0.0, 0.0, 0.0, 0.0, 0.0, 0.0, 0.0, 0.0, 0.0, 0.0, 0.0, 0.0, 0.0, 0.0, 2.54347808246751e-06, 2.163847638097225e-06, 0.0, 0.0002010769878495287, 0.0, 4.178505004439773e-05, 0.0002768137887432128, 8.363238327405202e-05, 1.4127008878768379e-08, 0.0, 0.0, 0.0, 0.0, 0.0, 0.0, 0.0, 0.0, 0.0, 0.0], "grad": [0.3773501358352711, 0.23436177252085383, -0.9954752319914371, 0.5860799746714533, 1.1892873987250472, 0.47738040750382815, -0.24460291264335332, -0.5427151872402497, 0.08734809046148606, 0.15442732228774947, -0.12802297757777348, 0.4340230769245739, -0.4471620269085903, -1.7944440683559573, 1.774489434559285, -0.24509934606914185, 0.7939115119594109, 0.25368652844269546, 0.8557831473559709, -0.057115488055174524, 0.1366493888712963, -1.0804495382705124, 2.4667441932798106, -0.01081665191674741, -0.25504435454777274, -0.9593949016473049, 0.4875801062231311, -1.2546033322373549, 1.1343908147574524, -0.9918575099334506], "optimality": 2.4667441932798106, "nfev": 850, "njev": null, "status": 2, "message": "`ftol` termination condition is satisfied.", "success": true, "res_time": 892.2729669999972, "tension_error": [0.008606585051195634, 0.021045195407062955, -0.0727285743065412, 0.0006250764383874335, 0.016803860917019, 0.04974215644787182, 0.006827666333465424, -0.033812083977098645, -9.486223230242952e-06, 0.011159316449272852, -0.06700395189871772, 0.020707044766279083, 0.01962084386213349, -0.1651569240042684, 0.08887158234953804, -0.057358142884247926, 0.05263998595631595, 0.0988639661207286, 0.06633869850686593, 0.003667123435434437, -0.056870360625132454, 0.0330333140574982, 0.026905715520599352, 0.029079996767180833, 0.025339743565600464, -0.05557220570780776, -0.01788667073685533, -0.008503411788567491, -0.0025007917897048215, 0.004397316500620332], "git_revision": "018ef57f2e70e762a509d3bbb7a77c8182022b6e", "linregress": [-0.2395361599092076, 0.053179750478300425, -0.4125397802509939, 0.023480202315481112, 0.0999575976183942]}