{"x": [0.09620362611962416, 0.12630644593632076, 0.18253731367241938, 0.18328090447286058, 0.12852625608446278, 0.09687532643894088, 0.1265787141430481, 0.18138885742532154, 0.1821088103497181, 0.1255859608067301, -0.0024680954983004317, 0.0020601480803291573, -0.0014733920722048899, 0.0013193690008394888, 0.0034533993484186336, 0.0012687076374133816, -0.0021659806985339512, -0.0028226143864931, 0.0021030236329913185, 0.004203191988526564, 0.054410516180253034, 0.052949376073100955, 0.055484157270389994, 0.05422865145343099, 0.050624932256074714, 0.05393526781399569, 0.05446182119080226, 0.05866271799560953, 0.05524527370694551, 0.05292358100898927], "cost": 0.9502512569708463, "fun": [0.3413274739119303, 0.3624692601101076, 0.2121273339282963, 0.21895769780200475, 0.17588705390552015, 0.04322395791949507, 0.4743864789791044, 0.3860440137060994, 0.38719192389212503, 0.18177708827039654, 0.3470580498778615, 0.25794210834714953, 0.2543382357283251, 0.1345937724003215, 0.007470105680624695, 0.5097013954809148, 0.23292618358116507, 0.1961421143986421, 0.5544849298610103, 0.20004504353573713, 0.0, 0.0, 0.0, 0.0, 0.0, 0.0, 0.0, 0.0, 0.0, 0.0, 0.0, 0.0, 0.0, 0.0, 0.0, 0.0, 0.0, 0.0, 0.0, 0.0, 0.0, 0.0, 0.0, 0.0, 0.0, 0.0, 0.0, 0.0, 0.0, 0.0, 1.5034392346844463e-05, 0.0, 3.1985635676507926e-06, 0.0, 0.0, 0.0, 1.0161638636694251e-05, 2.248819778355414e-05, 0.0, 0.0, 0.0, 0.0, 0.0, 0.0, 0.0, 0.0, 0.0, 0.0, 0.0, 0.0], "grad": [937.4655854865648, 1.4317911308959035, -1.3109573588380141, 938.0372181760838, 942.3011980059807, -1.4035901202265302, 0.5286260039369022, 943.436401397772, 941.7816908445495, 2.0758466491954315, -941.3442202912088, -1.4007141891614558, 1.5664925971847934, 1.0271388125106973, -3.7037228322753264, -944.1662315828858, 0.5653851385809743, 943.9179944919495, -1.9122608700367318, -3.5824550663604207, -941.6248346460925, -945.2721535222333, 943.1194518079985, -936.0156678439864, -937.7350990484501, -944.2355886997973, 0.038903832308407216, 937.3973553406761, 939.449452945357, 0.9405804635709882], "optimality": 945.2721535222333, "nfev": 383, "njev": null, "status": 2, "message": "`ftol` termination condition is satisfied.", "success": true, "res_time": 641.8853330000129, "tension_error": [-0.01665588470340525, 0.02514217488471389, -0.021355706961979016, -0.032635716425071966, -0.008531560000729537, -0.026845340992750932, 0.021011962479501784, -0.003934031858514429, -0.014855463101821948, 0.03607167949259544, 0.03744013583832308, -0.031251717783083596, 0.022350836652976425, -0.020014361132427345, -0.05238684678036368, -0.01924584616623813, 0.03285716117230473, 0.04281806199244674, -0.03190212475352696, -0.06376093595784763, 0.010533062474817102, 0.03269804115099339, -0.005753693156807983, 0.01329188606211575, 0.0679590317884874, 0.017742412113787215, 0.009754783609403468, -0.053971335223141015, -0.002129913983326588, 0.03308934315084093], "git_revision": "018ef57f2e70e762a509d3bbb7a77c8182022b6e", "linregress": [-0.09339385454762238, 0.03308966208263254, -0.3481728914687378, 0.05936674624153388, 0.04752075525235176]}