{"x": [0.09412480130013584, 0.12807969002392783, 0.18222066353191188, 0.1801222106928719, 0.12664058671382544, 0.09671278238466398, 0.12917089878501822, 0.1813889141755662, 0.18006936017097325, 0.1276431783712133, 0.0019459062444459752, -0.0021511651157536337, 0.0004960583019799072, -0.0007162034314669004, 2.0764071098360143e-06, -0.0004770885688591565, -0.00018771359265190495, 0.0015870217290234294, -0.0019068346390617994, -0.001639618668324702, 0.05488311448209657, 0.0561353518098245, 0.053442557134969655, 0.0517138072371069, 0.061002947664245286, 0.05092170680897295, 0.05809844292885746, 0.05296398795182504, 0.05545592061116675, 0.05866297184697498], "cost": 1.0033574100462583, "fun": [0.13743073080262436, 0.20887460966257632, 0.05749099076489839, 0.38888812484420415, 0.34504690295380697, 0.24245094107413345, 0.33222611691882026, 0.3379158925085785, 0.48301634702127183, 0.38468584148114027, 0.48629346785867505, 0.2762572121922719, 0.41067353097954024, 0.32619389501649904, 0.19975279092180043, 0.30976880209429214, 0.3047065202553021, 0.11778371678159484, 0.17307939030505007, 0.38155294154014546, 0.0, 0.0, 0.0, 0.0, 0.0, 0.0, 0.0, 0.0, 0.0, 0.0, 0.0, 0.0, 0.0, 0.0, 0.0, 0.0, 0.0, 0.0, 0.0, 0.0, 0.0, 0.0, 0.0, 0.0, 0.0, 0.0, 0.0, 0.0, 0.0, 0.0, 0.0, 9.954541000136094e-06, 0.0, 3.6737465598831374e-07, 0.0, 1.0859180017795752e-07, 6.6143498970243695e-09, 0.0, 6.933285720360236e-06, 4.40786782635903e-06, 0.0, 0.0, 0.0, 0.0, 0.0, 0.0, 0.0, 0.0, 0.0, 0.0], "grad": [0.11874288341728079, 0.9197151042690588, 0.7150538635856207, -1.8542709524471763, -1.2392997586288248, -3.2388770246374547, -1.9817628264388654, 1.0222993853463906, 2.618038050470579, 2.584232462295725, 0.04642682647626728, 1.4269877728941043, 0.46798706342194896, 3.2244565456382124, -4.942286837620411, -1.2658027963102096, 3.4582024798511988, -3.5793070306950625, 2.1050120203790885, 4.596780570593993, 0.3442805105542286, -0.627138448872149, -1.0480648879463785, 2.67369212408771, -0.25653377683193, 4.335403628825034, -0.3315233153563071, -0.3416495260559209, 0.5438760443742034, 2746.564507029216], "optimality": 2746.564507029216, "nfev": 321, "njev": null, "status": 2, "message": "`ftol` termination condition is satisfied.", "success": true, "res_time": 499.5103830000153, "tension_error": [0.014879152607475146, -0.001757310795734616, -0.01655223631751304, 0.015280551108286914, 0.020073377462769333, -0.024379605174979824, -0.018310561782710615, -0.003934892739655687, 0.01608227483428315, 0.004864416598483592, -0.02951870953569969, 0.03263241402123178, -0.007525029004203814, 0.010864552761616766, -3.1498361510506307e-05, 0.007237264861630436, 0.002847548813417702, -0.024074558360454006, 0.02892600710015283, 0.02487243532813039, 0.003363913375778113, -0.015632084017449758, 0.02521665886170691, 0.05144118341962583, -0.0894717916467, 0.06345706677881947, -0.0454114820230018, 0.03247638411841117, -0.005325353022616751, -0.05397518605857737], "git_revision": "018ef57f2e70e762a509d3bbb7a77c8182022b6e", "linregress": [-0.04677566655918534, 0.02609735412181359, -0.1428678081351421, 0.45136281250189725, 0.06123905644539465]}