{"x": [0.05355901379586288, 0.09003030749615278, 0.14532860731447583, 0.12803521097326612, 0.07067619321546804, 0.04749330057439844, 0.09183621197442582, 0.13891537967291653, 0.13899961414556375, 0.09032687279500423, 0.07796975931984539, 0.11528666118711976, 0.09046349335095404, 0.10083120353238793, 0.09932715152328818, 0.07836699895245923, 0.10521595859958731, 0.0927860262080082, 0.10871259225530838, 0.11219260254871667, 0.11167156788985184, 0.1317116151545544, 0.07338300791835768, 0.07149112377379847, 0.08080931892003428, 0.1475715277117483, 0.10482455579453827, 0.09173278291161775, 0.07806572731717268, 0.09025819800194512], "cost": 1.9560333052108165, "fun": [0.5515931350553339, 0.4654400651908833, 0.5353207231668429, 0.4443474685086961, 0.5714954297023184, 0.6952885433377428, 0.5647143184692991, 0.3270590374782439, 0.2769808740909856, 0.36511271628586434, 0.451548720501926, 0.4884801982952234, 0.45713878918615597, 0.2973290031257004, 0.4015378212042063, 0.231820057947846, 0.5249138532675987, 0.3194087181767614, 0.2829819382503196, 0.22076566496934405, 0.0, 0.0, 0.0, 0.0, 0.0, 0.0, 0.0, 0.0, 0.0, 0.0, 0.0, 0.0, 0.0, 0.0, 0.0, 0.0, 0.0, 0.0, 0.0, 0.0, 0.0, 0.0, 0.0, 0.0, 0.0, 0.0, 0.0, 0.0, 0.0, 0.0, 0.0, 0.0, 0.0, 0.0, 0.0, 0.0, 0.0, 0.0, 0.0, 0.0, 0.0, 0.0, 0.0, 0.0, 0.0, 0.0, 0.0, 0.0, 0.0, 0.0], "grad": [2001.878703976376, -4249.521237422524, 4271.1336095841325, 4144.960022042878, -4169.932217016027, 4721.882083088976, 446.5975405747921, -1320.60541833758, 87.26939352725469, 1076.5715656931416, 4173.102054582629, -61.18021752786601, -4749.326760961511, 498.64916214048816, 4419.083476524723, 2216.122425706978, 421.97030849415916, -3017.7537762379993, -8800.500208526439, -5918.782831928215, -4580.027215104801, 2557.2735684314375, -3625.0395658132056, 2977.951846560023, -2361.603230344642, -454.38940934774774, 842.9875920604369, 1585.3487825353247, 4179.537705133676, -1382.4958027554133], "optimality": 8800.500208526439, "nfev": 137, "njev": null, "status": 2, "message": "`ftol` termination condition is satisfied.", "success": true, "res_time": 795.2747479999962, "tension_error": [0.46440986204137125, 0.0996969250384723, -0.4532860731447583, -0.2803521097326611, 0.2932380678453196, 0.5250669942560157, 0.08163788025574187, -0.3891537967291653, -0.38999614145563744, 0.09673127204995774, 0.2203024068015462, -0.15286661187119757, 0.0953650664904597, -0.00831203532387928, 0.006728484767118265, 0.21633001047540776, -0.05215958599587303, 0.07213973791991804, -0.08712592255308377, -0.12192602548716666, -0.11671567889851839, -0.31711615154554396, 0.2661699208164232, 0.2850887622620153, 0.1919068107996573, -0.475715277117483, -0.04824555794538263, 0.08267217088382253, 0.21934272682827327, 0.09741801998054883], "git_revision": "ec36e56dd006ef5715c6882890a8a7f5f3c70256"}