{"x": [0.035179741892646846, 0.12142959541434598, 0.19286226917127783, 0.11937742827590742, 0.1635797598488488, 0.1012229331921351, 0.17382339979016304, 0.1592977266661502, 0.23862855390896612, 0.2773653525585668, 6.732895756362063e-06, 4.5034109839853267e-05, -3.4409270404977507e-07, -8.42747884288872e-07, 3.208757382088834e-08, -6.450347799681411e-06, 1.5528314433412295e-05, 2.105578151026074e-06, -3.024997486513007e-07, -3.1131724362604885e-06, 0.06993520072055882, 0.07955770419194222, 0.02861707121551592, 0.07112959369901732, 0.04224762627135535, 0.07245800995159381, 0.05309010848515136, 0.070937329832417, 0.07898317415678689, 0.060055776685752814], "cost": 3.954281304203854, "fun": [1.0815457612612225, 0.6153345677242914, 0.26276265558202555, 0.4157496779827463, 0.5313324222266269, 0.4331483077927132, 0.33042065414883576, 0.600319409402613, 0.6653745566239757, 0.5162908631286734, 0.632466271373948, 0.5479104768643526, 0.8591297940684021, 0.6956349729288076, 0.66604684049388, 0.43317218394972096, 0.5096144851044453, 0.2118379192742189, 0.8212400461012178, 0.967995304733899, 0.0, 0.0, 0.0, 0.0, 0.0, 0.0, 0.0, 0.0, 0.0, 0.0, 0.0, 0.0, 0.0, 0.0, 0.0, 0.0, 0.0, 0.0, 0.0, 0.0, 0.0, 0.0, 0.0, 0.0, 0.0, 0.0, 0.0, 0.0, 0.0, 0.0, 0.0, 0.0, 4.07405035491494e-17, 5.985397703991197e-16, 0.0, 2.683795353494451e-13, 0.0, 0.0, 2.768057162512658e-17, 3.017237729459627e-14, 0.0, 0.0, 0.0, 0.0, 0.0, 0.0, 0.0, 0.0, 0.0, 0.0], "grad": [851.051333033518, 3680.251179207379, 2051.2890927525514, 1736.2599949638934, -3762.9093451623817, -1740.9393477425078, 2242.511549227436, -1549.0408607281947, 286.70666763584813, -2723.0899517395305, -4221.028058731413, 760.3062671529715, -398.80732871732965, -5028.971188935415, -4660.201115650829, -746.9550143109403, -685.3496475732707, -2637.942559236898, -3046.374259651294, -582.0807254373284, 4504.145628138803, -1822.6678063493341, 3093.9301934145765, -19490.208512205943, 4930.25796286535, 48.441524315760766, -9.044903439792193, 3928.9151977907986, -1701.7667116055436, -3751.0320201670975], "optimality": 19490.208512205943, "nfev": 158, "njev": null, "status": 3, "message": "`xtol` termination condition is satisfied.", "success": true, "res_time": 996.8470310000121, "tension_error": [0.9090548572080971, 0.09912227254773665, -0.17798163033816025, 0.9367574172695203, -0.5402808150240971, -0.09279699785663309, -0.6956732101505325, 0.33118060897085494, -0.8722399840259982, -2.266368014822302, -0.00010213564745653123, -0.000683151519429913, 5.219764628018173e-06, 1.2784187356997468e-05, -4.867571467163876e-07, 9.784949488008155e-05, -0.00023555903818450212, -3.1940875888678965e-05, 4.588814204459385e-06, 4.722572484815893e-05, -0.22497091151501358, -0.37094088606478914, 0.40181050043581606, -0.2430894305871561, 0.19503980084425218, -0.2632410353287671, 0.030563180231855388, -0.24017285572719868, -0.3622254686207622, -0.07510354288108483], "git_revision": "018ef57f2e70e762a509d3bbb7a77c8182022b6e", "linregress": [4.299280198030468, 0.027581134610603186, 0.5782609153295077, 0.0008168864175048121, 1.1463156504453456]}