{"x": [0.15054774299619628, 0.10064394816863202, 0.13544415341084928, 0.16555531571556048, 0.1513690372291005, 0.05519228675552258, 0.15930361810447158, 0.11743210474164077, 0.2667069989018309, 0.11998349229293317, -0.0015239516271915478, 0.009621104763228586, -0.005638314243852607, -0.00547181461578511, -0.001429430427587178, -0.00544784748401807, -0.0006496070870432506, 0.024115491570004182, 0.009330186653156398, -0.013674314537014096, 0.047485759673860685, 0.04061807921116552, 0.022779424034896724, 0.03797854021357409, 0.03633945864074072, 0.036067874842710915, 0.009639634530124995, 0.03741293512855882, 0.07172814621731728, 0.10126270817477183], "cost": 2.5903877034011265, "fun": [0.5605806568215851, 0.5213099740583514, 0.37982257911801703, 0.4812285130102859, 0.2569147176313289, 0.3913947753013351, 0.6085986170116291, 0.5398080851488612, 0.3587144966644489, 0.42189266221351274, 0.6349050486662146, 0.32972508656173444, 0.6019968212110507, 0.4708481358662212, 0.7374888474017163, 0.6071470047852437, 0.4951320724726363, 0.49105442061454224, 0.5892019886807935, 0.43516741256594327, 0.0, 0.0, 0.0, 0.0, 0.0, 0.0, 0.0, 0.0, 0.0, 0.0, 0.0, 0.0, 0.0, 0.0, 0.0, 0.0, 0.0, 0.0, 0.0, 0.0, 0.0, 0.0, 0.0, 0.0, 0.0, 0.0, 0.0, 0.0, 0.0, 0.0, 3.5392687861261492e-06, 0.0, 0.0001792453223917836, 0.00016383026185365693, 2.9207142356649115e-06, 0.00016168689542703148, 2.741272838088156e-07, 0.0, 0.0, 0.002556917384848384, 0.0, 0.0, 0.0, 0.0, 0.0, 0.0, 0.0, 0.0, 0.0, 0.0], "grad": [13869.97977839113, -11080.844794851651, -2382.121296125314, -14772.947290356744, 4696.456528466433, 1099.5507643241906, -16811.544427586985, -233.3859392635891, -27278.14802522624, 9753.507830775136, -9728.422411925996, -1442.6083154548164, 13081.107254692606, -1016.2614942993251, 13396.515211592035, 5396.035133872415, -1775.4909699166951, 4986.83012584491, 13233.340890602572, -16753.42079763556, -4970.42086599585, -7629.656602848072, 14001.417851433911, 14477.620187006756, 13048.775752277932, -13275.588221026486, 10538.458179229989, 11079.957816349228, 7537.281901097407, 6107.27806175727], "optimality": 27278.14802522624, "nfev": 138, "njev": null, "status": 3, "message": "`xtol` termination condition is satisfied.", "success": true, "res_time": 601.4811439999903, "tension_error": [-0.8410369182872588, 0.4144331901774997, 0.6930308791580684, 0.23625519616099552, -0.35504847134765705, 0.6054716293092728, -0.4754132570695312, 0.9662672872978819, -1.2981800642966583, 0.1210591454682543, 0.02311780722114494, -0.14594875664173665, 0.08553123302334113, 0.08300549255010174, 0.021683954051676505, 0.08264191963745274, 0.00985430976928759, -0.36582347839078094, -0.1415356317985402, 0.20743451544493025, 0.11557916965550526, 0.21975945343891887, 0.49036554361347745, 0.25980032652848384, 0.2846646143079608, 0.28878444447528034, 0.6896915033603324, 0.26838035563529933, -0.25216926060465444, -0.7001981202553135], "git_revision": "018ef57f2e70e762a509d3bbb7a77c8182022b6e", "linregress": [3.3043357419014026, 0.1402467013609438, 0.6694965439072643, 5.212254869499383e-05, 0.6928473779482001]}