{"x": [0.11777291145732793, 0.09252338507073925, 0.1914563634352577, 0.25455340110914415, 0.040397830768564756, 0.25369984113867533, 0.1843873968340269, 0.10480127997850913, 0.19151815046042983, 0.04000079482563475, 0.0, 0.0, 0.0, 0.0, 0.0, 0.0, 0.0, 0.0, 0.0, 0.0, 0.04775182064087048, 0.09710767880069265, 0.04632816723358303, 0.038672776022401455, 0.039986873260124414, 0.07460544156504124, 0.0550515792456043, 0.01672423499468485, 0.04279658227480478, 0.05200974336673399], "cost": 5.8479963888299356, "fun": [0.7051369808355895, 0.7017316197847795, 0.8380345514893411, 0.3868384653815589, 0.8977940754230259, 1.0240406973025482, 0.5334032800464501, 1.2014471281112666, 0.5406714211321442, 0.5525051458720119, 0.9354145092576921, 0.15840381759551433, 0.3620347523016539, 0.8729855076788641, 0.9454407737959092, 0.9284586624735379, 0.945724644409857, 0.7337406687662295, 0.6066807403979492, 0.5693289366685617, 0.0, 0.0, 0.0, 0.0, 0.0, 0.0, 0.0, 0.0, 0.0, 0.0, 0.0, 0.0, 0.0, 0.0, 0.0, 0.0, 0.0, 0.0, 0.0, 0.0, 0.0, 0.0, 0.0, 0.0, 0.0, 0.0, 0.0, 0.0, 0.0, 0.0, 0.0, 0.0, 0.0, 0.0, 0.0, 0.0, 0.0, 0.0, 0.0, 0.0, 0.0, 0.0, 0.0, 0.0, 0.0, 0.0, 0.0, 0.0, 0.0, 0.0], "grad": [454.12078445685734, -50626.70102165071, -7430.882286651744, 130000.71310284137, -28331.131588747052, -66174.3097189765, -2641.5583543790385, -41767.677161113286, 2876.0612151997593, -18678.904904274175, -27844.940248889136, 41106.255763948866, -26034.10182336212, -11808.36291157049, -35178.858888888644, 7956.435305475511, 21186.44270902346, 4757.877852314424, -23154.271599679032, -66801.64983163144, -12674.353780119514, -10714.161746378362, -7059.557492427348, 120968.13778378346, 7859.005626032806, -31314.957591035665, 37216.51873061075, 62176.88355661617, -55316.461451207426, -28697.458773694867], "optimality": 130000.71310284137, "nfev": 33, "njev": null, "status": 3, "message": "`xtol` termination condition is satisfied.", "success": true, "res_time": 713.1119100000069, "tension_error": [-0.3438543150458599, 0.5376192604402356, -0.1566545375377732, -1.113814284043877, 1.3283454843911289, -2.405817766160407, -0.8559253092246025, 1.1578724319154017, -0.1575918248579288, 1.3343683792289633, 0.0, 0.0, 0.0, 0.0, 0.0, 0.0, 0.0, 0.0, 0.0, 0.0, 0.11154311888154536, -0.6371677941253597, 0.13313943757838592, 0.24926901483320163, 0.22933462448283123, -0.2958168134404107, 0.0008083624929035672, 0.582220619864932, 0.18671233241664767, 0.046951936994462935], "git_revision": "018ef57f2e70e762a509d3bbb7a77c8182022b6e", "linregress": [5.252486853343165, 0.04924446530508769, 0.5797213475110479, 0.0007866268594052317, 1.3951650055228542]}