{"x": [0.06796829203724357, 0.12477455038042404, 0.21019986066980612, 0.3565346190651281, 0.08656792840152881, 0.09978486619566235, -0.00802042597281292, 0.2248621259739505, 0.2833394051474847, 0.2207776553548396, -0.006690990467825168, -0.014905827189677834, -0.012234292805015612, 0.003737757530709846, 0.0019013624998741262, -0.00467603894850017, 0.002219283538153211, 0.0019678030651693597, -0.001917699628177456, -0.011753154441535267, 0.03617028928888711, 0.11440983919255336, 0.11212716316102983, 0.09179452782797909, 0.011828251857769928, 0.05866446979906104, 0.05840765832350128, 0.04062219334514877, 0.05155706962803649, 0.015007386172991024], "cost": 5.08778182632696, "fun": [1.2173232271180652, 0.7106161671350314, 0.34740402971877504, 0.27748816926840586, 0.8555310269921059, 0.6707646736153489, 0.8246272886398264, 1.1334255008124048, 0.7773304134720996, 0.31436259746513023, 0.6280068454698906, 0.6059445710457373, 0.5031411519423493, 0.6040644760204882, 0.8777678874521574, 0.727910595195089, 0.48868215083299316, 0.734797738101078, 0.35304293520153485, 0.7470632323415966, 0.0, 0.0, 0.0, 0.0, 0.0, 0.0, 0.0, 0.0, 0.0, 0.0, 0.0, 0.0, 0.0, 0.0, 0.0, 0.0, 0.0, 0.0, 0.0, 0.0, 0.0, 0.0, 0.0, 0.0, 0.0, 0.0, 0.000515931808590981, 0.0, 0.0, 0.0, 0.0002995513171212638, 0.003311831601178434, 0.0018312035050948047, 0.0, 0.0, 0.00010224318262134473, 0.0, 0.0, 7.0524781960198256e-06, 0.0016235412560399508, 0.0, 0.0, 0.0, 0.0, 0.0, 0.0, 0.0, 0.0, 0.0, 0.0], "grad": [25.76056439932063, -2174.266128779881, -18210.988562184997, -34.74908582271769, -2808.149295038651, 4040.47309997368, 14274.997990697992, -326.31660256245453, -719.3038850914086, 21683.152443193496, 12995.42431932085, -5405.025065579158, -9589.503821767545, -14947.45846614812, -525.3401508152187, 60.005002095743066, -1748.0343225355596, -176.67463848515087, 858.9336770509998, -503.67688558448197, -2197.8832173096575, -726.3042129871258, 34.67308505223059, 5300.913783814172, 420.22172046466744, -3752.9975963642933, -363.91969917701965, -93283.68370927469, -419.0387967849872, -19.96131905360346], "optimality": 93283.68370927469, "nfev": 168, "njev": null, "status": 3, "message": "`xtol` termination condition is satisfied.", "success": true, "res_time": 1529.0494400000025, "tension_error": [0.4116641475695444, 0.04838048869485286, -0.44098676172843654, -2.6608332935833934, 0.6279614318951199, -0.07098203010938621, 2.0628333154739593, -0.6634081409103675, -1.5504877847978562, -1.4079526611439788, 0.10149995904972288, 0.2261161268469585, 0.18558989505107315, -0.05670045983911805, -0.028842996683961977, 0.07093385711277896, -0.03366574639815506, -0.02985087656200619, 0.029090825142506622, 0.1782911962372966, 0.28723085354685646, -0.8996354481581149, -0.8650080600550302, -0.5565691729273967, 0.6564909525301231, -0.05399790946195467, -0.05010217020210079, 0.2196970434814046, 0.05381883751713182, 0.6082646093063232], "git_revision": "018ef57f2e70e762a509d3bbb7a77c8182022b6e", "linregress": [6.756912064882059, 0.05913972480521468, 0.6545123633643538, 8.717031052192265e-05, 1.4750361378928523]}