{"x": [0.08115933211510883, 0.16215316116923478, 0.24967455782511494, 0.05228042531887737, 0.1936001822302391, 0.07298906876105331, 0.1913563291285718, 0.15354775339469776, 0.17362853714493573, 0.17857912396132494, 1.2412500158853439e-07, 8.165363034385417e-08, -4.825014539394452e-07, 3.198315431604372e-08, -4.992386804268654e-08, -7.685347321859616e-07, 8.436601842827761e-07, 1.940734159382388e-07, 7.295226146015554e-09, 8.982221622319545e-07, 0.06351394768151797, 0.02708915969494497, 0.04082449490800988, 0.10592852043033796, 0.029580142580481215, 0.0663498321882326, 0.04814328638306395, 0.03878068717373647, 0.02421699704330916, 0.030025571781312158], "cost": 4.8252101423417555, "fun": [0.4136205362029758, 0.8442113854137673, 0.8063081301320336, 0.6690656754762155, 0.8347085493907751, 0.6468316913535284, 0.5886252785287324, 0.39054831708186916, 0.465261091126123, 0.4048403189913409, 0.7945566018140163, 0.2978193357684191, 1.1129961209824217, 1.0442730943130185, 0.7763361128346661, 0.5820462468162196, 0.5483707691665839, 0.577350613638163, 0.6879208776039328, 0.7591605574516649, 0.0, 0.0, 0.0, 0.0, 0.0, 0.0, 0.0, 0.0, 0.0, 0.0, 0.0, 0.0, 0.0, 0.0, 0.0, 0.0, 0.0, 0.0, 0.0, 0.0, 0.0, 0.0, 0.0, 0.0, 0.0, 0.0, 0.0, 0.0, 0.0, 0.0, 0.0, 0.0, 1.1233003108662983e-16, 0.0, 1.2442987929012118e-19, 4.539316845857869e-16, 0.0, 0.0, 0.0, 0.0, 0.0, 0.0, 0.0, 0.0, 0.0, 0.0, 0.0, 0.0, 0.0, 0.0], "grad": [-1220.5797894972084, 11740.486445681532, -35444.54162449011, -96662.97622654458, 6661.294874024747, 51660.057485238256, 13422.33310529578, -8870.901521060629, -39122.558396095934, -69950.18269455878, -11316.161142118117, 49650.58673566575, -2674.5524661265745, -2623.5984063452643, -8161.49169836417, -9165.632970041963, -20984.19884780608, -1649.3607604553433, 5743.318820237219, -2159.341757721479, 1166.2502997749345, -22881.75182818498, 17659.412262798774, -3552.3998978124364, -7834.1334018634725, 4522.78222963103, 68243.71692340556, 6317.279211305353, 995.0871148180595, -6093.287378797332], "optimality": 96662.97622654458, "nfev": 64, "njev": null, "status": 3, "message": "`xtol` termination condition is satisfied.", "success": true, "res_time": 731.600689999992, "tension_error": [0.21156073475422646, -0.5186398175876927, -1.0398039568852522, 1.9545952224863183, -0.9956800054756292, 0.3355007403258732, -0.9616415474882798, 0.4184056699533619, 0.11378728226673465, -0.7678158639094773, -1.8829323758367403e-06, -1.2386566945530678e-06, 7.319376413968177e-06, -4.851731397570762e-07, 7.573274220466065e-07, 1.16584000859472e-05, -1.2798026625259411e-05, -2.944025083445356e-06, -1.106660005928429e-07, -1.3625712534265581e-05, -0.12756277386414622, 0.42498837783906385, 0.2166282003191199, -0.7709768420530728, 0.38720104843076614, -0.17058213888722, 0.10560472201891745, 0.24763204083149262, 0.4685580694904009, 0.38044404498541723], "git_revision": "018ef57f2e70e762a509d3bbb7a77c8182022b6e", "linregress": [5.119496640951637, 0.01643913745629383, 0.7254683662464081, 5.736307240157172e-06, 0.9178663847001339]}