{"x": [0.059229280988020994, 0.12120241824439791, 0.1228456249143355, 0.24883217581477482, 0.17816783607107897, 0.1332641302104207, 0.16234176504326145, 0.1202722048921654, 0.30932058093597437, 0.13365352461005647, 2.519002364921382e-07, 2.3646145481177504e-07, 3.2682332065796004e-07, -1.8700063634263832e-07, -1.0200159592629529e-07, -1.1127662137021273e-07, -9.593761290074985e-08, -2.0283749540285694e-07, 1.2170225793067858e-07, 7.798989339959789e-08, 0.01981913066639578, 0.13507507388863957, 0.010129298299433357, 0.04873498729040519, 0.04858973587206863, 0.04885449924867661, 0.008958561102428346, 0.055281569369137064, 0.06340876379209495, 0.049309051698374774], "cost": 4.554132608075002, "fun": [0.9370612476228144, 0.6663092063734012, 0.475658062046866, 0.825294353343159, 0.3366543942308597, 0.515287937540323, 0.6130570215282143, 0.6718219425676346, 0.7021175109605734, 0.5050827247706665, 0.40976512190941117, 0.47529444147856303, 0.6760865478770276, 0.5983923058391463, 0.7452751618645233, 0.8797816327697793, 0.9523087582680511, 0.8906707061281762, 0.19420203958108923, 0.8052347178661521, 0.0, 0.0, 0.0, 0.0, 0.0, 0.0, 0.0, 0.0, 0.0, 0.0, 0.0, 0.0, 0.0, 0.0, 0.0, 0.0, 0.0, 0.0, 0.0, 0.0, 0.0, 0.0, 0.0, 0.0, 0.0, 0.0, 0.0, 0.0, 0.0, 0.0, 0.0, 0.0, 0.0, 6.539269757024326e-18, 1.0612578128309088e-18, 1.377881257828428e-18, 8.830122421763559e-19, 8.345353122193767e-18, 0.0, 0.0, 0.0, 0.0, 0.0, 0.0, 0.0, 0.0, 0.0, 0.0, 0.0, 0.0], "grad": [-1967.6090064604396, 9465.272895351245, -5982.9131311173205, 6126.593680007394, -17091.334730167684, 9.389769772263435, -9261.382777257351, 3633.482398656021, 1443.6813338695006, 122814.04446575051, 10147.517166230271, -1703.8980001907248, 4396.493167029921, -3676.3575797356284, -8803.032982006971, -2132.8471830455105, -17812.893050250594, 9110.325823538773, -3170.6719728002954, 147580.2243833898, -44.03072431813871, -649.961062212004, 1658.0544838775154, 176738.26443269255, -6179.934707387147, -1264.1284674676162, -5126.283661781614, -3081.43945413229, -9453.2962909395, -4895.58224521294], "optimality": 176738.26443269255, "nfev": 33, "njev": null, "status": 3, "message": "`xtol` termination condition is satisfied.", "success": true, "res_time": 614.0625210000144, "tension_error": [0.5442318545325883, 0.10256846987198054, 0.8841461008329484, -1.0270253197066617, -0.7615767720712279, -0.5788506248792367, -0.5215008716547072, 0.9231839724491222, -1.944613032961976, -0.0863104102153898, -3.821237500115298e-06, -3.587036642130244e-06, -4.9577941894841405e-06, 2.8367335183514807e-06, 1.547328136142231e-06, 1.6880269919050242e-06, 1.4553396582433622e-06, 3.0769730694042117e-06, -1.8461802113787524e-06, -1.1830791008322024e-06, 0.5352721470711979, -1.2131197499953341, 0.6822634771552545, 0.09662882851651029, 0.09883224116280982, 0.0948158743763374, 0.7000231463888918, -0.002680506342386259, -0.1259671714611141, 0.0879204744722166], "git_revision": "018ef57f2e70e762a509d3bbb7a77c8182022b6e", "linregress": [5.533363513621826, 0.002286409292730718, 0.7246329237854696, 5.951231656105992e-06, 0.9944809470859085]}