{"x": [0.007341789092542954, 0.17705003443036182, 0.1904684057281584, 0.21003598866020254, 0.14580174175499508, 0.15547732527596594, 0.19297633324699787, 0.17896032242924945, 0.21667449422855034, 0.08124912389401545, 3.025862402976208e-07, 4.5852443786132695e-07, -7.597916219921957e-08, 2.164914458547473e-07, -1.466763915132037e-07, -1.122815939795356e-08, 5.553270226658205e-09, 5.211625227889281e-08, -3.4379370632545317e-07, 7.529472878320166e-08, 0.06458187592035314, 0.07858399463718885, 0.019908319991424214, 0.06595476286038537, 0.018355686593771434, 0.07392185704603342, 0.0449195957811767, 0.041210537945558914, 0.05375525759162667, 0.03214654938868066], "cost": 6.277821621404092, "fun": [1.1245443574862266, 1.0496011068902074, 0.38838981121983107, 0.26922781898657666, 0.5748144250404246, 0.7102190257943471, 0.7070196386163146, 0.7007206051923555, 0.5797351846720228, 0.995630639399379, 0.9567342714258644, 0.9782329002677765, 1.1308719504269404, 0.8193385764814454, 0.8022652151510451, 1.0143846314140876, 0.4948095552754704, 0.5528034401981159, 0.609229166260018, 0.6295294180666918, 0.0, 0.0, 0.0, 0.0, 0.0, 0.0, 0.0, 0.0, 0.0, 0.0, 0.0, 0.0, 0.0, 0.0, 0.0, 0.0, 0.0, 0.0, 0.0, 0.0, 0.0, 0.0, 0.0, 0.0, 0.0, 0.0, 0.0, 0.0, 0.0, 0.0, 0.0, 0.0, 4.386150215798073e-19, 0.0, 3.1555905813390346e-18, 1.4155516101438142e-21, 0.0, 0.0, 4.0634392005313947e-17, 0.0, 0.0, 0.0, 0.0, 0.0, 0.0, 0.0, 0.0, 0.0, 0.0, 0.0], "grad": [-3190.0584795805044, 5966.453356688613, -18008.588558589938, 8474.53649026799, 18410.794107839945, 19670.454930817188, 5275.870758815505, -45923.60804881361, 16189.757820193488, -24182.7897746284, 23281.365205432132, -21944.16533162388, -31299.92728291418, -12996.635395814883, -554.2914257374359, -28667.402528481736, 13020.09059098122, 15098.874135461308, 62008.03334461092, -24929.16108906744, 51500.16931993809, 16145.857614597338, -51380.80693100962, 6478.038271097828, 7685.510749446283, 20122.64701153359, -24337.414115659856, 20363.845362914297, 23644.688674144993, -4844.35468365789], "optimality": 62008.03334461092, "nfev": 35, "njev": null, "status": 3, "message": "`xtol` termination condition is satisfied.", "success": true, "res_time": 604.9121219999797, "tension_error": [1.331346755967456, -0.7446201165051975, -0.14166756852389684, -0.43850088129800674, -0.2705945679447606, -0.9158169380668258, -0.9862164370313631, 0.032905985152039983, -0.5392046629845577, 0.708645815216557, -4.590126252145277e-06, -6.955653559815826e-06, 1.1525770196411143e-06, -3.284098668879812e-06, 2.2250289854306666e-06, 1.7032720709681123e-07, -8.42411453593153e-08, -7.905851155474797e-07, 5.2152289382842585e-06, -1.1421944067780206e-06, -0.14376286756193996, -0.3561700564829746, 0.5339191765533664, -0.16458907690467495, 0.557472076088764, -0.2854470780447375, 0.15450696835358999, 0.21077206396814496, 0.020473103524400727, 0.3482695647902218], "git_revision": "018ef57f2e70e762a509d3bbb7a77c8182022b6e", "linregress": [2.930316473067465, 0.1029945166430977, 0.5212690242709089, 0.003138606544262778, 0.906613889342106]}