{"x": [0.09814159666523446, 0.22755337796995503, -0.0401076245488744, 0.2358366746231983, 0.12344070559512964, 0.09858560281486535, 0.13951813019812043, 0.30889217433361926, 0.17498589628537184, -0.0032116105236977277, 0.004509419932896423, -0.0006392149495510293, -0.0018355307532157146, 0.005436202520577128, 0.012653109595272593, 0.00016394758144475455, -0.0037711816271398936, 0.001611300936833008, -0.002056983931638628, -0.00025724421681689013, 0.06428403383859263, 0.05222134795650304, 0.019957026171726205, 0.06368287633514055, 0.021346020917638975, 0.08930659838157812, 0.07257277871375357, 0.08318607153992462, 0.05794352588216538, 0.07763342451187366], "cost": 8.90080058099447, "fun": [1.2158247726861822, 0.8879228148744133, 1.4309338449475961, 1.0078580537967448, 0.5344089428090619, 0.5639544862868602, 0.7871543229272913, 0.48603321472357786, 0.9180845740730758, 0.9851586243498122, 1.118651790085029, 1.1861419992998472, 1.0331634849513915, 0.7476235638801378, 1.2303364337092024, 0.869673762788194, 0.4857177275506365, 0.6013642650146234, 0.9121492901666354, 1.1001081776141726, 0.0, 0.0, 0.0, 0.0, 0.0, 0.0, 0.0, 0.0, 0.0, 0.0, 0.0, 0.0, 0.0, 0.0, 0.0, 0.0, 0.0, 0.0, 0.0, 0.0, 0.0, 0.0, 0.0645179890464394, 0.0, 0.0, 0.0, 0.0, 0.0, 0.0, 3.31259709740434e-05, 0.0, 2.611805128285532e-07, 6.184220922392729e-06, 0.0, 0.0, 0.0, 5.3633031838284524e-05, 0.0, 8.703475226879337e-06, 1.702302982805104e-08, 0.0, 0.0, 0.0, 0.0, 0.0, 0.0, 0.0, 0.0, 0.0, 0.0], "grad": [10245.23027400784, 28995.704052960988, -21158.003521640407, -86128.96506207323, -15512.43761543864, -39356.06279383785, 14071.55236922449, -5820.584417964537, 5232.390501921416, 8428.59296133752, -12093.539917523321, -12315.170967332479, -28628.546381486885, -7680.158459067304, 20064.102070484787, 4182.348446046595, 38076.96886374194, 19123.56445266078, 10263.659060260898, -63001.34311717873, 12588.663364062071, -2205.401612605354, -36578.94244008836, 17390.001154366564, -18173.387237550105, 19692.213536926563, -37508.57372139031, 10115.089403828924, -12199.76819096141, -12761.346523832633], "optimality": 86128.96506207323, "nfev": 141, "njev": null, "status": 3, "message": "`xtol` termination condition is satisfied.", "success": true, "res_time": 1535.9586929999932, "tension_error": [-0.04605421249432069, -1.5107379769015783, 3.35608926486366, -0.8298881626417254, 0.0686144423579304, -0.05278962875624352, -0.17527440289983146, -1.938114256315264, 0.09319662415228461, 1.9898852858048162, -0.06840630557283744, 0.009696664718831793, 0.027844352369322502, -0.08246526966043143, -0.1919431976398059, -0.0024870268285335875, 0.0572074915611385, -0.024442865356298967, 0.03120371876648653, 0.0039023037916805217, -0.1392447085169754, 0.04374197020410923, 0.5331803210236966, -0.13012536179600295, 0.5121097619624682, -0.5188281631108966, -0.26498203686141314, -0.42598193551905184, -0.04306144521291177, -0.341750243862207], "git_revision": "018ef57f2e70e762a509d3bbb7a77c8182022b6e", "linregress": [7.721876775962673, -0.058593079852032104, 0.6310756500998865, 0.00018467474745204816, 1.7937757166254804]}