{"x": [0.061134478801940145, 0.17228917613107086, 0.14066728222014072, 0.27232948118693473, 0.12396608486641025, 0.0693078383509583, 0.0829110653172358, 0.004368533712144064, 0.35515812336275804, 0.10563607793356586, 0.0, 0.0, 0.0, 0.0, 0.0, 0.0, 0.0, 0.0, 0.0, 0.0, 0.036400768454330386, 0.08343797035625079, 0.06766391250701091, 0.11128809601462213, 0.04871040977504247, 0.039053786830036755, 0.09457056031585172, 0.016203433180944613, 0.022211574775500592, 0.0071720323330418554], "cost": 5.525518381588504, "fun": [0.6638485367327324, 0.35459092884675164, 0.4543311575290094, 0.561843719389272, 0.4531742912565213, 0.9152153520393994, 0.7998752643751761, 0.7709687775834426, 1.1014022277603, 0.7425067732552131, 0.41241927436772663, 0.533026801974194, 0.5174128607055696, 0.8362200673889268, 0.8994282289648344, 0.7235237806034907, 0.5692037450537402, 0.9397520563647414, 0.9548291625771126, 1.0239476461848998, 0.0, 0.0, 0.0, 0.0, 0.0, 0.0, 0.0, 0.0, 0.0, 0.0, 0.0, 0.0, 0.0, 0.0, 0.0, 0.0, 0.0, 0.0, 0.0, 0.0, 0.0, 0.0, 0.0, 0.0, 0.0, 0.0, 0.0, 0.0, 0.0, 0.0, 0.0, 0.0, 0.0, 0.0, 0.0, 0.0, 0.0, 0.0, 0.0, 0.0, 0.0, 0.0, 0.0, 0.0, 0.0, 0.0, 0.0, 0.0, 0.0, 0.0], "grad": [166883.03939987672, 4032.2427062227034, -77442.01248123372, 283183.95367109723, -277386.19630278967, -85359.38670483211, 238740.3173989416, -62698.86717394416, 53089.86323671292, 305987.53535415925, -104363.81357435693, 340539.9109329245, 27904.59158152389, -195060.38163307417, -185502.90760331322, 323212.82060743996, 240563.57622679998, 94495.35161172364, 122277.19504591021, 332500.62774025917, 101213.90915382202, -257300.59050707077, 59776.051689892, -44875.60326774458, -10406.818613791324, 10144.81497338598, -215504.83977929078, 21364.002758592364, -5884.141098572403, -4985.301623929881], "optimality": 340539.9109329245, "nfev": 32, "njev": null, "status": 3, "message": "`xtol` termination condition is satisfied.", "success": true, "res_time": 816.7727900000173, "tension_error": [0.5153306774909671, -0.6723995798382796, 0.6137978623418262, -1.383471132104938, 0.06064462461913922, 0.3913437037367427, 0.6834347515913636, 2.681401673558557, -2.639952340592274, 0.3387043471686432, 0.0, 0.0, 0.0, 0.0, 0.0, 0.0, 0.0, 0.0, 0.0, 0.0, 0.2837345661187396, -0.4298031514757517, -0.19051627258318377, -0.852279708189954, 0.09700166073243648, 0.243489215630311, -0.5986806039920053, 0.590120999191707, 0.49897961605197205, 0.7271241559936509], "git_revision": "018ef57f2e70e762a509d3bbb7a77c8182022b6e", "linregress": [8.097342414434525, -0.05071215198244, 0.7471349422340126, 2.1050960104974473e-06, 1.3613571479260997]}