{"x": [0.1147430042393029, 0.1669238025838428, 0.24926969141838176, 0.1861131125368297, 0.2025829411455111, 0.10262524141038586, 0.09620923148205529, 0.264039792122404, 0.2629049594585418, -0.05466420105259044, -0.0033435412110995643, -0.0008088325298876331, -6.407136160360951e-05, -0.0008489239452463538, 0.003500359029456451, -0.002629434178830597, -0.0009692522839851099, -0.0006657796990811593, 0.0005962988114414628, -0.00024965358908734695, 0.08621619934451341, 0.08169606246453878, 0.0205651640087641, 0.057739957321163285, 0.02960323561744953, 0.0284176515883671, 0.09116564250700435, 0.0538594383077455, 0.06075203989018784, 0.021275243428317693], "cost": 9.740074737526026, "fun": [1.5655895669142055, 0.8846872469912632, 0.9112302296385562, 0.8101304077486706, 0.8656822466826107, 1.1449147848982018, 0.5273883272981358, 0.7617303204214535, 1.0243515908593321, 1.3356570204583276, 1.4208247508628085, 1.0342579681458244, 0.9227945607221855, 0.9532578145205175, 0.4099756115230702, 0.7411181764748869, 0.8170024100140649, 0.911159231548955, 0.9602864844125466, 0.9976559109359526, 0.0, 0.0, 0.0, 0.0, 0.0, 0.0, 0.0, 0.0, 0.0, 0.0, 0.0, 0.0, 0.0, 0.0, 0.0, 0.0, 0.0, 0.0, 0.0, 0.0, 0.0, 0.0, 0.0, 0.0, 0.0, 0.0, 0.0, 0.0, 0.0, 0.16334619224121405, 3.737834270059834e-05, 5.291463790436881e-07, 2.6302186950442735e-10, 6.117956027047883e-07, 0.0, 1.817970834049079e-05, 9.105640485073226e-07, 2.9511524557416104e-07, 0.0, 1.5560137912698368e-08, 0.0, 0.0, 0.0, 0.0, 0.0, 0.0, 0.0, 0.0, 0.0, 0.0], "grad": [-4580.783933838043, 25726.292796293277, -27794.7199540061, -27724.97523569555, 29852.738236053498, 27877.15464493444, 23307.651832893866, 18787.446263407117, 4191.794977938019, -46845.43719802197, 65220.11832431017, -20282.991229018142, 27350.036898629387, 4526.1284851573655, 14572.67683542515, 20430.232057834255, 19113.396932692107, -3197.820017929862, 5258.489698841282, 55097.101515077506, 4672.659443597855, -34872.21462558249, 32967.60421403262, -2161.982365099436, 20861.501163251312, 17216.84204245456, 15279.995783252736, 6012.082071676581, 35335.371201625065, -2327.1487844759777], "optimality": 65220.11832431017, "nfev": 140, "njev": null, "status": 3, "message": "`xtol` termination condition is satisfied.", "success": true, "res_time": 1650.9679900000046, "tension_error": [-0.2978916941106127, -0.5910087606540569, -1.033662276680859, -0.07559931111191333, -1.1319452813623538, -0.11406951758476322, 0.48170627392334586, -1.2577194807416847, -1.2405044705777646, 2.7704028873165494, 0.05072033768985099, 0.012269703425293184, 0.0009719398959389279, 0.012877876017486137, -0.053099208533865884, 0.03988758656265073, 0.014703214360626049, 0.010099642574268906, -0.00904564208150481, 0.0037871566535377962, -0.47194790267445824, -0.40337902480461835, 0.523955085110904, -0.039973382136917056, 0.38685073522707997, 0.4048356256525757, -0.547029205020873, 0.018892718905609195, -0.08566560945072302, 0.5131834314441837], "git_revision": "018ef57f2e70e762a509d3bbb7a77c8182022b6e", "linregress": [5.973753946608728, 0.02612631215207173, 0.6370107798637551, 0.00015359301379454617, 1.366136725542875]}