{"x": [0.13224362257372746, 0.029012885078051547, 0.1607484562859355, 0.14568833511971543, 0.11759035821846385, 0.05878867367611358, 0.15630476207715074, 0.35820633548967623, 0.17323506345893203, 0.18964904288331594, 0.0, 0.0, 0.0, 5.535689030124118e-07, 0.0, 0.0, 0.0, 0.0, 0.0, 0.0, 0.08160932045016406, 0.0322679366611616, 0.08691238494990366, 0.09174232568233288, 0.04699620034014376, 0.02767620695152436, 0.08529482099001492, 0.04504176962744958, 0.018150635982799295, 0.006076872575817123], "cost": 7.008113901185435, "fun": [0.8940291531418636, 0.9535862290763824, 0.8952009013944519, 0.8512993105996094, 0.8292877021003228, 0.6504601654766771, 0.7531381100713948, 0.9125110538512547, 0.7815542339456232, 0.8415568854644988, 1.0403737205675325, 1.186479273612454, 0.3016868410561807, 0.7420953543282124, 0.8257775541051741, 0.6681892837890789, 1.0370575905992792, 0.676202021674443, 0.6700916304081436, 0.8424879404708266, 0.0, 0.0, 0.0, 0.0, 0.0, 0.0, 0.0, 0.0, 0.0, 0.0, 0.0, 0.0, 0.0, 0.0, 0.0, 0.0, 0.0, 0.0, 0.0, 0.0, 0.0, 0.0, 0.0, 0.0, 0.0, 0.0, 0.0, 0.0, 0.0, 0.0, 0.0, 0.0, 0.0, 0.0, 0.0, 0.0, 0.0, 0.0, 0.0, 0.0, 0.0, 0.0, 0.0, 0.0, 0.0, 0.0, 0.0, 0.0, 0.0, 0.0], "grad": [48121.743904420684, -260242.41033995987, -55858.35697594687, -34055.298276162364, 283010.4896136625, -13645.10770495564, -78434.48372655603, 42659.35524054841, 48709.8037351298, 3896.290728534719, -167410.81866956933, -84917.44054538343, 249676.78432663265, 45969.800437781974, -2354.193642624378, 186726.1281571567, -2638.3888478206763, -48587.14283269385, -3968.002049885477, 33196.10404424483, -264652.1075339674, -153818.75575796055, 3338.783372211641, -7265.125428174533, 290.9705686740044, -43287.80754307276, 21149.041902656874, 243582.17553758447, -233102.36715209205, -24305.333188548815], "optimality": 283010.4896136625, "nfev": 63, "njev": null, "status": 3, "message": "`xtol` termination condition is satisfied.", "success": true, "res_time": 1110.21093999999, "tension_error": [-0.5633698849450846, 1.5010510840967604, 0.30917355370624156, 0.537630265609473, 0.15736214301804544, 0.5509157116282848, -0.4299216717156492, -2.686192640521685, 0.119756138926831, -0.935742618949535, 0.0, 0.0, 0.0, -8.397444482568938e-06, 0.0, 0.0, 0.0, 0.0, 0.0, 0.0, -0.4020631791238836, 0.3464281627967173, -0.482508792094031, -0.5557772848398443, 0.12300561160959589, 0.4160830785728959, -0.4579709188929681, 0.15265363431384277, 0.5605826213386601, 0.7437373421946687], "git_revision": "018ef57f2e70e762a509d3bbb7a77c8182022b6e", "linregress": [5.182961756962931, 0.05939787345481301, 0.5900087157602404, 0.0005999135312637966, 1.3403790343760822]}