{"x": [0.09053998357181463, 0.29839422427977086, 0.18168226817446945, 0.337227901260484, 0.15953144201659955, 0.1315646059806179, 0.07925368667639253, 0.1157249446586901, -0.007286990336680235, 0.061982602140602486, 0.0070039988289959925, 0.000713326226265148, -0.00017712698466567666, 0.008516732948108884, -0.0004887238253114256, 0.002425629144241619, -0.009669174764420016, -0.013621566857078583, 0.004654986651611403, 0.0010872198861699115, 0.05380657507079482, 0.07730394976100058, 0.07322524511261111, 0.05482407840752737, 0.07134483834691197, 0.07976223514580297, 0.0792829329006002, 0.0387480834686946, 0.10444086262946745, 0.013605020989183488], "cost": 6.488157202875364, "fun": [0.9639974830319809, 1.1068395051768252, 0.7559012177679744, 0.8105262002994974, 0.8544533571289362, 0.9274975491974884, 0.6821842318623319, 0.8810942593988886, 0.9350960689050886, 0.9061177284468943, 0.9068900302451681, 0.47008260278899056, 0.5779761728156836, 0.6378653275605407, 0.5295891884427782, 0.7021338965952847, 0.7196893047105934, 1.0152928215004122, 0.5691860305158588, 0.797199288433211, 0.0, 0.0, 0.0, 0.0, 0.0, 0.0, 0.0, 0.0, 0.0, 0.0, 0.0, 0.0, 0.0, 0.0, 0.0, 0.0, 0.0, 0.0, 0.0, 0.0, 0.0, 0.0, 0.0, 0.0, 0.0, 0.0, 0.0, 0.0, 0.0003869408495275055, 0.0, 0.0, 0.0, 5.557176472251516e-09, 0.0, 1.1673216336751245e-07, 0.0, 0.0009039995821416717, 0.002527442004963571, 0.0, 0.0, 0.0, 0.0, 0.0, 0.0, 0.0, 0.0, 0.0, 0.0, 0.0, 0.0], "grad": [-939.9592426251515, -92484.67303549245, -86440.5653585947, -57542.25159814223, 273.1140632352799, -91085.19110145922, 24259.363940984105, -35970.95582654316, 66407.99683223301, -68457.51969628256, 60958.05616010225, -9455.591971703205, 108671.54429756055, 26615.099370795688, -6814.010177821612, -14776.10317670749, 575.8072946591594, -38570.261617572425, -58420.88235182875, -804.1933035148007, 64182.94388158537, 106592.94514826935, 1411.3916513190698, -4650.926951573029, -72817.46882527873, -13562.942753413565, -98988.40691151327, 19319.710637335418, 72816.01418509198, -88734.17499634565], "optimality": 108671.54429756055, "nfev": 80, "njev": null, "status": 3, "message": "`xtol` termination condition is satisfied.", "success": true, "res_time": 1242.156793000002, "tension_error": [0.06925956973331092, -2.5853685617260638, -0.008384969154938473, -2.3679572125339328, -0.4788692652439163, -0.5530694433697874, 0.7389158920981419, 0.9921643019990756, 2.858211851266561, 1.0009121363846458, -0.10624818518960948, -0.010820906576263518, 0.0026869537143445884, -0.12919582678040437, 0.007413767587066569, -0.03679593626597463, 0.14667796155929144, 0.20663435179514364, -0.07061450121436784, -0.016492741165144615, 0.019694635514447827, -0.3367522284140688, -0.2748797213796943, 0.004259469748193259, -0.24635461577192583, -0.3740435483000882, -0.3667727027512178, 0.24812662750629547, -0.748409599341481, 0.6295379931818031], "git_revision": "018ef57f2e70e762a509d3bbb7a77c8182022b6e", "linregress": [8.274729050170771, -0.024295182311715346, 0.6795317200308206, 3.6335819687137424e-05, 1.6883079371611027]}