{"x": [0.13024056188514602, 0.15573664046707722, 0.11276633622334939, 0.16889173668077914, 0.06619543129086966, 0.18999170353824377, 0.21936118901326027, 0.22552812325004, 0.020144891818263684, 0.14498117450483106, -2.934285416002446e-06, 7.735402273745525e-06, 2.744691272420946e-06, -1.794163815147907e-06, -7.586508404253851e-07, 1.2611651677806491e-06, 4.353817085202246e-06, 9.383277984139213e-07, 2.7027237314164825e-06, 3.4974550470704896e-07, 0.10521863920720344, 0.06332419863892202, 0.06804511709905356, 0.08549784434387465, 0.039923276702069306, 0.02288764536189266, 0.064438991402007, 0.057952971934875065, 0.07984671979049632, 0.09845056599582347], "cost": 8.770120315177284, "fun": [0.9946962786313878, 0.6718812748851708, 0.8733343801892488, 0.4589987414868319, 0.8397186331768979, 1.4530586375743875, 0.4578303167443051, 1.0683883558866412, 1.3491993353734795, 1.1123500222948337, 1.0963337897552314, 0.7889896595946039, 0.601656157862447, 0.8486538370197992, 0.8219313866063016, 0.7526335819091924, 0.7241172120089361, 1.0631488304417493, 1.1966234192081282, 0.8158118695287707, 0.0, 0.0, 0.0, 0.0, 0.0, 0.0, 0.0, 0.0, 0.0, 0.0, 0.0, 0.0, 0.0, 0.0, 0.0, 0.0, 0.0, 0.0, 0.0, 0.0, 0.0, 0.0, 0.0, 0.0, 0.0, 0.0, 0.0, 0.0, 0.0, 0.0, 2.526428810872582e-14, 0.0, 0.0, 5.775456014140641e-15, 4.3664232396127633e-16, 0.0, 0.0, 0.0, 0.0, 0.0, 0.0, 0.0, 0.0, 0.0, 0.0, 0.0, 0.0, 0.0, 0.0, 0.0], "grad": [973.5066572330744, -304.46252028185586, -1727.8880499324982, 5867.67281785103, -4377.187002045805, -2060.2127719556765, 4567.680302032448, 3012.6456462366064, -3258.5400179019944, -2220.0724524646466, -3594.9469148628286, 7568.4742158555555, 1969.0383005233582, 3329.0391236208216, -518.4782808822243, -2819.9553314474724, -495.14975981567954, 985.9996501388775, 9087.43132738411, 1464.4564972855721, 7043.357204941391, -4384.25866580835, 2394.446929427885, -3093.271778458419, -2194.758377344211, -2013.8120274406049, -9280.64155629266, -4536.176571004306, -6461.745953266281, -1442.9794091604695], "optimality": 9280.64155629266, "nfev": 98, "njev": null, "status": 3, "message": "`xtol` termination condition is satisfied.", "success": true, "res_time": 951.8548979999905, "tension_error": [-0.5329841627051887, -0.4213034678136986, 1.0370453456166515, 0.18564287008299943, 0.9370050080914882, -1.4393878498912636, -1.3864653676921406, -0.6735110840509045, 2.4420799005826366, -0.2581468529629959, 4.4512072016335356e-05, -0.00011734331677706095, -4.1635995910394575e-05, 2.7216830548736253e-05, 1.1508464943493398e-05, -1.913142956939235e-05, -6.604586540408724e-05, -1.4234100851317817e-05, -4.099936315566952e-05, -5.305515614809825e-06, -0.7602081949559352, -0.12468434799493817, -0.19629901142699974, -0.46105071136943204, 0.23029936177685925, 0.4887238643566896, -0.14159535995141326, -0.04320473849181049, -0.37532515048110165, -0.6575389179477015], "git_revision": "018ef57f2e70e762a509d3bbb7a77c8182022b6e", "linregress": [6.149046456689597, 0.02107765174237569, 0.6867944673878583, 2.7742144322620213e-05, 1.229837601049039]}