{"x": [0.061852234551800174, 0.16586707334922488, 0.11990425537008725, 0.23095610790490176, 0.07062647686857496, 0.12028020040311437, 0.15500058910247552, 0.12078849327598892, 0.11565462564049395, 0.11301444477693799, -8.833585025835412e-07, -1.2396746205137556e-07, 6.901233776524768e-07, -2.1897889582406057e-08, -3.67415554556094e-07, -2.468660814985074e-07, -1.3789661305503078e-07, -7.097394249709817e-10, -1.2436920981279694e-07, 2.7927607376386416e-06, 0.07107755036520443, 0.032487814037846154, 0.07188837408595711, 0.0010518729699410755, 0.019889502430502776, 0.04316786713855465, 0.016718793058298598, 0.03611786396210402, 0.04564784925973287, 0.056682836403815814], "cost": 4.668086350658052, "fun": [0.7595361930288366, 0.3627801196560596, 0.3468910730111433, 0.44788220372346516, 0.7278296802728267, 0.7655175763233637, 0.5179305968452151, 0.9027151572159425, 0.4586062494516667, 0.5546494299797553, 0.6373391460948051, 0.7922478144236037, 0.8016342234506788, 0.802935310275366, 0.6073366986789249, 0.8803951356117706, 0.8243680997265682, 0.640046594673577, 0.7459632887004439, 0.6921293998218171, 0.0, 0.0, 0.0, 0.0, 0.0, 0.0, 0.0, 0.0, 0.0, 0.0, 0.0, 0.0, 0.0, 0.0, 0.0, 0.0, 0.0, 0.0, 0.0, 0.0, 0.0, 0.0, 0.0, 0.0, 0.0, 0.0, 0.0, 0.0, 0.0, 0.0, 6.893042890689996e-16, 1.905123483314537e-18, 0.0, 1.0500422760462668e-20, 4.9598965081411095e-17, 1.504472558524189e-17, 2.6221697211431314e-18, 3.5751707699152918e-25, 1.9237056700834024e-18, 0.0, 0.0, 0.0, 0.0, 0.0, 0.0, 0.0, 0.0, 0.0, 0.0, 0.0], "grad": [-14847.938563600588, 3396.0066132413276, -16188.740970341774, 3822.3345876495614, 7179.624228063656, 44536.48928544698, 27347.003058578397, -16516.299224268925, 11435.184975490454, 31673.58988399767, -41073.5820262814, 35799.75297771617, 9896.854652878279, -276.5427496816029, 59641.13106281819, 6638.270132670712, -31549.605461797008, 26262.983944779855, 29215.982043060074, 43379.113212992066, 11756.424976809349, 10365.39361735259, 51337.58578597829, -1919.3933051456324, -34541.59948092386, 34784.883587545926, 33028.32490848923, 26796.199118643563, -36932.171494535345, 10046.405311007307], "optimality": 59641.13106281819, "nfev": 95, "njev": null, "status": 3, "message": "`xtol` termination condition is satisfied.", "success": true, "res_time": 974.827179999993, "tension_error": [0.5044425766083221, -0.5749785518895799, 0.9287656365693875, -0.755851691594778, 0.8697876137688911, -0.3818890016213236, -0.4101378289258811, 0.9153520602579562, 0.9932310166359664, 0.2267771316005829, 1.3400236074106561e-05, 1.8805425567737443e-06, -1.0468927568768602e-05, 3.3218324051984646e-07, 5.573564021799649e-06, 3.744871149249823e-06, 2.091842851291718e-06, 1.0766496069145322e-08, 1.886636928231703e-06, -4.236519269741736e-05, -0.24229995161894932, 0.34309270075462345, -0.2545998607054573, 0.819964809065814, 0.5342046322974937, 0.181080072342805, 0.5823031721153068, 0.28802612721332477, 0.14345962063926934, -0.023937231683955843], "git_revision": "018ef57f2e70e762a509d3bbb7a77c8182022b6e", "linregress": [4.633980390961447, 0.02699828073226862, 0.8612362536956103, 1.0081738576272128e-09, 0.5167632639889626]}