{"x": [0.11793406682645685, 0.16535429505910115, 0.19193599476433945, 0.04354608321602206, 0.04333651516482748, 0.09260821428958015, 0.07693310092401022, 0.11406310815770819, 0.17281099894200208, 0.22596165153446643, 0.0, 0.0, 0.0, 0.0, 0.0, 0.0, 0.0, 0.0, 0.0, 0.0, 0.048695748489493866, 0.04997087254832699, 0.0478292536125877, 0.05451770741423987, 0.03288474016736778, 0.07692356415251349, 0.042027539759622846, 0.030708581712592605, -0.0024663241056787333, 0.03873067031885348], "cost": 7.961292142154983, "fun": [0.9416729411894851, 0.7411877037481854, 0.7739667654846496, 1.1256333930716458, 0.8960248599056493, 1.114213031040846, 0.5964026507766916, 0.8280091860642562, 1.1840394419566163, 0.9846214059239249, 0.5574745427727344, 0.9518920594339321, 1.0675067017208058, 0.9638874936498663, 0.7557467366837124, 0.9425371430064885, 0.9801018926645338, 1.1157747809788428, 0.18095314439873814, 0.42425728419325, 0.0, 0.0, 0.0, 0.0, 0.0, 0.0, 0.0, 0.0, 0.0, 0.0, 0.0, 0.0, 0.0, 0.0, 0.0, 0.0, 0.0, 0.0, 0.0, 0.0, 0.0, 0.0, 0.0, 0.0, 0.0, 0.0, 0.0, 0.0, 0.0, 0.0, 0.0, 0.0, 0.0, 0.0, 0.0, 0.0, 0.0, 0.0, 0.0, 0.0, 0.0, 0.0, 0.0, 0.0, 0.0, 0.0, 0.0, 0.0, 1.5002044284731782e-05, 0.0], "grad": [-67884.40458521707, 46144.020797585355, -3410.936259614992, 106221.37406707864, -15187.146450390537, -7848.057693280836, 107197.78371594247, -47978.97467122652, -25761.87003550663, -45426.484165143695, 55639.24608238395, 112660.42296677222, 29558.953880716137, -13226.503977122778, -21342.445115406037, -94058.32976051333, 58000.945973329544, -48406.37948363237, 55769.04607649609, -26171.750281894918, -87437.31705445817, -21630.118681457494, -43084.44092948189, 103233.2096055364, -66470.69126611392, -92259.97973566208, 84025.58202312028, -6400.730993064599, -23835.731071074606, -9714.59652337899], "optimality": 112660.42296677222, "nfev": 44, "njev": null, "status": 3, "message": "`xtol` termination condition is satisfied.", "success": true, "res_time": 775.972042999987, "tension_error": [-0.3462989850010608, -0.5671998865784541, -0.1639303751727033, 2.0870921031841982, 1.2837666813999962, 0.037885241198837176, 0.7741183572594372, 1.017373773991019, 0.1261890476732726, -1.4865920498079221, 0.0, 0.0, 0.0, 0.0, 0.0, 0.0, 0.0, 0.0, 0.0, 0.0, 0.09722406724907337, 0.07788088623914041, 0.11036848808567301, 0.008907009364672775, 0.3370714717473573, -0.33098191326114745, 0.1983784353910604, 0.37008302588235864, 0.873334614451344, 0.24839077883102076], "git_revision": "018ef57f2e70e762a509d3bbb7a77c8182022b6e", "linregress": [5.475647664254481, -0.009525226035989931, 0.6609390717022416, 7.01583924053248e-05, 1.1749267118792384]}