{"x": [0.010320420753417178, 0.11639202939313917, 0.03280083079311437, 0.2951605158910404, 0.13111382552913925, 0.13114808130209704, 0.15313914716063493, 0.17174029870254123, 0.1299216415859567, 0.018473735645296467, 0.0, 0.0, 0.0, 0.0, 0.0, 0.0, 0.0, 0.0, 0.0, 0.0, 0.0467608958733162, 0.02484913455679018, 0.09938865990320528, 0.012862654880762929, 0.060139293849505865, 0.03906408591852779, 0.006375079702364527, 0.06622222224135318, 0.055727688933612095, 0.014496613814624582], "cost": 8.370284265407012, "fun": [0.9910948401468075, 0.773868036773169, 0.8495819219326953, 1.243194327821605, 0.9535155535492331, 1.003375747265938, 0.8768101067994672, 0.9306031422864044, 0.742114449476744, 1.067790603791696, 0.7001278253299573, 1.083342169810487, 0.3907194149290708, 0.8179194406712199, 0.9687246170898168, 1.0576762523488485, 0.9938679803783032, 0.9859677987715793, 0.8357011453311677, 0.670485363117134, 0.0, 0.0, 0.0, 0.0, 0.0, 0.0, 0.0, 0.0, 0.0, 0.0, 0.0, 0.0, 0.0, 0.0, 0.0, 0.0, 0.0, 0.0, 0.0, 0.0, 0.0, 0.0, 0.0, 0.0, 0.0, 0.0, 0.0, 0.0, 0.0, 0.0, 0.0, 0.0, 0.0, 0.0, 0.0, 0.0, 0.0, 0.0, 0.0, 0.0, 0.0, 0.0, 0.0, 0.0, 0.0, 0.0, 0.0, 0.0, 0.0, 0.0], "grad": [50515.7330853732, 385608.5873187823, 54354.91333083347, 84956.31279105009, -121721.57296102421, 60530.9069382819, -65045.998981191035, -46700.655138367525, -280288.398143521, 203445.92973687078, -51871.76238818893, -12906.67575736372, -163401.78481893335, 44383.60302642813, 1984.7159807755845, 123617.20993740181, 4048.8207588629202, -66157.1877534506, -119127.88021707171, 27653.12398729803, 37253.86744567356, 38910.3384259898, 66660.4138089607, -152168.83211268834, 65074.494861362415, 53594.10585655201, 75075.97407255213, -48709.97814787464, -150568.8889424254, 58029.1748140071], "optimality": 385608.5873187823, "nfev": 32, "njev": null, "status": 3, "message": "`xtol` termination condition is satisfied.", "success": true, "res_time": 1103.0098170000128, "tension_error": [1.2861619670999853, 0.1755403674951896, 2.2500937822552745, -1.729809854103261, -0.04778407335221603, -0.5467509113054595, -0.3819004129889146, 0.14243119164020737, 0.7768054304406684, 1.6609262536979588, 0.0, 0.0, 0.0, 0.0, 0.0, 0.0, 0.0, 0.0, 0.0, 0.0, 0.12657509715318796, 0.45896876697373296, -0.6717694707547806, 0.6407994245000697, -0.07637046871839498, 0.24333298210029536, 0.7392136455493893, -0.1686463411238124, -0.00944798236006081, 0.6160128453421123], "git_revision": "018ef57f2e70e762a509d3bbb7a77c8182022b6e", "linregress": [6.252827459452772, 0.012784684588290296, 0.6614832906540055, 6.886413342657453e-05, 1.339727880282054]}