{"x": [0.10992182216703193, -0.00042966291475286957, 0.3101654951998279, 0.35037894643865825, 0.12280731192191291, 0.09111637275169486, 0.13770507916060204, -0.00021194294778501845, 0.19940322984079062, 0.17720345808861734, -0.0009445265780054725, -0.0036597688532046964, -0.0007295419450030015, 0.0023354909658980126, -0.0015153960114817446, -0.01641190016051613, -0.009666626494863308, -0.0004514428225032193, -0.003231819490577956, 0.001386479203528411, 0.01978502218393319, 0.10606089021848664, 0.04021046953622898, 0.02690680241947199, 0.0481583086617209, 0.10793574136542386, 0.06007569760188311, 0.09968029302027964, 0.08699881981314764, 0.05816680897338745], "cost": 7.1152173944061, "fun": [0.8759945048589768, 0.9598815084897093, 1.0502792892658794, 0.6340987989112679, 0.5428155584103791, 0.42888748151879674, 0.6432660799853069, 1.0383212110007738, 1.0364896919922888, 0.8383574568386966, 0.7057964588004783, 0.917403472361778, 0.8762583606223293, 0.7735128142561414, 0.543281881137389, 0.8184145864187665, 1.0908695357106344, 0.7782727989806861, 0.9069795156298527, 0.9998276066545454, 0.0, 0.0, 0.0, 0.0, 0.0, 0.0, 0.0, 0.0, 0.0, 0.0, 0.0, 0.0, 0.0, 0.0, 0.0, 0.0, 0.0, 0.0, 0.0, 0.0, 0.0, 7.932016535325329e-08, 0.0, 0.0, 0.0, 0.0, 0.0, 9.520437605715433e-09, 0.0, 0.0, 8.42640927267875e-07, 4.901860753660282e-05, 3.882851668736848e-07, 0.0, 3.479993394191717e-06, 0.00442055297060244, 0.000903285034847554, 9.200432801892972e-08, 3.375524677496616e-05, 0.0, 0.0, 0.0, 0.0, 0.0, 0.0, 0.0, 0.0, 0.0, 0.0, 0.0], "grad": [13985.201401853064, 21225.1497491962, 34106.762381696935, 18438.266182394203, -43596.88236385462, 18254.704430114485, -10967.416255461681, -10235.528686300695, 196.58796159121, 2587.548739913222, -41976.19702598709, -16835.366394947618, 57172.594704972405, 38030.30843199563, -1116.1152810929411, -21309.542955545585, -7960.385283743382, -20234.708791389014, 20678.787134175043, -8334.36804134874, -2348.2371873799852, 122229.49440979812, -5492.089093928315, 10788.815742316105, 37638.02042741381, 5642.240280568629, -3618.69681157155, 61718.746868707654, -1054.61985635811, 42114.485974652256], "optimality": 122229.49440979812, "nfev": 80, "njev": null, "status": 3, "message": "`xtol` termination condition is satisfied.", "success": true, "res_time": 1156.8014289999846, "tension_error": [-0.22475606714179724, 1.947684124445494, -1.9574300835308036, -2.5674539168656025, 0.07822280037353344, 0.06051594972131547, -0.14777105986742253, 2.750885884550436, -0.2772056904072806, -0.7469474991408591, 0.01432813414545061, 0.05551739918297462, 0.011066893294637807, -0.03542857197892514, 0.02298802155662098, 0.2489627211742209, 0.14663930521134155, 0.006848227959329587, 0.049025558701233825, -0.021032399172908705, 0.5357895606872908, -0.7729848449251615, 0.2259427480517682, 0.4277546732152016, 0.10537683936449642, -0.8014256737611214, -0.07540573613351599, -0.6761934420013294, -0.48381997840073987, -0.04644857074006888], "git_revision": "018ef57f2e70e762a509d3bbb7a77c8182022b6e", "linregress": [8.486987846868214, -0.0420766222331993, 0.69681119757845, 1.8878988837320997e-05, 1.6509456758750014]}