{"x": [0.16339883126850385, 0.15118911211448102, 0.2889126993770307, 0.19225027991711452, 0.15485317450597455, 0.10966688923587876, 0.049891939172184145, 0.29832250672666616, 0.028874357381242388, -0.019280507248245062, 0.0, 0.0, 0.0, 0.0, 0.0, 0.0, 0.0, 0.0, 0.0, 0.0, 0.09104692198443615, 0.064524592367796, 0.041264827612607746, 0.07866513409046808, 0.0590822910070285, 0.026927626487640577, 0.022704541359203186, 0.03017044577442114, 0.09874051321394288, 0.0765144413147922], "cost": 8.340847275301439, "fun": [1.255638473212113, 0.8246140231683655, 0.7745810283133363, 0.8610750060021898, 0.8915476706306167, 0.9179308337076986, 0.5290871197149055, 0.44988657028319806, 0.8263194763269555, 1.3263350083620262, 1.2426593526722503, 0.961806563750051, 0.5628216442966111, 0.8213674305281212, 0.9047972453306464, 0.45789967993458514, 0.7248295863925909, 1.2974556566355722, 0.9296099781880309, 0.9797379212524683, 0.0, 0.0, 0.0, 0.0, 0.0, 0.0, 0.0, 0.0, 0.0, 0.0, 0.0, 0.0, 0.0, 0.0, 0.0, 0.0, 0.0, 0.0, 0.0, 0.0, 0.0, 0.0, 0.0, 0.0, 0.0, 0.0, 0.0, 0.0, 0.0, 0.007167296427400579, 0.0, 0.0, 0.0, 0.0, 0.0, 0.0, 0.0, 0.0, 0.0, 0.0, 0.0, 0.0, 0.0, 0.0, 0.0, 0.0, 0.0, 0.0, 0.0, 0.0], "grad": [16723.32654228138, 40730.37921899927, -57387.955815515, -16769.850329829285, -24092.74383245483, -2869.7024026787694, -49321.47603030469, 2571.284163697719, -16791.935349851956, 332524.1339246899, -57243.06142620364, -7941.004533308543, -12074.890667709371, 20825.12854859719, -58367.15079626539, -85253.26048871595, 17322.66432969288, 706.9301961928704, -1173.66214558528, 2225.857193839999, 36729.53656281675, 60404.50272787445, 5703.463200846693, 18861.625472298787, 10721.353770924452, -22698.93315936416, -4887.95338410646, 9784.46169042488, 130.58462257333485, 38247.46979452193], "optimality": 332524.1339246899, "nfev": 47, "njev": null, "status": 3, "message": "`xtol` termination condition is satisfied.", "success": true, "res_time": 735.3186510000087, "tension_error": [-1.0359833824402063, -0.3523190709915047, -1.635032687199256, -0.16869796978967397, -0.4079016016318608, -0.22088882473622212, 1.184323217610913, -1.7777761368045917, 2.309656995270039, 2.233644766162575, 0.0, 0.0, 0.0, 0.0, 0.0, 0.0, 0.0, 0.0, 0.0, 0.0, -0.5452282566804174, -0.14289389632864768, 0.20994850891919112, -0.35740091329330204, -0.06033610941945467, 0.42743877946575987, 0.4915014873206127, 0.3782463577463393, -0.6619373147033416, -0.3247756645040012], "git_revision": "018ef57f2e70e762a509d3bbb7a77c8182022b6e", "linregress": [8.149246900715056, -0.03967637698838661, 0.7606401336079465, 1.0700532521204862e-06, 1.3143777222924322]}