{"x": [0.04999990271601615, 0.16522726046873493, 0.09761505674252906, 0.32322803468059835, 0.10278975009553931, 0.07668583887690718, 0.13270153524395764, 0.1296422136007278, 0.29871820226816265, 0.20503016672429647, 0.0007022534072404156, -0.0033981331214898757, 0.002716004268806463, -0.011939744581418573, 0.010863484445397614, 0.00981992380602843, -0.008947631155749019, -0.01387108015049539, 0.004833894788671579, -0.004634068383436336, 0.06744039341050558, 0.0802247267586648, -0.0022248060632355845, 0.02531105740543153, 0.06493486713016697, 0.043416537561365695, 0.09651242754955369, 0.030951081421765263, 0.019986304498778407, 0.044375691465719694], "cost": 2.47463836685793, "fun": [0.6918973260827566, 0.479487862337568, 0.4180212162343587, 0.5846229683385151, 0.6473471693777278, 0.5279125564994052, 0.42773763630114653, 0.5087689792112678, 0.6665993799366619, 0.5286763547172842, 0.3831417414377081, 0.4104305393328733, 0.5212454090742555, 0.628711289165658, 0.5047311691721365, 0.2887426915113368, 0.2908530944037342, 0.37540424173221465, 0.30291979441911926, 0.4722980659505048, 0.0, 0.0, 0.0, 0.0, 0.0, 0.0, 0.0, 0.0, 0.0, 0.0, 0.0, 0.0, 0.0, 0.0, 0.0, 0.0, 0.0, 0.0, 0.0, 0.0, 0.0, 0.0, 0.0, 0.0, 0.0, 0.0, 0.0, 0.0, 0.0, 0.0, 0.0, 3.923929219616317e-05, 0.0, 0.0017021001461594066, 0.0, 0.0, 0.0007163482746135746, 0.002668891039560201, 0.0, 9.951471755771921e-05, 0.0, 0.0, 1.1012260551466254e-05, 0.0, 0.0, 0.0, 0.0, 0.0, 0.0, 0.0], "grad": [119921.43076863294, -32515.4215155829, -104651.56035603734, 9944.22414947546, 9284.188032291702, -42485.036297223625, 120054.92227114103, -114077.50331066624, -80066.29878939569, 79055.11740767128, 81049.83798225623, 82702.06750266656, -80932.7023150117, 82923.05300537261, -1222.4784416968275, 83686.2462019285, -78445.13629677464, -78976.24738070286, -14268.509616486192, -4.047298275694413, 1594.711026515739, 1033.3239777109247, 28737.87554856188, -37903.005326287115, -81773.85558475408, -894.3324832342001, 36363.91804671727, 44769.06895812203, 115304.03703143823, -2.5401119553670704], "optimality": 120054.92227114103, "nfev": 162, "njev": null, "status": 3, "message": "`xtol` termination condition is satisfied.", "success": true, "res_time": 1143.0068810000084, "tension_error": [0.6842382588411248, -0.56527281676987, 1.2668848969131628, -2.1555841877339357, 0.38188213383431235, 0.27942204507444074, -0.07186906821386538, 0.7810442541536095, -1.7837786982267283, -1.1690688279025252, -0.010652935827690528, 0.05154847766340319, -0.041200824211057856, 0.1811217026695369, -0.16479521703810782, -0.148964771206326, 0.13573240019810476, 0.21041938021297654, -0.07332847438061156, 0.07029717848414274, -0.1871255669393455, -0.38105938250162363, 0.8696708711631672, 0.45196156072427196, -0.149117619375338, 0.17730782997397046, -0.6281380431631619, 0.36640439105707323, 0.5327361791569382, 0.16275780446093807], "git_revision": "018ef57f2e70e762a509d3bbb7a77c8182022b6e", "linregress": [6.442241967778187, 0.04643308664919471, 0.7736383783837429, 5.346198449579406e-07, 0.9971349715605178]}