{"x": [0.17904877056917057, 0.037121413978735945, 0.4060465134037759, 0.15891898849728392, 0.09889343325147854, 0.0943602181703857, 0.13110211970879876, 0.1555573740284364, 0.11333665792245155, 0.12626130851050144, 0.0, 0.0, 0.0, 0.0, 0.0, 0.0, 0.0, 0.0, 0.0, 0.0, 0.027163767496998583, 0.01349541586959488, 0.05349544388892582, 0.06732974632141231, 0.04020459907825738, 0.0764983957846593, 0.006904836042037335, 0.04376027590240202, 0.07248542760188473, 0.08306734613786135], "cost": 6.253529004759642, "fun": [0.9283593416272573, 0.9636683473867094, 0.9802480899215571, 0.40598443745383084, 0.5605200032402433, 0.7311469438462053, 0.6419287601187684, 0.7367678295551572, 0.708945596606273, 0.9718980600145014, 1.0368929115356533, 0.5150817092282708, 1.1305255170089492, 0.791448208177463, 0.2653854864613208, 0.7762797360737619, 0.7744079671459645, 0.7402200305992273, 0.5468679457745117, 0.9875834484180879, 0.0, 0.0, 0.0, 0.0, 0.0, 0.0, 0.0, 0.0, 0.0, 0.0, 0.0, 0.0, 0.0, 0.0, 0.0, 0.0, 0.0, 0.0, 0.0, 0.0, 0.0, 0.0, 0.0, 0.0, 0.0, 0.0, 0.0, 0.0, 0.0, 0.0, 0.0, 0.0, 0.0, 0.0, 0.0, 0.0, 0.0, 0.0, 0.0, 0.0, 0.0, 0.0, 0.0, 0.0, 0.0, 0.0, 0.0, 0.0, 0.0, 0.0], "grad": [-32810.6000427847, 12723.37499892521, 33992.873969718115, 50213.59177293563, 30610.835827194976, 108.17133343735327, 20722.931156555533, -27803.775863666553, -95776.91009796389, 6952.852452767486, -26511.04477491805, -34792.62552123079, -45546.92827834637, -80132.17074068211, 27907.65583255666, 46622.43429808365, -79519.0133889745, -24543.51786311686, -63637.03464991617, -12734.18426931138, -61760.09126549327, -1023.9457245119903, 43530.15000904212, -13153.755537907451, -76639.79499147918, -2179.535742879202, 69670.69350655997, -67556.53241874275, -22543.43721877058, -32584.14653620655], "optimality": 95776.91009796389, "nfev": 63, "njev": null, "status": 3, "message": "`xtol` termination condition is satisfied.", "success": true, "res_time": 837.973335000017, "tension_error": [-1.2733874268468985, 1.3780475683496407, -3.41191122023906, 0.3369259330473648, 0.4409878823806048, 0.011307961943719575, -0.04760650019755132, 0.387920435665433, 1.0283937671422236, 0.02582689367101348, 0.0, 0.0, 0.0, 0.0, 0.0, 0.0, 0.0, 0.0, 0.0, 0.0, 0.42385660386783397, 0.6312006640828275, 0.02441438550821218, -0.1854470897294403, 0.22603180082304108, -0.32453225948657505, 0.73117742923109, 0.17209344090754164, -0.26365695138710704, -0.4241809131583817], "git_revision": "018ef57f2e70e762a509d3bbb7a77c8182022b6e", "linregress": [6.210932289742624, -0.01780134382309051, 0.5693693361415355, 0.0010240872362317756, 1.694723149596643]}