{"x": [0.0730383539124715, 0.16505000456763633, 0.3267104554325717, 0.18426710504968666, 0.16988292501890717, -0.04564268119557156, 0.038970737172561415, 0.23844953718450287, 0.2258707927468243, 0.00336740238152618, -0.0005771490367116576, -0.00384449622027394, 0.0002503498964937727, -0.0018497494214807595, -0.0008992156361150307, 0.0021236310297845767, -0.00039185725515883873, -0.0017951292838009995, -0.00034456557643506073, -0.0007360929121941308, 0.026091026281301475, 0.04595656279943859, 0.050475847518874815, -0.0003964648711557876, 0.022210737656708262, 0.02975577350125223, 0.059021881603837485, 0.05311915958862097, 0.06341809478153172, 0.00674236909978959], "cost": 7.263094816470521, "fun": [0.8319529592950641, 0.9502746888665736, 0.6917794625836783, 0.6943050817898754, 0.8482178865507098, 1.4335575849173752, 1.1503410439620876, 0.85426317601538, 0.6112321783409634, 1.00286257349832, 0.5869772753812619, 0.6779213165592024, 0.673800974581439, 0.8825863937682591, 0.6950774076436221, 1.0140949928906862, 0.8684204404477992, 0.6949040817041638, 0.6644509875607099, 0.7261301152864346, 0.0, 0.0, 0.0, 0.0, 0.0, 0.0, 0.0, 0.0, 0.0, 0.0, 0.0, 0.0, 0.0, 0.0, 0.0, 0.0, 0.0, 0.0, 0.0, 0.0, 0.0, 0.0, 0.0, 0.0, 0.0, 0.09508531399665623, 0.0, 0.0, 0.0, 0.0, 1.9224892738230733e-07, 5.682223537619238e-05, 0.0, 6.3290525335202135e-06, 7.270956563890641e-07, 0.0, 6.017050772955627e-08, 5.78478463192542e-06, 4.0908698452731185e-08, 3.98839265553486e-07, 0.0, 0.0, 0.0, 6.231809053892651e-08, 0.0, 0.0, 0.0, 0.0, 0.0, 0.0], "grad": [1404.3133238936193, -9119.473761682397, 51360.47307538507, 1803.3609899112112, 7111.912887839302, 12482.617433812757, -13021.022460598077, -3200.6901787137967, -25596.740061786564, 5105.665020184604, -41982.45511238528, -17385.056365351367, -3079.480541672994, 15653.820735537958, -16717.54894263111, 2154.592923782988, 27958.215427457402, -1745.9065454374868, 5961.000017164871, 1062.1042671223017, -26711.396030192253, 11225.548431727948, 17409.982077188266, -5479.746239969947, 16663.03801985567, 7401.8691198319675, -8129.9674609700605, -74696.7388324742, 3382.539468881603, 582.5932620916249], "optimality": 74696.7388324742, "nfev": 77, "njev": null, "status": 3, "message": "`xtol` termination condition is satisfied.", "success": true, "res_time": 1077.4085130000021, "tension_error": [0.3347531020091305, -0.5625839074388307, -2.208411278942465, -0.04759603039413316, -0.635897601465659, 2.1351024316593565, 1.3499939895341266, -0.8695243636272532, -0.6787092591280393, 1.8900839867775772, 0.008755146771395897, 0.05831964801041701, -0.0037977193906360007, 0.028060044538304588, 0.013640783181718167, -0.03221473167483333, 0.005944335975849457, 0.027231476366754364, 0.005226937934866096, 0.011166269150100924, 0.44012970872245766, 0.13877654542209444, 0.07022059452624557, 0.8419355818936041, 0.4989923148479949, 0.3845367894766031, -0.059419720137540336, 0.030122485266484568, -0.12610871927085618, 0.7336419952866503], "git_revision": "018ef57f2e70e762a509d3bbb7a77c8182022b6e", "linregress": [6.418641010773747, 0.05123927807380896, 0.6273161112570348, 0.00020713791718625525, 1.5058575845241902]}