{"x": [0.050005101143671855, 0.06042931585652253, 0.1398334729164721, 0.15630430221849442, 0.04613402347701449, 0.07735158444061185, 0.08389415099834409, 0.14772438330304472, 0.15619326192016636, 0.09019412667590558, 0.1115480684668288, 0.1093971601253299, 0.09514627332996513, 0.04243915644379959, 0.10884211409568909, 0.1199706126968771, 0.11061701636094746, 0.08666396978505908, 0.11654511818276443, 0.10473751327789636, 0.10980761147177259, 0.150966896283521, 0.08623998788599442, 0.09058112533232307, 0.0919652189533901, 0.19996543516286575, 0.17330791205792503, 0.11577423627064731, 0.016583048682487056, 0.11778488243390305], "cost": 1.956611400945242, "fun": [0.5976662699717128, 0.64965365082468, 0.41231655176347076, 0.29467669360125753, 0.37684638192397324, 0.7077082934464968, 0.559616714729419, 0.37060480063162254, 0.40398795404211946, 0.2769367150357837, 0.3781935224569051, 0.439015081686047, 0.4587960374504428, 0.28740577458700006, 0.4367239640626495, 0.28129427402332013, 0.317239187481601, 0.5492673151987836, 0.3981110541136001, 0.29034978899709546, 0.0, 0.0, 0.0, 0.0, 0.0, 0.0, 0.0, 0.0, 0.0, 0.0, 0.0, 0.0, 0.0, 0.0, 0.0, 0.0, 0.0, 0.0, 0.0, 0.0, 0.0, 0.0, 0.0, 0.0, 0.0, 0.0, 0.0, 0.0, 0.0, 0.0, 0.0, 0.0, 0.0, 0.0, 0.0, 0.0, 0.0, 0.0, 0.0, 0.0, 0.0, 0.0, 0.0, 0.0, 0.0, 0.0, 0.0, 0.0, 0.0, 0.0], "grad": [-1866.4113043623365, 845.4625559993254, -205.60913038432994, 5890.307008227815, -698.8574612683251, 8205.12329172658, -609.5258576837607, 6124.839567518227, -236.51173489526505, -671.1771215290554, -101.09300847746246, 4706.3791669979755, -4841.269435493116, -101.14401101949483, 4134.548958504692, -116.50502428458856, -5286.2901493657, 82.67070429384347, -86.32744364454888, -53.12371279883516, -646.8341215983166, -4641.959169545505, -1116.8869510277436, -2886.1187299968697, -306.9259479558614, -978.0428197010178, -5992.721423515791, 215.57260591875956, 7986.139658283311, -81.00981512503267], "optimality": 8205.12329172658, "nfev": 333, "njev": null, "status": 2, "message": "`ftol` termination condition is satisfied.", "success": true, "res_time": 1539.3394479999988, "tension_error": [0.49994898856328146, 0.39570684143477475, -0.398334729164721, -0.5630430221849442, 0.5386597652298551, 0.22648415559388152, 0.16105849001655917, -0.4772438330304471, -0.5619326192016635, 0.09805873324094425, -0.11548068466828793, -0.09397160125329901, 0.048537266700348775, 0.5756084355620041, -0.0884211409568908, -0.19970612696877096, -0.1061701636094746, 0.13336030214940925, -0.16545118182764426, -0.047375132778963575, -0.09807611471772587, -0.5096689628352099, 0.13760012114005585, 0.09418874667676935, 0.08034781046609901, -0.9996543516286573, -0.7330791205792503, -0.15774236270647307, 0.8341695131751294, -0.1778488243390304], "git_revision": "ec36e56dd006ef5715c6882890a8a7f5f3c70256"}