{"x": [0.09932540317523453, 0.12273872286559784, 0.18423660671915257, 0.18329094556886294, 0.12504783999559269, 0.0972783633007354, 0.12135071175756436, 0.1771879507829004, 0.1813230134659685, 0.13293574403873187, -0.002567259449316417, 0.005608519171311456, 0.0013160161975587622, -0.006127202953494032, 0.005543928659530838, -0.004198959713416345, -0.0026594613769729916, -0.0006619189630330936, -0.0010505307503246206, 0.004883258282484047, 0.05712202602905307, 0.0498126294429358, 0.056592597610886836, 0.047704007176315344, 0.059715529403833775, 0.05217649456591072, 0.05518443812008893, 0.06035764208077481, 0.05767546418020665, 0.05018773961034091], "cost": 1.4062817010828872, "fun": [0.1802663481524703, 0.41723646178227003, 0.3524207674977228, 0.4337218635056498, 0.46131495429156705, 0.49340748058273454, 0.2741194010077889, 0.34474251301395525, 0.366170886229511, 0.4834429388234351, 0.03826961210085732, 0.5259053916133898, 0.1550177804635059, 0.19268066108800247, 0.16740368422393961, 0.34725949144467283, 0.6089350151061759, 0.37707729665490297, 0.42830720152403573, 0.3022744790935855, 0.0, 0.0, 0.0, 0.0, 0.0, 0.0, 0.0, 0.0, 0.0, 0.0, 0.0, 0.0, 0.0, 0.0, 0.0, 0.0, 0.0, 0.0, 0.0, 0.0, 0.0, 0.0, 0.0, 0.0, 0.0, 0.0, 0.0, 0.0, 0.0, 0.0, 1.6920347696651937e-05, 0.0, 0.0, 0.00023003122784116483, 0.0, 7.403296166853898e-05, 1.880966507168986e-05, 2.900109991479352e-07, 1.1593813441903003e-06, 0.0, 0.0, 0.0, 0.0, 0.0, 0.0, 0.0, 0.0, 0.0, 0.0, 0.0], "grad": [-1.0340707943396623, 1.6635921310138166, -0.43697902564883395, 0.45009337155405227, 1.8751516109681015, -0.37084321169359313, 0.5457584712710268, -0.19188706346468054, -0.4300357489773974, -0.7356354209862275, 3.6705650907031693, -3.2832828170471084, -1.130675600644964, 4.333488989049304, -3.834775679340601, 0.7099927669819408, 0.7181101784575894, -1.9249883818585758, 1.1921766826601212, -2.844762839699838, 1.013018055312953, 0.8128046788665705, 1.5339514986734804, -0.07448252103556063, -0.1350651208354705, -1.2478106100446293, -0.23067280487402542, 2.007834029358772, -0.39163244087801985, 1.675291693504355], "optimality": 4.333488989049304, "nfev": 537, "njev": null, "status": 2, "message": "`ftol` termination condition is satisfied.", "success": true, "res_time": 1261.3646249999874, "tension_error": [-0.06401213858397742, 0.07926327210050957, -0.04713338150602299, -0.03278803630027652, 0.04423478188481932, -0.03295926764746479, 0.10031890972298418, 0.059792236207153474, -0.0029352022816164346, -0.07542193279990571, 0.03894441790474228, -0.08507925231026842, -0.01996350029241689, 0.09294750184738051, -0.08409943708974782, 0.0636967338412193, 0.040343088539000364, 0.010041076573814292, 0.015936179949914375, -0.07407730112376867, -0.030599582974247586, 0.08028137818339615, -0.022568341109229787, 0.11226843222905478, -0.06994211194681133, 0.044422380276467534, -0.0012070596459304512, -0.0796827341653343, -0.03899504399735996, 0.07459108960596694], "git_revision": "018ef57f2e70e762a509d3bbb7a77c8182022b6e", "linregress": [-0.024258146988251066, 0.05555065085075315, -0.05105483055219865, 0.7887523091808534, 0.08967574934870821]}