{"x": [0.09282960255669771, 0.14209400561185428, 0.1859159860796226, 0.1791991431758909, 0.11739278899115758, 0.1009722797735039, 0.11478453969057638, 0.1821598586372046, 0.17747036854600481, 0.13007702864263088, 0.003302595112249819, -0.010967897002224615, 0.0006360284908166511, 0.00851524738346052, 0.006504597778456002, -0.0033649174830230905, 0.002842691250407277, 0.0013764088253403373, 0.015791412196562337, -0.002997612259708212, 0.056039914516483935, 0.05693784107346195, 0.0586281045562675, 0.049976628773432646, 0.060526517669377, 0.06647376216513191, 0.0596251344821899, 0.05560477128650491, 0.05250807922205731, 0.054477539895405575], "cost": 0.834993781255537, "fun": [0.24539840840564944, 0.2358280816428214, 0.33565998481669573, 0.07991975814389486, 0.32296371612182484, 0.24431264535585143, 0.24490397810168316, 0.3196112991991723, 0.23610077501134918, 0.3109225860141486, 0.16429491408687796, 0.3697266497830079, 0.3883723336908541, 0.5452934101021644, 0.2479144589676089, 0.30290388549238517, 0.29248116608305375, 0.09633070609628352, 0.28716876090445415, 0.11909700590205216, 0.0, 0.0, 0.0, 0.0, 0.0, 0.0, 0.0, 0.0, 0.0, 0.0, 0.0, 0.0, 0.0, 0.0, 0.0, 0.0, 0.0, 0.0, 0.0, 0.0, 0.0, 0.0, 0.0, 0.0, 0.0, 0.0, 0.0, 0.0, 0.0, 0.0, 0.0, 0.0013193805886034902, 0.0, 0.0, 0.0, 3.809984911884922e-05, 0.0, 0.0, 0.0, 2.6935582310241803e-05, 0.0, 0.0, 0.0, 0.0, 0.0, 0.0, 0.0, 0.0, 0.0, 0.0], "grad": [0.9332241414257124, -0.6920156965510487, -0.5980535073144719, -0.7407563275970042, 0.9672648046986736, 0.3157171309791096, 0.1718557584356749, -0.14239583868124417, -0.1540701378098096, 1.0376536450697103, -0.442457812026841, -2.467749952361225, -1.1687094864038732, 4.1250081184082825, 0.008621425309462083, 0.38108949351138577, -1.0876381809069913, -2.949587226296682, 0.7859682641900083, 2.431374452501762, -3.397344953300381, 1.7562605156507507, -0.214478918992544, 1.5200902332288018, -1.9872233084518833, -1.915353787406442, -2.7385348666820954, 2.93353201589649, -2.065122807800478, 3.0471290993018627], "optimality": 4.1250081184082825, "nfev": 443, "njev": null, "status": 2, "message": "`ftol` termination condition is satisfied.", "success": true, "res_time": 736.8366430000169, "tension_error": [0.034526859483218604, -0.21434952193764956, -0.0726089724721632, 0.029283158887244868, 0.1603591983236091, -0.08899467414251644, 0.199925417775497, -0.015629847569167164, 0.055508058621210755, -0.032056231259252256, -0.05009919985136802, 0.1663791185984492, -0.009648327266759746, -0.12917329129007604, -0.0986724478719514, 0.05104460817496183, -0.04312262091760662, -0.020879635097302878, -0.23955013820388132, 0.04547271783907148, -0.014184334029990541, -0.027805562337098085, -0.05344626158977083, 0.07779356634004403, -0.08224451711959865, -0.17246211280749413, -0.06857085295469707, -0.007583365124711043, 0.03939235831152295, 0.009516336419675316], "git_revision": "018ef57f2e70e762a509d3bbb7a77c8182022b6e", "linregress": [-0.009585774512453335, 0.07764134869742832, -0.009108583801395875, 0.9618989442347342, 0.19887459955361922]}