{"x": [0.09788547473950963, 0.1309742369480446, 0.18545579329695086, 0.18222034166890883, 0.12844847201366227, 0.0976246070154552, 0.12555216881634884, 0.18175730800810297, 0.18576414995694537, 0.1256185695110306, 0.00255550245013693, 0.0030762450977486625, 0.004275161461126105, 0.0023537656390958347, 0.000238365864612431, -0.001563435594716147, 0.0008492256981750743, 0.001195059094132013, -0.0021511338504844797, -0.0020281035043519446, 0.059079202392906316, 0.0527275796511683, 0.04827040126688901, 0.06071964166908301, 0.05759294978011878, 0.056015648331675244, 0.052780185578504085, 0.06168092866221106, 0.05991179564079579, 0.05381985161336321], "cost": 1.2597868095401732, "fun": [0.4650321295505585, 0.5001589549741396, 0.2818770178101855, 0.29584478615597776, 0.4634777006174302, 0.46626103806489666, 0.18607629091067374, 0.46251860703242714, 0.21961322025469152, 0.4397768564761368, 0.1478371760723374, 0.28158066126007847, 0.28964709763036345, 0.41977406196853406, 0.1255054411369925, 0.27254520294432305, 0.22345418771871423, 0.30112947441281934, 0.44891832581583724, 0.41275710687929157, 0.0, 0.0, 0.0, 0.0, 0.0, 0.0, 0.0, 0.0, 0.0, 0.0, 0.0, 0.0, 0.0, 0.0, 0.0, 0.0, 0.0, 0.0, 0.0, 0.0, 0.0, 0.0, 0.0, 0.0, 0.0, 0.0, 0.0, 0.0, 0.0, 0.0, 0.0, 0.0, 0.0, 0.0, 0.0, 3.821553869950769e-06, 0.0, 0.0, 9.954106965280361e-06, 8.342003090307743e-06, 0.0, 0.0, 0.0, 0.0, 0.0, 0.0, 0.0, 0.0, 0.0, 0.0], "grad": [-6.975027014540437, 14.20619158566867, 18.566854587820224, 7.921645673965346, -8.955300050508773, 2.930131223636397, 1.3654414587953756, 1.9930341385827295, 9.797413330060586, -3.8021932673882306, 8.424282071130524, -1.7149639428016488, 6.515039830797693, -13.762524757320932, -5.398781017630784, 13.567933359166382, -15.869091174748895, 13.885588651371036, -2.451651214482916, 0.7237641200822424, 28.925651668571323, -14.614844221015595, -33.307939840197776, 19.955079099822, 14.560482246536822, 1.6822009747093656, 0.4875522284486289, -4.632811881844063, 32.81894554698145, -28.81648964270464], "optimality": 33.307939840197776, "nfev": 322, "njev": null, "status": 2, "message": "`ftol` termination condition is satisfied.", "success": true, "res_time": 627.9603839999763, "tension_error": [-0.04216893346159536, -0.04566656394414775, -0.06562801071160325, -0.01654735376958731, -0.007351603155934049, -0.038211662346617006, 0.036584292035745695, -0.009523296892442513, -0.07030567218977384, 0.0355770169808073, -0.03876606838519, -0.04666555018272051, -0.06485268740433532, -0.03570579230828378, -0.003615925865289353, 0.023716765044525315, -0.01288245350269637, -0.018128623811330125, 0.03263193973815604, 0.03076561289844908, -0.06028925623554575, 0.03606261443080806, 0.10367643418695952, -0.08517413989457326, -0.03774332973021146, -0.01381622458846331, 0.035264601117826894, -0.09975652360991617, -0.07291940134967048, 0.019493235059090164], "git_revision": "018ef57f2e70e762a509d3bbb7a77c8182022b6e", "linregress": [0.02079917758484882, 0.039945281184663145, 0.04974304549636145, 0.7940629293573747, 0.07892176831835689]}