{"x": [0.09564074460006178, 0.12982297541138538, 0.18219318135154408, 0.1798492706890012, 0.126068517721387, 0.09372112308021033, 0.1259177169721787, 0.18150034047739189, 0.18324095413127148, 0.12860424131397602, 0.001974427900763899, -0.001455611940722991, -0.0018102837746470253, 0.0031393404620213925, 0.0014207183985994007, -0.004246688488401066, 0.00021976515620152716, -0.0013124303244892886, 0.0015323878058513115, 0.003191225723206518, 0.05443369318626832, 0.05448724324482065, 0.05154719215286366, 0.05768075724189597, 0.05362055936345797, 0.05573734060873546, 0.05518204549796633, 0.058312853064168634, 0.05143184369468277, 0.05210885465148092], "cost": 1.3554429408201871, "fun": [0.2516234341546305, 0.21014885255071372, 0.3436706288476915, 0.351721057432814, 0.3444290669553578, 0.21831880603867979, 0.2620616852664961, 0.6220655774917103, 0.40379452634567614, 0.3786474614907623, 0.3987929291771555, 0.3470641447029905, 0.5440844823642313, 0.41020004031180085, 0.21369538662665202, 0.3379503960267763, 0.20261135287016205, 0.6004942952474274, 0.20328417622979322, 0.2942868421867303, 0.0, 0.0, 0.0, 0.0, 0.0, 0.0, 0.0, 0.0, 0.0, 0.0, 0.0, 0.0, 0.0, 0.0, 0.0, 0.0, 0.0, 0.0, 0.0, 0.0, 0.0, 0.0, 0.0, 0.0, 0.0, 0.0, 0.0, 0.0, 0.0, 0.0, 0.0, 3.0841594912242966e-06, 5.932530459653524e-06, 0.0, 0.0, 7.658632224680903e-05, 0.0, 2.2606262663779548e-06, 0.0, 0.0, 0.0, 0.0, 0.0, 0.0, 0.0, 0.0, 0.0, 0.0, 0.0, 0.0], "grad": [-4.637551036977809, 4.4748082460650345, 2.3849674477058604, -0.029023181428767808, 7.415242063926833, 13.522312065609846, 416.704827081351, -8.24252788492588, 7.236229960722731, -2.082837537930261, -3.3520300757974293, 1.003108019871672, 4.672594215080412, 3.3488523777561134, 3.5369690671445833, 7.007132367318595, -18.91314380194145, -11.614345231690749, -2.8383141591866465, 2.5011484843193745, 4.999171917887695, 2.4077989262359827, -2.854933037370582, -2.5419158079189987, -0.022727590637618977, -5.158387212645232, -5.299610295965764, -407.25750366530565, -12.93708246612109, -0.3013018158595884], "optimality": 416.704827081351, "nfev": 165, "njev": null, "status": 3, "message": "`xtol` termination condition is satisfied.", "success": true, "res_time": 385.1385260000243, "tension_error": [-0.00811717112128926, -0.0282023335901603, -0.016135341360728653, 0.019420954438574844, 0.028751461759157795, 0.021002808438212343, 0.03103905579219542, -0.005625190331133802, -0.03202968387207175, -0.009714568352055194, -0.029951372975024617, 0.022081118346547867, 0.027461364633325307, -0.04762268454432289, -0.021551795653043063, 0.06442076247789695, -0.0033337596970544367, 0.019909103866139005, -0.023245781067860117, -0.048409765606670624, 0.010181475490385002, 0.009369140040751884, 0.05396867532221881, -0.0390753378712336, 0.02251642800811313, -0.00959439485825427, -0.0011707644145094549, -0.048664007947015406, 0.05571847063848901, 0.0454484538567192], "git_revision": "018ef57f2e70e762a509d3bbb7a77c8182022b6e", "linregress": [-0.07102423494076415, 0.03147310430139275, -0.262100167665659, 0.16175835924988569, 0.049420355815015]}