{"x": [0.09119506628598538, 0.1377827291942175, 0.18372973511524687, 0.18120811363543482, 0.11574723399114206, 0.09169798886099155, 0.11921797993009817, 0.1834206205153579, 0.18288243912027125, 0.14078968936984662, 0.012617994256775036, -0.005999702453848133, 0.004017661487059429, -0.009218275806160334, 0.0017013756346024444, 0.0022230764570451973, 0.000890116668510408, 0.0026774264317419322, -0.007366444072468867, -0.001959935681626867, 0.06029119756480928, 0.05129300218734955, 0.05005741782064656, 0.0575206746266158, 0.0526200237606009, 0.05640483421292445, 0.0579863118896645, 0.0543476483644838, 0.06028719532088535, 0.055179051326555185], "cost": 0.8376188340554196, "fun": [0.11096401480506025, 0.47961330417490655, 0.3419732835387264, 0.18560122577532842, 0.43142631867640563, 0.1087322372105347, 0.0972251028186365, 0.41587231561931093, 0.34799675047711354, 0.3464719805339414, 0.2494986148736292, 0.1916920311430658, 0.5632906956576021, 0.23752307667541647, 0.04781024110442068, 0.048686430041960736, 0.3442320225696873, 0.16894760067248593, 0.15214926466708067, 0.11157666563313894, 0.0, 0.0, 0.0, 0.0, 0.0, 0.0, 0.0, 0.0, 0.0, 0.0, 0.0, 0.0, 0.0, 0.0, 0.0, 0.0, 0.0, 0.0, 0.0, 0.0, 0.0, 0.0, 0.0, 0.0, 0.0, 0.0, 0.0, 0.0, 0.0, 0.0, 0.0, 0.0002159678666091788, 0.0, 0.0007833378173449507, 0.0, 0.0, 0.0, 0.0, 0.0003997363916472508, 7.528794767937745e-06, 0.0, 0.0, 0.0, 0.0, 0.0, 0.0, 0.0, 0.0, 0.0, 0.0], "grad": [1.4181737472426734, -26.146856826110337, 9.481793415493062, 35.653855011109854, -1.7511801675716576, 0.050123497369453984, 5.976589427594446, -1.0930946383389872, 0.6616319071341983, 2.944041617510426, 12.683574380844004, 20.622385530471146, 5.364168401362004, 6.573578701913673, -4.5411444332880215, -14.550966250571992, -15.67774949642163, 7.951545668696371, -12.261236332434901, 8.868098356604403, -15.309644536066168, 5.130029766283613, 654.8012778293014, 0.07703116091195739, 19.385276740544608, -53.79630237340993, -6.70492211293421, -35.84682387467282, -6.897090356458105, 9.850878692911028], "optimality": 654.8012778293014, "nfev": 601, "njev": null, "status": 3, "message": "`xtol` termination condition is satisfied.", "success": true, "res_time": 949.3622410000244, "tension_error": [0.059322196637018834, -0.1489489834155247, -0.03944431853585591, -0.0011922124880921227, 0.18532168570403598, 0.0516930390386372, 0.13267169728004388, -0.034755159377540715, -0.026591137948232996, -0.19456350583311643, -0.19141051037374893, 0.091013364359798, -0.060946503865627104, 0.13983798382819235, -0.02580926666548894, -0.03372328363633628, -0.013502755061112556, -0.040615612066293064, 0.11174635135008543, 0.029731531136058954, -0.07867479435701885, 0.05782464720180789, 0.07656802506580224, -0.03664694121252625, 0.03769419925231456, -0.01972003676686632, -0.04371049381490053, 0.011486745006096597, -0.07861408173213325, -0.0011253438931262448], "git_revision": "018ef57f2e70e762a509d3bbb7a77c8182022b6e", "linregress": [0.022447107408808273, 0.06701714188234816, 0.02495968396541103, 0.8958378402416614, 0.16990531513481688]}