{"x": [0.0915234418022411, 0.12971515613494364, 0.1842996501519841, 0.18358695810252174, 0.1251870118839084, 0.09254637946985284, 0.12562099194954862, 0.1795190512342832, 0.17976373648132637, 0.1274751414301892, -0.002229114787044722, 0.0021833545628584415, -0.0015923271267132167, 0.0011767105533276303, 0.006200024890194878, -0.002726314274879684, -0.0017392447469688987, 0.00027895999996920836, -0.0009750582467219489, 0.0016234339245031824, 0.05818957716786603, 0.05788061267879798, 0.04898925112827147, 0.05430324341258591, 0.0520597211235564, 0.05525098793651466, 0.057794378438444316, 0.05602399067385726, 0.060304614793543515, 0.0561550301456569], "cost": 1.2930455802665857, "fun": [0.21292613046505132, 0.4242421061017783, 0.49711983592903675, 0.18612618459203037, 0.2052929836552445, 0.4984912439351185, 0.27731783135707444, 0.24434063189364855, 0.32448385019285536, 0.39494724862323494, 0.5146968671835136, 0.37882961946455174, 0.4126769649163215, 0.34025040092870285, 0.21569403776772675, 0.3161768665642098, 0.3553574897947149, 0.15497670475907036, 0.5301431081294007, 0.34372124157474526, 0.0, 0.0, 0.0, 0.0, 0.0, 0.0, 0.0, 0.0, 0.0, 0.0, 0.0, 0.0, 0.0, 0.0, 0.0, 0.0, 0.0, 0.0, 0.0, 0.0, 0.0, 0.0, 0.0, 0.0, 0.0, 0.0, 0.0, 0.0, 0.0, 0.0, 1.1076366015087657e-05, 0.0, 4.0373544717580346e-06, 0.0, 0.0, 2.026412018530894e-05, 5.261167164863587e-06, 0.0, 9.270254972939463e-07, 0.0, 0.0, 0.0, 0.0, 0.0, 0.0, 0.0, 0.0, 0.0, 0.0, 0.0], "grad": [-2005.0779890349263, 2004.493425762922, 19.1259848814206, -5.866683282717687, 2.819125119498083, 1.750682268212858, 0.3366937957889562, 1.6483461943034703, -1998.0585320335892, -2.91838109322057, -3.2476473144155875, -2.423288386878213, 0.6277018834997653, -2.2381117325698945, 20.151374962239366, -22.83667176964534, -2004.8949441689958, -0.43337855838089157, 2005.7221270472223, -2009.9082889422962, 1999.0459004879622, -1998.489695634104, 0.041243196902733814, 1987.5138462120146, -5.045280450091252, 1.1270201511741949, 0.1164281101014728, -7.289385404927744, 1993.0879027949152, -8.136875514600447], "optimality": 2009.9082889422962, "nfev": 135, "njev": null, "status": 3, "message": "`xtol` termination condition is satisfied.", "success": true, "res_time": 309.2420819999825, "tension_error": [0.054340856189268774, -0.026566753298089663, -0.04808972808602858, -0.03727844174757921, 0.04212359355883899, 0.03882325354549189, 0.03554026944521257, 0.024430266780667276, 0.02071847811882702, 0.0074134775655859495, 0.03381488296690291, -0.03312071654963654, 0.024155039367092016, -0.017850282936504105, -0.0940521848728011, 0.041357223356934154, 0.02638372770723271, -0.004231724542060009, 0.014791288761997139, -0.024626918488282246, -0.046793956198070245, -0.042107074167819954, 0.09277173601946467, 0.012160352422056032, 0.04619379209868632, -0.0022165968249863812, -0.04079893123940446, -0.013942774968997382, -0.07887832897175702, -0.015930597412553187], "git_revision": "018ef57f2e70e762a509d3bbb7a77c8182022b6e", "linregress": [-0.002438492181646226, 0.03487752306370257, -0.0066893322652389, 0.9720139997929079, 0.06888899778672514]}