{"x": [0.0927234313685318, 0.1283602376172798, 0.18407046586956252, 0.17876354647615167, 0.12553735907082525, 0.09681952816425127, 0.1278031180495094, 0.1806073411019259, 0.18217935231818697, 0.12806000247296653, 0.010589202072347736, -0.007950815639631074, -0.009486515678056, 0.00838479868937908, 0.005967342584109423, -0.004843764256410581, -0.0015517511655645968, 0.0002613201706396828, 0.006551787231295155, -0.005686115292989141, 0.0538300666139304, 0.05727565942246432, 0.052832928914329155, 0.055575454170774, 0.05840782399443229, 0.0510765288825326, 0.056902892402080914, 0.05076487502410093, 0.0590859089115068, 0.048425257308846927], "cost": 1.1081650846542188, "fun": [0.46239612357412985, 0.13743848326115657, 0.2244170589720038, 0.35460325668471426, 0.6248395048203652, 0.25649094368562453, 0.34452614259036485, 0.3047005516776597, 0.3387763156702517, 0.4133278665101204, 0.16250606342645255, 0.3320774237364147, 0.1646782410012904, 0.39322815527940247, 0.033930704885383176, 0.4034590185341712, 0.3723433527488357, 0.32724673568006424, 0.3155712438862801, 0.16274060363440523, 0.0, 0.0, 0.0, 0.0, 0.0, 0.0, 0.0, 0.0, 0.0, 0.0, 0.0, 0.0, 0.0, 0.0, 0.0, 0.0, 0.0, 0.0, 0.0, 0.0, 0.0, 0.0, 0.0, 0.0, 0.0, 0.0, 0.0, 0.0, 0.0, 0.0, 0.0, 0.0005026145422585334, 0.0008537292994495901, 0.0, 0.0, 0.00011364464969122744, 3.7365107907778034e-06, 0.0, 0.0, 0.0001838429515559052, 0.0, 0.0, 0.0, 0.0, 0.0, 0.0, 0.0, 0.0, 0.0, 0.0], "grad": [0.3557049132340868, -0.7899344574849241, -2.7041648384997794, 0.01282117611197009, 1.9412188636224554, -1.1122572695153323, 0.5713071923294126, 0.7687321126627573, -0.09319329569222756, 0.5994351042339199, -1.4768866112689345, 1.1677115704051673, 0.6804058443598904, -2.550812934152398, 0.8524120950682454, 1.1094559882559067, 0.8271779240860222, 0.4973725000728191, -0.635972632714715, 0.43050600651637827, -0.18425183717990734, -0.09778667405063812, 0.9945478706599882, 3.324722817886302, -4.300914948415568, 1.2070137859875771, -0.07010354945331176, -0.4385251624160489, -1.206511594985641, 0.9383372343112253], "optimality": 4.300914948415568, "nfev": 565, "njev": null, "status": 2, "message": "`ftol` termination condition is satisfied.", "success": true, "res_time": 906.5352650000132, "tension_error": [0.03613743885901072, -0.006013118567940127, -0.04461308357540031, 0.03589100676841161, 0.03680895063769853, -0.025998900899423184, 0.002438188243273426, 0.007921294374991944, -0.015925559815500905, -0.0014586576103848726, -0.1606344504421165, 0.12061106135408364, 0.14390708781867562, -0.12719443073556988, -0.0905224765803089, 0.07347819071575931, 0.02353951638663159, -0.003964134569663454, -0.09938829518241837, 0.0862563580333412, 0.019338277113140498, -0.032930147218046345, 0.03446450336665935, -0.007138634847414734, -0.050104683371532725, 0.061108470677560124, -0.02727540335225497, 0.0658361494899295, -0.060390991750876206, 0.10132732279711176], "git_revision": "018ef57f2e70e762a509d3bbb7a77c8182022b6e", "linregress": [-0.4312362327386589, 0.08184813277366565, -0.6066564186149445, 0.0003793949582371638, 0.10679255359027957]}