{"x": [0.09906553255086085, 0.12398577208585031, 0.18119652151882987, 0.1835569616964618, 0.12584424906077218, 0.10194620443210942, 0.12139073996178483, 0.1808786379720431, 0.1760303130637562, 0.1274647853295822, 0.002490283769150255, 0.006394656711765242, 0.005134544291298503, -0.01221847249737742, 0.010265613285412513, -0.011912484363425659, 0.011105885080518322, -0.011748468843636457, -0.005082858383462934, 0.007799076813011336, 0.05517711591157494, 0.05693542916711508, 0.05809560411160649, 0.05613280513725365, 0.057838090895884216, 0.051110971459788615, 0.05286076751728799, 0.06436180444505668, 0.061059438380010884, 0.05012254561997948], "cost": 0.8926765537456199, "fun": [0.2643706430577257, 0.20041129723291845, 0.20019009132418036, 0.45635000204452236, 0.32577944368441303, 0.20109134779298868, 0.3600839386922833, 0.09555899567319315, 0.48204774283594365, 0.5013777369141817, 0.1744485395194961, 0.12076511015109179, 0.12392422073392034, 0.5317405250240879, 0.006506671082047639, 0.2904515060916818, 0.00853300094641859, 0.40272170942155433, 0.23742201177603692, 0.10812878953746001, 0.0, 0.0, 0.0, 0.0, 0.0, 0.0, 0.0, 0.0, 0.0, 0.0, 0.0, 0.0, 0.0, 0.0, 0.0, 0.0, 0.0, 0.0, 0.0, 0.0, 0.0, 0.0, 0.0, 0.0, 0.0, 0.0, 0.0, 0.0, 0.0, 0.0, 0.0, 0.0, 0.0, 0.0018241088349660265, 0.0, 0.0016904682982380132, 0.0, 0.0016216002718115888, 0.00013131793030057338, 0.0, 0.0, 0.0, 0.0, 0.0, 0.0, 0.0, 0.0, 0.0, 0.0, 0.0], "grad": [-0.44424464551108045, 0.3488582087308818, 1.6158520676838726, -1.2084507023293654, -0.8900520163440806, 3.9307650777553302, -1.4111736569124025, -1.700194754733027, -0.2858213032865333, 0.10497905136332975, 0.011965714974629005, -0.5119760055179705, -1.4444589563710954, 0.8407411787332737, 0.6155927792612703, 4.587226935032037, -3.449052327998521, -0.2727231475268086, 1.0147254880728864, -1.0199993910167844, 0.38821563685926197, -0.5548601234199548, -0.5190335446335426, -2.8408424476078493, 2.937536483815764, -3.7844759901283833, 0.8392523507627256, 1.8806276139072917, 0.3877561083220331, 0.6620323536154129], "optimality": 4.587226935032037, "nfev": 973, "njev": null, "status": 2, "message": "`ftol` termination condition is satisfied.", "success": true, "res_time": 1417.6090229999973, "tension_error": [-0.0600699931185203, 0.060345976462849456, -0.0010163641788828667, -0.036823406876230425, 0.03215353802544466, -0.10376876677369405, 0.09971169602140312, 0.003805816802631162, 0.07735319099442634, 0.0075705759492379855, -0.037776724059972906, -0.09700468077219909, -0.07788922100724235, 0.18534990657923894, -0.1557257229852755, 0.18070817480347992, -0.16847234894506388, 0.17822011737428828, 0.07710516406470373, -0.11830923701847634, -0.0010959843323580982, -0.027768974570815064, -0.04536841816928552, -0.015593451895210527, -0.041462033759344936, 0.060585988961607405, 0.034042201605221936, -0.14042446111254875, -0.09032873582626053, 0.07558005938313118], "git_revision": "018ef57f2e70e762a509d3bbb7a77c8182022b6e", "linregress": [-0.5140557077832038, 0.11026815648388161, -0.5716442498319269, 0.0009671239640754162, 0.13943915916546523]}