{"x": [0.08619426902792582, 0.1324386525953819, 0.17866734264840087, 0.18130796859420792, 0.12684634418793095, 0.09944459919683135, 0.12119935127589078, 0.1811798530581447, 0.1804915753490295, 0.13678774803981536, 0.008306250180349542, -0.013226120000172882, 0.005091602723995778, -0.008844432772879348, 0.008342127870530272, -0.009130336509577982, 0.0006212540180095168, -0.0052332846558119, 0.01888856217367391, -0.008600156543744745, 0.061074145435752805, 0.05777987432199252, 0.055135674113466066, 0.04731615885147139, 0.06874707209473564, 0.05883733903945799, 0.04824071322867985, 0.05433899494716605, 0.05322037561215903, 0.04089629542807532], "cost": 1.017809247816247, "fun": [0.4483854867905989, 0.28792324277595693, 0.26926106945814743, 0.47826307977045696, 0.36542788524797654, 0.48853962269750156, 0.2743941859361519, 0.07480050168653182, 0.22743698317007213, 0.1967148266366072, 0.346172710268783, 0.45597902463985346, 0.44810016753021953, 0.3113712422271302, 0.17323274039683387, 0.30055767645511716, 0.20236331818203188, 0.25216854999678384, 0.1980717868508132, 0.13149176447935762, 0.0, 0.0, 0.0, 0.0, 0.0, 0.0, 0.0, 0.0, 0.0, 0.0, 0.0, 0.0, 0.0, 0.0, 0.0, 0.0, 0.0, 0.0, 0.0, 0.0, 0.0, 0.0, 0.0, 0.0, 0.0, 0.0, 0.0, 0.0, 0.0, 0.0, 0.0, 0.0023136484815854514, 0.0, 0.0006918468302801505, 0.0, 0.0007611326512873685, 0.0, 0.00014332537090015204, 0.0, 0.0006360907345583411, 0.0, 0.0, 0.0, 0.0, 0.0, 0.0, 0.0, 0.0, 0.0, 0.0], "grad": [0.7694409414907966, -0.057783727203492674, 1373.5888741833546, 1374.3465798812454, -0.6949445864108614, -1379.3550357020672, -1373.840486651086, 1.2471162834563672, 0.3662940474823877, -0.2209246326852412, -0.7680163806735893, 1.095198819637682, -0.2964220447154692, -1372.794808345597, 1373.2686894559938, -1378.275996577298, 1.4601161452253213, -0.41238944793314114, 0.869704807264907, 1374.9299012828367, -1371.5736152608958, -1.096229312946594, -0.030023373014100407, 2.152278534249254, 1370.696627162927, 2.617709086030211, 1377.2898485636765, -1376.1251179353326, -1.3927852385003172, 0.04873785714092094], "optimality": 1379.3550357020672, "nfev": 382, "njev": null, "status": 2, "message": "`ftol` termination condition is satisfied.", "success": true, "res_time": 680.2911429999513, "tension_error": [0.135182522451232, -0.06788123140650056, 0.037350384811780254, -0.00270697689780375, 0.016952109349130624, -0.06582030007653143, 0.10261499469956438, -0.000763509525285523, 0.009677419904515289, -0.1338554711899889, -0.12600287763319246, 0.20063556283029899, -0.07723781261804848, 0.13416691722728927, -0.12654712950466857, 0.13850397579980078, -0.009424203739440959, 0.07938707741622361, -0.2865328080132816, 0.13046133322246822, -0.09055183666054287, -0.040578908922381425, -0.0004673269114240044, 0.11815195414983261, -0.2069474204568871, -0.05662027470154375, 0.10412679122706983, 0.01161801428642449, 0.028587073985644963, 0.21553901182282248], "git_revision": "018ef57f2e70e762a509d3bbb7a77c8182022b6e", "linregress": [-0.5583614394663068, 0.1286375830154776, -0.4831263153597776, 0.006842820180540117, 0.19123042492636363]}