{"x": [0.09826135326998588, 0.1282350761476189, 0.17990673149124659, 0.18057248247045427, 0.13043264901928361, 0.09290192310868632, 0.12935664378306644, 0.17889467514702154, 0.1768586071303721, 0.12971280161437448, 0.0022742856274894636, -0.0035031195298607996, -0.0010006832929455106, 0.0020748319832268785, -0.0007558416389972095, -6.27651152884747e-05, 0.0011086171929011882, 0.001248123117366874, 0.005249808570276077, -0.0018163046694778771, 0.051700929048856245, 0.054895278053063726, 0.056630360958398886, 0.05731660003765935, 0.04518960511812566, 0.05651117925099505, 0.05396248271360166, 0.05710523550170029, 0.05610428695486433, 0.05549899183454376], "cost": 1.0874454776266926, "fun": [0.37800145407505814, 0.3521100959994912, 0.19979587475835336, 0.3734997191762948, 0.2320369134551728, 0.2831362978412803, 0.4217659097435331, 0.4246192320182741, 0.24913627049350848, 0.2628309578054674, 0.09665243133485413, 0.11832963267033972, 0.5724986237880891, 0.27761931014221136, 0.4759355935836355, 0.3914556291336637, 0.12258808765980389, 0.20744214669742406, 0.09559836287673598, 0.47972654963521644, 0.0, 0.0, 0.0, 0.0, 0.0, 0.0, 0.0, 0.0, 0.0, 0.0, 0.0, 0.0, 0.0, 0.0, 0.0, 0.0, 0.0, 0.0, 0.0, 0.0, 0.0, 0.0, 0.0, 0.0, 0.0, 0.0, 0.0, 0.0, 0.0, 0.0, 0.0, 4.298974493314079e-05, 1.002051279823302e-06, 0.0, 4.318097458311299e-07, 2.4726064206752123e-10, 0.0, 0.0, 0.0, 5.99192126992756e-06, 0.0, 0.0, 0.0, 0.0, 0.0, 0.0, 0.0, 0.0, 0.0, 0.0], "grad": [-1.5503710327372946, 2.207344604888025, -0.030021516644782587, 2.808306889984965, 0.6230777211082921, -1.071986438833909, -3.827946734669057, -0.5744660942139102, 1.477989262742576, -1.4493896707636043, -0.1954924983825599, 0.8691594265605298, 4.965911749218135, -0.8683407171869573, -4.378684861921629, 2.1067441174731596, -4.130431148547569, -1.67139904137674, 0.8702570183810541, -0.4492133227626165, -2.3073562864165638, 3.4828595864586394, -6.082793159834401, -0.3721513247909951, -8.901494707808714, -3.5445036621331694, -6.075009195854688, 10.770624622475074, -10.075252185029374, 0.9758529663966868], "optimality": 10.770624622475074, "nfev": 635, "njev": null, "status": 2, "message": "`ftol` termination condition is satisfied.", "success": true, "res_time": 1045.701159999997, "tension_error": [-0.04787087783507305, -0.004114463338004588, 0.01854929439019832, 0.008450087486252979, -0.037450866603760874, 0.03342978228656209, -0.02112824771220689, 0.03390183120650675, 0.06478826293976564, -0.026531036053759397, -0.034500108641252594, 0.05314108434871654, 0.015180011650610696, -0.0314744673969077, 0.011465850351334976, 0.0009521246013076489, -0.01681733074084982, -0.01893358627708934, -0.0796377393547692, 0.027552699478549318, 0.051636540980866036, 0.003179396305995733, -0.02314119773553722, -0.03355120187142664, 0.15041102220404023, -0.02133325338422849, 0.017329571711632796, -0.030344876612472635, -0.015160841154153969, -0.005978728248603131], "git_revision": "018ef57f2e70e762a509d3bbb7a77c8182022b6e", "linregress": [-0.0044720648742278, 0.03155934959938075, -0.009695019291847547, 0.9594478315570429, 0.08716858383905404]}