{"x": [0.10031129194068054, 0.12536610844605986, 0.17539174318223127, 0.17364570564483373, 0.12715656533972577, 0.09613325212324247, 0.1241805039014493, 0.17295857321279184, 0.18618908477200707, 0.1477464332256963, -0.01108729433441552, 0.011543325782404287, 0.016056465157083866, -0.0007365417049170781, -0.008454949493717336, -0.0025628793091074585, 0.01593393596102268, 0.007653829194654878, 0.0014356451108352725, -0.01529228309483694, 0.0549252505221876, 0.05080548808974881, 0.052338912429161756, 0.05703660180196635, 0.04974256754398251, 0.05736188161579864, 0.0591016370343208, 0.05814963642734001, 0.05691473937155355, 0.05114733873806881], "cost": 0.7738735400043248, "fun": [0.2439106246683417, 0.3272199416307326, 0.04740739247029429, 0.284335535379348, 0.3663808605568335, 0.29521738659596797, 0.3181067656641689, 0.35964355327504605, 0.08761824728587814, 0.23322179383516906, 0.12913625484419736, 0.44696949630606436, 0.08812489397354402, 0.35872650608226087, 0.46307390495524725, 0.20111218618099908, 0.33791225019306476, 0.07398386616768517, 0.23656386113370936, 0.025820616330031767, 0.0, 0.0, 0.0, 0.0, 0.0, 0.0, 0.0, 0.0, 0.0, 0.0, 0.0, 0.0, 0.0, 0.0, 0.0, 0.0, 0.0, 0.0, 0.0, 0.0, 0.0, 0.0, 0.0, 0.0, 0.0, 0.0, 0.0, 0.0, 0.0, 0.0, 0.0013629399785290168, 0.0, 0.0, 3.9956922224407636e-07, 0.0006044119648080286, 1.6833889214803393e-05, 0.0, 0.0, 0.0, 0.0035761603819252927, 0.0, 0.0, 0.0, 0.0, 0.0, 0.0, 0.0, 0.0, 0.0, 0.0], "grad": [0.09867004729549933, -0.31622235756150247, -0.2532908295966332, 0.7086566405243593, 0.8100439910932353, 0.8288865044295632, -0.9630440033452312, 0.4949329210697089, -0.5196325131397321, -0.11282140097808568, 2.2326847093237587, -0.4484924066377733, -0.7408974675092969, -0.05995166776301142, -0.13221085609425653, 0.10011918163555089, 0.09064408367871912, -2.574464316185485, -0.7136488777173935, 2.7298874166605995, -1.3868302166771134, 0.5488567855096811, 0.7310679479161877, 1.018977172995612, 0.8700594231026493, -1.5149213810951476, -0.6233926242038237, 0.03343190538931129, 1.3200452165176886, -0.7119359393909024], "optimality": 2.7298874166605995, "nfev": 814, "njev": null, "status": 2, "message": "`ftol` termination condition is satisfied.", "success": true, "res_time": 1465.296452999988, "tension_error": [-0.07896772248467879, 0.039406762050599314, 0.08704007025943783, 0.11352684219512323, 0.01224616418974866, -0.015588336066883576, 0.05739196368940119, 0.12395039817676205, -0.07675178305108304, -0.3000948497923714, 0.16819033390151958, -0.17510816968664375, -0.2435708978759075, 0.01117307717698723, 0.12825859362772724, 0.03887797272686029, -0.2417121733055453, -0.11610588201653115, -0.021778228598654543, 0.23197852625356274, 0.0027247245495014795, 0.06522006364733776, 0.041958558731929864, -0.02930372766062089, 0.08134419241230599, -0.034238107397438905, -0.06062958181152967, -0.046188069289801376, -0.02745511768933529, 0.060034310211811], "git_revision": "018ef57f2e70e762a509d3bbb7a77c8182022b6e", "linregress": [-0.1849998550148717, 0.10322257005888608, -0.14691324345562795, 0.43851534427555205, 0.23539287282164442]}