{"x": [0.10320524344373677, 0.11847622102968093, 0.18060065205320214, 0.182351785258257, 0.13116349723847287, 0.09260554124567938, 0.12514154275384654, 0.18100352595436695, 0.17676500670753215, 0.13072543599312417, -0.013204369800915258, 0.009606858539452907, 0.006454968706845733, -0.006275244154037376, -0.008846977638254911, -0.010678775850618391, 0.008235768063513215, 0.010013787909699643, 0.0027357167140396165, 0.0028319045960950675, 0.051578020873580474, 0.044433777365425725, 0.05488282891238988, 0.051826254639048386, 0.04912299734440243, 0.057999223890285036, 0.05095084058270659, 0.054982739773145765, 0.046123289713553096, 0.06729569005354058], "cost": 1.362593690165074, "fun": [0.4299919249389605, 0.6021565615293826, 0.1993830227514974, 0.4250937724044581, 0.4444822038540601, 0.14406953319190977, 0.4913313105763317, 0.2423395148331407, 0.4444885046962682, 0.3903748471147307, 0.3156633095977151, 0.4850968180251362, 0.04990023674427652, 0.36380349571163584, 0.5369216521879439, 0.34772607844689146, 0.06951506158820112, 0.13609735361958686, 0.37826595852506245, 0.20826603659245851, 0.0, 0.0, 0.0, 0.0, 0.0, 0.0, 0.0, 0.0, 0.0, 0.0, 0.0, 0.0, 0.0, 0.0, 0.0, 0.0, 0.0, 0.0, 0.0, 0.0, 0.0, 0.0, 0.0, 0.0, 0.0, 0.0, 0.0, 0.0, 0.0, 0.0, 0.0023022529385862034, 0.0, 0.0, 0.00024711088915064914, 0.0006924442107145549, 0.0012177675917621675, 0.0, 0.0, 0.0, 0.0, 0.0, 0.0, 0.0, 0.0, 0.0, 0.0, 0.0, 0.0, 0.0, 0.0], "grad": [-1076.7001724907573, -1074.974386840625, -0.13487692000689377, 0.4209673118967292, -0.10945979589960775, -0.4247885724097531, 0.47388551001030255, -1075.7851430735432, -1075.190193155027, 1074.6566292903465, 1.142984248627361, -1.3201826503590008, 0.4023307053742899, -1075.1817316637903, 0.39436515174125786, 0.7114769949444355, -0.35861408806139883, -0.6584346050850629, -0.5453226176213017, -0.36454701784155086, 0.6459397755243153, 1077.020913335228, -1075.8047356294107, 1075.5829782214134, 0.4410512966002482, -1075.8115095238868, 0.6739269931564804, -1075.2148094014956, 1076.2587462153115, -0.4262528961493226], "optimality": 1077.020913335228, "nfev": 1252, "njev": null, "status": 2, "message": "`ftol` termination condition is satisfied.", "success": true, "res_time": 2147.702439000015, "tension_error": [-0.12286794330618098, 0.14392391746764618, 0.008022764878470789, -0.018541306533433288, -0.04853757561582499, 0.0379257903294585, 0.0428133441811869, 0.0019113102788767412, 0.06620814825136143, -0.04189234144937785, 0.20030561999977367, -0.14573264646540357, -0.09791959240752635, 0.0951932345031177, 0.1342055219350151, 0.161993252979666, -0.1249336888476119, -0.15190562109670633, -0.041499855033707546, -0.0429589911865171, 0.053501014531883044, 0.16187666190515665, 0.0033682453672334856, 0.04973539610051482, 0.09074285322167454, -0.043906364297833726, 0.06301511773478063, 0.0018526329442133877, 0.1362473570999043, -0.18493046819022438], "git_revision": "018ef57f2e70e762a509d3bbb7a77c8182022b6e", "linregress": [-0.47573423531677816, 0.11530988381611926, -0.5059085845681934, 0.004341810932455182, 0.1532908738233705]}