{"x": [0.09697533208357, 0.12283540474881871, 0.17963430780008835, 0.18232368200648494, 0.12918423723627542, 0.09666823891654246, 0.1265548930150515, 0.1824313373706098, 0.18657897103709167, 0.12472393853597302, -0.004763042228197345, 0.006922386222559494, 0.0019933620380878972, 0.0017097602953622519, -0.004597943146029744, -0.00015617313378315376, 0.0013769539622941701, 0.008654848154341305, -0.0003693974621366344, -0.00029333382295389167, 0.05334354115841941, 0.05632902754829715, 0.0602640175805536, 0.050554632526519004, 0.05916638654663036, 0.05979874953687533, 0.05139115066903802, 0.056218905111802546, 0.04490712719333198, 0.05605138003148147], "cost": 0.9958841081182872, "fun": [0.2287545411488683, 0.21716530147649066, 0.16993190635110525, 0.3970592567683402, 0.29770979361681604, 0.3108027450299986, 0.44636346751469114, 0.30620906777793044, 0.33816578629547595, 0.17140832135580286, 0.3206763162145044, 0.23002109812047825, 0.2433908237357162, 0.29977386554553515, 0.3355141841973854, 0.5730893374357592, 0.22048578504504296, 0.4098539641202079, 0.2527158101676597, 0.23972485010407182, 0.0, 0.0, 0.0, 0.0, 0.0, 0.0, 0.0, 0.0, 0.0, 0.0, 0.0, 0.0, 0.0, 0.0, 0.0, 0.0, 0.0, 0.0, 0.0, 0.0, 0.0, 0.0, 0.0, 0.0, 0.0, 0.0, 0.0, 0.0, 0.0, 0.0, 0.00010805709696054511, 0.0, 0.0, 0.0, 9.720548928421224e-05, 3.809070184873842e-09, 0.0, 0.0, 5.040594046834648e-08, 2.5239830091301455e-08, 0.0, 0.0, 0.0, 0.0, 0.0, 0.0, 0.0, 0.0, 0.0, 0.0], "grad": [-0.8880704322497519, 167.2007332977922, -10.152655171672688, -5.733132494873704, -169.55940921286674, 6.789315244048591, 161.49417366436845, -3.07446036375542, 8.483540014135677, 7.731350983620802, -0.7815431890351032, 9.509763715896582, -12.448526171092462, -2.9945033829845213, 7.421405516246413, -180.2428357458503, 164.30640615423744, -163.63668198627192, -16.177091048874704, 8.114269696168861, 0.07987496581555575, -19.389321724167772, 6.676380717501078, 17.29114524394907, 0.014943457270497618, 223.63930119777436, -167.46972538868354, -17.37894584907285, -158.85890956692995, 147.60204663737176], "optimality": 223.63930119777436, "nfev": 200, "njev": null, "status": 2, "message": "`ftol` termination condition is satisfied.", "success": true, "res_time": 385.11103899998125, "tension_error": [-0.028362391253606494, 0.07779664212472986, 0.022681865439238075, -0.01811499014309561, -0.018512901370982746, -0.023703896516895806, 0.02137332056658946, -0.019748083943288593, -0.08266621980457002, 0.0491482524757029, 0.07225366609605571, -0.1050101508132224, -0.03023859714195013, -0.02593645900388169, 0.06974917140879827, 0.002369091207031621, -0.020887904632098452, -0.13129098561288907, 0.005603628858871607, 0.004449770353266721, 0.026718696207813725, -0.018570076474385404, -0.07826248360838012, 0.06902545382352439, -0.0616118090138419, -0.07120453193327643, 0.05633576944595442, -0.016899558058852394, 0.1546961124215322, -0.014358261837589382], "git_revision": "018ef57f2e70e762a509d3bbb7a77c8182022b6e", "linregress": [-0.07497123530358817, 0.05152821214003921, -0.12332398369862076, 0.516172286089324, 0.11400927512465982]}