{"x": [0.09725065049218304, 0.12219327204840512, 0.17919884999983507, 0.17728794022593494, 0.13305946044579312, 0.09161646390471893, 0.13121072782007304, 0.1768951482460614, 0.18193846993177334, 0.12839010856052027, -0.006075673064580042, 0.0025707289742595354, -0.012381956012530943, 0.0023458008997581195, -0.004538702234785087, -0.004913937651945326, 0.006198474633886673, 0.011245289569604654, -0.006580355175304049, 0.0031915967737586337, 0.05304958949150127, 0.05520252850967205, 0.06413332882743426, 0.0624880890209321, 0.05450258952745532, 0.05745859121368188, 0.05283741673666652, 0.04690814152323281, 0.05163879341920261, 0.061545746900360535], "cost": 0.9906016559247551, "fun": [0.19630918599854222, 0.5191576701016389, 0.2250391155893956, 0.4160461290670412, 0.2280026036068501, 0.3271120015814976, 0.480924568762661, 0.16969041251814718, 0.3418662726437125, 0.3353380715668824, 0.2968817783321651, 0.14067387609640894, 0.3297272979792165, 0.3547771920312579, 0.3105951424223134, 0.04519890141470857, 0.22198172008376763, 0.4196710595150315, 0.3253342213859089, 0.16951841138742293, 0.0, 0.0, 0.0, 0.0, 0.0, 0.0, 0.0, 0.0, 0.0, 0.0, 0.0, 0.0, 0.0, 0.0, 0.0, 0.0, 0.0, 0.0, 0.0, 0.0, 0.0, 0.0, 0.0, 0.0, 0.0, 0.0, 0.0, 0.0, 0.0, 0.0, 0.00022427619973849566, 0.0, 0.0018983127753654096, 0.0, 9.3496439884033e-05, 0.00011865578737180791, 0.0, 0.0, 0.0002849364479263385, 0.0, 0.0, 0.0, 0.0, 0.0, 0.0, 0.0, 0.0, 0.0, 0.0, 0.0], "grad": [1.9437280801429857, 0.010507539587511161, -0.13117735058688673, 0.737680934549417, 0.19397996934429418, -0.9294085307313908, -1.6839022455524244, 1.856739070720291, -0.6235796936738587, -1.546407958410116, 4.066005622365833, -3.1000974476503407, 4.443373856402928, -0.7114049829670088, 3.4248969456206986, -2.4794749421901487, -1.6742023435597997, -2.2175226192235353, 0.9178259196115526, 0.23139799041014975, -0.1915838519630313, -0.055371619484566814, -0.00574905381773938, 0.5231432097200068, -0.4174614713289784, -1.7335799491338832, 1.9614991602796628, 0.20325142747995484, 0.10326376974159568, 0.717104987840695], "optimality": 4.443373856402928, "nfev": 413, "njev": null, "status": 2, "message": "`ftol` termination condition is satisfied.", "success": true, "res_time": 708.9134369999811, "tension_error": [-0.03253887414268493, 0.08753756809224995, 0.029287606264326527, 0.0582754317187576, -0.07729866694126766, 0.05292974379303668, -0.04925404683505087, 0.06423394713795283, -0.012271459204484922, -0.0064662502126889955, 0.09216581165670434, -0.03899704937109123, 0.18782989368625705, -0.03558497002935404, 0.06885050773645927, 0.07454269630837776, -0.09402866803287194, -0.1705870657424724, 0.09982166078964513, -0.048415394312319844, 0.031177839035510326, -0.0014814844580281362, -0.13695856679629617, -0.11200086078999508, 0.009136342360576593, -0.03570515779484516, 0.03439642468897253, 0.12434143271910252, 0.052579116507718106, -0.09770586409125787], "git_revision": "018ef57f2e70e762a509d3bbb7a77c8182022b6e", "linregress": [-0.27726996092342926, 0.0854912916742549, -0.37531475799384206, 0.04098029334641862, 0.1294076165129355]}