{"x": [0.09317809840430749, 0.12725292480410483, 0.18341674144606165, 0.17758805564406788, 0.12780633998862012, 0.10102936084665498, 0.12865197152710223, 0.17975179231769492, 0.18649792264479084, 0.11967601198100432, 0.005622926759886365, -0.01308826165891363, -0.008804085611850337, 0.007157802821638982, 0.005721707090209033, -0.003025902078082447, 0.010801841241103066, 0.003109342845045908, -0.02015469651813819, 0.004662954543724725, 0.046636281525944165, 0.051297711005420146, 0.04715517184596556, 0.05939695215142508, 0.056475240585908484, 0.05486418382464654, 0.049266506406083516, 0.06391931374861282, 0.052141090343899174, 0.05417867878929648], "cost": 0.982257039276573, "fun": [0.28971546701394346, 0.15739747707211527, 0.37201796063213033, 0.19494445032306676, 0.4563997133543312, 0.4252350309951419, 0.24151680057683936, 0.38422886140380674, 0.49870964594821376, 0.20540060742128688, 0.024946537515403024, 0.3788426658228473, 0.10459585068764098, 0.4214082382624548, 0.37153213011877767, 0.13299016453789636, 0.16404290956216788, 0.20976546793065717, 0.46054392786982307, 0.14811910468654269, 0.0, 0.0, 0.0, 0.0, 0.0, 0.0, 0.0, 0.0, 0.0, 0.0, 0.0, 0.0, 0.0, 0.0, 0.0, 0.0, 0.0, 0.0, 0.0, 0.0, 0.0, 0.0, 0.0, 0.0, 0.0, 0.0, 0.0, 0.0, 0.0, 0.0, 0.0, 0.0022420531633350967, 0.000682421610087987, 0.0, 0.0, 2.770541174522831e-05, 0.0, 0.0, 0.008187075384573615, 0.0, 0.0, 0.0, 0.0, 0.0, 0.0, 0.0, 0.0, 0.0, 0.0, 0.0], "grad": [10.17276815254696, -7.116128903757949, 15.797148438580006, 0.0808301489988601, -0.10231963609355388, -6.81016715293925, -7.893554886494317, 19.099997553190327, 14.371727238638078, -13.738982647023525, -2.6218588178473983, 17.888025350570135, 4.362463918632698, -3.214921572751634, -1.2080519697996566, -12.55369871309481, 4.607987187016571, -7.6259731836277025, 10.36705619184829, 1.7702523625477946, 10.822721810590838, -757.130878463525, -755.09989318427, 757.388600867457, -4.067625163778626, 9.325716255287208, -4.619663577225793, -0.5844874696120226, 759.4245475246215, 18.345677108636732], "optimality": 759.4245475246215, "nfev": 382, "njev": null, "status": 3, "message": "`xtol` termination condition is satisfied.", "success": true, "res_time": 605.1369039999845, "tension_error": [0.0292403007246185, 0.010784425193772153, -0.03469631526819495, 0.053722786965015396, 0.0023893125664401537, -0.08986057383482797, -0.010438618804830572, 0.020899666856922766, -0.08143674435708008, 0.12572351305619964, -0.08529781033353727, 0.19854430054861397, 0.13355486506372546, -0.10858133736341932, -0.0867962730097108, 0.04590186437878286, -0.16386011142980106, -0.04716763130381355, 0.30573961823555706, -0.07073537131978853, 0.12846545273149756, 0.05775321609700563, 0.12059407008841513, -0.06510940769634982, -0.020788076544995288, 0.003651084754246158, 0.08856587150963381, -0.1337120337395153, 0.04495944980326467, 0.014049953703617958], "git_revision": "018ef57f2e70e762a509d3bbb7a77c8182022b6e", "linregress": [-0.47693901034250225, 0.11087435323384129, -0.45284894152608074, 0.01197482855506865, 0.17745748656996074]}