{"x": [0.09148303248301116, 0.12581769978956805, 0.1764665172049817, 0.1822406865139909, 0.13255494711802981, 0.08987421174730452, 0.13947333902493994, 0.1867664520817606, 0.18095709652265993, 0.12082314223566912, 0.006352258586131941, 0.0037277068681918863, 0.017512609693550472, -0.00524929286021471, -0.005134036200142206, 0.00046939984235406986, -0.022905316072673314, -0.006175294165610721, 0.011560558993414285, -0.003775546431879837, 0.05926747993405487, 0.05743114668267071, 0.05137884504405775, 0.0527857843228892, 0.061371185649115874, 0.05539641288757288, 0.0547011415164004, 0.049166737745921334, 0.057086822463552865, 0.05118837680424953], "cost": 0.9018712455432982, "fun": [0.3258429196863829, 0.5048760935951022, 0.24263573429221183, 0.04181060977852044, 0.2880228297063589, 0.30579934608351156, 0.2026363145789513, 0.37931354058201994, 0.28509854966934256, 0.2968309185992513, 0.37744761382370057, 0.2762503982448628, 0.16176331835890626, 0.227044578257758, 0.18466633830492504, 0.25985367255277586, 0.358644710047039, 0.03355567074112543, 0.45244707840750686, 0.3442677928054076, 0.0, 0.0, 0.0, 0.0, 0.0, 0.0, 0.0, 0.0, 0.0, 0.0, 0.0, 0.0, 0.0, 0.0, 0.0, 0.0, 0.0, 0.0, 0.0, 0.0, 0.0, 0.0, 0.0, 0.0, 0.0, 0.0, 0.0, 0.0, 0.0, 0.0, 0.0, 0.0, 0.0, 0.0001446446612543854, 0.00013532460860944995, 0.0, 0.012017354346667262, 0.0002354902611338277, 0.0, 5.3819473744092784e-05, 0.0, 0.0, 0.0, 0.0, 0.0, 0.0, 0.0, 0.0, 0.0, 0.0], "grad": [-0.16216824405861996, 0.28321608253911235, 0.30557036766971635, -0.6959577486826154, -0.052183399848830636, 1.089335383880651, 0.3408742846418553, -0.423493298177926, -1.6481619891002337, 0.7602356195118289, -1.2245208374893433, -0.8380640146892696, -1.7706379812060669, -0.41410261301330525, 0.5641370561158585, 0.570569257130408, 4.670182590079373, -1.0189701954589943, -1.0772020822415822, -0.03687346911435466, 172.09939614498938, 0.35314269713019986, -0.026708007977686243, 1.6397589232793293, 0.00880204469054302, -1.1490708146155457, 1.366177777878776, -2.3989471959078545, 2.5172593128149687, 0.9238979108222907], "optimality": 172.09939614498938, "nfev": 570, "njev": null, "status": 2, "message": "`ftol` termination condition is satisfied.", "success": true, "res_time": 963.302601000003, "tension_error": [0.054953851270757685, 0.032556281080150434, 0.07073612844074156, -0.016855977874289375, -0.06964537818614872, 0.07935909285312191, -0.17459493664360676, -0.08551024094732923, 0.002615628337559614, 0.10832195278899144, -0.09636151620093589, -0.05654799484325518, -0.26566009551152725, 0.07962991621552518, 0.0778815134440937, -0.007120629599756497, 0.3474655440890173, 0.09367702852716998, -0.1753695914029384, 0.057273704105379096, -0.06314535994821067, -0.03528883396548564, 0.05652244142487669, 0.03517967014556631, -0.09505783164550839, -0.004422641901301578, 0.006124378908517223, 0.09007932679993834, -0.03006555733576291, 0.05941177726144246], "git_revision": "018ef57f2e70e762a509d3bbb7a77c8182022b6e", "linregress": [-0.3478980059326939, 0.10384831849621151, -0.29109454552280706, 0.11860436812449295, 0.21607873972629427]}