{"x": [0.09820077507256805, 0.1332288855881363, 0.1781500532085666, 0.1875193154066168, 0.11766290930955925, 0.09954688028913296, 0.13359942059113197, 0.18409369348489818, 0.1727878568962607, 0.12205655341064445, -0.00499973493781671, -0.006372972615376641, 0.011757389499887458, -0.010760581889105537, 0.014993636216938291, -0.011801041535142302, -0.006175026809449348, -0.005724426505378296, 0.005088061215464857, 0.01698210679241346, 0.055577364267762705, 0.056777276133365, 0.0504306770867617, 0.049971859739680664, 0.06659167981588886, 0.050971615553487774, 0.05409125962719253, 0.06628525686157424, 0.054440701986810947, 0.06223855399284166], "cost": 0.853294919654939, "fun": [0.004365521358576182, 0.3621933048814786, 0.3063961713796268, 0.3635140800140698, 0.17545149194282636, 0.285249319086983, 0.39533778269798553, 0.35400707859366976, 0.1516354485311, 0.1983970412829724, 0.391570286824124, 0.19299762590850997, 0.6141270834701742, 0.009584279920926602, 0.14571686010677948, 0.11769690378139362, 0.013756953119990048, 0.48136254744863755, 0.17280957561579846, 0.16904324647332536, 0.0, 0.0, 0.0, 0.0, 0.0, 0.0, 0.0, 0.0, 0.0, 0.0, 0.0, 0.0, 0.0, 0.0, 0.0, 0.0, 0.0, 0.0, 0.0, 0.0, 0.0, 0.0, 0.0, 0.0, 0.0, 0.0, 0.0, 0.0, 0.0, 0.0, 0.00012498012139010406, 0.0002588368804413067, 0.0, 0.0012459690961023574, 0.0, 0.001643467108462531, 0.00023545967617149343, 0.00018758406883962012, 0.0, 0.0, 0.0, 0.0, 0.0, 0.0, 0.0, 0.0, 0.0, 0.0, 0.0, 0.0], "grad": [-2.220748340554214, -0.3697867150321601, 0.5135237366846213, -0.2922310773540655, 2.0278662915018475, -0.17987170503360472, -0.15938118386648448, 0.10765117036419847, 1.3214243000437, 1.2117025210575456, -0.7694448487675274, -0.4022261857090117, 0.4341937635434677, -0.14607159104412532, 0.14190860577173525, 1.2679727177767837, 0.2543137728222491, -0.4637129123851025, 0.3589546201622942, -0.41671840508797, 0.09571342691592877, 1.1445447358704262, -1.6676381862706409, 0.12155168345195921, -0.09576559884849067, -0.49687023525840424, 1.3902928895958737, -1.1432842520051003, 0.956166368172366, -1.692373649209717], "optimality": 2.220748340554214, "nfev": 944, "njev": null, "status": 2, "message": "`ftol` termination condition is satisfied.", "success": true, "res_time": 1460.7893959999783, "tension_error": [-0.04695192800443405, -0.07986878643142697, 0.04519748266859385, -0.09693091132646063, 0.15626156862467175, -0.06737186807383996, -0.08548967138282541, -0.04496543828532389, 0.1265401043227138, 0.089611541474931, 0.07584421079183112, 0.09667574069881882, -0.17835544057472133, 0.1632342216518519, -0.22744815873580818, 0.17901762651148354, 0.0936729728287556, 0.08683752557607548, -0.07718408918613041, -0.2576125541198463, -0.0071676103432051705, -0.025369848981499993, 0.07090581400634886, 0.07786591089543693, -0.174250881866518, 0.0626999687753419, 0.015376071475923864, -0.16960255401963378, 0.010075154464897776, -0.10821550266484985], "git_revision": "018ef57f2e70e762a509d3bbb7a77c8182022b6e", "linregress": [-0.32638954263964254, 0.12140266785060595, -0.3248679779459537, 0.07983708714270378, 0.17956883709625562]}