{"x": [0.09698414134546567, 0.1273238684428575, 0.18091921379809375, 0.18456299111931035, 0.1268683729874314, 0.08993348271532309, 0.13063535067215645, 0.18785308972658157, 0.1826339910686034, 0.12310261150853294, 0.0018677553069493713, 0.000544052735259816, -0.00578671071285498, 0.0013362207640984997, 0.003195227217191901, 0.0032783660825971856, -0.003887910021134646, -0.0057151131527792545, -0.0012599533733256613, 0.003879119271468062, 0.054952303060696865, 0.05432592107762196, 0.06500621858794692, 0.052382525978607784, 0.05020104541373258, 0.05723643085558893, 0.05549844235827123, 0.05910749610222398, 0.049789003359946786, 0.05633526152173184], "cost": 1.171813372043851, "fun": [0.1886816762455927, 0.26325422199814547, 0.6009841708380834, 0.512852987502239, 0.34076588364605814, 0.2495772799919473, 0.1867085021780901, 0.2651703414559308, 0.41324525934200956, 0.2420581620091751, 0.12587984560793944, 0.4872445149647418, 0.32098291441609006, 0.3624786557817194, 0.4070826178887792, 0.39070405616246245, 0.4059512077432261, 0.12918217449399688, 0.3053509680895667, 0.14425761678124027, 0.0, 0.0, 0.0, 0.0, 0.0, 0.0, 0.0, 0.0, 0.0, 0.0, 0.0, 0.0, 0.0, 0.0, 0.0, 0.0, 0.0, 0.0, 0.0, 0.0, 0.0, 0.0, 0.0, 0.0, 0.0, 0.0, 0.0, 0.0, 0.0, 0.0, 0.0, 0.0, 0.00019377391572402715, 0.0, 0.0, 0.0, 5.876904265800173e-05, 0.00018666998821966616, 2.000153934693255e-06, 0.0, 0.0, 0.0, 0.0, 0.0, 0.0, 0.0, 0.0, 0.0, 0.0, 0.0], "grad": [1940.744222525032, -1963.5191081887133, -1951.6989893707478, 5.002469216156312, -2.980200313444925, -20.53095429825464, 2.081882677742395, -22.942534547433887, -1.8298015283672084, -4.4193351699686545, -9.93447446057466, 13.815315847116882, 18.74686357369608, 14.364328327741815, -16.254557004132135, 6.3596380358574525, -4.017081350073409, 0.23348359348891035, 1.2243838058580867, -7.643998037348673, -1947.9791622751272, -11.149770611758594, 3029.010908683188, 6.407443360368463, -21.623834855666228, 21.58455913230222, -1962.5458633018734, 1960.822131436508, -1936.8541944423368, 1957.8716092888035], "optimality": 3029.010908683188, "nfev": 319, "njev": null, "status": 3, "message": "`xtol` termination condition is satisfied.", "success": true, "res_time": 701.796297999972, "tension_error": [-0.028496024641065112, 0.009708235283943177, 0.0031902958715590143, -0.05208451742674879, 0.01661794025145195, 0.07845997323015262, -0.04052577899002701, -0.10199414971712696, -0.022822268870996552, 0.07374321008066677, -0.028333187452871035, -0.008253087583266296, 0.08778235497595695, -0.02026999642124299, -0.04847046685525365, -0.049731654040417836, 0.05897822001567452, 0.08669624531092429, 0.01911304707607549, -0.05884486745218407, 0.0023143471077631847, 0.011816340263681198, -0.15019999575558068, 0.04129695661127644, 0.07438924527426859, -0.03233506373218905, -0.005970392887877561, -0.06071846179949289, 0.08063977750669843, -0.018664643646671975], "git_revision": "018ef57f2e70e762a509d3bbb7a77c8182022b6e", "linregress": [-0.029019172751198342, 0.047661667760423826, -0.05220838487852387, 0.7840899163711589, 0.10489941455954623]}