{"x": [0.0976492315451771, 0.1359152610264228, 0.18244114286831867, 0.17793152873352192, 0.12768379435160349, 0.0967391511464973, 0.12403137536286948, 0.18127205684322148, 0.1834462623843893, 0.1269701316860148, 0.00047112740185231754, -0.006252334064992013, 0.005866171977475229, 0.011881661210272254, -0.0015652862977104118, -0.005032030466393227, -0.0001877123788942471, -0.0016594188329946307, -0.010412126750264051, 0.002793617643271065, 0.054358141593243745, 0.05483309223766811, 0.049613029223678634, 0.055774127362961355, 0.0591036724829756, 0.051646256277744156, 0.05632596469808666, 0.05821102296899335, 0.053909712500893825, 0.05820446772581169], "cost": 1.1920202712775676, "fun": [0.31970801553878114, 0.30790032294312275, 0.19850188962100307, 0.2544862699067415, 0.4389126844483513, 0.18424883223904373, 0.228854862815754, 0.31643567955405705, 0.4244441357023639, 0.3726124009994908, 0.5015732257101982, 0.3527763210387728, 0.39128963155892715, 0.4063792451432917, 0.18944357473202666, 0.13766670973566553, 0.3844130369711599, 0.38720816629736354, 0.397019511191264, 0.424639477872044, 0.0, 0.0, 0.0, 0.0, 0.0, 0.0, 0.0, 0.0, 0.0, 0.0, 0.0, 0.0, 0.0, 0.0, 0.0, 0.0, 0.0, 0.0, 0.0, 0.0, 0.0, 0.0, 0.0, 0.0, 0.0, 0.0, 0.0, 0.0, 0.0, 0.0, 0.0, 0.0002444142504013306, 0.0, 0.0, 3.835141132384966e-06, 0.0001274177071028344, 6.614221592528961e-09, 4.5694932904240595e-06, 0.0011288034779208614, 0.0, 0.0, 0.0, 0.0, 0.0, 0.0, 0.0, 0.0, 0.0, 0.0, 0.0], "grad": [-0.8170297329609753, -1.4447637086250673, -0.6189137127021143, 1.5299701040261688, 0.695520039623357, -0.707709506522844, 0.4508033918911738, -1.140921226177654, -1.232763436960604, 0.4127330510954721, 222.3904099217844, 1.1075304086302686, -1.0001703198521195, -1.7813056893509762, 3.1172274906242645, 0.4962628355553049, -0.5958402779626457, 0.31461881996877494, 2.0860001833909054, -0.4869411515375641, 223.18096445264226, -223.12312597028352, 1.448005398320948, 0.07153999831811664, -3.534761582320604, 2.5917104817654484, -0.4340759946605077, 1.4166604463404795, 1.0911146431905818, 0.36643677590760504], "optimality": 223.18096445264226, "nfev": 507, "njev": null, "status": 2, "message": "`ftol` termination condition is satisfied.", "success": true, "res_time": 1038.2670559999824, "tension_error": [-0.038585207753744834, -0.12062015176207981, -0.01989682987570307, 0.04851242167128059, 0.0042482865402819776, -0.024779609966369635, 0.059654190878601854, -0.0021622083359510214, -0.03514413746219953, 0.015074296782098056, -0.007146836066373253, 0.094845696554721, -0.08898775425783875, -0.18024059847111207, 0.023744839554425513, 0.07633412253864476, 0.002847530401143292, 0.025172796823612953, 0.15794828043086964, -0.0423781916528065, 0.011327566436861591, 0.004122733132804947, 0.08330924291857092, -0.010152436909794378, -0.060660458847762694, 0.05246590758297027, -0.01852361411990513, -0.047119281416612806, 0.018130077175606607, -0.04701984069588558], "git_revision": "018ef57f2e70e762a509d3bbb7a77c8182022b6e", "linregress": [-0.20489445218259753, 0.060878708968608156, -0.28565042648886196, 0.12597342699023187, 0.12990717869031707]}