{"x": [0.09480277962403352, 0.13134224170991388, 0.18286416005259876, 0.1800763849534816, 0.12327387674191444, 0.09694592387251175, 0.13010411607328784, 0.181820937211317, 0.18239005447163695, 0.12510847339067485, -0.0001932055308878501, -0.0012673360193152792, -0.0003511785480666166, 0.00355858914048798, 0.0011895877693332542, -0.001824469994382473, 0.000537856093188094, 0.0026340402959552835, 0.003467510886150081, 0.0002844261352026077, 0.056698926967654446, 0.05396221660453485, 0.056311782866307364, 0.053645239745043205, 0.057895720038230424, 0.05364608966926056, 0.05391233158102199, 0.05301400606184828, 0.05222269677745436, 0.05684602003066702], "cost": 1.1296781077253528, "fun": [0.471292190807035, 0.44567568096288523, 0.29461469112618754, 0.43738429956300784, 0.12304277552033384, 0.4257683665307772, 0.21567023932402982, 0.377868456322271, 0.22183583262298603, 0.41239975854336886, 0.18028687303487173, 0.29959081801371756, 0.12788042127552235, 0.4794296383880004, 0.4212379087992976, 0.34810193172251697, 0.4882713208369088, 0.1009480935333799, 0.16462152176815423, 0.11282248860072051, 0.0, 0.0, 0.0, 0.0, 0.0, 0.0, 0.0, 0.0, 0.0, 0.0, 0.0, 0.0, 0.0, 0.0, 0.0, 0.0, 0.0, 0.0, 0.0, 0.0, 0.0, 0.0, 0.0, 0.0, 0.0, 0.0, 0.0, 0.0, 0.0, 0.0, 7.212048927472468e-09, 2.035519816536789e-06, 4.3309576475778644e-08, 0.0, 0.0, 6.073096412931593e-06, 0.0, 0.0, 0.0, 0.0, 0.0, 0.0, 0.0, 0.0, 0.0, 0.0, 0.0, 0.0, 0.0, 0.0], "grad": [-1650.307871392822, 1558.5573155539992, 1646.6061963359261, 1751.985565832692, -1633.67071774496, 1650.5436279444505, 1646.5613824215088, -1560.3751855805283, -1646.0145832734831, -1747.3214532976986, 0.749749320970213, 1564.236150046111, 1558.8690371258062, -0.45831447632091193, -1565.4088174328317, 1563.2872546746676, 3.6084665127921456, -1563.5912747002956, 1557.024155358985, -1404.8208770294705, -1644.0757065244038, 1406.558207991386, -1401.6732027001804, -1404.8747793917566, -1558.928214471702, 1564.292682508193, -1411.2983064719544, 1.1235015546770457, 1634.7656810877181, 1399.8435029062784], "optimality": 1751.985565832692, "nfev": 260, "njev": null, "status": 3, "message": "`xtol` termination condition is satisfied.", "success": true, "res_time": 492.59422699999413, "tension_error": [0.0045944612089262, -0.05124906603250817, -0.026313850956247824, 0.01597571136802801, 0.07114517706022613, -0.027916279092411306, -0.03246713800253113, -0.010488529401986144, -0.019121836966051527, 0.043314994725133546, 0.0029308595741686775, 0.019225039204778728, 0.0053272543757618895, -0.05398253872445307, -0.018045625749131083, 0.027676564569589203, -0.008159086714553355, -0.03995745973042492, -0.052600913817039054, -0.004314643880387898, -0.024181319846771437, 0.017333608492063713, -0.018308480747384247, 0.022142035347971274, -0.04233624746751541, 0.022129142298179694, 0.018090346656330743, 0.031717627078849356, 0.04372150906730405, -0.02641266959148681], "git_revision": "018ef57f2e70e762a509d3bbb7a77c8182022b6e", "linregress": [0.029074898064067968, 0.024789350894197582, 0.10851970060163793, 0.5681212646600625, 0.0503336217610685]}