{"x": [0.09687260701945707, 0.12457196605704961, 0.1799425141093759, 0.18140196646145182, 0.1336682651761001, 0.09382905938859215, 0.12635160931413308, 0.1812849549941577, 0.17819692515669616, 0.12935642941773415, -0.005233240274462532, 0.006786501707614491, -0.005457577536689381, 0.006073402021165076, -0.0039021022815033937, 0.0047893745486067675, -0.0022532861787091206, -0.003459871867226655, -7.869083848781945e-05, 0.0011629175180088796, 0.05482398829984007, 0.05310677756708628, 0.06357661100703442, 0.04809104486926693, 0.05406319344480839, 0.05354225957403727, 0.0560499458414165, 0.05215012776625778, 0.05771935611987138, 0.05546744319093554], "cost": 0.9251029360044117, "fun": [0.3108206929635768, 0.3967395192583152, 0.27442418737207885, 0.48569289278005406, 0.1717028160858555, 0.2637405654031048, 0.18489192654262704, 0.3581952425934691, 0.32102063165486233, 0.2845688326672445, 0.2830480700140044, 0.2977679066932951, 0.33338277008274964, 0.17660917530819498, 0.3149518523521952, 0.19450346697865586, 0.4031246196572736, 0.23208882882838192, 0.4180126429500375, 0.013116954598051709, 0.0, 0.0, 0.0, 0.0, 0.0, 0.0, 0.0, 0.0, 0.0, 0.0, 0.0, 0.0, 0.0, 0.0, 0.0, 0.0, 0.0, 0.0, 0.0, 0.0, 0.0, 0.0, 0.0, 0.0, 0.0, 0.0, 0.0, 0.0, 0.0, 0.0, 0.00014332172447930954, 0.0, 0.00016255477958731235, 0.0, 5.941497882346505e-05, 0.0, 1.1440606767683046e-05, 4.141713430748868e-05, 4.872731921167519e-10, 0.0, 0.0, 0.0, 0.0, 0.0, 0.0, 0.0, 0.0, 0.0, 0.0, 0.0], "grad": [-1.2036420405621362, 0.1285327161135057, 0.170202705096548, -0.1930224822844382, -0.4604404433158371, 1.0423779322747033, -0.1491455445947487, -0.04054174104211228, 0.6667647989121257, 0.39570950679696093, 0.26314969765240726, -2.806538888485738, 2.0273741636832554, -0.4191871707370901, 1.8706486447743784, -1.478739325460445, 0.6358688258193927, 1.1067441559859614, 1.5244911278132602, -0.7649134964593522, -0.5691278813701803, 2.2229918508144046, -2.3878807263243345, 2.140044608212131, -0.47340018102694603, -1.2087289156693481, 1.1005018096746317, 0.9587156364748304, -0.914129238351709, 0.46064026569867433], "optimality": 2.806538888485738, "nfev": 542, "njev": null, "status": 2, "message": "`ftol` termination condition is satisfied.", "success": true, "res_time": 931.678889999981, "tension_error": [-0.02680408836093615, 0.051453621234123094, 0.018006484728118898, -0.004132891300446484, -0.08653401938909751, 0.01936545281300036, 0.02445706241585873, -0.002357868724071245, 0.04448645179228227, -0.021124995865928854, 0.07938640416684968, -0.10294883077865773, 0.08278952109532939, -0.09213136073128042, 0.05919351158620924, -0.07265311808393297, 0.03418155442995593, 0.05248503260159924, 0.0011937121899230794, -0.017641047468787224, 0.004260836649942032, 0.03031031615411879, -0.12851335435061143, 0.10639720730739471, 0.015801825536757026, 0.02370420812198708, -0.01433650568152198, 0.044822355302274984, -0.03966086919917515, -0.005500146482614019], "git_revision": "018ef57f2e70e762a509d3bbb7a77c8182022b6e", "linregress": [-0.20017081206426668, 0.0567499715962622, -0.3557433891291442, 0.05368865572305806, 0.09938093689946313]}