{"x": [0.09657075288816264, 0.12869871448133788, 0.177302236939696, 0.18227686785446337, 0.1304756394693922, 0.08792055492827724, 0.12392395823829079, 0.18503053335071618, 0.18246483101501346, 0.12573280798775713, 0.002682608595357236, 0.005967044315511038, 0.0009157170196435355, -0.00640004153946127, -0.007229799888221186, 0.004428708284801022, -0.0048748724442023396, -0.012469049854684236, 0.003705593699507361, -0.0009932063310480778, 0.058482679876078185, 0.05078247221068886, 0.0602660087779144, 0.05589579370303152, 0.053300313289263594, 0.06035159265031686, 0.054918768099571295, 0.059594076881683763, 0.046660214343737204, 0.05739151668551793], "cost": 1.1299929539350977, "fun": [0.34761201943969366, 0.26346871584183756, 0.41751293741266615, 0.342685906536528, 0.4118694019182577, 0.17425588858878394, 0.26989764859355914, 0.3314093569672801, 0.43692513099828606, 0.3026246578760451, 0.1932878133466632, 0.261691653101346, 0.14303324456005956, 0.45887236599671233, 0.36009315661494457, 0.2915916820336554, 0.5880077244056048, 0.29862783324223763, 0.30978868651081265, 0.17423874622064817, 0.0, 0.0, 0.0, 0.0, 0.0, 0.0, 0.0, 0.0, 0.0, 0.0, 0.0, 0.0, 0.0, 0.0, 0.0, 0.0, 0.0, 0.0, 0.0, 0.0, 0.0, 0.0, 0.0, 0.0, 0.0, 0.0, 0.0, 0.0, 0.0, 0.0, 0.0, 0.0, 0.0, 0.0002621491044021311, 0.0003779016865995538, 0.0, 0.00011584832778319239, 0.001938653011416801, 0.0, 9.797571414031438e-07, 0.0, 0.0, 0.0, 0.0, 0.0, 0.0, 0.0, 0.0, 0.0, 0.0], "grad": [3.2679876394473637, -0.9654947564313747, -7.298674172628986, -1.873169913875938, 5.131272822191741, 8.685573224061326, -6.804692546950273, -1.3412287400930154, 3.7838418420914186, -0.6785027789091687, 0.14549129456595233, -2.797203390058244, 0.9550331240492264, 3.853528217002852, -4.22980127418053, 11.202368628022805, -16.03594865959214, 1.8114773144608207, -1.1104914257126504, 0.9975930481358806, -2.2989186860661746, -1.6465276605839692, 8.388728971863827, -0.729447398142602, 2.7586557626033574, -5.508171042218512, -6.365654768669014, 15.809823076335837, -15.693305296811612, 2.857025602277096], "optimality": 16.03594865959214, "nfev": 198, "njev": null, "status": 2, "message": "`ftol` termination condition is satisfied.", "success": true, "res_time": 395.9866219999967, "tension_error": [-0.02222506794345023, -0.011147692889391896, 0.058058555627202864, -0.01740483601330186, -0.038103016527831615, 0.10899537586413839, 0.061283670669135794, -0.05917696772538632, -0.020256170683472362, 0.03384405969064171, -0.04069422365560433, -0.09051795195115758, -0.013891103333937935, 0.09708636670394044, 0.1096735074008651, -0.06718193841585035, 0.07395009092278515, 0.18915107646996465, -0.056212545894892156, 0.015066588782941832, -0.05124022062244121, 0.06556920639284189, -0.0782926893681332, -0.011998072259931925, 0.027374447694864985, -0.07959096644473909, 0.0028230606080061086, -0.06809972013890331, 0.1281024003496986, -0.03468766092429091], "git_revision": "018ef57f2e70e762a509d3bbb7a77c8182022b6e", "linregress": [-0.21737735090158705, 0.0720530657350618, -0.33052479738842844, 0.07443102222120904, 0.11730322781951232]}