{"x": [0.09856344238523689, 0.12384521770501537, 0.1868949660440664, 0.17224741981961003, 0.13327730353303832, 0.0986899537267416, 0.12680729066140933, 0.17432742946724908, 0.1833209269821166, 0.1268838969785696, -0.0026101071497726335, 0.002054436106698245, -0.017317733076575654, 0.024795220388168757, 0.0018265092694881619, -0.006438966621951919, 0.005646017317990266, 0.005469456254613429, -0.00037842996825449774, -0.0005977422603671884, 0.05278970655951863, 0.05548008731519364, 0.061785815109829154, 0.04448687466482797, 0.06169314453397015, 0.04970305423496602, 0.054241236241416226, 0.0585635894876361, 0.048578104235917643, 0.05590364079301717], "cost": 1.0204099245375304, "fun": [0.07314596241834931, 0.34461645502270294, 0.4798879254069942, 0.24570546223508402, 0.34195729033673544, 0.17867598633316625, 0.4350576204138279, 0.5216292797170974, 0.3820550451881169, 0.2798078724742257, 0.18869768757334557, 0.07009845151852066, 0.2827094000942115, 0.4370148872144887, 0.42580655465878586, 0.036046849069769175, 0.15853470002619596, 0.25659299382686324, 0.15370351300134982, 0.4276586579894962, 0.0, 0.0, 0.0, 0.0, 0.0, 0.0, 0.0, 0.0, 0.0, 0.0, 0.0, 0.0, 0.0, 0.0, 0.0, 0.0, 0.0, 0.0, 0.0, 0.0, 0.0, 0.0, 0.0, 0.0, 0.0, 0.0, 0.0, 0.0, 0.0, 0.0, 1.7781770834796507e-05, 0.0, 0.005193655323619412, 0.0, 0.0, 0.0002669614309067039, 0.0, 0.0, 5.419466847735802e-08, 2.135708049868372e-07, 0.0, 0.0, 0.0, 0.0, 0.0, 0.0, 0.0, 0.0, 0.0, 0.0], "grad": [0.9048683323767062, -0.5078619544750946, -2.3610650604319074, -0.3197847413973167, -0.8115541272056825, 1.8939171218568784, 0.09200151668498135, -4.002751799773568, 0.9905649224285369, -3.977975980053117, -1.9661467497032499, -0.7199034049087161, 1.686492193830968, 2.0317630260640867, -3.338242582629621, 0.5241566294551702, 0.20269932159086762, -1.330558135220894, 2.048027029730206, 0.10820330943501114, 8.455212447674725, -9.360787406325146, 7.997061567547447, -2.919447109121225, -0.5933395284655631, -0.5330334821236633, -5.972783271323255, 1.5091972108885776, -9.71495081746265, -2.7084870794604115], "optimality": 9.71495081746265, "nfev": 383, "njev": null, "status": 2, "message": "`ftol` termination condition is satisfied.", "success": true, "res_time": 662.5769069999806, "tension_error": [-0.05245346287607532, 0.06247813671141159, -0.08745975230503973, 0.13473834364359927, -0.08060326953201692, -0.054372595184483355, 0.017544537534726238, 0.10318533290870065, -0.03324284373605651, 0.016382446796126583, 0.03959440236707172, -0.031165069163209068, 0.26270388615241846, -0.3761347241682758, -0.027707499651728962, 0.09767684643901202, -0.08564808593372698, -0.08296971704518939, 0.005740648782227961, 0.009067538691215439, 0.035120171203042734, -0.0056919533758666265, -0.10134761392596138, 0.1610711946517067, -0.09994183406421539, 0.0819435953357414, 0.013100979279137467, -0.05246759081514251, 0.09900868896955582, -0.012117109839798896], "git_revision": "018ef57f2e70e762a509d3bbb7a77c8182022b6e", "linregress": [-0.16440228793036088, 0.08826024448993511, -0.13161741455438575, 0.4881266470142177, 0.23400269002458768]}