{"x": [0.09672966930436026, 0.12553877728705953, 0.1788368542929876, 0.18395141238665985, 0.13182644805232227, 0.09404919337312327, 0.12879025417246548, 0.1825598179429097, 0.17815262824044523, 0.12988125673804596, 0.008463218843373246, -4.384039267600033e-05, 0.000880285123025264, -0.011045511376930649, -0.010338818033730088, -0.0048497585997488045, 0.0074023823038235955, -0.008151205489683743, 0.0011845509840596954, 0.004231918509274776, 0.05510780157199561, 0.054306496481421364, 0.06335462944786947, 0.05365828315329728, 0.05252897847581335, 0.057004616015099825, 0.050148339217425855, 0.05513670799561393, 0.055858075253359056, 0.049400562943492196], "cost": 1.377064956300966, "fun": [0.23392042658255588, 0.3371383253068044, 0.4576923635992316, 0.3768974943250175, 0.14997328093523166, 0.34260141187346005, 0.422597738489992, 0.27044850035757206, 0.26753693045265875, 0.3851018228002911, 0.38953903422726205, 0.5183730220521058, 0.4675700121882864, 0.45167727607202085, 0.33567758973895023, 0.24210402802528766, 0.30294706581071246, 0.5912571866548467, 0.36273248181182755, 0.18819454194804555, 0.0, 0.0, 0.0, 0.0, 0.0, 0.0, 0.0, 0.0, 0.0, 0.0, 0.0, 0.0, 0.0, 0.0, 0.0, 0.0, 0.0, 0.0, 0.0, 0.0, 0.0, 0.0, 0.0, 0.0, 0.0, 0.0, 0.0, 0.0, 0.0, 0.0, 0.0, 8.42603592300129e-11, 0.0, 0.0013475890765120716, 0.0011051282354358797, 0.00011406709083564757, 0.0, 0.0005415836254481786, 0.0, 0.0, 0.0, 0.0, 0.0, 0.0, 0.0, 0.0, 0.0, 0.0, 0.0, 0.0], "grad": [-1.495700523579544, 2.848367655732582, 0.5024785958654228, -1.211866731453314, -1.2905136736121485, -0.8858787807069171, 0.5658923121817319, -0.6858173275232802, 0.5159643544425547, 0.7241150013550715, -1.199648263268015, 1.801168780275321, 0.3987372886344551, 1.783502659549288, 0.559628809921811, 1.1755037973423346, -0.540908273571086, 1.1055497242238812, -1.0251125530929066, -0.5893552964583912, 1.605924792541395, -0.17342714855692698, -3.0543516091669387, 2.0064636334958594, 1.3616362804139457, -0.6309253008958738, 2.4031413762547196, -2.263718830919478, 3.42470839456769, -1.45849171325208], "optimality": 3.42470839456769, "nfev": 479, "njev": null, "status": 2, "message": "`ftol` termination condition is satisfied.", "success": true, "res_time": 931.1268110000237, "tension_error": [-0.024635773774515434, 0.036787436798993246, 0.03477895311317905, -0.042807084344426115, -0.05859430500159652, 0.01602609812062645, -0.012536317629713164, -0.02169708878641837, 0.04515842034568546, -0.029086440703727186, -0.12838403673745497, 0.0006650432522263272, -0.01335361399314419, 0.16755650121350663, 0.15683621312753607, 0.0735691227842304, -0.11229152160976003, 0.12365090450916397, -0.01796921949784933, -0.06419670711812732, -4.451031476807747e-05, 0.012111004518308125, -0.12514597260445878, 0.02194417145771115, 0.039075324023309786, -0.028818514586004096, 0.07518877963207769, -0.00048301053796259713, -0.011425896717972348, 0.08653228124780948], "git_revision": "018ef57f2e70e762a509d3bbb7a77c8182022b6e", "linregress": [-0.301333153578557, 0.07257589305837456, -0.39196783427987536, 0.032174698200521296, 0.13365812020528542]}