{"x": [0.09512076282005258, 0.13434061353366633, 0.17633240539064102, 0.17407003691562503, 0.1368830725278495, 0.09097952622196637, 0.13671235918687955, 0.17948349001169694, 0.1843448663438006, 0.11868344314691354, -0.012689298677499124, -0.005707949203114989, 0.00038883845731830635, 0.025287309109094092, -0.010040759835130558, -0.00867261488952987, 0.006762754166671703, -0.01274483959034139, -0.000799969142256228, 0.009906047075646403, 0.056534668614359, 0.052587286206643484, 0.057414392214561495, 0.06103070055219781, 0.05248256656077357, 0.0570573255250876, 0.05719392764172854, 0.06056869896999779, 0.05460587022789113, 0.054394358516019266], "cost": 1.2274913985485314, "fun": [0.3078213926584012, 0.2757184671863024, 0.3964178508248546, 0.2894301147280628, 0.42363033703614067, 0.47648675607930296, 0.3752284817490742, 0.4163207224220597, 0.2933735224622967, 0.27464375667194313, 0.5932172550136503, 0.12056490049880174, 0.18295371898557783, 0.5020449016672717, 0.5384870546736573, 0.3227494554948635, 0.14919824501673984, 0.21948328477335885, 0.025801202522922607, 0.2096768866575382, 0.0, 0.0, 0.0, 0.0, 0.0, 0.0, 0.0, 0.0, 0.0, 0.0, 0.0, 0.0, 0.0, 0.0, 0.0, 0.0, 0.0, 0.0, 0.0, 0.0, 0.0, 0.0, 0.0, 0.0, 0.0, 0.0, 0.0, 0.0, 0.0, 0.0, 0.0020432093130033583, 0.00018596888987602254, 0.0, 0.0, 0.001012277859180893, 0.0006523042159738303, 0.0, 0.0020701562261681104, 5.119407554172093e-07, 0.0, 0.0, 0.0, 0.0, 0.0, 0.0, 0.0, 0.0, 0.0, 0.0, 0.0], "grad": [0.0008913420305782793, -90.99979534378915, -90.3476033815553, -89.75607760566379, 90.8341113804974, -90.00535212944072, -92.10350058152179, 90.647062948523, 90.0853829535418, 1.112258520371407, -89.21531676601518, -90.68338410774368, -89.28428374172205, -1.0741894881561729, -89.74141773680049, 0.6337335718090806, -91.02738288028209, -90.3866917284781, -0.5918383322216234, 90.98951268570357, -0.21412495774313278, -89.33076445820922, 90.38155848697608, -90.67396608241933, 0.04505742496395371, -90.81185518630107, 90.40411699722662, -1.3467947618868679, -91.14303871376188, -89.63604338627573], "optimality": 92.10350058152179, "nfev": 570, "njev": null, "status": 3, "message": "`xtol` termination condition is satisfied.", "success": true, "res_time": 828.0338559999946, "tension_error": [-0.00022923141619943423, -0.09673330618950209, 0.07277055723407484, 0.1070898868869454, -0.1353015099608447, 0.06259186317991788, -0.13271184895310384, 0.024969717950657524, -0.048775641724648704, 0.14078043123575756, 0.1924921732184894, 0.08658757072813213, -0.005898541880241812, -0.38359953603177066, 0.15231477566655582, 0.1315605007022855, -0.10258858898115177, 0.1933347092236119, 0.012135248969565669, -0.15027123074792717, -0.021689578719170922, 0.038190816367828936, -0.035034674609682875, -0.08989279314180573, 0.03977937636034568, -0.029618099211182736, -0.03169030500968652, -0.08288439253210475, 0.00756961066139531, 0.010778168526896068], "git_revision": "018ef57f2e70e762a509d3bbb7a77c8182022b6e", "linregress": [-0.30284722982721185, 0.1072928499167776, -0.23883866543126656, 0.2037010371304587, 0.23269427011596733]}