{"x": [0.09847488384770062, 0.13091285366023606, 0.18254836652582873, 0.17489077094479044, 0.1288992874285873, 0.09755709369383189, 0.13056311905205836, 0.18180974873376357, 0.17630137007238234, 0.12555492306760263, -0.014705630036493597, 0.006140804016353606, -0.008174713511182211, 0.02884981719246544, -0.0004086179438487639, -0.008784277219702796, 0.0012328195348979022, 0.0014525597579858676, -0.004443934450154573, -0.0008054896290712793, 0.053771969242566615, 0.052535644050329566, 0.06662866831037019, 0.04229190325194084, 0.05687120054221491, 0.05013178181276597, 0.05974766762815992, 0.05506372835635302, 0.057753581496421395, 0.06339828918420153], "cost": 1.283726294120561, "fun": [0.6727009299883269, 0.1846009983943717, 0.3505766108195956, 0.4205495819798538, 0.26005228081596476, 0.36475355891905065, 0.22927672313515002, 0.2321706541440577, 0.3717654275957401, 0.3479154152641848, 0.4952970514561922, 0.043150164700700294, 0.5159989028987753, 0.1790814682298684, 0.03490966057669007, 0.06346862476316849, 0.43273457942571125, 0.661099990434023, 0.11860548868635386, 0.15981523995434418, 0.0, 0.0, 0.0, 0.0, 0.0, 0.0, 0.0, 0.0, 0.0, 0.0, 0.0, 0.0, 0.0, 0.0, 0.0, 0.0, 0.0, 0.0, 0.0, 0.0, 0.0, 0.0, 0.0, 0.0, 0.0, 0.0, 0.0, 0.0, 0.0, 0.0, 0.003180174181787573, 0.0, 0.0005462829227076416, 0.0, 6.822637584051728e-08, 0.0006778258060282461, 0.0, 0.0, 8.77612767828481e-05, 5.226125797180845e-07, 0.0, 0.0, 0.0, 0.0, 0.0, 0.0, 0.0, 0.0, 0.0, 0.0], "grad": [11.189054366684344, 1.4664552397408, -2.705044882504103, 0.5816212059314025, -3.9849242249437724, -7.987167859106979, 9.629387629136348, -1.3575065958417394, -10.121950920239016, -0.005072007828312852, 2.81859396477046, 5.151200036152887, 0.3166495221248806, -6.504779485375063, 0.9645176009614806, 3.5804195467526427, -4.687325196886601, 1.1425376003598178, 7.660805959793167, -4.669763919774482, -4.775225608641277, -13.678735862595454, 12.338239755110177, -5.437340098937238, -2.0431494340933405, 0.4390950992031364, 2.9349616818462794, -10.328172153786795, 11.50454444132496, 4.236544901579764], "optimality": 13.678735862595454, "nfev": 631, "njev": null, "status": 2, "message": "`ftol` termination condition is satisfied.", "success": true, "res_time": 1034.568740000017, "tension_error": [-0.05111006118141467, -0.04473540117701104, -0.021523374839227796, 0.09463964192671302, -0.014190313564192578, -0.03718750913446883, -0.03943005085869786, -0.010318804154436706, 0.07324135203605507, 0.036542511018298945, 0.22307920683522278, -0.09315382516078499, 0.12400751288140845, -0.4376415237337843, 0.006198589695661663, 0.13325437876031726, -0.018701436343326303, -0.022034817813865896, 0.06741291395935192, 0.012218992802165143, 0.02021959368991297, 0.038974209615257334, -0.17481198424638528, 0.1943681347078433, -0.02679464904628528, 0.07543994960504793, -0.07042963744377927, 0.0006240647795207803, -0.04018005605723336, -0.12580827536383865], "git_revision": "018ef57f2e70e762a509d3bbb7a77c8182022b6e", "linregress": [-0.42977065486574895, 0.10594005315545163, -0.3029724152767336, 0.10364225841594411, 0.255474317090688]}