{"x": [0.1046571742782732, 0.11960196782435908, 0.1807766705265026, 0.17942950075700734, 0.1335992825574932, 0.09960789585165, 0.11880881246901163, 0.18127112340132956, 0.17789776301188795, 0.1330154244785082, -0.009226142835349055, 0.00937581769067772, 0.017880245461685894, -0.017653146656339897, -0.007141892406257209, -0.00421899703760205, 0.007492092702896176, 0.0018665447872318805, 0.003053426266355552, -0.0001479050142410003, 0.047513769813662635, 0.054112044198937136, 0.05688416609115453, 0.05219949446344272, 0.059096597442381174, 0.05796289035487728, 0.057069350253143296, 0.05677822954336954, 0.04955350768569086, 0.06106457018180744], "cost": 1.081093864287448, "fun": [0.24669642328993474, 0.3127099425444706, 0.32606343325279596, 0.26188327317275173, 0.3086096391722249, 0.45608866430909123, 0.4230356455205433, 0.29545225369782546, 0.3694553253150299, 0.43642802423374366, 0.3182396610746871, 0.014729264172690309, 0.15762075516059806, 0.29532902505598113, 0.3640268247620139, 0.5440211657985587, 0.251701445373777, 0.01126506004058198, 0.008148815883621338, 0.4759798177548791, 0.0, 0.0, 0.0, 0.0, 0.0, 0.0, 0.0, 0.0, 0.0, 0.0, 0.0, 0.0, 0.0, 0.0, 0.0, 0.0, 0.0, 0.0, 0.0, 0.0, 0.0, 0.0, 0.0, 0.0, 0.0, 0.0, 0.0, 0.0, 0.0, 0.0, 0.0007853450697794829, 0.0, 0.0, 0.005501313412061666, 0.000364283843058202, 7.509787726740717e-05, 0.0, 0.0, 0.0, 3.235554300846341e-09, 0.0, 0.0, 0.0, 0.0, 0.0, 0.0, 0.0, 0.0, 0.0, 0.0], "grad": [-1.2667448239953225, 1.0825324758035553, 1.4635245439599012, 1.0257530288066021, -0.5170252240115729, -1.4840101292402599, -2.489292942901764, 0.9330703955935284, 2.312991728193655, -1.3671447133322467, 0.9411651617996988, 0.2756534604002722, -1.2427090573289772, 2.320603589953053, 0.09513527258631393, 0.15778401151169197, -3.0789062592833596, -0.5848289241926334, -0.7864365473776, -0.731557269458722, -1.0041131419590794, 2.5552303827288902, -3.4290334784900995, -0.011223248029514465, -0.9760188542910857, 0.627523903817023, -0.0411474041280071, 4.310999467953412, -6.165049616338379, 2.0196143169123815], "optimality": 6.165049616338379, "nfev": 1156, "njev": null, "status": 2, "message": "`ftol` termination condition is satisfied.", "success": true, "res_time": 1880.40597599998, "tension_error": [-0.14489322057374504, 0.1268467367259242, 0.005352626889498589, 0.025788715850366288, -0.0854875774613425, -0.06829745257835486, 0.13887862295785927, -0.0021480483525732515, 0.04902463572682472, -0.07663065689139133, 0.13995732387871818, -0.14222783849978754, -0.2712370000954442, 0.2677919915344991, 0.10833998198898266, 0.06400069296268195, -0.1136523966365572, -0.028314824296871183, -0.04631939658063414, 0.002243666757694516, 0.11515426574082385, 0.015060776873265546, -0.026991331838280997, 0.04407347996509033, -0.06055313298411626, -0.04335519741547868, -0.029800510083101698, -0.025384311874084277, 0.08421216359935603, -0.09040658344459247], "git_revision": "018ef57f2e70e762a509d3bbb7a77c8182022b6e", "linregress": [-0.36225099049112713, 0.10529416121978226, -0.3356060487560985, 0.06982006310606782, 0.19215549566550083]}