{"x": [0.0986478960449365, 0.12676933796529255, 0.17951621028378711, 0.18302244984581836, 0.12271869539588096, 0.09560514688908817, 0.13148732036066824, 0.18362919537677158, 0.18032252942461127, 0.12420215348459807, -0.003443678587788115, 0.010170101023742004, -0.008532885975785151, -0.0037123279663404383, 0.00625911257451912, -0.006242191271390151, 0.0038401796016033895, -0.00596318233337438, 0.002748957446494687, 0.005357126026325535, 0.052618115751094374, 0.05416796638836949, 0.06111887888928718, 0.05479625926516134, 0.05576059665252915, 0.05373782542999857, 0.056938363013957875, 0.054119171133070826, 0.05619788637542853, 0.05508577470835638], "cost": 0.9290027593776895, "fun": [0.45959720788543923, 0.359409545643172, 0.20899750829448363, 0.49972016816768566, 0.2987221791356589, 0.13555696695668767, 0.11353768631820867, 0.3687186647891344, 0.43531728101003353, 0.3917641840253414, 0.188572515365855, 0.25266266586235436, 0.07156363039847778, 0.22374887772028784, 0.13457370814786593, 0.10166932790746085, 0.3296691702066388, 0.48381266656966415, 0.28195810917775765, 0.13956469269571023, 0.0, 0.0, 0.0, 0.0, 0.0, 0.0, 0.0, 0.0, 0.0, 0.0, 0.0, 0.0, 0.0, 0.0, 0.0, 0.0, 0.0, 0.0, 0.0, 0.0, 0.0, 0.0, 0.0, 0.0, 0.0, 0.0, 0.0, 0.0, 0.0, 0.0, 4.083831650945074e-05, 0.0, 0.0006212806487459853, 5.116099841536118e-05, 0.0, 0.0002432266824444333, 0.0, 0.00021204804182695564, 0.0, 0.0, 0.0, 0.0, 0.0, 0.0, 0.0, 0.0, 0.0, 0.0, 0.0, 0.0], "grad": [22.416381230043513, 26.843986931322604, 1.9897134671533747, -25.871728847303984, 23.616316093163604, 20.895654800540868, -22.89950581003768, -24.20186672700305, -25.338697935944083, 25.374734142324584, 24.04742373259903, -1.7429374921701832, 26.583538952571743, 26.964926456070913, -0.5206569822869374, 24.323142754695553, -22.468539763900395, -22.497117175568363, 0.025504977821140473, -1.931748629529645, -24.802480586689896, 2.198173723448514, -29.717962004794728, 1.559926440910401, 21.306544804487586, -17.14749820556736, 22.676861501673386, 18.374054769110643, 24.023470724925062, 24.135556505683397], "optimality": 29.717962004794728, "nfev": 510, "njev": null, "status": 3, "message": "`xtol` termination condition is satisfied.", "success": true, "res_time": 881.8453759999829, "tension_error": [-0.05373459502569205, 0.01812026651240212, 0.024473362994957296, -0.028715051138349025, 0.07956708173316533, -0.007577166435367195, -0.05344985785568692, -0.03791916626024239, 0.012241786792867538, 0.05706354716966321, 0.052239386279459614, -0.15427683575476445, 0.12944086249754583, 0.05631470234109756, -0.09494852414694789, 0.09469183396289857, -0.05825416643180754, 0.09045936704797973, -0.04170071226231077, -0.08126570720896359, 0.03772314308173859, 0.014212457037114368, -0.0912304273301493, 0.0046814762993203085, -0.009947180817832146, 0.02073754325121084, -0.027813479989830935, 0.014952663802981237, -0.01658071126158101, 0.00028962941658061615], "git_revision": "018ef57f2e70e762a509d3bbb7a77c8182022b6e", "linregress": [-0.28072513987234093, 0.06732647061925351, -0.45685192056486473, 0.011151794415879518, 0.10329841689274148]}