{"x": [0.0929254208753507, 0.13510388662530495, 0.18230051880295364, 0.17917317610173666, 0.12337107265363532, 0.09694007617381914, 0.11542077477099583, 0.17814074817110448, 0.18602521658885374, 0.13379431062949515, -0.004007156060709595, -0.0010573365216245592, 0.007097413288939543, 0.007524401789339634, -0.0018796565381261638, -0.010432002814491366, 0.014185612930330879, 0.006561640415103937, -0.00999503192776767, -0.0036039487835042663, 0.05692671565581743, 0.05950440688009317, 0.04819618937554914, 0.053925993979942424, 0.05948917547576573, 0.05312661278351982, 0.0556094572378054, 0.058644911013989096, 0.04947202400526284, 0.056144630248900006], "cost": 1.2390073486420627, "fun": [0.5720124281992672, 0.43994436444503693, 0.21964194678853768, 0.4001160197060919, 0.26352393502301136, 0.21811426348294896, 0.29035657974497825, 0.4193249748423512, 0.23662794613286103, 0.05034175582621824, 0.6077838830299469, 0.46585811967827334, 0.265779091174749, 0.04571568401655243, 0.31485596097699975, 0.06406866777465582, 0.1780828141811169, 0.3717580475401992, 0.5054904946630215, 0.3541339398402994, 0.0, 0.0, 0.0, 0.0, 0.0, 0.0, 0.0, 0.0, 0.0, 0.0, 0.0, 0.0, 0.0, 0.0, 0.0, 0.0, 0.0, 0.0, 0.0, 0.0, 0.0, 0.0, 0.0, 0.0, 0.0, 0.0, 0.0, 0.0, 0.0, 0.0, 6.434410579097528e-05, 1.182060487489276e-06, 0.0, 0.0, 6.6410308703473945e-06, 0.001135280260443029, 0.0, 0.0, 0.0009985103186599313, 4.680969716744339e-05, 0.0, 0.0, 0.0, 0.0, 0.0, 0.0, 0.0, 0.0, 0.0, 0.0], "grad": [-1.4151219118663905, 0.6022686915972317, 0.4413340635831231, -1.296206825058116, 0.650472717528999, -0.9453275017573872, 0.6967302650199545, 1.7781863109130764, 1.0552613233502992, -2.088845847914956, -1.2578748853409114, 1.1829629948847828, -2.3103086759191416, 0.7409346776068828, 1.0724716432369643, -1.1105907589987414, -2.1866254647485195, -0.24604116268657117, 0.9096482966427031, 1.5994803587414843, 1.8961219572365984, -2.644459746666042, 1.9209499739027311, -0.8558530727254521, 1.744759081821699, -1.3617016736091383, 1.754954532986666, -0.8957556486015781, -1.1925411398796975, -2.080304467649647], "optimality": 2.644459746666042, "nfev": 504, "njev": null, "status": 2, "message": "`ftol` termination condition is satisfied.", "success": true, "res_time": 1045.7473300000129, "tension_error": [0.033073329476523944, -0.10831188904918698, -0.017763612537464214, 0.029677070218604416, 0.0696707494538934, -0.027827571571351625, 0.19027395661752566, 0.04533863679605885, -0.07426596066655011, -0.088446084339649, 0.06078714026326726, 0.01603942109359367, -0.10766524950983472, -0.11414251405141743, 0.028513724920813114, 0.15824979329579497, -0.2151907312448776, -0.09953776449610369, 0.15162109948407107, 0.05467062846704085, -0.027636793686065083, -0.06673945792762079, 0.10480220233268031, 0.017883092896575206, -0.0665084029107382, 0.030009422935778705, -0.007654449348697949, -0.05370120960960676, 0.08544824221379067, -0.015772834656796488], "git_revision": "018ef57f2e70e762a509d3bbb7a77c8182022b6e", "linregress": [-0.19279968043877962, 0.08495033776538126, -0.22588725279918836, 0.23004126398797162, 0.157131387156663]}