{"x": [0.09504814223545284, 0.1288241211730695, 0.18180364218540299, 0.182462132327317, 0.12619581238951277, 0.09589446991821406, 0.12866098123031813, 0.1807053394844709, 0.18329294882740213, 0.12919367586329147, 0.0028537435242712537, -0.0043434924401702605, 0.004319487826092196, -0.0029184091717430814, 0.0011001784845089914, 4.1298119448531195e-05, -0.0016466462370955217, 0.00475994722049132, -0.003645336890926214, -0.0010205305815448517, 0.05380662393274343, 0.05278573308752603, 0.05293303309654696, 0.05226137957085647, 0.05276445585062719, 0.051798203939922155, 0.04974759700742087, 0.05381937742381284, 0.052437667271758366, 0.05221832221133451], "cost": 0.9651783620060888, "fun": [0.13412698370609635, 0.3034019319598496, 0.27788448910055386, 0.2430384031020448, 0.4789051431719007, 0.39168352035240345, 0.15882151569915148, 0.19604336953711635, 0.43791502617240274, 0.12130449835300958, 0.36810396172143756, 0.4252599112383712, 0.1451193239453198, 0.13335669546358167, 0.260699440823366, 0.11129293792107324, 0.28395812950408217, 0.08495645962145443, 0.4933271777337479, 0.5141563478007577, 0.0, 0.0, 0.0, 0.0, 0.0, 0.0, 0.0, 0.0, 0.0, 0.0, 0.0, 0.0, 0.0, 0.0, 0.0, 0.0, 0.0, 0.0, 0.0, 0.0, 0.0, 0.0, 0.0, 0.0, 0.0, 0.0, 0.0, 0.0, 0.0, 0.0, 0.0, 8.194400946755188e-05, 0.0, 2.4856418051059262e-05, 0.0, 0.0, 4.464788779997285e-06, 0.0, 4.844099018991535e-05, 1.0628649127084927e-06, 0.0, 0.0, 0.0, 0.0, 0.0, 0.0, 0.0, 0.0, 0.0, 0.0], "grad": [0.5905348545715724, 0.8617929495962863, -0.08729382455085188, -1.7669774230125772, 767.9476228190406, -1.1634779578587782, 776.8595086283699, -1.4150320920284927, -2.0890096114829175, 1.535570802590211, -2.4329297123261675, 3.1179715474290153, -3.0465280462439774, 2.559989775942208, -0.26638669084556543, -772.6940239051179, -772.0950642943691, -3.892961060858471, 2.7754722633348474, 0.9541671102386875, 759.7552461444297, 771.0257612808425, -2.011096488129923, 4.429789079676658, -767.7791218007638, -722.221824854101, -729.557707355724, -765.9101597608337, -771.1904822270304, 776.9490324100299], "optimality": 776.9490324100299, "nfev": 196, "njev": null, "status": 3, "message": "`xtol` termination condition is satisfied.", "success": true, "res_time": 343.85570800001733, "tension_error": [0.0008723971690578855, -0.01305006805141437, -0.01022616997545902, -0.02021523254553973, 0.0268204466629408, -0.011966094464727371, -0.010575292816228753, 0.006434693570060467, -0.032818425023840185, -0.01865608200473519, -0.04329028000335699, 0.06588924419038372, -0.06552510268433254, 0.04427123500574062, -0.016689318518988302, -0.000626477866470338, 0.02497904106100168, -0.07220671592374106, 0.055298471419242615, 0.015481087999436514, 0.01969389429596798, 0.03518044736790557, 0.0329459583254323, 0.043134704772017175, 0.035503215526716835, 0.05016091528580129, 0.08126789723067485, 0.01950042834686657, 0.0404604826955466, 0.04378786968822556], "git_revision": "018ef57f2e70e762a509d3bbb7a77c8182022b6e", "linregress": [-0.1593987368402847, 0.042425332137019225, -0.46775177920773353, 0.009147608219455781, 0.056921171351632674]}