{"x": [0.10204397355205884, 0.12697125078515306, 0.18546064567306778, 0.1828995739193179, 0.12032277599534817, 0.09754669944485476, 0.1254909751109596, 0.18095175415536735, 0.18148473331983275, 0.1322478935844772, -0.007475042935956087, 0.008410929874582668, -0.0012273460840680477, 0.0055546306630871395, -0.00018472843092056008, -0.006813257536018693, 0.0006794632515864217, -0.0042284971574196506, 0.015395954698526157, -0.0015123176792305117, 0.05652250956602297, 0.04744674340743301, 0.06219505739887925, 0.05005039417865159, 0.06084007976680443, 0.05305455275751795, 0.0532384673946306, 0.05636738012627147, 0.05209067631951673, 0.05430196978853307], "cost": 0.8277752193618955, "fun": [0.36677459953287594, 0.04478895169885307, 0.4062401918830104, 0.38555949033788495, 0.20757940367569197, 0.408736146569216, 0.2629006304371085, 0.09753368181319663, 0.29232251851521524, 0.1734292686832275, 0.23226707311179273, 0.011537120556285696, 0.3310062376690033, 0.3207048807349534, 0.24807453342330385, 0.01912087055596664, 0.15813019998764014, 0.5242123810858483, 0.3069109447427913, 0.2803864754477994, 0.0, 0.0, 0.0, 0.0, 0.0, 0.0, 0.0, 0.0, 0.0, 0.0, 0.0, 0.0, 0.0, 0.0, 0.0, 0.0, 0.0, 0.0, 0.0, 0.0, 0.0, 0.0, 0.0, 0.0, 0.0, 0.0, 0.0, 0.0, 0.0, 0.0, 0.00041767749413648453, 0.0, 1.8488476427328677e-06, 0.0, 6.303782555859875e-09, 0.0003162746732768178, 0.0, 7.560632502140755e-05, 0.0, 3.458828967205881e-06, 0.0, 0.0, 0.0, 0.0, 0.0, 0.0, 0.0, 0.0, 0.0, 0.0], "grad": [-2.238158517600588, -40.037579452714766, -38.76324291586525, 40.15343722249554, 39.132522750498325, 1.0473691689464415, 3.502823410261465, -2.5856229528558767, -0.9182270811859046, 0.36423957497885007, 0.520690678391048, -38.93378792238762, -39.777894693871986, 39.11023845649312, 39.194914240582165, -38.261076333576625, -0.5090001136040876, 0.9898459593192908, -2.232767176387914, 39.992240434800934, -3.3671588682125293, 6.593413602842829, 36.43250010808899, -39.723320666113295, -3.1455624962645476, -36.344177724901655, 37.34036369377145, -37.67764341247293, 1.3906938374563227, 2.273240920111885], "optimality": 40.15343722249554, "nfev": 820, "njev": null, "status": 3, "message": "`xtol` termination condition is satisfied.", "success": true, "res_time": 1088.8878409999888, "tension_error": [-0.10525188974613185, 0.015057320443952952, -0.06570161954119717, -0.02685106678984842, 0.11591233169427594, -0.03702983205353376, 0.03751257890462939, 0.0026966701599972077, -0.0053884352706159095, -0.06498748467523571, 0.11339375770192592, -0.12759083157350845, 0.018618406029987437, -0.08426178269880795, 0.0028022649656906273, 0.10335470723303723, -0.010307217226425046, 0.06414480642048624, -0.23355118781685066, 0.022941324345058047, -0.021505130256103313, 0.11617103261865326, -0.10755567471752021, 0.07667457123087258, -0.08700114324266266, 0.031102548045354513, 0.028312628043922202, -0.019151871518417213, 0.045724212723635894, 0.012179672848505548], "git_revision": "018ef57f2e70e762a509d3bbb7a77c8182022b6e", "linregress": [-0.23645395913265166, 0.07567844197133354, -0.2861417215342043, 0.1252949117916305, 0.14963624529675418]}