{"x": [0.0808987167195378, 0.09478230906575091, 0.09829214661752783, 0.10817867414512886, 0.08690525963481124, 0.06611299301889967, 0.07722049568206538, 0.1163103665704655, 0.10163640809809313, 0.10214232977938699, 0.013867077440977397, 0.0027421518936591753, -0.0004214585050874981, -0.011726557188997254, -0.004371521908320289, 0.0039060118281690308, 0.017727849103379482, -0.03913109027600902, 0.0005084254455216198, -0.027569573880145797, 0.050931621163012655, 0.05021871695984812, 0.061964551482445, 0.060443418605605544, 0.057048918230932076, 0.03700827839102072, 0.05699042139384901, 0.04469270954095336, 0.0688072770262287, 0.050121568757245015], "cost": 3.346450209378754, "fun": [0.525568456418556, 0.5878088059117257, 0.5829479291615158, 0.4042840736509513, 0.591649207539348, 0.45231573363287897, 0.3265596143266376, 0.36252118428880037, 0.5303683736377593, 0.6751701324946933, 0.6833694730756863, 0.5415541782368866, 0.5420410433915558, 0.30673978584998396, 0.47639430260698357, 0.6642039374051865, 0.7627460393589287, 0.9598389496678923, 0.6173890227284928, 0.5774722353634896, 0.0, 0.0, 0.0, 0.0, 0.0, 0.0, 0.0, 0.0, 0.0, 0.0, 0.0, 0.0, 0.0, 0.0, 0.0, 0.0, 0.0, 0.0, 0.0, 0.0, 0.0, 0.0, 0.0, 0.0, 0.0, 0.0, 0.0, 0.0, 0.0, 0.0, 0.0, 0.0, 7.486252431362382e-08, 0.0016125440150143594, 8.354067456197696e-05, 0.0, 0.0, 0.05991917778744535, 0.0, 0.020955120420650748, 0.0, 0.0, 0.0, 0.0, 0.0, 0.0, 0.0, 0.0, 0.0, 0.0], "grad": [-10.82890445564884, 20521.02892866644, -15.034629262858177, 11.549357181851512, -25149.52427948224, 62.06909219689305, -10.113100819836268, -33.192750797922145, -8.381400389238337, 19748.614662716307, 37.3901626881384, -20920.449789405393, -1.0854433835379629, -13.39080464315214, -31.839361294477374, 22771.622850717205, 21034.3118097206, -13.70207891557102, -6.667864005106906, -21342.41984508452, -21426.188722447274, -53452.710756268265, 55.249343418415535, 21.580638286633672, 19.999752165546003, -276.58932418849497, -46657.87095155862, -33.495813990694934, 31.68781259967468, -22529.09817214208], "optimality": 53452.710756268265, "nfev": 166, "njev": null, "status": 3, "message": "`xtol` termination condition is satisfied.", "success": true, "res_time": 684.3971289999972, "tension_error": [0.14938055380053325, 0.003399824912867077, -0.03350479107619643, -0.1374578933178387, 0.08622402406377307, 0.30484685309298754, 0.18805565853354064, -0.22295956736149808, -0.0686684372240919, -0.07398801258712796, -Infinity, -Infinity, Infinity, Infinity, Infinity, -Infinity, -Infinity, Infinity, -Infinity, Infinity, 0.07573280612273989, 0.08867003357232874, -0.12448417723121963, -0.09687984845694021, -0.03527911272003809, 0.3284027321804992, -0.03421755790935544, 0.1889516906996289, -0.2486606042211024, 0.09043300310991338], "git_revision": "018ef57f2e70e762a509d3bbb7a77c8182022b6e", "linregress": [0.8, 0.4634323541167314, 5.555204243646692e-17, 0.9999999999999998, 2721516303862224.5]}