{"x": [0.033829541470438214, 0.09685503566070909, 0.09538077108861066, 0.09694429972213998, 0.1069097763040231, 0.04941478314937941, 0.10284818256085473, 0.09683555356915897, 0.11574845894290624, 0.10937623292698102, 0.016557148675642498, -0.027651578965021722, 0.03886638740108481, 0.023813002201766374, -0.005449451683877999, 0.0018088871378265112, -0.008993547688242749, 0.02936421598824114, 0.007107283915944042, -0.030384430195792702, 0.06663042837159888, 0.06594124637118577, 0.06531890036459902, 0.04770252755275893, 0.07226167031850847, 0.06485116789518501, 0.05839859669507393, 0.0698230231742532, 0.04879582924423333, 0.06984150661651559], "cost": 1.740643471756502, "fun": [0.43399360657859765, 0.25967950224020525, 0.3745520263407925, 0.23736155135295225, 0.3053198108013825, 0.3507598582019327, 0.437792947931911, 0.30121537879648597, 0.47775109146682604, 0.4571751474832488, 0.2655124613256641, 0.28359890878276345, 0.7335480243317114, 0.22723857410158976, 0.415034473068754, 0.3736965602418215, 0.3239286667495211, 0.4877723198175864, 0.45534888168492815, 0.6992749007691795, 0.0, 0.0, 0.0, 0.0, 0.0, 0.0, 0.0, 0.0, 0.0, 0.0, 0.0, 0.0, 0.0, 0.0, 0.0, 0.0, 0.0, 0.0, 0.0, 0.0, 0.0, 0.0, 0.0, 0.0, 0.0, 0.0, 0.0, 0.0, 0.0, 0.0, 0.0, 0.021142668794666575, 0.0, 0.0, 0.00016182977083663072, 0.0, 0.0007274332120471924, 0.0, 0.0, 0.028051319134051775, 0.0, 0.0, 0.0, 0.0, 0.0, 0.0, 0.0, 0.0, 0.0, 0.0], "grad": [-3500.0158298129777, 296.3918901356907, -50.44512051017175, -5.1217030545333255, -17.568716588323795, -3850.868928822773, -9.686886064064138, 67.8559301677356, 4510.69216162902, -366.35423278191024, -425.06927214756007, 6660.036859160897, -92.6354531829872, 3949.3088409202255, 20.690944203292617, -3882.9189893453345, -23.53277291755863, 396.90359026712963, -48.425073523188175, -3712.966275485295, 169.73674595032847, -245.4992834804688, -361.0074561137248, 24.93650891875204, 46.67829877433659, 400.27914706488787, 235.44587897340858, -3858.016570641196, 272.60013752539095, -266.91074563995164], "optimality": 6660.036859160897, "nfev": 377, "njev": null, "status": 3, "message": "`xtol` termination condition is satisfied.", "success": true, "res_time": 855.3471510000018, "tension_error": [0.6442951508053235, -0.01839411224485826, -0.0028927771839153725, -0.019332690130624948, -0.12411591185443671, 0.48042222199501905, -0.08140978794299637, -0.018189265411717274, -0.21705132092259893, -0.15004977152206217, -Infinity, Infinity, -Infinity, -Infinity, Infinity, -Infinity, Infinity, -Infinity, -Infinity, Infinity, -0.20915685877638976, -0.19665012329365722, -0.18535627511066655, 0.13433186937195027, -0.3113482297452336, -0.17686823237574345, -0.059772021019507106, -0.26709357023491587, 0.11449148606260953, -0.267428993277084], "git_revision": "018ef57f2e70e762a509d3bbb7a77c8182022b6e", "linregress": [0.4, 0.4570066175609487, 2.90815522840441e-17, 0.9999999999999999, 2599341804849952.5]}