{"x": [0.0824186413143409, 0.08874533878959957, 0.10537754857358128, 0.10818443687673304, 0.09090805872333574, 0.08147590188369025, 0.08842546680173582, 0.10712671403234636, 0.1092882717684803, 0.0922560404603625, -0.001297677384970881, 0.005292412408434391, 0.00030222210565628845, -0.003221414971463798, 0.003629288811655167, -0.006232646363628922, 0.009951605837246224, -0.0005979811978010232, -0.0054622453632756545, 0.003876248728349949, 0.06326799001469012, 0.06477921683406963, 0.05273954392501299, 0.04284504055434916, 0.05057002207892717, 0.06698267681745737, 0.06737773803155231, 0.05125904153638815, 0.04131150660468199, 0.050406331909636365], "cost": 0.8170556490776919, "fun": [0.33692677978593216, 0.4077815895886675, 0.2639099801915316, 0.3450036197661607, 0.32080408855120385, 0.20910109160443122, 0.29423450426589776, 0.2520036969947651, 0.29870546216506205, 0.29894134225138147, 0.2928575263908293, 0.3030216648855278, 0.22328159890921012, 0.27505153220065404, 0.3569074238057095, 0.21571504082990453, 0.20186384910527, 0.24844254800237858, 0.27987997822919186, 0.1802871588669628, 0.0, 0.0, 0.0, 0.0, 0.0, 0.0, 0.0, 0.0, 0.0, 0.0, 0.0, 0.0, 0.0, 0.0, 0.0, 0.0, 0.0, 0.0, 0.0, 0.0, 0.0, 0.0, 0.0, 0.0, 0.0, 0.0, 0.0, 0.0, 0.0, 0.0, 2.185245367981162e-06, 0.0, 0.0, 3.3430280313922095e-05, 0.0, 0.0002421126370497762, 0.0, 2.1382702140952436e-07, 0.00016297223220913506, 0.0, 0.0, 0.0, 0.0, 0.0, 0.0, 0.0, 0.0, 0.0, 0.0, 0.0], "grad": [82.52143960910061, -1.3148132559637342, -113.87735777565169, -70.5349657743602, -52.624637334230684, 28.930567433782734, -45.1989215438842, -94.41018112177129, -55.809735357224156, 0.204964556355975, -21.907535533209447, -32.71809108561278, 48.50995058858166, -21.23055583427776, 42.828724749988396, -52.62873913557793, 56.98565427151611, 29.667885450437257, -13.177812438095616, 47.72370144471046, 55.25121642613394, 31.94095625180369, -6079.654296572395, 65.54781178699304, -6106.083985149049, -6085.961967585845, -6099.463349025679, -6095.283673125243, 43.37555752162399, -6110.242432059408], "optimality": 6110.242432059408, "nfev": 197, "njev": null, "status": 3, "message": "`xtol` termination condition is satisfied.", "success": true, "res_time": 423.2564860000002, "tension_error": [0.1333991208492721, 0.06687628685509099, -0.1080051160795377, -0.13751848626374094, 0.044136103735784346, 0.14331166983556262, 0.07023961997339832, -0.12639693011787648, -0.14912489316842473, 0.02996258498131718, Infinity, -Infinity, -Infinity, Infinity, -Infinity, Infinity, -Infinity, Infinity, Infinity, -Infinity, -0.14813795944117178, -0.1755625208386857, 0.0429240389988223, 0.22248174119609526, 0.08229482325717563, -0.21554918784754223, -0.2227184495247347, 0.06979103747670705, 0.2503111149330483, 0.08526534432014107], "git_revision": "018ef57f2e70e762a509d3bbb7a77c8182022b6e", "linregress": [1.1333333333333333, 0.40265620078703623, 8.470763993370405e-17, 0.9999999999999997, 2528459867447478.5]}