{"x": [0.08654640638076087, 0.09299409598036545, 0.10588268579809411, 0.11089072235602342, 0.08985938115301567, 0.08252766245676277, 0.09300478527272618, 0.10538361394668551, 0.11124072768365659, 0.09605818318794679, 0.003384703803519847, -0.00560102458039059, 0.007054067011061636, 0.007647038875241279, -0.006146492113893982, -0.006005867982242253, -0.002795338311011186, 0.007023071139549495, 0.012176097096261634, -0.0035161781622168693, 0.07881073949194421, 0.07756928202467692, 0.051189788567114196, 0.04342136465742829, 0.048991777560783024, 0.05933821073720214, 0.0628130362085262, 0.050659313770312644, 0.045183821698094546, 0.055586948706636254], "cost": 0.6066197778399669, "fun": [0.2030884520361063, 0.19978966362912406, 0.318250813149474, 0.12482451288111221, 0.3349942062928976, 0.2157146003880308, 0.24258046140419048, 0.3174304098316469, 0.14395483931769457, 0.34008716729260774, 0.14123406235098662, 0.17852206855760072, 0.34966624648064915, 0.17606182796812306, 0.3103130148597238, 0.0632960200668315, 0.12413978437379605, 0.3302924890114042, 0.1189005568312498, 0.34124356884054086, 0.0, 0.0, 0.0, 0.0, 0.0, 0.0, 0.0, 0.0, 0.0, 0.0, 0.0, 0.0, 0.0, 0.0, 0.0, 0.0, 0.0, 0.0, 0.0, 0.0, 0.0, 0.0, 0.0, 0.0, 0.0, 0.0, 0.0, 0.0, 0.0, 0.0, 0.0, 0.00017571241016027392, 0.0, 0.0, 0.00023221057092223793, 0.00021663436208209749, 2.184253951696985e-05, 0.0, 0.0, 4.3472299891621295e-05, 0.0, 0.0, 0.0, 0.0, 0.0, 0.0, 0.0, 0.0, 0.0, 0.0], "grad": [5.842717356806883, -0.05045242271408701, -1.8243959920409263, -2.7851438684844174, -0.7344488761025366, 3.384950210711248, -0.2355353299277505, -1.8648101804437656, -3.1223123913453215, 1.1133180200421324, 7.490846661045392, -4.589605013926198, 0.9539845216342848, 0.470340682088223, -3.16872720407952, 1.4497508580980747, -3.3262163194995646, -0.10209756623962063, 1.421979924138416, -3.6369286767394686, -4.518788269978901, 2094.8530315353237, -2095.8837164871343, 0.285037778927419, 4.4141777964512245, -2.1606911082153224, -1.6635107838758785, 3.1163874931688884, 0.5376343319389703, 4.132517855110557], "optimality": 2095.8837164871343, "nfev": 258, "njev": null, "status": 2, "message": "`ftol` termination condition is satisfied.", "success": true, "res_time": 304.98904799999946, "tension_error": [0.08999723047056249, 0.022202209994580765, -0.11331644317585572, -0.16597405575852475, 0.05516255224175953, 0.13225280472027318, 0.022089816123369334, -0.10806889118648776, -0.1696542295614089, -0.010015509510854129, -Infinity, Infinity, -Infinity, -Infinity, Infinity, Infinity, Infinity, -Infinity, -Infinity, Infinity, -0.43019561078707974, -0.40766661242834695, 0.07104778615497193, 0.21202306249407868, 0.11093556939342081, -0.07682340116831327, -0.13988181388434667, 0.08067442753544389, 0.1800393716924041, -0.008748434157301274], "git_revision": "018ef57f2e70e762a509d3bbb7a77c8182022b6e", "linregress": [1.6, 0.3418742917180947, 1.1752921995791282e-16, 0.9999999999999996, 2572735346288021.0]}