{"x": [0.05542293545857264, 0.1003861761264601, 0.09263606054827915, 0.11108494759414243, 0.09475368582885549, 0.061794568480539123, 0.0967259579998567, 0.11914384588637743, 0.1135714195254501, 0.11083279337018852, 0.013783798191930942, 0.01190257421993249, 0.0010891988799931794, -0.03868524839669023, 0.01730886391632186, 0.03397789675658318, -0.003863201366034548, -0.025102243196050603, -0.01657114222958122, 0.01618899038164773, 0.07322629758607248, 0.08404427727208759, 0.061984374073024304, 0.038300734687199446, 0.05147908703978123, 0.06602424774096989, 0.07385022173340743, 0.056644194342462297, 0.04159108852765873, 0.055814648681234875], "cost": 2.3289496133515484, "fun": [0.5647469455867502, 0.21591484935058916, 0.42692278812958684, 0.5908174796261817, 0.5148582425179963, 0.4967347466922837, 0.5415205441227863, 0.341901636574497, 0.46550674971746614, 0.4231048767972949, 0.5008125354932499, 0.4186392402666772, 0.419854937389596, 0.516503861813795, 0.6940209580287716, 0.36937901475778734, 0.6359839207201242, 0.23842372230998873, 0.48343208796867737, 0.50739490318541, 0.0, 0.0, 0.0, 0.0, 0.0, 0.0, 0.0, 0.0, 0.0, 0.0, 0.0, 0.0, 0.0, 0.0, 0.0, 0.0, 0.0, 0.0, 0.0, 0.0, 0.0, 0.0, 0.0, 0.0, 0.0, 0.0, 0.0, 0.0, 0.0, 0.0, 0.0, 0.0, 0.0, 0.05789434827500467, 0.0, 0.0, 5.765567193337619e-05, 0.015817491086747026, 0.004550481306309785, 0.0, 0.0, 0.0, 0.0, 0.0, 0.0, 0.0, 0.0, 0.0, 0.0, 0.0], "grad": [-813.6962641282787, -1539.3120310492554, 617.5190000378849, 1582.7445020818554, 4592.544041106402, -1659.4697527435553, -1389.3055480528114, 1117.9473896264324, -3195.876341361871, -628.7978469153002, -1576.3035773155889, 2217.386542810581, 2863.260565137422, -288.26940821732865, 390.23701503287424, -8258.235885225724, 789.6065564552, 1573.4359144738862, -1230.2447686570868, 811.4546456038828, 412.20271827076385, -2494.08318837199, 299.6685840923175, 1498.6221880168046, 391.40241561485055, -1214.9685846993034, 188.32950599681647, -2082.3232403313764, -5114.809825224593, -555.540561293521], "optimality": 8258.235885225724, "nfev": 170, "njev": null, "status": 3, "message": "`xtol` termination condition is satisfied.", "success": true, "res_time": 553.56402, "tension_error": [0.4172487700891531, -0.05552272032702132, 0.025966817312356505, -0.16801626076728304, 0.0037007874361767047, 0.3502534557960844, -0.017036909401064972, -0.2527525319999168, -0.1941605738412709, -0.16536495435558646, -Infinity, -Infinity, -Infinity, Infinity, -Infinity, -Infinity, Infinity, Infinity, Infinity, -Infinity, -0.3288535303300174, -0.5251697578424377, -0.12484390208881783, 0.3049482469942781, 0.06579782392288189, -0.1981563671827492, -0.3401760173760085, -0.027934500391799184, 0.24523748103905832, -0.012880555062987815], "git_revision": "018ef57f2e70e762a509d3bbb7a77c8182022b6e", "linregress": [-2.0666666666666664, 0.720232438448188, -1.475761820356044e-16, 0.9999999999999993, 2646519806847785.5]}