{"x": [0.0719857474937824, 0.08116298560030275, 0.11896006444284937, 0.11561178976396153, 0.08183699413283857, 0.07443443781287158, 0.0845519630673716, 0.11688750428148928, 0.11588241320730003, 0.08515300469073088, 0.004674865507246204, 0.0006960416773635122, 0.005827902176747807, -0.006488528747047837, 0.000474851045518158, 0.005211709902655524, 0.006248885671615106, -0.006631001667601173, -0.0040730164380217565, 0.018736542013940836, 0.06238019917426175, 0.04738889744873822, 0.03667483000677725, 0.040456827066700375, 0.04058025633454356, 0.05010853153391418, 0.05388935135274425, 0.047316441996424, 0.046082777742351366, 0.05237167799973283], "cost": 1.08525562102814, "fun": [0.27629601145875593, 0.42316017188508187, 0.23448863211296994, 0.2648432099101967, 0.2782927453515788, 0.290491636378921, 0.2222711735655905, 0.38207723353985956, 0.44933649457420094, 0.3903206845748912, 0.37697269531418587, 0.33942197048570527, 0.36948033798436264, 0.43940549058950806, 0.2364683250647187, 0.29638591217450116, 0.16233335639614443, 0.23806976488759732, 0.37740124251153684, 0.3498220474266406, 0.0, 0.0, 0.0, 0.0, 0.0, 0.0, 0.0, 0.0, 0.0, 0.0, 0.0, 0.0, 0.0, 0.0, 0.0, 0.0, 0.0, 0.0, 0.0, 0.0, 0.0, 0.0, 0.0, 0.0, 0.0, 0.0, 0.0, 0.0, 0.0, 0.0, 0.0, 0.0, 0.0, 0.000273173583176879, 0.0, 0.0, 0.0, 0.0002915663575651315, 6.756915510755477e-05, 0.0, 0.0, 0.0, 0.0, 0.0, 0.0, 0.0, 0.0, 0.0, 0.0, 0.0], "grad": [244.17858787183263, 181.87691751022103, 236.15282837425946, -162.859100264487, 367.6944183806643, 57.790691855949, 64.1132361876947, 353.371842054784, -355.54442484033314, -298.4633978609392, -1074.546035173265, 338.79788330537843, -124.82361741147984, 77.31976948661674, 72.3191442597822, 3349.652544380216, 166.04826477406777, 58.414498258046905, 323.05100695229726, 118.34779994251309, -440.5235623664512, -97.4300641352531, 348.2738312967395, 87.21955341918148, 173.8629882505685, -263.7848754093382, 69.24021863313814, -56.08595307080732, -75.79115778842603, 85.03909279904435], "optimality": 3349.652544380216, "nfev": 260, "njev": null, "status": 3, "message": "`xtol` termination condition is satisfied.", "success": true, "res_time": 580.9433809999973, "tension_error": [0.24309705826733313, 0.1466018663488726, -0.25082013954605953, -0.2156142961338187, 0.1395149212411157, 0.21735000457353099, 0.1109680484946967, -0.22902795237474646, -0.21845979941045587, 0.10464832287312546, -Infinity, -Infinity, -Infinity, Infinity, -Infinity, -Infinity, -Infinity, Infinity, Infinity, -Infinity, -0.1320270261919359, 0.140023383004137, 0.3344538924493075, 0.26582117018352314, 0.26358127244560087, 0.09066959243396756, 0.022058233818048365, 0.14133824783785653, 0.16372582106371045, 0.049599781861856734], "git_revision": "018ef57f2e70e762a509d3bbb7a77c8182022b6e", "linregress": [2.1333333333333333, 0.3487628656996993, 1.8013770293839419e-16, 0.9999999999999992, 2238077304011444.5]}