{"x": [0.08430556232693595, 0.09151563188307976, 0.10550640082239861, 0.10565246911410575, 0.09321978009843748, 0.08530032457803365, 0.0939315205886105, 0.10804119334891281, 0.10706889226060425, 0.09078017282860931, -0.012451150484731156, 0.0023525018551657753, 0.0009210391227648944, 0.0036671052128334153, 0.002856646105488688, -0.011629995951176935, 0.005514066077366961, 0.0012733119358707989, 0.0016636933635957164, 0.008636463081852314, 0.05570664561352133, 0.055172246389383325, 0.0470905096136183, 0.04104254317234095, 0.04853418910910086, 0.05630145875691432, 0.056123331086101666, 0.04833976367371153, 0.03946862848410437, 0.046385091496591986], "cost": 0.6138167614318599, "fun": [0.209847615508556, 0.21828684373324794, 0.34975463368175963, 0.21325447814378085, 0.36086366442398177, 0.2201904489354751, 0.2637422219969609, 0.2702119359995708, 0.21480638015332226, 0.30019305748590625, 0.3020609762488975, 0.23288712665806166, 0.18433166134598067, 0.15916800906006395, 0.19307044254030467, 0.2716044016257198, 0.30418857035223346, 0.26243167848974064, 0.16889409851452863, 0.06954536823353104, 0.0, 0.0, 0.0, 0.0, 0.0, 0.0, 0.0, 0.0, 0.0, 0.0, 0.0, 0.0, 0.0, 0.0, 0.0, 0.0, 0.0, 0.0, 0.0, 0.0, 0.0, 0.0, 0.0, 0.0, 0.0, 0.0, 0.0, 0.0, 0.0, 0.0, 0.0019303161584671704, 0.0, 0.0, 0.0, 0.0, 0.0015730361041068025, 0.0, 0.0, 0.0, 0.0, 0.0, 0.0, 0.0, 0.0, 0.0, 0.0, 0.0, 0.0, 0.0, 0.0], "grad": [1.9293849330718522, 1.1304112094653633, 0.03455452994885855, -0.8367743815656636, 0.1308396376345575, 2.4901120754385344, 3.1479672878103147, -1.0880842278579643, 1.822866503183843, 3.4905851553361398, -1.3356631627203057, -3.3250287941149437, -1.7499141946091048, 2.12073254649446, -2.400461265145411, -2.0370879097989274, -0.3261037816140271, 3.5838602541600855, -1.8976814538925049, -0.37139871006829983, -7.872134839942383, -9.743769343377199, -1.066934100097659, -3.384493482238526, -2.907567788706997, -7.638884353294837, -10.586813550213698, -3.6214289996648565, -2.40381262231522, -5.682420781476976], "optimality": 10.586813550213698, "nfev": 289, "njev": null, "status": 2, "message": "`ftol` termination condition is satisfied.", "success": true, "res_time": 388.11431900000025, "tension_error": [0.11355885920062096, 0.03774770147646512, -0.10935994880093337, -0.11089580170982416, 0.019829226746948102, 0.10309930990934649, 0.01234554435817057, -0.13601233468004495, -0.12578895603062287, 0.04548077560896183, Infinity, -Infinity, -Infinity, -Infinity, -Infinity, Infinity, -Infinity, -Infinity, -Infinity, -Infinity, -0.01092059993008056, -0.0012227411141723685, 0.14543829187127677, 0.2551920527706599, 0.11923952643482864, -0.021714803263321435, -0.018482281723766203, 0.12276780704876204, 0.2837542245429392, 0.15823966768940168], "git_revision": "018ef57f2e70e762a509d3bbb7a77c8182022b6e", "linregress": [2.4, 0.29008262517596506, 1.772163284416444e-16, 0.9999999999999993, 2559342988309481.5]}