{"x": [0.0951075549224663, 0.09514663550559814, 0.09507381954630419, 0.095075572272241, 0.09521508660620698, 0.09515760746744782, 0.09515312238702671, 0.09504458867542687, 0.09501980517740026, 0.09518430926353388, -0.00014592389380561923, -3.861773185324925e-05, 4.8270489058956916e-05, 9.368472793614065e-05, -3.611504892486119e-05, 7.192721201990478e-05, -4.556515201404039e-05, 6.506715879859944e-05, 2.417763949677855e-05, -3.761383723113677e-05, 0.05504563538059775, 0.0549671953245294, 0.05497718495930354, 0.055249041411598705, 0.055263671846954014, 0.05523051418005442, 0.055230745510850415, 0.055269068610463525, 0.05533233807292627, 0.05492546208750682], "cost": 3.8684079899687664, "fun": [0.5932031476604015, 0.6030117161415816, 0.7521615305095694, 0.2492437958835946, 0.7163482066091502, 0.6651300568192298, 0.6283390814542293, 0.7508969683763987, 0.2930614205837222, 0.7315189588543343, 0.6283151114280099, 0.629875466292667, 0.6030734083068575, 0.6344028519008061, 0.5721810332079017, 0.6878430417874069, 0.6088200358597099, 0.6022306496415918, 0.6559751555978421, 0.5799704931250027, 0.0, 0.0, 0.0, 0.0, 0.0, 0.0, 0.0, 0.0, 0.0, 0.0, 0.0, 0.0, 0.0, 0.0, 0.0, 0.0, 0.0, 0.0, 0.0, 0.0, 0.0, 0.0, 0.0, 0.0, 0.0, 0.0, 0.0, 0.0, 0.0, 0.0, 3.1072716976038566e-09, 5.759175167145312e-11, 0.0, 0.0, 4.7104741258229283e-11, 0.0, 9.460159756090107e-11, 0.0, 0.0, 5.321608517202447e-11, 0.0, 0.0, 0.0, 0.0, 0.0, 0.0, 0.0, 0.0, 0.0, 0.0], "grad": [-2390.3765540973936, -2419.384312675277, -40.30710338480377, -40.12644046593405, -2398.2753149452324, -2379.621106431524, -2416.2559503139655, 2392.0196044334525, 2390.9700225553606, -2407.350289103702, 2435.622544144345, 2426.6071532725605, -2433.325263534438, -2422.2604553196406, -11.275685467598567, -2386.1606459266313, 2423.781611899619, -2434.081330478656, -1.6901779768671013, 2431.2739686656587, 2378.54455817498, 2364.4587760465192, 2418.905770183428, -2343.264978870043, -2386.469042880575, -2410.429337640091, -36.702685873808406, -2368.2250955940262, -2328.2241143283504, 2403.453880818611], "optimality": 2435.622544144345, "nfev": 135, "njev": null, "status": 2, "message": "`ftol` termination condition is satisfied.", "success": true, "res_time": 378.72591699999975, "tension_error": [-2.001240639527379e-05, -0.00043092997503865884, 0.00033470233015397743, 0.00031627307903390675, -0.001150667440015919, -0.0005462960091458965, -0.0004991370827911897, 0.0006420538952448599, 0.0009026430148394637, -0.0008270553081839722, Infinity, Infinity, -Infinity, -Infinity, Infinity, -Infinity, Infinity, -Infinity, -Infinity, Infinity, 0.0010748963678482541, 0.002498365106018315, 0.00231708103357539, -0.002616357065637451, -0.0028818587544168816, -0.0022801393698577382, -0.002284337380068138, -0.00297979499424301, -0.00412795967451894, 0.0032557072245975715], "git_revision": "018ef57f2e70e762a509d3bbb7a77c8182022b6e", "linregress": [1.8666666666666667, 0.3124439164093604, 1.3285968380293001e-16, 0.9999999999999994, 2655183509231707.5]}