{"x": [0.08473779393299107, 0.09174407100504034, 0.09611649595206656, 0.11767219542499205, 0.07620798193653892, 0.08979450131428217, 0.07970104614507693, 0.1086774495491105, 0.10709262381210341, 0.08271846197377812, 0.005870639133501991, -0.008002859458122888, -0.004892132395900601, -0.005176746817819725, 0.006953405867683408, 0.005925177593556307, -0.002212914593646304, -0.015021841921979818, -0.007054301173528637, 0.012774542872381485, 0.055595899083472004, 0.06366016501799415, 0.04459955677397171, 0.04886373182020355, 0.051462568379309716, 0.062015432544172314, 0.05481380279589341, 0.042476215572811095, 0.05106241041211606, 0.04860648605681242], "cost": 1.5903909742685751, "fun": [0.42154043925986223, 0.4045033943845423, 0.46590534966408154, 0.3551810305678814, 0.26710879963176737, 0.4995161898125634, 0.35058354135841463, 0.4830610926312342, 0.3183263393237643, 0.42779707193623034, 0.3779963713805037, 0.4568393377045231, 0.2993695770252456, 0.25643625777240586, 0.3761338160526181, 0.44509794107964273, 0.411564898592535, 0.42970148963087146, 0.3633548852875703, 0.449618957214328, 0.0, 0.0, 0.0, 0.0, 0.0, 0.0, 0.0, 0.0, 0.0, 0.0, 0.0, 0.0, 0.0, 0.0, 0.0, 0.0, 0.0, 0.0, 0.0, 0.0, 0.0, 0.0, 0.0, 0.0, 0.0, 0.0, 0.0, 0.0, 0.0, 0.0, 0.0, 0.000512549212218993, 0.00011708320590787763, 0.00013873012437180826, 0.0, 0.0, 1.0836622846138888e-05, 0.003389764775886503, 0.0003510443535884755, 0.0, 0.0, 0.0, 0.0, 0.0, 0.0, 0.0, 0.0, 0.0, 0.0, 0.0], "grad": [4148.715218440213, 194.1547056699191, -166.1129603706368, -201.25477620110192, 104.75859887697644, -106.32981248813232, 279.4615132243882, -273.32832877254066, -132.86130471764898, -41.27823787726987, -168.3978149272906, -123.24476724694127, -242.7273160896787, -166.43271346865214, -165.61543456798245, 122.32282397222592, 268.46894350773005, 89.57232152843898, 115.148475849569, 204.41830843139104, -301.67833685326457, 159.10322375536745, 4000.4546911179323, 193.63790938092518, -122.40572620071273, 66.41623863731388, -273.52069233118414, 87.88107048442232, 283.14799274861605, 284.4738360504332], "optimality": 4148.715218440213, "nfev": 261, "njev": null, "status": 3, "message": "`xtol` termination condition is satisfied.", "success": true, "res_time": 621.4362880000008, "tension_error": [0.10901410714173308, 0.03534575040366806, -0.0106286461974827, -0.23727868332562138, 0.19870185808297128, 0.05584473923718903, 0.1619736074618067, -0.1427023282744975, -0.12603848432986223, 0.13024661987482766, -Infinity, Infinity, Infinity, Infinity, -Infinity, -Infinity, Infinity, Infinity, Infinity, -Infinity, -0.008910858590162857, -0.1552548444241273, 0.1906421541990032, 0.11325924326499337, 0.0660975916430522, -0.12540752691203347, 0.0052820126469115295, 0.2291748882613919, 0.07335934520597046, 0.11792753801856784], "git_revision": "018ef57f2e70e762a509d3bbb7a77c8182022b6e", "linregress": [-4.666666666666667, 1.00670089298785, -3.518757905597586e-16, 0.9999999999999984, 2506330720522877.5]}