{"x": [0.07804502768508763, 0.09378082025608085, 0.10582315038575732, 0.10535299935033633, 0.09994422231589711, 0.07578007439999263, 0.09439314438327846, 0.09924294809674421, 0.10462701629109254, 0.09936999041039321, -0.010049591565336585, 0.00038348411960924267, 0.008955467246681236, 0.006453696666497557, 0.010024950323422207, -0.009970108609899084, 0.000995675892679386, -0.0018074765916542524, 0.006739656178850219, -0.0024488852226780228, 0.051473326333190975, 0.05006640985701634, 0.046370803393599135, 0.03879785259091542, 0.05601300354247015, 0.06006517691401679, 0.05240370545420477, 0.04471346878456614, 0.03593002690352696, 0.047721857067280944], "cost": 0.6153123613471739, "fun": [0.2217451586550187, 0.25447558028849804, 0.2809190036581738, 0.10899640092911644, 0.29093518013901676, 0.19472302928274657, 0.1442496795049944, 0.32519630090893537, 0.2673578829634562, 0.3826099781387566, 0.19875054821121516, 0.170498092699598, 0.333541351253896, 0.028730361790132643, 0.26993064360435853, 0.29911601312383623, 0.25942001050061936, 0.25545106566923864, 0.07473556351727127, 0.2789044922803541, 0.0, 0.0, 0.0, 0.0, 0.0, 0.0, 0.0, 0.0, 0.0, 0.0, 0.0, 0.0, 0.0, 0.0, 0.0, 0.0, 0.0, 0.0, 0.0, 0.0, 0.0, 0.0, 0.0, 0.0, 0.0, 0.0, 0.0, 0.0, 0.0, 0.0, 0.001014951371263246, 0.0, 0.0, 0.0, 0.0, 0.0009910593611179767, 0.0, 5.904974745699419e-06, 0.0, 1.468605978004344e-05, 0.0, 0.0, 0.0, 0.0, 0.0, 0.0, 0.0, 0.0, 0.0, 0.0], "grad": [-0.19915560804334587, -0.28496280653448514, -0.9070731205577216, -1.1204617863980655, 0.8874517558974312, -1804.026055689619, 0.8831496813733613, -0.7131645993461007, -0.6060801931323974, -0.05509481451453624, -2.299490153213008, -2.6052644586907445, -0.2776770105028401, 3.4983283955701374, -0.06503511657705197, -1806.5470468553617, -0.39210363973622986, 2.8694841457952114, 0.09799955281181072, -1.7938872645303394, -1801.4719520869842, 1803.2987356346543, -1803.2846793061292, -0.5144594063960897, 1.1597866250718543, -1805.3223642917517, 1805.6472463547966, 1.1227958079181826, 1807.7652135876356, -1806.5278594863198], "optimality": 1807.7652135876356, "nfev": 630, "njev": null, "status": 2, "message": "`ftol` termination condition is satisfied.", "success": true, "res_time": 903.2671830000008, "tension_error": [0.17938601599500653, 0.013930101426521253, -0.1126904508050899, -0.10774699027077314, -0.05087574296036996, 0.20320114418442414, 0.007491744539141698, -0.04350210945765528, -0.10011355264845537, -0.044837911394472844, Infinity, -Infinity, -Infinity, -Infinity, -Infinity, Infinity, -Infinity, Infinity, -Infinity, Infinity, 0.065902364716859, 0.09143398365534981, 0.15849895699842967, 0.29592694039924305, -0.016480143821395146, -0.09001581430862202, 0.04901857268775505, 0.18857496819594918, 0.3479699961686242, 0.13398109247268195], "git_revision": "018ef57f2e70e762a509d3bbb7a77c8182022b6e", "linregress": [2.0, 0.32747147973358404, 1.4571470198670726e-16, 0.9999999999999993, 2593866424293320.5]}