{"x": [0.08521346003168935, 0.08800066658082344, 0.11278954199435091, 0.10084564891886474, 0.07178319757288937, 0.07724317144219632, 0.07761155932475852, 0.1150050418027089, 0.10406080876257656, 0.08086089610136095, -0.0017800479124852086, 0.008086214650549975, 0.01589946528161832, 0.013309767796231175, 0.017498286450217955, 0.010989385348143163, 0.0003556550462028829, 0.004038404027150383, 0.002828918644955727, 0.006287694106452246, 0.0660637311909371, 0.07285749141740576, 0.0630384742557825, 0.05047283631134707, 0.05332889128570718, 0.07405293117787518, 0.06886802202595718, 0.0489127425675967, 0.04624259957176769, 0.046822139567797676], "cost": 0.514803513896039, "fun": [0.29926966252350057, 0.2807259737966369, 0.3839118990141415, 0.2195545015827386, 0.28273023062392283, 0.26457199291260386, 0.20137131141936263, 0.3289410024439167, 0.22581799299200978, 0.25062932828346524, 0.15355988517671224, 0.08574245350267921, 0.16814824800391806, 0.25995125055038004, 0.09008868734407675, 0.07223536826114363, 0.15641726869431385, 0.14370847467901623, 0.23713991172520274, 0.10807554785618743, 0.0, 0.0, 0.0, 0.0, 0.0, 0.0, 0.0, 0.0, 0.0, 0.0, 0.0, 0.0, 0.0, 0.0, 0.0, 0.0, 0.0, 0.0, 0.0, 0.0, 0.0, 0.0, 0.0, 0.0, 0.0, 0.0, 0.0, 0.0, 0.0, 0.0, 5.640207430013052e-06, 0.0, 0.0, 0.0, 0.0, 0.0, 0.0, 0.0, 0.0, 0.0, 0.0, 0.0, 0.0, 0.0, 0.0, 0.0, 0.0, 0.0, 0.0, 0.0], "grad": [-4.806604920451544, 1.1126139848311318, 2.7125921855774786, 1.871415947855776, -2.3898737006724935, 0.7787660610454398, 7.999616462686413, -0.7913095333708449, 4.30015700696813, 8.428845855243425, 4.309752223116244, -15.214181926140903, 8.042486592836527, 9.742217394307687, -11.838583865228767, 4.282960838436627, -10.450382160409205, 4.668697012246999, 10.236648801377425, -13.855826263642342, -24.430145240872776, 3.73245731440689, -1.3604993576043993, -11.54072617329329, -17.297758184283733, 12.986344326075402, -12.676102748157351, 10.156984068925748, -6.198504539535758, -19.887906513345047], "optimality": 24.430145240872776, "nfev": 572, "njev": null, "status": 2, "message": "`ftol` termination condition is satisfied.", "success": true, "res_time": 830.5761129999992, "tension_error": [0.1040126578004127, 0.0747062338247728, -0.18593942696195606, -0.06035390316980886, 0.24522679417074794, 0.1878172314817049, 0.1839437720578921, -0.2092345705249115, -0.09416009437531672, 0.14977822331363622, Infinity, -Infinity, -Infinity, -Infinity, -Infinity, -Infinity, -Infinity, -Infinity, -Infinity, -Infinity, -0.19887288192688007, -0.3221607246659841, -0.14397288710316014, 0.08405847449455851, 0.03222902441162962, -0.34385462970234626, -0.2497629569277131, 0.11236983458471775, 0.16082549960482406, 0.1503084613947922], "git_revision": "018ef57f2e70e762a509d3bbb7a77c8182022b6e", "linregress": [-4.6, 0.954604829204524, -3.8552688773654467e-16, 0.9999999999999984, 2254883681460068.5]}