{"x": [0.08503585396418212, 0.09144965550252278, 0.10555689071974284, 0.10708309332783782, 0.08766488160111564, 0.08571730893402511, 0.09307080942506675, 0.10520751066214393, 0.10524553619548724, 0.09024008024326077, -0.0064113819025603805, 0.004108022805258511, 0.0034260996928157364, 0.00399873459780116, 0.00606257727242446, -0.005954507906079236, 0.006008990138071874, 0.0012912861853771065, 0.003986956539224943, 0.0076631017671855445, 0.06519893800733269, 0.06286828697937333, 0.04824442106122424, 0.03915077724452843, 0.04686658195050193, 0.06179220783149875, 0.06677653426736113, 0.05257609286684008, 0.04069699839409366, 0.051151912983532], "cost": 0.5335654412572997, "fun": [0.28736652137100915, 0.24199326842502827, 0.3221951993633425, 0.16038820952293503, 0.22741518134647437, 0.2642852910772571, 0.25090082958908255, 0.3071501169474864, 0.2550285904523096, 0.257850465145496, 0.09452236755521665, 0.21318364459559389, 0.18387868709275476, 0.2639217544183283, 0.2315042430475037, 0.14250194918016415, 0.19128940738099692, 0.23723635682975083, 0.01870896550574742, 0.24718729696280112, 0.0, 0.0, 0.0, 0.0, 0.0, 0.0, 0.0, 0.0, 0.0, 0.0, 0.0, 0.0, 0.0, 0.0, 0.0, 0.0, 0.0, 0.0, 0.0, 0.0, 0.0, 0.0, 0.0, 0.0, 0.0, 0.0, 0.0, 0.0, 0.0, 0.0, 0.0002635450969770721, 0.0, 0.0, 0.0, 0.0, 0.000211124011260244, 0.0, 0.0, 0.0, 0.0, 0.0, 0.0, 0.0, 0.0, 0.0, 0.0, 0.0, 0.0, 0.0, 0.0], "grad": [-0.9961377445827054, 0.12646630118854452, -1.2653686535873736, -0.5908321492204509, 91.67481872890949, -0.7900242579432114, 0.820316590524901, -1.525573282843201, -1.0199515300659776, 2.1762623814451905, -1.4518707384936689, -0.48932603259353424, -0.008914013754222516, -0.799029625043395, -91.7410085629415, -2.7417069170525377, 0.23039809818111934, -0.03440555076065266, 91.64595211976619, 0.024055986282997655, 91.52581125650141, -91.11039670634017, 0.7105523115333934, -89.69645407191776, 0.6484301920924014, -91.33020188053547, 91.81812870071221, -91.34050865690983, -86.33736275231784, -2.0583124672402557], "optimality": 91.81812870071221, "nfev": 538, "njev": null, "status": 2, "message": "`ftol` termination condition is satisfied.", "success": true, "res_time": 734.5196960000012, "tension_error": [0.10588011850820636, 0.038441418194941485, -0.10989083099856461, -0.12593827488802253, 0.07823688604106636, 0.098714876925113, 0.02139559710263473, -0.10621723167389019, -0.10661705579256024, 0.051159645119813545, Infinity, -Infinity, -Infinity, -Infinity, -Infinity, Infinity, -Infinity, -Infinity, -Infinity, -Infinity, -0.18317929215215095, -0.14088446162585458, 0.12449801015025992, 0.28952234003906663, 0.14950195582097958, -0.12135661955672848, -0.21180827420753975, 0.04589022086038571, 0.26146272892933475, 0.07173512259851327], "git_revision": "018ef57f2e70e762a509d3bbb7a77c8182022b6e", "linregress": [-1.3333333333333333, 0.6434706034864108, -1.0034506664366355e-16, 0.9999999999999996, 2511098191147558.5]}