{"geometry": "flat", "height_axis": "z", "R_in": 1.9896728355976676, "R_out": 2.713190230360456, "lumen_elasticity": 0.1, "lumen_prefered_vol": 23.269230769230774, "lumen_volume": 23.217703220785733}