{"x": [0.08864248425521828, 0.07651049064931441, 0.1141180095069741, 0.11547577238226601, 0.102950098659255, 0.08851648084356223, 0.09314980140544162, 0.11819643042990739, 0.12044246828270418, 0.09957352333478744, -0.003936899550905392, 0.0130965563401337, 0.03299079351489864, 0.00546198175272066, 0.016348427722008087, 0.039646825873521765, -0.0004184422158116388, -0.006252905536274936, 0.01335598536129917, 0.014009725178087533, 0.05071787617337806, 0.03922663827329615, 0.02948397016148624, 0.041964937006897615, 0.0530146692220895, 0.10275822354554087, 0.08799526911683923, 0.02929330980334129, 0.038078867241339305, 0.04032438306602987], "cost": 0.9905803952983714, "fun": [0.26621684154376585, 0.14634873264484133, 0.29947249353845423, 0.25957801714049705, 0.2894357964312011, 0.15734784221246018, 0.27235053425997263, 0.24405433528600293, 0.2914906451103329, 0.2642984305842199, 0.40806013617526876, 0.35327091242135283, 0.3625082518203624, 0.4405366738694188, 0.4071792078080591, 0.23827759526228448, 0.25304128687848493, 0.45650016163318136, 0.4433147859759941, 0.1624746735476503, 0.0, 0.0, 0.0, 0.0, 0.0, 0.0, 0.0, 0.0, 0.0, 0.0, 0.0, 0.0, 0.0, 0.0, 0.0, 0.0, 0.0, 0.0, 0.0, 0.0, 0.0, 0.0, 0.0, 0.0, 0.0, 0.0, 0.0, 0.0, 0.0, 0.0, 6.101870719861473e-05, 0.0, 0.0, 0.0, 0.0, 0.0, 7.326667445864513e-08, 0.00024448127584689264, 0.0, 0.0, 0.0, 0.0, 0.0, 0.0, 0.0, 0.0, 0.0, 0.0, 0.0, 0.0], "grad": [3997.7364696123113, 4015.4258903279206, -11.31782715269481, -13.41413324551132, 4005.6132319686194, 4000.082637927205, 4020.4275602158787, -6.4550389883616575, -15.499493700057707, 4013.5574059780934, -0.1808423305656952, 8.835630011038894, 5.2923184919942035, -5.40075859014886, 2.153507366750397, 5.445650117601332, 9.025767507643799, -0.9454874628575798, 5.184486582691222, 8.66301710139877, -4230.469336797464, -4235.00806566374, -4253.133884291501, -4006.46958021947, -4008.6862433584706, -4235.615192168812, -4231.818879060023, -4035.4708264057244, -3998.260466866057, -4254.889420637419], "optimality": 4254.889420637419, "nfev": 289, "njev": null, "status": 3, "message": "`xtol` termination condition is satisfied.", "success": true, "res_time": 513.8880940000017, "tension_error": [0.06795776343002641, 0.1955210932431076, -0.19990776101846652, -0.2141841247468924, -0.0824813972180927, 0.06928264170484127, 0.020565026268815317, -0.24279081636853983, -0.2664070559327903, -0.046977983208365645, Infinity, -Infinity, -Infinity, -Infinity, -Infinity, -Infinity, Infinity, Infinity, -Infinity, -Infinity, 0.07961168288463577, 0.2881456734696015, 0.46494798823902533, 0.23845317146965586, 0.03793128046322276, -0.8647758063751241, -0.5968692651817508, 0.4684079431782614, 0.3089745237338606, 0.268224660236467], "git_revision": "018ef57f2e70e762a509d3bbb7a77c8182022b6e", "linregress": [-3.6, 0.8577154179379829, -2.898371107770975e-16, 0.9999999999999988, 2347304834748471.0]}