{"x": [0.08945755975742478, 0.09394102163337543, 0.09817441361690664, 0.09932373023896246, 0.09520938999189765, 0.08681554609593643, 0.0930519621241523, 0.10184496129456272, 0.09916804881195648, 0.0968688227305535, -0.0022387426356152143, 0.007123986813659386, -0.004900773910056905, -0.006132228615592755, 0.01442984013745699, -0.015339235602425038, 0.008008235050396653, -0.0027681847816681425, 0.0006300630675867338, 0.0054160967431465985, 0.061411858828880284, 0.05479836026849814, 0.05453267036688394, 0.048598073820475325, 0.05317329497991187, 0.06242187193620927, 0.06067981120061996, 0.051602285053662475, 0.04717452599533053, 0.05839346628128815], "cost": 1.98421878760871, "fun": [0.5873282831424709, 0.5348690511353509, 0.6318190649103305, 0.26731727930036503, 0.5159122277854996, 0.2859904633509971, 0.26042927748693373, 0.4566114221907334, 0.26308883487539253, 0.5140585420376588, 0.4964840795583384, 0.4908873506671678, 0.5689079736108831, 0.4384172185230527, 0.4598706677984446, 0.3546226424010754, 0.2685619452145663, 0.3373193366950528, 0.4185343593505273, 0.4553394694970088, 0.0, 0.0, 0.0, 0.0, 0.0, 0.0, 0.0, 0.0, 0.0, 0.0, 0.0, 0.0, 0.0, 0.0, 0.0, 0.0, 0.0, 0.0, 0.0, 0.0, 0.0, 0.0, 0.0, 0.0, 0.0, 0.0, 0.0, 0.0, 0.0, 0.0, 1.1220507767486966e-05, 0.0, 0.00011770475354623298, 0.00023059772174498908, 0.0, 0.0036092017068672356, 0.0, 2.1212176409399488e-05, 0.0, 0.0, 0.0, 0.0, 0.0, 0.0, 0.0, 0.0, 0.0, 0.0, 0.0, 0.0], "grad": [13.738206540387665, 8.522387518835723, -5.0244975468604, -9.172022615962764, 10.852351873095575, 14.104525970612283, 7.456420045070117, -6.776461853287031, -15.285288698335561, 11.36295939684116, -11.287105041832666, 3.6643008552755543, 7.89518275533908, -4.8257583858932565, -3.0064744024177106, 7.720458524536589, -2.9228899917044555, 1.6979352317671141, 5.436782926092546, 2.8528313378166272, -1663.6066178593096, -721.464490635711, -11.971810159993442, 24.452369676114422, 17.31986277238855, -993.8972594080656, -1184.8986456076832, 19.069036116601872, 32.787253816237126, 22.464138173899933], "optimality": 1663.6066178593096, "nfev": 259, "njev": null, "status": 2, "message": "`ftol` termination condition is satisfied.", "success": true, "res_time": 621.8935520000014, "tension_error": [0.05938755242530475, 0.01224564446155929, -0.03226687304920239, -0.044351503167010635, -0.0010907696924928139, 0.08716732803506902, 0.021593769352038668, -0.07086129530241106, -0.04271457177188771, -0.01853907807610157, Infinity, -Infinity, Infinity, Infinity, -Infinity, Infinity, -Infinity, Infinity, -Infinity, -Infinity, -0.11445434357735168, 0.005562251546362956, 0.010383783910716933, 0.11808019669889208, 0.03505266437539228, -0.13278327085619018, -0.1011697162337391, 0.06356212280084564, 0.1439136283402192, -0.05967891828598057], "git_revision": "018ef57f2e70e762a509d3bbb7a77c8182022b6e", "linregress": [-0.06666666666666667, 0.5042730637649162, -4.715176115119885e-18, 1.0, 2671971408782450.0]}