{"x": [0.08519594336576018, 0.09029048752767721, 0.10279745674900323, 0.10764187009597935, 0.08823499754577713, 0.0888093501668461, 0.1006663896555615, 0.10851704424565324, 0.11373705351655485, 0.08647069068403535, -0.0015429090728951613, 0.007664584837851285, 0.009332758793061335, 0.008757529044588819, 0.006880544845460208, -0.0014681837955283718, 0.00350828368368355, 0.002030060906562825, 0.002408696208792572, 0.006282464561104318, 0.06134481617586904, 0.06617010617485745, 0.046017905425459, 0.0357521262922753, 0.046575418591225104, 0.0671342513495479, 0.07133879358384733, 0.050254609560642545, 0.040067324104687, 0.04638314395645101], "cost": 0.4538557767685711, "fun": [0.225181558775634, 0.2543633963386431, 0.17554463197600623, 0.13473879418834978, 0.18945563181099973, 0.23853013328507483, 0.2120963921420138, 0.30007900499117474, 0.1813883284136211, 0.23336351644492886, 0.15559104488893744, 0.040165072903768084, 0.35415200754538734, 0.15810451097451697, 0.3219043462042561, 0.06689799909966228, 0.13584413622379768, 0.24336368718179222, 0.19182092784843227, 0.1712775394688176, 0.0, 0.0, 0.0, 0.0, 0.0, 0.0, 0.0, 0.0, 0.0, 0.0, 0.0, 0.0, 0.0, 0.0, 0.0, 0.0, 0.0, 0.0, 0.0, 0.0, 0.0, 0.0, 0.0, 0.0, 0.0, 0.0, 0.0, 0.0, 0.0, 0.0, 3.6730005941507253e-06, 0.0, 0.0, 0.0, 0.0, 3.164763632101037e-06, 0.0, 0.0, 0.0, 0.0, 0.0, 0.0, 0.0, 0.0, 0.0, 0.0, 0.0, 0.0, 0.0, 0.0], "grad": [14327.083409968094, 1.7195227083043385, 14351.826354046927, 14348.518057628236, -14343.503422238646, -14360.944348839586, -14352.886973412245, 14358.281772640203, 14357.998966251747, -14347.743144204233, 14351.82695229667, -14349.585368041007, -14342.052004675345, -14342.367579983604, -14355.71720524427, 14351.938401471285, -14342.95251292743, -14341.483008144749, -14335.41021776148, 14323.69388004045, 14356.162637582034, 14355.711279538315, 14317.838625006078, -14352.64154007998, -14359.190190179677, 14352.340199789822, 14371.874503062598, 14323.81421716678, -14365.891055811211, -14361.46100214842], "optimality": 14371.874503062598, "nfev": 568, "njev": null, "status": 2, "message": "`ftol` termination condition is satisfied.", "success": true, "res_time": 772.3012060000001, "tension_error": [0.10419683892560391, 0.05062963156591037, -0.08087642519343964, -0.1318136015228502, 0.07224233224859172, 0.0662032314041291, -0.058469059732727466, -0.14101572710296964, -0.19590215268823538, 0.09079335241945023, Infinity, -Infinity, -Infinity, -Infinity, -Infinity, Infinity, -Infinity, -Infinity, -Infinity, -Infinity, -0.11323770598848594, -0.20080329186949947, 0.16490307309153257, 0.3511983972089984, 0.1547857605555146, -0.21829984381017453, -0.2946005851511261, 0.0880186827482299, 0.27288956505268996, 0.158275010123433], "git_revision": "018ef57f2e70e762a509d3bbb7a77c8182022b6e", "linregress": [2.7333333333333334, 0.23315533991503756, 2.1021888851998477e-16, 0.9999999999999991, 2457207580549248.5]}