{"x": [0.08380268562941258, 0.0957975845008209, 0.10568351819696999, 0.10586958850010358, 0.09222475189285664, 0.0845181870511628, 0.09283806741032039, 0.10775964835777725, 0.10704912477543206, 0.09240462840551447, -0.009863178269144809, 0.001358310711359175, 0.004547013673571501, 0.006306412591102251, 0.0008417536222601814, -0.011840317686478204, 0.006444412713043019, 0.0012736651527000074, 0.0010384643074137596, 0.004449769935490883, 0.06119842931584605, 0.06162526277581342, 0.05111037939380973, 0.04011751772433178, 0.04907595679927974, 0.0590244522928623, 0.061471398592880075, 0.05025335872963849, 0.04120524923625093, 0.050822529191345896], "cost": 0.5731965949067299, "fun": [0.2206115543494692, 0.1943340235309334, 0.3868767363555348, 0.14823516798950723, 0.3103336602792591, 0.2717180368192327, 0.3166461840074717, 0.15970898826851984, 0.21427878422355706, 0.30123157143908474, 0.22619658112597196, 0.22963781516359444, 0.17320404086843932, 0.2723405752854489, 0.25769518035014316, 0.20000208345336323, 0.09535964401176238, 0.29028425450929346, 0.04566065320901091, 0.21406396255594082, 0.0, 0.0, 0.0, 0.0, 0.0, 0.0, 0.0, 0.0, 0.0, 0.0, 0.0, 0.0, 0.0, 0.0, 0.0, 0.0, 0.0, 0.0, 0.0, 0.0, 0.0, 0.0, 0.0, 0.0, 0.0, 0.0, 0.0, 0.0, 0.0, 0.0, 0.0009595125249962139, 0.0, 0.0, 0.0, 0.0, 0.001659931112793554, 0.0, 0.0, 0.0, 0.0, 0.0, 0.0, 0.0, 0.0, 0.0, 0.0, 0.0, 0.0, 0.0, 0.0], "grad": [-2364.8803404324167, 2363.915569699755, -2363.798616206863, -2364.964719593088, 2366.250811968287, -2364.725132830149, -2364.5770428369133, 2366.26953860055, 2362.6107251246904, -2363.0818336219036, -2367.5397107638046, 2363.722144640521, -2364.7648862975866, -2363.710909191196, 2363.304337468283, 2362.487862369568, 2361.108286033227, -2365.370220996467, -2361.7477433637205, -2363.3190923816524, 2360.595582682151, -2362.521620519297, 2361.480209993503, 2363.5157845842996, 2363.917165554414, 2359.388600951345, 2366.0707534424655, 2360.1219979003836, -2365.0468116581546, -2361.741373502377], "optimality": 2367.5397107638046, "nfev": 257, "njev": null, "status": 2, "message": "`ftol` termination condition is satisfied.", "success": true, "res_time": 361.3176749999984, "tension_error": [0.11884641770957614, -0.007275412758864579, -0.11122227108711402, -0.11317873003508944, 0.030291572449146507, 0.1113231905459848, 0.023842791467623813, -0.1330519954540196, -0.12558110839135544, 0.028400238868272275, Infinity, -Infinity, -Infinity, -Infinity, -Infinity, Infinity, -Infinity, -Infinity, -Infinity, -Infinity, -0.11058119183785826, -0.11832703136325437, 0.07248884167416145, 0.271978690532691, 0.10940795046491547, -0.07112955851647404, -0.1155348246093626, 0.088041381850197, 0.25223939048183214, 0.07771252183224489], "git_revision": "018ef57f2e70e762a509d3bbb7a77c8182022b6e", "linregress": [3.0, 0.21810504471227282, 2.2032100477589296e-16, 0.9999999999999991, 2573275798603633.5]}