{"x": [0.08481139401751356, 0.09362508967982562, 0.10697843381771023, 0.10442660526845066, 0.09216556855216924, 0.08898731248721829, 0.08872287695531167, 0.10659147857027185, 0.1093217282463691, 0.09088294161663035, 0.0012311056994264936, 0.00633801365090815, 0.006558278729708325, 0.006721095035351755, 0.001982322342840952, -0.003020658701971772, 0.0031164785068805265, 0.004029980441927462, 0.006467568907377941, -4.118898841179986e-05, 0.06560859386706532, 0.07003236646518415, 0.049579209665159586, 0.03697217406859296, 0.04478361961818263, 0.06472084579864776, 0.06235199075169899, 0.04389452303819932, 0.03804510753761168, 0.046300500017691586], "cost": 0.5383488925577873, "fun": [0.242155926327371, 0.2637364081680398, 0.19826105773595248, 0.18713671037102164, 0.22392932680540145, 0.2537602724363662, 0.24547630987653954, 0.24753008351982533, 0.19195937544164454, 0.23470483112236795, 0.14407889438547872, 0.11313924154971869, 0.3478077989896265, 0.14611705046818788, 0.34725059384676926, 0.14174897454356092, 0.09779336446601951, 0.26895138445681155, 0.16178490330464868, 0.3486294584210311, 0.0, 0.0, 0.0, 0.0, 0.0, 0.0, 0.0, 0.0, 0.0, 0.0, 0.0, 0.0, 0.0, 0.0, 0.0, 0.0, 0.0, 0.0, 0.0, 0.0, 0.0, 0.0, 0.0, 0.0, 0.0, 0.0, 0.0, 0.0, 0.0, 0.0, 0.0, 0.0, 0.0, 0.0, 0.0, 2.756163480770373e-05, 0.0, 0.0, 0.0, 6.98784684549687e-11, 0.0, 0.0, 0.0, 0.0, 0.0, 0.0, 0.0, 0.0, 0.0, 0.0], "grad": [4.364813829188565, 1.166954004629957, -1.4612360899423915, -3.1965370354644516, -0.5272976074447498, 2.7759248955973597, 0.09246984000195435, -1.9567052276255812, -1.9653097513440447, 0.04926336625973016, 8.350209356126612, -3.6840599462998505, 0.4349686738596168, 1.5114672037510124, -5.298679208477341, 3.6391940845091875, -2.9221614997910197, -0.5957598638056458, 1.5569364301067004, -4.693283504838462, -1.959105376299176, 0.02753566988930145, -1.0245709968542867, 4.527409101079114, 0.6871662056373538, 0.11958305641096167, -3.475266460010274, 3.4659260906359752, -0.12731151039607091, 3.100791105006737], "optimality": 8.350209356126612, "nfev": 351, "njev": null, "status": 2, "message": "`ftol` termination condition is satisfied.", "success": true, "res_time": 474.16945699999997, "tension_error": [0.10824023005597162, 0.015567549607433572, -0.12483781967495815, -0.09800630645216633, 0.030913862919516744, 0.06433202483203763, 0.06711246455749931, -0.12076913142343583, -0.14947667539498607, 0.04440020062461309, -Infinity, -Infinity, -Infinity, -Infinity, -Infinity, Infinity, -Infinity, -Infinity, -Infinity, Infinity, -0.19061340603434207, -0.27089256841419046, 0.10027531137870374, 0.32905792516307364, 0.18730192577840393, -0.17450324897807848, -0.13151512181955521, 0.20343655456700832, 0.3095871684115274, 0.15977476763406984], "git_revision": "018ef57f2e70e762a509d3bbb7a77c8182022b6e", "linregress": [2.8666666666666667, 0.22415037871402016, 2.1710640942779725e-16, 0.9999999999999991, 2495315911712229.0]}