{"x": [0.08310782243466666, 0.09158440273321142, 0.10462489490655644, 0.10482382658688616, 0.0920655927430564, 0.08453255980093465, 0.08905719053194419, 0.10435324742613539, 0.10494635105619785, 0.09062817740738428, -0.009887772836084531, -0.0009630977042375382, 0.0077002251268848436, 0.007141820278857783, 0.003013003555419901, -0.010605008398894035, 0.0007923661078475287, 0.003855619431793781, 0.0044816145702229315, 0.0007099337173609129, 0.06689596075985339, 0.06627012899711626, 0.053673774598506516, 0.04334296027593243, 0.054041289251383545, 0.06788218946551675, 0.06724049951819885, 0.054311985657673964, 0.04308755357358153, 0.05288199755712607], "cost": 0.6009946621456583, "fun": [0.2475915283186528, 0.21920233320969937, 0.32805852693839166, 0.13534535764413322, 0.3247422223675483, 0.24702226230435195, 0.2407628800651208, 0.3083578871382221, 0.2085883562857509, 0.24975108259490322, 0.17776421877353507, 0.19480752743631044, 0.28633548739426756, 0.25763808627373486, 0.26069237944002355, 0.17921673032047014, 0.17469122772719065, 0.29419993914011855, 0.07081592335982145, 0.31812143657653125, 0.0, 0.0, 0.0, 0.0, 0.0, 0.0, 0.0, 0.0, 0.0, 0.0, 0.0, 0.0, 0.0, 0.0, 0.0, 0.0, 0.0, 0.0, 0.0, 0.0, 0.0, 0.0, 0.0, 0.0, 0.0, 0.0, 0.0, 0.0, 0.0, 0.0, 0.0009667082854209916, 8.933281982228522e-07, 0.0, 0.0, 0.0, 0.0011927050288979238, 0.0, 0.0, 0.0, 0.0, 0.0, 0.0, 0.0, 0.0, 0.0, 0.0, 0.0, 0.0, 0.0, 0.0], "grad": [1.0570002258799223, 0.9605480261527946, -0.7102128083157258, -1.8293683761260018, 0.11544242126056914, 2.2629925253717396, 0.7990531888636938, -2.2234305683996833, -2.0498800064359104, 1.423082379499807, -1.9672935894402679, -0.6840560217088787, 1.3648242527649388, 1.2546997835816778, -0.9934829981585205, -1.5510951497284386, -0.6346158426361859, 0.711237833132853, 2.5445640112601824, -1.6349699144391718, -0.6030985561771449, -0.952098418737952, 0.7535375851109185, -0.5784892744689052, 2.641134261230187, -1.8187016748647706, -1.2985921886574174, 1.628768348976652, 3.199741683340574, 0.06239175164621913], "optimality": 3.199741683340574, "nfev": 319, "njev": null, "status": 2, "message": "`ftol` termination condition is satisfied.", "success": true, "res_time": 397.451139, "tension_error": [0.12615264171246465, 0.03702460196604325, -0.10009124709142739, -0.10218293856213685, 0.0319650707857149, 0.11117206651154961, 0.06359728358870849, -0.09723497645170501, -0.10347123707239762, 0.04707895004571485, Infinity, Infinity, -Infinity, -Infinity, -Infinity, Infinity, -Infinity, -Infinity, -Infinity, -Infinity, -0.2139755327115865, -0.20261842775447242, 0.025970352010138816, 0.21344588383803165, 0.01930098376371611, -0.23187283928636018, -0.22022795240855023, 0.014388597271365454, 0.2180808047513825, 0.04033890198954926], "git_revision": "018ef57f2e70e762a509d3bbb7a77c8182022b6e", "linregress": [3.6, 0.1439685102735056, 2.63218664646504e-16, 0.9999999999999989, 2584680126427520.5]}