{"x": [0.07805823338803859, 0.09171983589629715, 0.11103983471707357, 0.10157617024824099, 0.10088490654686567, 0.08427466138688289, 0.09399746098443462, 0.1106470761201412, 0.11133249799316973, 0.10037345941175474, -0.0008638288124259891, 0.00907973982333007, 0.007158749191629646, 0.007628817510577895, -0.006056294238811332, -0.0037140975491336877, 0.005753136474785137, 0.008066817568681838, 0.011847541089516677, -0.010670909331195499, 0.05079057771968657, 0.05206044172822952, 0.046331396460683176, 0.033195331205259325, 0.04273432648556501, 0.05812448680669709, 0.05717655929058379, 0.04807204509037772, 0.03935792312757294, 0.04540215003715262], "cost": 0.5947538208727309, "fun": [0.13529974094608227, 0.2800064577581122, 0.10655489553426402, 0.07331273784345091, 0.2711254824967674, 0.18181772135721852, 0.2077357555555824, 0.30103895734061864, 0.09981002833434471, 0.3698448131334194, 0.20886397737295162, 0.14203593943023515, 0.29521498171475496, 0.19036467026043646, 0.44333962784562136, 0.1285179830073613, 0.22601585173298636, 0.24586036000281744, 0.04864874999393187, 0.41811744120489586, 0.0, 0.0, 0.0, 0.0, 0.0, 0.0, 0.0, 0.0, 0.0, 0.0, 0.0, 0.0, 0.0, 0.0, 0.0, 0.0, 0.0, 0.0, 0.0, 0.0, 0.0, 0.0, 0.0, 0.0, 0.0, 0.0, 0.0, 0.0, 0.0, 0.0, 6.445892474362776e-07, 0.0, 0.0, 0.0, 0.00022213699893421318, 5.1234195168576536e-05, 0.0, 0.0, 0.0, 0.0012150783685383137, 0.0, 0.0, 0.0, 0.0, 0.0, 0.0, 0.0, 0.0, 0.0, 0.0], "grad": [-2.044508149656331, -3.2250747434005764, -4.910271203607227, -6.656684695251279, -7.751901557534566, -2.388874854728979, -4.3713989810378315, -5.881518338447662, -6.77051586971883, -7.151443618498074, 6.391976175015222, 1.1516695866704152, 1.2399739612389118, 3.9941420789560174, -4.394448938602093, 6.467293671524504, 2.15375681501251, 0.5338456654251318, 4.864572798320795, -5.460020789780581, -240.65155295238338, -249.00279138858753, 16.088506825997875, 10.911248242780125, 17.01605963677135, -243.70080276253498, -246.43419508767514, 15.967979283797222, 17.8589931054729, 14.879536278132555], "optimality": 249.00279138858753, "nfev": 320, "njev": null, "status": 3, "message": "`xtol` termination condition is satisfied.", "success": true, "res_time": 480.7972379999992, "tension_error": [0.17924716301703203, 0.0356005734171058, -0.1675419159066369, -0.06803505898820329, -0.06076668229837062, 0.11388377091221344, 0.011652206005566719, -0.16341220762744477, -0.17061915969900615, -0.0553890088757303, Infinity, -Infinity, -Infinity, -Infinity, Infinity, Infinity, -Infinity, -Infinity, -Infinity, Infinity, 0.07829235212973912, 0.055247854095302446, 0.15921408317100852, 0.39759711310362594, 0.22449089345438178, -0.054797689326172676, -0.037595442758899734, 0.12762615434100247, 0.28576321869808297, 0.17607731989281145], "git_revision": "018ef57f2e70e762a509d3bbb7a77c8182022b6e", "linregress": [0.3333333333333333, 0.49544294790094323, 2.516382454494474e-17, 0.9999999999999999, 2503358689469416.5]}