{"x": [0.0897876612208489, 0.07999296237385012, 0.12027554961186733, 0.11367438171331112, 0.09240345112217097, 0.08193388638900514, 0.08450858894809819, 0.1155241528943747, 0.11813698641683565, 0.07826290610771738, 0.005290781355446259, 0.008727916555173385, 0.006945441157407086, -7.78695111000529e-05, 0.0005607763418166528, 0.006924951626631637, 0.0012501661251262096, -0.0033955564171817003, 0.0022582060829920317, 0.007528503009282774, 0.06935848540162193, 0.07213594942366575, 0.050173819239371836, 0.04525890347943047, 0.047803685329717856, 0.06489435006186621, 0.06165023667558633, 0.04559601111233056, 0.04761050637083309, 0.04532664575976909], "cost": 0.5962744062745539, "fun": [0.24062973328234075, 0.2493069310167902, 0.224640337803936, 0.2561319451105586, 0.30173793989258746, 0.2796313300410054, 0.26273457771019865, 0.31124060953717214, 0.31220762822074144, 0.2132218593257985, 0.05745634417941475, 0.16342800689854312, 0.13915741158276781, 0.3475939904343077, 0.2286456892416099, 0.2568309627026062, 0.2951091267560733, 0.10885240225740161, 0.2068651808854985, 0.21949894058679773, 0.0, 0.0, 0.0, 0.0, 0.0, 0.0, 0.0, 0.0, 0.0, 0.0, 0.0, 0.0, 0.0, 0.0, 0.0, 0.0, 0.0, 0.0, 0.0, 0.0, 0.0, 0.0, 0.0, 0.0, 0.0, 0.0, 0.0, 0.0, 0.0, 0.0, 0.0, 0.0, 0.0, 4.721742987768892e-10, 0.0, 0.0, 0.0, 3.9150097863489207e-05, 0.0, 0.0, 0.0, 0.0, 0.0, 0.0, 0.0, 0.0, 0.0, 0.0, 0.0, 0.0], "grad": [-2.4353056046628994, 0.6164113585823472, -1.1065357187568212, -1.8369138785257224, -0.45611060362325917, 2.8211456276305045, 0.9167312867012463, -2.669084703756572, -3.0294744345361533, -1.6059021505925335, 2.456674466072185, -2.808719546939207, -4.038180885627368, -4.065471926974062, -2.0972932530148523, 7.996523548101717, 2.7883808261207346, -6.798742708309778, -4.0383088868221195, -1.7707498991658555, 9.444651254703198, -2.820831254069129, 4.773557855573435, 2.0871030470783616, 3.0433091348060195, -3.082966019290918, 1.828929908606284, 2.333711833016741, 7.22036297276428, 1.6322931700664611], "optimality": 9.444651254703198, "nfev": 475, "njev": null, "status": 2, "message": "`ftol` termination condition is satisfied.", "success": true, "res_time": 675.6133160000027, "tension_error": [0.05591666023574245, 0.1589042185898357, -0.2646519691637403, -0.1952431823518787, 0.028412617557901497, 0.138496135769312, 0.11142411097395265, -0.2146928275556083, -0.2421657850265192, 0.17709510668628847, -Infinity, -Infinity, -Infinity, Infinity, -Infinity, -Infinity, -Infinity, Infinity, -Infinity, -Infinity, -0.25866350235654056, -0.30906674535430656, 0.08948480225961014, 0.17867684629537126, 0.13249613721747125, -0.17765186853561024, -0.11878023814788426, 0.17255928084623837, 0.13600179775148577, 0.1774475124174053], "git_revision": "018ef57f2e70e762a509d3bbb7a77c8182022b6e", "linregress": [1.2, 0.40496656843163675, 9.824334709795424e-17, 0.9999999999999996, 2308336294562776.0]}