{"x": [0.08435584186812231, 0.08500307689258925, 0.11007995671379661, 0.11141574768410734, 0.0917581751616762, 0.08728540312968197, 0.08040480484293278, 0.10973592437770172, 0.11165271740882977, 0.08583970366628665, 0.005279843909274825, 0.009477874691105231, 0.00232652468803619, 0.0032825348928125745, 0.006029971013883631, -0.008994145817767297, 0.008162109485491611, 0.0003965101085964575, 0.007311294860375418, 0.009226260460602933, 0.07789902409581946, 0.07863855988613383, 0.056352100374862255, 0.05036299881332455, 0.056279087541126836, 0.06804646788513673, 0.06304603823825189, 0.04868774760333738, 0.04876476206757876, 0.056178782717478205], "cost": 0.5087370276706551, "fun": [0.2711482590109905, 0.24813379819610415, 0.3228412765399388, 0.2952702698564221, 0.3508706247322307, 0.26732338533319333, 0.28294556054681896, 0.24045409406994478, 0.28562497999286723, 0.264030930471468, 0.006313544777839749, 0.19393637945288142, 0.023433561843675864, 0.0046937307917264085, 0.05754831983700274, 0.1841584667145627, 0.2710121420001102, 0.11671279790005752, 0.0036302862154960792, 0.2114173661508394, 0.0, 0.0, 0.0, 0.0, 0.0, 0.0, 0.0, 0.0, 0.0, 0.0, 0.0, 0.0, 0.0, 0.0, 0.0, 0.0, 0.0, 0.0, 0.0, 0.0, 0.0, 0.0, 0.0, 0.0, 0.0, 0.0, 0.0, 0.0, 0.0, 0.0, 0.0, 0.0, 0.0, 0.0, 0.0, 0.0007275783588459614, 0.0, 0.0, 0.0, 0.0, 0.0, 0.0, 0.0, 0.0, 0.0, 0.0, 0.0, 0.0, 0.0, 0.0], "grad": [-2.2111547075496487, 0.5531463185926737, -0.9210847934774891, -0.5127022841937414, 0.16609732975377178, -1.6556488309830715, -1.0246358330283893, -0.8245340646977493, 0.6442525074550387, 1.2450129756380326, 0.11943758018333567, -1.4204406849314308, 0.6540266655946664, -1.2900503079839711, -3.5698777502717265, -2.177952362056373, 0.6255339208067894, -1.0406569014126714, -0.841127187096729, -2.8090738690122334, -0.8835726949217504, 1.2466235532632224, 1.5774155452105818, 1.7933009971565883, 0.17121953645647636, -0.04978512993189055, 0.36473755481919223, 2.311806702262431, -1.3270418549101564, 0.6660565724423495], "optimality": 3.5698777502717265, "nfev": 2725, "njev": null, "status": 2, "message": "`ftol` termination condition is satisfied.", "success": true, "res_time": 3817.1705150000003, "tension_error": [0.11303018881852607, 0.10622475703421691, -0.1574491613034071, -0.1714944987510102, 0.03519745052459462, 0.08222695881730824, 0.1545738506040614, -0.15383179125020485, -0.17398614588934805, 0.09742794255092532, -Infinity, -Infinity, -Infinity, -Infinity, -Infinity, Infinity, -Infinity, -Infinity, -Infinity, -Infinity, -0.4136505134281353, -0.4270710300753072, -0.02263380770585294, 0.08605171943280326, -0.021308827950394665, -0.23485403545584355, -0.14411015233626825, 0.1164528670801275, 0.11505526886654392, -0.019488574524937245], "git_revision": "018ef57f2e70e762a509d3bbb7a77c8182022b6e", "linregress": [-0.06666666666666667, 0.5004943310358948, -5.245305005119628e-18, 1.0, 2401922434382231.5]}