{"x": [0.06228187291856251, 0.12194910313407292, 0.08059130459618473, 0.06484298100691381, 0.1259651798214132, 0.04704878010392588, 0.13795875143001507, 0.0823880202118367, 0.09126104073334988, 0.1098966611221436, 0.009972681419852266, 0.008038419041921806, 0.005202474247301488, -0.009983240895912893, -0.00418781474014099, -0.004449019809756066, -0.004254641207630104, 0.0028437685156558366, -0.007591942730833086, -0.021193864963341552, 0.06484466288303313, 0.07554340306201407, 0.061008531830251164, 0.019812546335123415, 0.06453116046926244, 0.0753453880987963, 0.08522766770892112, 0.07947898736444994, 0.024842375276762245, 0.056053127716159355], "cost": 1.935351409324901, "fun": [0.5191542967784673, 0.5185059800878915, 0.30437845544337533, 0.3190643291669768, 0.45581752757036603, 0.3809244885203031, 0.3656603946883925, 0.3647662302967573, 0.32857073252320396, 0.27485781527695197, 0.526896993248637, 0.40694996727537486, 0.23295025201370706, 0.5422165104625075, 0.5317698238390507, 0.43722065398906845, 0.45589437328526533, 0.5901968760619695, 0.5840914402414433, 0.4145881553916408, 0.0, 0.0, 0.0, 0.0, 0.0, 0.0, 0.0, 0.0, 0.0, 0.0, 0.0, 0.0, 0.0, 0.0, 0.0, 0.0, 0.0, 0.0, 0.0, 0.0, 0.0, 0.0, 0.0, 0.0, 0.0, 0.0, 0.0, 0.0, 0.0, 0.0, 0.0, 0.0, 0.0, 0.0009949806900938732, 7.344502509401569e-05, 8.806290717346018e-05, 7.701739518373702e-05, 0.0, 0.0004375813160422531, 0.009519858400961484, 0.0, 0.0, 0.0, 0.0, 0.0, 0.0, 0.0, 0.0, 0.0, 0.0], "grad": [-1060.1588235821928, -478.77910598025755, -59.617635764532025, -199.02226507864583, -2790.2244864138174, 104.76240310527277, 381.3797907178326, -304.40396472973987, -7.076584498973148, -1880.59352089422, -628.8615920161635, -601.2530850512304, -877.111443759765, -884.1861499160327, -242.27100314093497, 795.9469143018566, 404.04830977300765, 28.904949200409995, -860.7433565231581, 186.42965039009033, 8403.638833592671, 7086.46472630312, 218.80870551026737, -3259.2925954718175, -1245.3801574145307, 3572.8018908315407, 2696.742876857087, 4028.997415498904, -1555.634499297857, -1057.0995028043412], "optimality": 8403.638833592671, "nfev": 199, "njev": null, "status": 3, "message": "`xtol` termination condition is satisfied.", "success": true, "res_time": 540.061541000001, "tension_error": [0.3451296337132319, -0.282248752252141, 0.15261287615031954, 0.31820054964230715, -0.3244762815159636, 0.5052998502422898, -0.45058415631737814, 0.13372109017474912, 0.04042463124212869, -0.1555218773984816, -Infinity, -Infinity, -Infinity, Infinity, Infinity, Infinity, Infinity, -Infinity, Infinity, Infinity, -0.17675018450704294, -0.37090254678114604, -0.10713508091251835, 0.6404574174829872, -0.17106098809756337, -0.3673091262259035, -0.546645001185126, -0.44232245010284577, 0.5491800189746661, -0.017208285918102972], "git_revision": "018ef57f2e70e762a509d3bbb7a77c8182022b6e", "linregress": [-3.8666666666666667, 0.9487570087716604, -2.93955440567716e-16, 0.9999999999999988, 2485857424762218.5]}