{"x": [0.0886069602375528, 0.09203758990058249, 0.10090193882135505, 0.10350453224731687, 0.09406970312499977, 0.0891324318847919, 0.09248088939678235, 0.0984423653272418, 0.09649456743089264, 0.09511841635028584, -0.010496466607618788, 0.003083430941776302, 0.003040445891151377, 0.0010067297412528786, 0.0034542413261334846, -0.008024626996824305, 0.004823859695816495, -0.0021276464886813536, -0.0036559224812717952, 0.005301703600697504, 0.055729716931599935, 0.057712818820405416, 0.05788038327775768, 0.04484977234683277, 0.053312429745976164, 0.05386605140228752, 0.05437664540767537, 0.05375647181601734, 0.05524696955191758, 0.05331533372724567], "cost": 2.4122693496015684, "fun": [0.4804451363642552, 0.56560009888553, 0.4638722905402453, 0.3528654064333298, 0.46675933873442865, 0.5058439667069375, 0.57458776143417, 0.6149990451568987, 0.2696171727149192, 0.6442089394025267, 0.4814935951059699, 0.42303486943693325, 0.46646272134135536, 0.3552488731759962, 0.4043680920289461, 0.3750240039502019, 0.5420491067365659, 0.5103218251746393, 0.6369331663027589, 0.4956095909277402, 0.0, 0.0, 0.0, 0.0, 0.0, 0.0, 0.0, 0.0, 0.0, 0.0, 0.0, 0.0, 0.0, 0.0, 0.0, 0.0, 0.0, 0.0, 0.0, 0.0, 0.0, 0.0, 0.0, 0.0, 0.0, 0.0, 0.0, 0.0, 0.0, 0.0, 0.0011564567236989445, 0.0, 0.0, 0.0, 0.0, 0.0005167429540616107, 0.0, 9.631599444768381e-06, 4.8864216057805495e-05, 0.0, 0.0, 0.0, 0.0, 0.0, 0.0, 0.0, 0.0, 0.0, 0.0, 0.0], "grad": [7962.211252687296, -61.161762727966945, -8018.016257644863, 62.186465826582975, 30.15206658528145, 7973.854467480015, 7990.298103964062, -7970.35364443861, -7972.4624056098055, -124.62786127599009, 8062.65652203685, -89.86715496544053, -8017.517599187318, 158.87136609795647, 8036.636104265807, 8033.957435028129, 7961.785138465367, -7995.085026369252, -8009.655274227227, 24.87742299628114, -7626.888832585228, -7881.167128916581, 8030.317402197181, 8037.40467744932, -107.93215847323319, -47.62726530671309, -7971.318979283111, 143.64812590945405, 7556.827235462441, -69.90242061749828], "optimality": 8062.65652203685, "nfev": 290, "njev": null, "status": 3, "message": "`xtol` termination condition is satisfied.", "success": true, "res_time": 728.6724539999996, "tension_error": [0.06833128505631075, 0.03225951009604101, -0.06094577023055498, -0.08831105695505206, 0.01089260718754313, 0.06280614918650897, 0.027598383353260855, -0.035084284062576875, -0.014603924977957946, -0.0001342162169306911, Infinity, -Infinity, -Infinity, -Infinity, -Infinity, Infinity, -Infinity, Infinity, Infinity, -Infinity, -0.011339280151377884, -0.04732706094619046, -0.05036788955627628, 0.18610143784025066, 0.032527755549313045, 0.022481063080780767, 0.013215202741092724, 0.02446962763842586, -0.0025787585779032574, 0.032475056370340316], "git_revision": "018ef57f2e70e762a509d3bbb7a77c8182022b6e", "linregress": [-4.733333333333333, 0.9805237352551316, -3.3715675951995e-16, 0.9999999999999987, 2653115781302440.5]}