{"x": [0.09511772972571637, 0.08513179093326416, 0.10198594604213988, 0.1173327771797292, 0.09057167390654103, 0.10069816016607142, 0.09603861603742926, 0.10370403379157106, 0.13435986210294856, 0.07897620603453988, 0.0006810484071613456, 0.01330774519819242, 0.009677760120892845, 0.019080603957979104, 0.023963521283931935, 0.009764325735452948, 0.014095085288467497, 0.003795754751684067, 0.018506135235120465, 0.009506204881603753, 0.05700478147626148, 0.06337733691986165, 0.03959804649757932, 0.03985748742791881, 0.05275590781098081, 0.09434811084861412, 0.09493702617738471, 0.048515244397197656, 0.04678876694241042, 0.04904935109837856], "cost": 0.4327593366607537, "fun": [0.2405760991627961, 0.25371890713053363, 0.23362952516811938, 0.14120773200762132, 0.0912439535014529, 0.20921059908587394, 0.13645969678234973, 0.3039240245637285, 0.26232379026891167, 0.2662409320891893, 0.12263950605583511, 0.17255111302428258, 0.1855006719820818, 0.08986935932239205, 0.3444485004181708, 0.2079954455554303, 0.25589721228939105, 0.17056458771674907, 0.03760262435142852, 0.14409969132986866, 0.0, 0.0, 0.0, 0.0, 0.0, 0.0, 0.0, 0.0, 0.0, 0.0, 0.0, 0.0, 0.0, 0.0, 0.0, 0.0, 0.0, 0.0, 0.0, 0.0, 0.0, 0.0, 0.0, 0.0, 0.0, 0.0, 0.0, 0.0, 0.0, 0.0, 0.0, 0.0, 0.0, 0.0, 0.0, 0.0, 0.0, 0.0, 0.0, 0.0, 0.0, 0.0, 0.0, 0.0, 0.0, 0.0, 0.0, 0.0, 0.0, 0.0], "grad": [0.9020165196121657, 0.6873703232907195, -1.4796299624503892, -2.1906911857636224, 1.4091910395633866, 1.7093465772993004, 0.3994774138630144, -1.8380076301826311, -1.9303180490088288, 0.679474830688723, -1.6316547585941414, -1.721764637061597, -2.0398502199461754, 1.6520463762354234, -0.027366120394991977, 0.6404232915643793, -1.743053320049686, 1.030093858969508, -0.9955595159911221, -0.9848037252029336, -1.654506357156813, 0.9803217714873957, 2.496839100413567, 2.9882792360915245, 0.3147079536287345, 0.07075133402683242, -0.5988451578427982, 2.626501260040895, 1.1080170584023623, 4.269313777624396], "optimality": 4.269313777624396, "nfev": 1504, "njev": null, "status": 2, "message": "`ftol` termination condition is satisfied.", "success": true, "res_time": 1941.5539230000013, "tension_error": [-0.0001269966189604245, 0.10487137751922955, -0.07234369666512261, -0.23370982869451018, 0.047673063012453824, -0.05880311464918685, -0.009809768314802488, -0.09040874032965683, -0.412743194551131, 0.16959502741023075, -Infinity, -Infinity, -Infinity, -Infinity, -Infinity, -Infinity, -Infinity, -Infinity, -Infinity, -Infinity, -0.0344781534445484, -0.15012230148437086, 0.2814056477370132, 0.27669751681193827, 0.042627080005194454, -0.7121556642103776, -0.7228428386203959, 0.11958332023737704, 0.15091408167772544, 0.10989076989912044], "git_revision": "018ef57f2e70e762a509d3bbb7a77c8182022b6e", "linregress": [-2.0, 0.6678781727292984, -1.6271578825819165e-16, 0.9999999999999993, 2322850640710332.5]}