{"x": [0.08250707065765098, 0.08953984822229856, 0.10682099665657346, 0.10598515727298173, 0.08911918942586655, 0.08271280464053653, 0.0897990606685246, 0.10657477514685935, 0.10690507043800064, 0.089331519102695, -0.004276156316142003, 0.001606506625941271, 0.0016535810604326366, 0.001025303860020622, 0.0011766540014696899, -0.0016883165333125788, -0.00028201505796753327, 0.0032423208155626924, 0.003346349477906592, -0.0002472223782768647, 0.06516979343427323, 0.06623564792038245, 0.0494711966881656, 0.0415772820908812, 0.04939112080891912, 0.06775878128806676, 0.0666945688953498, 0.04902761684155773, 0.04271577897663678, 0.04933553765472848], "cost": 0.4972719347912181, "fun": [0.20808409091648333, 0.23457987734822283, 0.2592085402563181, 0.20543654549870713, 0.29603874638422945, 0.21640703383044538, 0.20448147343282072, 0.35598418030728185, 0.17753198353865166, 0.3115456565330866, 0.15534567386067388, 0.12093606560435598, 0.2636629527381895, 0.016159874399493675, 0.24645721302136914, 0.13760468064812284, 0.18726130931104676, 0.21140942976083252, 0.15780859262315894, 0.2497191466396829, 0.0, 0.0, 0.0, 0.0, 0.0, 0.0, 0.0, 0.0, 0.0, 0.0, 0.0, 0.0, 0.0, 0.0, 0.0, 0.0, 0.0, 0.0, 0.0, 0.0, 0.0, 0.0, 0.0, 0.0, 0.0, 0.0, 0.0, 0.0, 0.0, 0.0, 7.819171122500868e-05, 0.0, 0.0, 0.0, 0.0, 4.8123989162957676e-06, 2.2429360601257822e-08, 0.0, 0.0, 1.5109960883881423e-08, 0.0, 0.0, 0.0, 0.0, 0.0, 0.0, 0.0, 0.0, 0.0, 0.0], "grad": [-17610.49213713916, -17647.53028692939, 17623.52848283705, 17634.021398294783, -17644.46842739974, -17607.685932232558, 17632.737950150884, -1.0267024722953986, -1.1950896761917489, 17620.68815427539, -17647.97862598401, 17630.750289812175, -17614.796158419926, -17626.13974831778, -17646.18039151589, -17679.233710542147, 17635.29354062786, -17605.823953629755, -17604.041127456723, 17612.325017883435, -0.31144408888689057, 17676.005374825225, 17682.236980089263, -17666.91415770435, -17596.14647851685, 17626.618310428326, -17636.672861361112, -17606.000328783335, 17622.99900006267, -17559.495654873135], "optimality": 17682.236980089263, "nfev": 352, "njev": null, "status": 2, "message": "`ftol` termination condition is satisfied.", "success": true, "res_time": 380.48992499999804, "tension_error": [0.13246931970922468, 0.0585223203022514, -0.12318242739869192, -0.11439389202491887, 0.06294538863966931, 0.13030610459676228, 0.05579679934966069, -0.12059350123609891, -0.12406643145088733, 0.060712822296970954, Infinity, -Infinity, -Infinity, -Infinity, -Infinity, Infinity, Infinity, -Infinity, -Infinity, Infinity, -0.1826503992533328, -0.20199269216414772, 0.10223544633747585, 0.24548802944663733, 0.10368860071423358, -0.22963332428038502, -0.21032083079509578, 0.11028518617930329, 0.224827479128253, 0.10469728028848484], "git_revision": "018ef57f2e70e762a509d3bbb7a77c8182022b6e", "linregress": [-0.8, 0.5967807255474157, -5.968557259246225e-17, 0.9999999999999998, 2533037426582120.0]}