{"x": [0.0956113781441987, 0.07891226684546443, 0.11743928956528134, 0.12439091394684192, 0.08332873596454589, 0.09637976236864895, 0.07729942724979295, 0.11852855979076031, 0.11556868617753696, 0.09074956639917008, 5.8670935285155434e-05, 0.006083184772528728, 0.009659502181221552, 0.013208980375059043, 0.01220761774129795, 0.00533465283390085, 0.016367729858156897, 0.012732765792438264, 0.012618571184151436, 0.017623717194961357, 0.06943797607355975, 0.05658332249813892, 0.03811742441157082, 0.04436041774863984, 0.048884935530054026, 0.07201080116883116, 0.07063725272071311, 0.04468223493957298, 0.04463540063983829, 0.050268625669856216], "cost": 0.3798603778117125, "fun": [0.27010847597381454, 0.2042547132394286, 0.23890276525867246, 0.1533459475803343, 0.2633720516199459, 0.19541288028458748, 0.2104780439811008, 0.15239845615980482, 0.17738580812339894, 0.20909074515057594, 0.1605548640061923, 0.13489616130752072, 0.10777790346919207, 0.31046430985952106, 0.1166416394528828, 0.16713791623904992, 0.15483805417910687, 0.13809718037774135, 0.17951718570405784, 0.21307098221240545, 0.0, 0.0, 0.0, 0.0, 0.0, 0.0, 0.0, 0.0, 0.0, 0.0, 0.0, 0.0, 0.0, 0.0, 0.0, 0.0, 0.0, 0.0, 0.0, 0.0, 0.0, 0.0, 0.0, 0.0, 0.0, 0.0, 0.0, 0.0, 0.0, 0.0, 0.0, 0.0, 0.0, 0.0, 0.0, 0.0, 0.0, 0.0, 0.0, 0.0, 0.0, 0.0, 0.0, 0.0, 0.0, 0.0, 0.0, 0.0, 0.0, 0.0], "grad": [3.170766706871759, 0.6784035522375674, -0.6344003658023709, -0.05324208600162006, -0.1394962938229214, 0.6459282033574347, 0.33724689966228216, -1.4920176978961681, -1.7296804999888122, -0.8460617137306692, -6.247213938020669, 0.9677083315428296, -0.44566115268161033, -1.4630205287477624, 5.748986634449262, -9.236663232276282, 1.9850727465338418, -1.8988752184328355, -2.386747127442137, 5.844004970155993, 3.380953146713413, 1.4203916797126959, 5.801265615365788, -3.8176721417377806, 2.798732863069281, -3.6978561767387963, -0.6898265414805569, -0.2125940644817521, 0.04978774037460898, 3.585162106662915], "optimality": 9.236663232276282, "nfev": 3268, "njev": null, "status": 2, "message": "`ftol` termination condition is satisfied.", "success": true, "res_time": 3574.689029000001, "tension_error": [-0.005317523259851774, 0.17026732382984336, -0.2348297661927259, -0.3079234705357724, 0.12382981939755326, -0.013396793116952297, 0.18722572291588613, -0.24628303113351227, -0.2151610782052725, 0.04580259065270355, -Infinity, -Infinity, -Infinity, -Infinity, -Infinity, -Infinity, -Infinity, -Infinity, -Infinity, -Infinity, -0.26010603684913486, -0.02682984580876853, 0.30827481838932286, 0.19498186204342088, 0.11287445493594019, -0.30679565278601023, -0.2818695707016944, 0.18914177556643177, 0.18999168777822734, 0.08776432936940194], "git_revision": "018ef57f2e70e762a509d3bbb7a77c8182022b6e", "linregress": [1.8, 0.32271084274627426, 1.5843895009466788e-16, 0.9999999999999993, 2146997474453427.5]}