{"x": [0.08436646506409566, 0.09492309482772167, 0.11416774443753427, 0.11912201455378804, 0.08597990867999993, 0.09025166481355028, 0.08733598362836235, 0.10896023448062354, 0.10667477110363234, 0.0979317553846091, -0.020788142140078323, 0.006996600592538101, 0.011603423174321283, 0.015427768962703097, -0.00961416283443136, -0.01745236868552658, -0.016520046538763777, 0.004282828972061042, 0.002709907909034852, 0.001987311423019319, 0.05710973634203471, 0.056532032472078574, 0.05650450481767702, 0.05212375425663344, 0.04939574692233657, 0.04935959963038218, 0.04689143107110549, 0.04026999026698202, 0.03847934149889007, 0.050826684291431536], "cost": 0.6980686528679056, "fun": [0.23642621818654105, 0.21841955995749582, 0.34181338303984765, 0.08282679828682078, 0.39915298730472676, 0.21837847025553603, 0.22386444726051755, 0.3361957269343865, 0.0997882349883449, 0.22066610416154628, 0.28790560856147485, 0.3460516497204826, 0.22999320316277025, 0.13689214684960965, 0.3347611309592339, 0.1901398164287542, 0.1811886450556119, 0.4271682914729085, 0.05339075978847579, 0.31504162992695894, 0.0, 0.0, 0.0, 0.0, 0.0, 0.0, 0.0, 0.0, 0.0, 0.0, 0.0, 0.0, 0.0, 0.0, 0.0, 0.0, 0.0, 0.0, 0.0, 0.0, 0.0, 0.0, 0.0, 0.0, 0.0, 0.0, 0.0, 0.0, 0.0, 0.0, 0.008983530218774873, 0.0, 0.0, 0.0, 0.0008886575201777658, 0.005315732730725596, 0.0045085179108452535, 0.0, 0.0, 0.0, 0.0, 0.0, 0.0, 0.0, 0.0, 0.0, 0.0, 0.0, 0.0, 0.0], "grad": [-387.35113007533505, -388.8968674653121, 42.2865378306892, 45.55099597994456, -388.1879076474065, -385.52152631979743, -387.10630213652604, 45.50802574149898, 43.1072208084747, -388.83485116986424, -34.29023806444056, -30.753231635837615, -4.212807083333387, -5.747951959050438, -30.60434117346418, -29.30104607343729, -29.95722794272265, -3.7240101398853627, -6.2591795024294345, -28.991101911247704, -177.0509354929697, -175.4533600071014, 202.85957205662248, 387.170018649088, -52.20489695644358, -170.83344775755933, -178.701797245486, -46.606481044457254, 387.2992131602741, -46.813514547169284], "optimality": 388.8968674653121, "nfev": 599, "njev": null, "status": 3, "message": "`xtol` termination condition is satisfied.", "success": true, "res_time": 858.8671169999998, "tension_error": [0.11291848992585948, 0.0019195158086385872, -0.20043070502555796, -0.25252298378469157, 0.0959537397952422, 0.05103783773937907, 0.08169512398085267, -0.1456757050051952, -0.12164492094733248, -0.029715413402589465, Infinity, -Infinity, -Infinity, -Infinity, Infinity, Infinity, Infinity, -Infinity, -Infinity, -Infinity, -0.03638279219463857, -0.025899074563357785, -0.025399524238691826, 0.05409890788803617, 0.10360464962904783, 0.10426062238895696, 0.14905101343104354, 0.26921173817734345, 0.3017070303811195, 0.07763711832831671], "git_revision": "018ef57f2e70e762a509d3bbb7a77c8182022b6e", "linregress": [-0.7333333333333333, 0.6173366499242698, -5.309256615393571e-17, 0.9999999999999998, 2610289603160259.0]}