{"x": [0.07968649365726116, 0.09779909215236518, 0.1105718220629051, 0.10585463956863723, 0.09135724103955259, 0.07827630590287954, 0.08617048673244514, 0.10207123443094326, 0.1070740946208425, 0.0843474556030119, -0.006081089183466022, -0.0016881536551196883, 0.009531244755310513, 0.005732435395876008, 0.0057656340168510765, -0.0032286817630481977, -0.0025996653502870113, 0.0010685695667049671, -0.0070819660079175254, 0.0052454923810220724, 0.058113618404764755, 0.06615446368541106, 0.05859790342262902, 0.04750952937795969, 0.05709426682164049, 0.06833785709217699, 0.06141669050642986, 0.04446966986998952, 0.039667241357099085, 0.04798898293578761], "cost": 0.6483194083580679, "fun": [0.31600630936142465, 0.2608521170089614, 0.32842063056014537, 0.21901591047336355, 0.32212318615144125, 0.25296721544877904, 0.19349537898272742, 0.29588213749957926, 0.24183187481196194, 0.2717601861389818, 0.17356794935542935, 0.11780750925221603, 0.3170685193047494, 0.0032607467874497297, 0.23123028218366234, 0.1548316316437726, 0.258725184847342, 0.2917846604828322, 0.36054555555950435, 0.2092131080647243, 0.0, 0.0, 0.0, 0.0, 0.0, 0.0, 0.0, 0.0, 0.0, 0.0, 0.0, 0.0, 0.0, 0.0, 0.0, 0.0, 0.0, 0.0, 0.0, 0.0, 0.0, 0.0, 0.0, 0.0, 0.0, 0.0, 0.0, 0.0, 0.0, 0.0, 0.00022487652321481538, 4.811006240444199e-06, 0.0, 0.0, 0.0, 3.365702473361039e-05, 1.7569214177308468e-05, 0.0, 0.0003551906408020048, 0.0, 0.0, 0.0, 0.0, 0.0, 0.0, 0.0, 0.0, 0.0, 0.0, 0.0], "grad": [1.9190253418909458, -1.4330435501228194, -1.8229680754138755, -2.021306098466694, -0.39470578506652854, 0.6751325824226144, 0.42127606116266847, -0.70742271981395, 0.6204424248646778, 0.23466035428867205, -3402.0426186211553, -6.1922568147029295, -1.9338707585930244, -1.3029555732872131, -3.497764363002249, -3405.8817756066414, -0.13751385045883957, 0.28576234473157064, -6.785599575956787, 2.831016653568761, -0.674845956879043, -1.3736114802011787, 1.697836659200316, 4.732538168726986, 2.4928905387409004, -2.157799235269784, 1.3559847903346585, 0.8572250088268829, 1.0577544754511372, -0.15114166403547635], "optimality": 3405.8817756066414, "nfev": 508, "njev": null, "status": 2, "message": "`ftol` termination condition is satisfied.", "success": true, "res_time": 721.4521299999997, "tension_error": [0.16212662137387646, -0.028320509630091126, -0.16262093964340052, -0.1130215476677935, 0.039413121362805684, 0.1769542129020331, 0.0939498835660918, -0.07324047185505161, -0.12584365688329688, 0.11311836722818645, Infinity, Infinity, -Infinity, -Infinity, -Infinity, Infinity, Infinity, -Infinity, Infinity, -Infinity, -0.05460045807520238, -0.20051942421526553, -0.06338888350280814, 0.13783424917789033, -0.03610206344737116, -0.2401419386988059, -0.11454202507950086, 0.19299924006282815, 0.2801499535890817, 0.12913350130517404], "git_revision": "018ef57f2e70e762a509d3bbb7a77c8182022b6e", "linregress": [0.0, 0.5173068906553326, 0.0, 1.0, 2529634472462146.0]}