{"x": [0.06814531313046042, 0.09457572859931619, 0.12246434842987548, 0.1133900727089087, 0.09047139761259917, 0.0687976341907937, 0.09132773424916828, 0.12196832706330808, 0.12644331746485402, 0.09339846291446602, 0.08543397922134843, 0.0987493903936205, 0.10600303464883468, 0.10772823385548755, 0.09800959506144759, 0.08118779762211727, 0.09771033531480727, 0.11511658151682085, 0.1124419084151689, 0.09971476827863583, 0.12072593150822818, 0.12207842930295808, 0.08846809876184376, 0.07465883474639495, 0.09253009751281889, 0.12413366595611129, 0.12456989265043028, 0.09198562149221341, 0.06985915633247566, 0.09073887059570578], "cost": 1.3390155792371141, "fun": [0.20350235151322074, 0.2904884598846891, 0.5030547388256644, 0.45083917627039294, 0.287588156890614, 0.3889287247427787, 0.3801014637332192, 0.24702821146570472, 0.2880872924533553, 0.3805575799349192, 0.2473508222138009, 0.3238455550526993, 0.34609913072378795, 0.49291220589793255, 0.45770074219645956, 0.26515497623538614, 0.2496885690388607, 0.4001484102665223, 0.6106735615505358, 0.15695721453494316, 0.0, 0.0, 0.0, 0.0, 0.0, 0.0, 0.0, 0.0, 0.0, 0.0, 0.0, 0.0, 0.0, 0.0, 0.0, 0.0, 0.0, 0.0, 0.0, 0.0, 0.0, 0.0, 0.0, 0.0, 0.0, 0.0, 0.0, 0.0, 0.0, 0.0, 0.0, 0.0, 0.0, 0.0, 0.0, 0.0, 0.0, 0.0, 0.0, 0.0, 0.0, 0.0, 0.0, 0.0, 0.0, 0.0, 0.0, 0.0, 0.0, 0.0], "grad": [-1235.144016815067, 1.410260999884682, 1237.8448663117474, -2.8578015842556517, -1242.0477582720307, 1240.073099934288, 2.275367265206315, -3.903815458710179, -1.2003186207803354, 3.329369829288677, -1237.4275445170172, 1.051013244441229, 0.8406403754424664, 2.888596792709782, -2.615072611634102, 1237.950611413975, -1.2874072564091488, 2.9680182213198596, 2.253772413013732, 3.1451711071171613, 1238.9008146985984, 1.6663980642771161, -2.8032408035626233, -1233.5493042023581, 1242.2205246066833, 3.490948657177905, -2.9730851220887144, 1.542799320525118, 3.2441974013366366, -2.989505001743418], "optimality": 1242.2205246066833, "nfev": 417, "njev": null, "status": 2, "message": "`ftol` termination condition is satisfied.", "success": true, "res_time": 913.6433090000064, "tension_error": [0.31854686869539584, 0.05424271400683814, -0.22464348429875478, -0.13390072708908698, 0.09528602387400831, 0.31202365809206306, 0.08672265750831729, -0.21968327063308077, -0.2644331746485401, 0.06601537085533987, 0.14566020778651573, 0.01250609606379502, -0.06003034648834671, -0.07728233855487543, 0.019904049385524175, 0.1881220237788274, 0.022896646851927327, -0.1511658151682084, -0.12441908415168901, 0.0028523172136417363, -0.2072593150822817, -0.22078429302958072, 0.11531901238156242, 0.2534116525360505, 0.07469902487181115, -0.24133665956111286, -0.24569892650430275, 0.08014378507786593, 0.3014084366752434, 0.0926112940429423], "git_revision": "ec36e56dd006ef5715c6882890a8a7f5f3c70256"}