{"x": [0.06900353408397078, 0.0733765619531912, 0.14577862601710048, 0.1371865507040141, 0.07581171455478643, 0.07176218125983556, 0.07098454223506552, 0.14732464607678, 0.13767560301052778, 0.07225639234810773, 0.10778208554142017, 0.09126330165643876, 0.08507023350944468, 0.058803175561275185, 0.09610705397549392, 0.08785341996104011, 0.11018705198206606, 0.0882320828455583, 0.07483011570407548, 0.1016304125250658, 0.14154235488007227, 0.13625498438139438, 0.07400627569918536, 0.06082484528883801, 0.084567811441132, 0.10069113308817357, 0.10374860815463571, 0.09103825374892335, 0.05516856730517566, 0.09219174813149997], "cost": 0.5114513932765458, "fun": [0.012379557019849876, 0.3711590523422472, 0.1607893061962591, 0.314183757230682, 0.254201814425541, 0.1303006224408237, 0.1803303545867383, 0.18323952693233372, 0.4189610506111928, 0.3328384341035885, 0.15717439383276602, 0.14260774644222596, 0.3667589271505977, 0.04066882735930235, 0.11836743959701075, 0.12008021770509453, 0.18791248030735475, 0.045893070137831074, 0.2634116091720865, 0.09991803064867152, 0.0, 0.0, 0.0, 0.0, 0.0, 0.0, 0.0, 0.0, 0.0, 0.0, 0.0, 0.0, 0.0, 0.0, 0.0, 0.0, 0.0, 0.0, 0.0, 0.0, 0.0, 0.0, 0.0, 0.0, 0.0, 0.0, 0.0, 0.0, 0.0, 0.0, 0.0, 0.0, 0.0, 0.0, 0.0, 0.0, 0.0, 0.0, 0.0, 0.0, 0.0, 0.0, 0.0, 0.0, 0.0, 0.0, 0.0, 0.0, 0.0, 0.0], "grad": [-7.333002705928095, -9.507223087754127, 7.797449791900874, 6.3920174480432905, 6.542281270339103, 7.843695730711502, 8.25139179021275, 6.348902341628275, 6.270094976905412, -1.9484876831321856, -6.535620666157428, 7.553613216666591, -5.247325307865751, -9.860700619309512, 6.814790767232793, 7.431379653568669, 8.034392850868912, -7.344495906097805, 6.949817745725255, -5.599662287681525, -0.31655967884844927, -0.31947684803520815, 3.9626941344485545, -6.203736501756737, 9.469846559206843, -6.615058847655035, 6.556868808246591, -8.197627688207291, -5.420459514302564, -6.150333748442449], "optimality": 9.860700619309512, "nfev": 573, "njev": null, "status": 2, "message": "`ftol` termination condition is satisfied.", "success": true, "res_time": 880.0691819999993, "tension_error": [0.30996465916029226, 0.26623438046808806, -0.45778626017100477, -0.3718655070401408, 0.24188285445213578, 0.2823781874016444, 0.2901545776493448, -0.47324646076779997, -0.37675603010527775, 0.27743607651892277, -0.07782085541420167, 0.0873669834356125, 0.1492976649055533, 0.41196824438724816, 0.03892946024506086, 0.12146580038959895, -0.10187051982066056, 0.11767917154441712, 0.2516988429592452, -0.01630412525065794, -0.4154235488007227, -0.3625498438139438, 0.25993724300814647, 0.3917515471116199, 0.15432188558868007, -0.006911330881735622, -0.037486081546357075, 0.08961746251076652, 0.44831432694824347, 0.07808251868500038], "git_revision": "ec36e56dd006ef5715c6882890a8a7f5f3c70256"}