{"x": [0.07684300168533378, 0.10304888033210727, 0.12908639209993866, 0.13048062344855177, 0.0932886538850163, 0.05443707935944101, 0.08940715536083958, 0.11690173358435303, 0.12366997249401199, 0.0846541241749891, 0.11181532921389228, 0.13162110642474245, 0.09102657160634653, 0.10185469598339435, 0.09969704599929798, 0.08033656841173832, 0.09648565881805378, 0.09301239235890588, 0.09170193066995298, 0.10022333507425267, 0.16463531257263894, 0.12337530945804039, 0.08595498886396799, 0.07131493246982956, 0.072513885004689, 0.10488786535313911, 0.10453874571581813, 0.07063288200611871, 0.09850528551162323, 0.07268656891870025], "cost": 1.5280795818221053, "fun": [0.5531341739449835, 0.5838421936942835, 0.3833294866893324, 0.20389448977906507, 0.31319301060073007, 0.3476966240068957, 0.2009395162875888, 0.4491832369687521, 0.28152407423512676, 0.13492481978404228, 0.2592214876547951, 0.32688595216373123, 0.3271158985950898, 0.4239722357574925, 0.4218193935596083, 0.37234649825503213, 0.33687309151650874, 0.6255617350826875, 0.5262195438910016, 0.3211402143939269, 6.867480756494184e-07, 6.779520190599584e-07, 1.9438810534555214e-09, 1.383242600014949e-06, 1.5094448431163305e-06, 1.2229062155435923e-06, 7.559518316889e-07, 4.580905793822144e-08, 1.5222364200530007e-06, 6.101363454839912e-08, 3.922688109258318e-07, 1.647916257121959e-06, 1.172482775248172e-07, 4.655453453871072e-09, 3.748280924183997e-07, 2.6079312095134996e-07, 1.206357989624181e-08, 1.7173098382132707e-09, 7.261433302161812e-08, 1.3437432813343917e-07, 0.0, 0.0, 0.0, 0.0, 0.0, 0.0, 0.0, 0.0, 0.0, 0.0, 0.0, 0.0, 0.0, 0.0, 0.0, 0.0, 0.0, 0.0, 0.0, 0.0, 0.0, 0.0, 0.0, 0.0, 0.0, 0.0, 0.0, 0.0, 0.0, 0.0], "grad": [4634.669494322152, 14312.837200754762, -4740.771009459439, -22675.708512555735, 12479.44780831706, 19937.55910030698, -7456.027816202474, 11072.487317884246, 4.302966636950546, 881.7319214341305, 3848.32044758432, 5982.950669130763, 440.7618962373502, -6333.0312827877715, 5387.272800005742, -23888.95717687171, 21656.307777966376, -9021.815568929895, 7519.433754396308, 1002.0537388382891, 19550.43910776164, -9098.343452428451, 3111.466460635021, -433.1431153950638, -958.9198447339985, -14503.40111643793, 20784.149448725817, 9680.794932418448, -7242.477393119229, 15218.849376291426], "optimality": 23888.95717687171, "nfev": 235, "njev": null, "status": 2, "message": "`ftol` termination condition is satisfied.", "success": true, "res_time": 847.3082130000003, "tension_error": [0.23156998314666222, -0.03048880332107262, -0.29086392099938657, -0.30480623448551764, 0.0671134611498371, 0.4556292064055899, 0.10592844639160423, -0.16901733584353026, -0.23669972494011982, 0.15345875825010902, -0.11815329213892278, -0.31621106424742446, 0.08973428393653476, -0.018546959833943416, 0.0030295400070202982, 0.19663431588261684, 0.03514341181946226, 0.06987607641094129, 0.08298069330047023, -0.0022333507425266463, -0.6463531257263894, -0.2337530945804038, 0.14045011136032015, 0.28685067530170444, 0.27486114995311006, -0.048878653531391064, -0.04538745715818124, 0.2936711799388129, 0.014947144883767777, 0.27313431081299755], "git_revision": "ec36e56dd006ef5715c6882890a8a7f5f3c70256"}