{"x": [0.09354481906796377, 0.13079388713491033, 0.18493581134914508, 0.1830311266306229, 0.1287453561094562, 0.09340746927197674, 0.1256796417790091, 0.1779666284216272, 0.17780393449394993, 0.12432253539829143, -0.00010563676459773548, -0.0007867824396458331, -0.0018502154822531802, -0.0023093272278250517, -0.0011681348446880965, -0.0008166957601604858, 0.000522384249526267, 0.0006621339496783578, 0.0010799330439235674, 0.0008145014141959436, 0.05384791977538067, 0.05691085937825475, 0.05834606216441854, 0.055937617908803715, 0.056070901849870736, 0.05404249208774768, 0.053145234278556, 0.054800916151930314, 0.054493457970500404, 0.054212774559792835], "cost": 0.0008973448616896802, "fun": [0.01469388887902794, 0.010720337867016566, 0.010359710872486343, 0.00944003249623479, 0.007955212498902698, 0.011167006375973407, 0.012262091190721691, 0.013008915832948756, 0.002951308355192316, 0.013320091811241691, 0.009463787159954306, 0.011742072758744589, 0.0067897885876772235, 0.0037960083493822857, 0.002512657115103789, 0.008768878489306471, 0.00674823126369216, 0.004389370356453128, 0.009806502797878749, 0.006447681509467759, 0.0, 0.0, 0.0, 0.0, 0.0, 0.0, 0.0, 0.0, 0.0, 0.0, 0.0, 0.0, 0.0, 0.0, 0.0, 0.0, 0.0, 0.0, 0.0, 0.0, 0.0, 0.0, 0.0, 0.0, 0.0, 0.0, 0.0, 0.0, 0.0, 0.0, 1.1788139700416757e-09, 4.870392643247529e-07, 6.333837721745471e-06, 1.2315624197560491e-05, 1.5939655707953203e-06, 5.447295096022942e-07, 0.0, 0.0, 0.0, 0.0, 0.0, 0.0, 0.0, 0.0, 0.0, 0.0, 0.0, 0.0, 0.0, 0.0], "grad": [0.0004575901795730655, -0.00124351528554165, -0.002149279969449188, -0.0023678414241958302, -0.001135474230982451, -2.228899099253681e-05, 0.0014723253007546191, 0.002610023597101444, 0.0030651070758907304, 0.0020658307032833576, -8.669590352993958e-05, 0.0013753104938321811, 0.0012877023799693424, 0.003943366174266612, -0.0008679445146190685, 7.057008654726832e-05, -0.0007955940447910356, -0.0016478945840655225, -0.002219036768849686, -0.0001330852579005011, 0.0013650134707374056, 0.0002861456739442353, -0.0006419522897206306, 0.0003938570628743438, 0.0008743352399480375, -0.0013766136649858013, -0.00022003066295979423, 0.0007745180482395539, 0.0011672491642399467, 0.0006417824830026037], "optimality": 0.003943366174266612, "nfev": 5936, "njev": null, "status": 2, "message": "`ftol` termination condition is satisfied.", "success": true, "res_time": 971.172875, "tension_error": [0.023677277952012667, -0.04293072106172553, -0.05774006846109861, -0.028846674895187274, -0.011855229892588493, 0.025760825781771152, 0.03465057227449674, 0.04797997181613952, 0.05044798116038956, 0.05523739611340938, 0.0016024723592679806, 0.011935211354597878, 0.028067114515394356, 0.03503167732547089, 0.017720192469342227, 0.01238898584760883, -0.007924384318002253, -0.010044337845190404, -0.016382202345344724, -0.01235569839538289, 0.019067450967919685, -0.027396259563197554, -0.04916777825301901, -0.012632530669875632, -0.01465440091843474, 0.01611585780209042, 0.029726941441789858, 0.004610832973997512, 0.009274864850100534, 0.013532732923557072], "git_revision": "018ef57f2e70e762a509d3bbb7a77c8182022b6e", "linregress": [0.1698017359265536, 0.01309843513241011, 0.6724184138333399, 4.699079406881885e-05, 0.03532284888292312]}