{"x": [0.09669625317810898, 0.1322574628095678, 0.1817276659712611, 0.18241611471118843, 0.12124025917138673, 0.08874388662991771, 0.13354923451250164, 0.18087880314662338, 0.17904029067530722, 0.12772279866320055, -0.00791312807452123, 0.00463027300456692, 0.003231346355648908, -0.00880721057295355, -0.00227484646989086, 0.009237547951353817, -0.006126577073030365, -0.008672511532092239, -0.00047497729803434, 0.005702584960504572, 0.05219091352887075, 0.056319955417611846, 0.058488041215163614, 0.05390092496593463, 0.05582231566229895, 0.055599041296513205, 0.058706309305309005, 0.055872454987953186, 0.05530808266679713, 0.06249054120091651], "cost": 0.7170947782188876, "fun": [0.21672526511796325, 0.378474214383007, 0.22522261113577716, 0.27371135805859553, 0.33745327356090016, 0.32286669640498655, 0.13540325407837703, 0.1376204839026727, 0.36337278604157774, 0.156357691662065, 0.007156245074077351, 0.4568016959635061, 0.1567709638816728, 0.28751462777855363, 0.2774352081004587, 0.15302376776840268, 0.18947752760718378, 0.46881991049008936, 0.18526109940422944, 0.009550696658854822, 0.0, 0.0, 0.0, 0.0, 0.0, 0.0, 0.0, 0.0, 0.0, 0.0, 0.0, 0.0, 0.0, 0.0, 0.0, 0.0, 0.0, 0.0, 0.0, 0.0, 0.0, 0.0, 0.0, 0.0, 0.0, 0.0, 0.0, 0.0, 0.0, 0.0, 0.0004955010562634585, 0.0, 0.0, 0.0006831485332818288, 1.1772163193058474e-05, 0.0, 0.00022996074347168973, 0.0006522808943956148, 1.0715650934139761e-07, 0.0, 0.0, 0.0, 0.0, 0.0, 0.0, 0.0, 0.0, 0.0, 0.0, 0.0], "grad": [0.5036684996833221, -0.7520074085129886, -0.8434523306526798, -0.652251072689265, 0.7497368652803307, 0.27800585247727305, -1.3861749921052828, 0.5116064251216887, 1.5602835359733338, 0.4359922526704083, 0.8979381129060882, -1.9429724151152898, -0.32667938122064233, 1.4466544445664027, -0.39881284855816473, -1.9162151224732713, 0.07880000478838611, 1.2144655628677203, -0.012737468886590109, 2.6669898773355074, -0.38030213402581126, 0.6307944249692055, -0.34877796210502865, -0.9664388751929298, 0.47935282357536124, 0.3478305225754159, -0.3161636575904705, -0.38372577225704374, -0.2835141256850058, -1.3373504274380927], "optimality": 2.6669898773355074, "nfev": 1257, "njev": null, "status": 2, "message": "`ftol` termination condition is satisfied.", "success": true, "res_time": 1662.1574719999917, "tension_error": [-0.024128862957288118, -0.06513264643559152, -0.009073637676805187, -0.019517161583538445, 0.10199443639244746, 0.09650572513115675, -0.08472836631889807, 0.003803311162664072, 0.03169289514105089, 0.003656604927686388, 0.12003935432001633, -0.07023960392897391, -0.049018381411689876, 0.13360226961848207, 0.03450861642213329, -0.1401303354549575, 0.09293800746209666, 0.1315589328065102, 0.007205237629893636, -0.08650619706485936, 0.044203649707799046, -0.018432455460354703, -0.05132155024026678, 0.01826338097312293, -0.01088343636838894, -0.007496443203015018, -0.05463259997470459, -0.011644032206203664, -0.0030827036911511025, -0.11203805949311638], "git_revision": "018ef57f2e70e762a509d3bbb7a77c8182022b6e", "linregress": [-0.29529481522430745, 0.07406545996371044, -0.41262753045465544, 0.023447740480647194, 0.12319390787216496]}