{"x": [0.09512796717096261, 0.12966394671094536, 0.1823427896679656, 0.18161062849805684, 0.12462518568378558, 0.09132428397548333, 0.12749587543272448, 0.1826637042293237, 0.1804571497858644, 0.13120257242758096, 0.00250976352562583, -0.007435247993482061, -0.004109096278336738, -0.0035207171171332823, 0.0016293361908448795, -0.0009773127914368379, 0.0004501614971962643, 0.0007685568016831931, -0.003086811341243334, 0.00010323766842988938, 0.050823382811446806, 0.05884917784542279, 0.0573184981854305, 0.052971141964929094, 0.057425193829442785, 0.05633896463421164, 0.05725906304254257, 0.05129644268178677, 0.057970291230807665, 0.057369812825976724], "cost": 0.9028257791790157, "fun": [0.3307323464047585, 0.34332356128446895, 0.27303292745398816, 0.2739219618676271, 0.12252546700203229, 0.4443789126755191, 0.025844807269766238, 0.1177274681108824, 0.5333643620009167, 0.12490344978640677, 0.2661829899000038, 0.02156831890855477, 0.36136623368553017, 0.14678804368182138, 0.2736938865804753, 0.46084711371424886, 0.3740618596506564, 0.12310097834795306, 0.08957930539042193, 0.4773731565390031, 0.0, 0.0, 0.0, 0.0, 0.0, 0.0, 0.0, 0.0, 0.0, 0.0, 0.0, 0.0, 0.0, 0.0, 0.0, 0.0, 0.0, 0.0, 0.0, 0.0, 0.0, 0.0, 0.0, 0.0, 0.0, 0.0, 0.0, 0.0, 0.0, 0.0, 0.0, 0.00041104216590927, 6.938074379920733e-05, 4.3640869535307183e-05, 0.0, 9.334708252874369e-07, 0.0, 0.0, 2.9412386322694662e-05, 0.0, 0.0, 0.0, 0.0, 0.0, 0.0, 0.0, 0.0, 0.0, 0.0, 0.0], "grad": [-0.2879584323815838, -1.4484117183194807, -0.27513900026147664, 0.13560443707681616, 0.6994960254718193, -0.29030872980692435, 0.6446091132511678, 0.8709666345926428, 0.23731734379737213, -0.26985637957483344, -0.9309454184074338, 2.422070433106252, 1.268688593673054, 1.6470777369707477, -0.5996331665015986, -0.28223894389634374, 0.6169594081116725, -1.5426805536451549, 2.442253837075741, -0.3353011759692105, -0.15762890289345943, 0.6636037248212947, -1.038554281721221, 1.0379002231376528, 27.240335809275216, -26.919763420303184, -1.5622722229344292, 0.4551454093206537, 26.661785690013893, -0.26141458945525375], "optimality": 27.240335809275216, "nfev": 1994, "njev": null, "status": 2, "message": "`ftol` termination condition is satisfied.", "success": true, "res_time": 3053.4218859999964, "tension_error": [-0.00033851887160152766, -0.02578992444684867, -0.018404846610108928, -0.007298220599970305, 0.05064629831828297, 0.05736200998668508, 0.007098950079948834, -0.02327300701071622, 0.010199643522725656, -0.049130332415196196, -0.03807222507646324, 0.11279008249854268, 0.0623335373123185, 0.053408033524047153, -0.024716453781280134, 0.014825489407975848, -0.0068287907075787885, -0.011658734872415066, 0.04682583635965885, -0.0015660789188702278, 0.06494860704785715, -0.05679986520109734, -0.033579996101812774, 0.03236786026972322, -0.03519853128731436, -0.018720818553341376, -0.03267838600413767, 0.05777245611796642, -0.04346746608593607, -0.034358421050875054], "git_revision": "018ef57f2e70e762a509d3bbb7a77c8182022b6e", "linregress": [-0.10704993338002704, 0.04147216503165979, -0.27584644753819554, 0.14008504412124384, 0.07049438523308123]}