{"x": [0.09519876937267906, 0.13237006736452778, 0.17906097104731158, 0.17893720509414002, 0.1227937212263516, 0.09450254080462997, 0.1273679506086228, 0.18361682722676836, 0.1808001294031217, 0.1279671230701032, -0.0026888778175195396, -0.0019719556862455617, -0.0016888214589521368, 0.0032418832046048752, 0.004525565037342006, 0.005662848535188079, -0.005673849665877006, -0.007336884883007642, 0.005440201008356283, 0.003143760701223965, 0.05240711536041309, 0.055651346767929315, 0.04869964579236034, 0.05826178363072889, 0.05215485100739317, 0.05041469468739746, 0.05439753732066778, 0.05599915131771914, 0.04717140679428984, 0.05865048349182918], "cost": 1.0896909459038304, "fun": [0.29023385482860276, 0.09450489697779728, 0.4450853772428625, 0.32992298920736496, 0.30905253345653855, 0.22106925655748713, 0.38610748902296654, 0.2935697745254747, 0.2783784568904901, 0.4195166205484244, 0.30272400769032826, 0.571795325465638, 0.32179531091573155, 0.5147843568543969, 0.2919931646079397, 0.11770971076334764, 0.31574099457255017, 0.05502222378245552, 0.25321852119368776, 0.30500280989945777, 0.0, 0.0, 0.0, 0.0, 0.0, 0.0, 0.0, 0.0, 0.0, 0.0, 0.0, 0.0, 0.0, 0.0, 0.0, 0.0, 0.0, 0.0, 0.0, 0.0, 0.0, 0.0, 0.0, 0.0, 0.0, 0.0, 0.0, 0.0, 0.0, 0.0, 1.944075848714497e-05, 7.668165079759497e-06, 4.816717947124786e-06, 0.0, 0.0, 0.0, 0.0001826558027139561, 0.00039494363125973494, 0.0, 0.0, 0.0, 0.0, 0.0, 0.0, 0.0, 0.0, 0.0, 0.0, 0.0, 0.0], "grad": [3.6738168997614293, 2.5782634257579655, 3.3022305488428563, 0.7417069632604572, 2.293581999750926, -0.6177693568205731, -6.069436000055348, -2.942466877981082, 2.5865830354946278, -3.3861849600399814, 4.035084012157455, 5.222213553859261, 0.5799088016341507, 0.29128514057806987, -0.3365226359365834, -5.213693994104135, -3.516625256856732, 1.8087937373509244, -4.656156246308222, -3.3649489286875127, 0.2474492966971673, 76.86112503960729, -1.7024511382233118, -4.707295407079887, 0.5536268801063171, 0.5098821438222751, 0.027085192444293416, 6.850355267383126, -2.0427997758598035, -1.7641609357944485], "optimality": 76.86112503960729, "nfev": 351, "njev": null, "status": 2, "message": "`ftol` termination condition is satisfied.", "success": true, "res_time": 660.0975549999857, "tension_error": [-0.0014125632316116744, -0.06684081771041409, 0.03137918121160054, 0.033256666949933573, 0.07842896641868978, 0.00914897791630138, 0.009039524419458192, -0.03773154579883477, 0.004996764027693231, -4.97099168371416e-05, 0.04078932553862259, 0.029913870355109073, 0.025618824260805105, -0.0491782216838718, -0.06865122109737155, -0.08590340954606061, 0.08607029280793287, 0.11129794889991239, -0.08252592530592916, -0.047689738009756524, 0.04092394438561294, -0.008289898705954517, 0.09716494654291584, -0.04788930270303808, 0.044750705404680624, 0.07114826135234158, 0.010729947184599624, -0.013565970721111506, 0.12034779166401546, -0.05378574212766872], "git_revision": "018ef57f2e70e762a509d3bbb7a77c8182022b6e", "linregress": [-0.21443779835204727, 0.0610866456178433, -0.3998770188002852, 0.02856644724368695, 0.09288828601643741]}