{"x": [0.09806613456220199, 0.12185134269229553, 0.18156584734327327, 0.17778477953932845, 0.13209827128690455, 0.09871486532826962, 0.12592764222429684, 0.1820612048376429, 0.18441606049941492, 0.12428764528456855, 0.0015313307667621143, 0.0006522456064498154, 0.0027538898593998033, 0.004904211367052694, -0.002513413761252376, 0.0013207974723162773, -0.0032112562595026308, -0.0031028440369411784, -0.00023352740594756018, 0.0071798315800955005, 0.051711996861360965, 0.055873294083992664, 0.05328861883326851, 0.05494015909633113, 0.059533577174793226, 0.0545336151691798, 0.051173432944768206, 0.057633721975362984, 0.05012510516239955, 0.056707221907942085], "cost": 0.7778537630739619, "fun": [0.38156410259874074, 0.4085543845812378, 0.2690634851581404, 0.26480428602218725, 0.21529013797656432, 0.4581965979666386, 0.2680059024519764, 0.2668102238156623, 0.27005398230182015, 0.2843757294787751, 0.22819691988507218, 0.21756194538876214, 0.10401702907050527, 0.1178234197886267, 0.3606045162531336, 0.2520405857269491, 0.33766061060424296, 0.23999832489238276, 0.19576665826461362, 0.1413088605052443, 0.0, 0.0, 0.0, 0.0, 0.0, 0.0, 0.0, 0.0, 0.0, 0.0, 0.0, 0.0, 0.0, 0.0, 0.0, 0.0, 0.0, 0.0, 0.0, 0.0, 0.0, 0.0, 0.0, 0.0, 0.0, 0.0, 0.0, 0.0, 0.0, 0.0, 0.0, 0.0, 0.0, 0.0, 1.5877859904438596e-05, 0.0, 3.3115010070555627e-05, 2.9873068831497238e-05, 1.273542860292939e-08, 0.0, 0.0, 0.0, 0.0, 0.0, 0.0, 0.0, 0.0, 0.0, 0.0, 0.0], "grad": [-5.026664053255126, -0.8985361913939075, -6.040972573439353, 11.938241863416767, 7.654735060332491, -13.202301980121959, -5.838371136750202, 3.3872758030875785, 2.6878290435658903, 1.8005019649841518, -3.9579904267557486, -12.672227686364865, 7.616148151192084, -2.8584450289661048, 5.45293277577535, 0.48384691020534665, -5.8432995134756975, 1.5793113397300416, 1.722496081298629, 8.645130717266825, 8.954286857217392, -14.316407897136134, 12.952513182405603, -3.4950640351473283, -17.990859437010005, 2.0087092471400476, 11.905471157809306, -2.8817567983943064, -7.59675762371684, -6.393807649989906], "optimality": 17.990859437010005, "nfev": 321, "njev": null, "status": 2, "message": "`ftol` termination condition is satisfied.", "success": true, "res_time": 576.9437449999969, "tension_error": [-0.04490947907937514, 0.09272451549710888, -0.0066189063192837105, 0.05073855504762335, -0.06271776733673745, -0.05475049536938369, 0.030888493227745166, -0.01413330431988845, -0.049855631886670596, 0.05576666679928781, -0.023229746158711255, -0.009894335175541872, -0.041775535221675764, -0.07439515200637116, 0.03812759785996934, -0.02003603053953455, 0.048713621758248775, 0.04706904668324444, 0.003542528158520867, -0.10891550583847615, 0.051468646179431025, -0.011656760996366389, 0.02755184845642897, 0.002498566752336041, -0.06718196098180412, 0.008665694348197943, 0.059638470324703104, -0.03836182951250141, 0.07554123202983096, -0.024307151157332077], "git_revision": "018ef57f2e70e762a509d3bbb7a77c8182022b6e", "linregress": [0.004681423073105545, 0.041213897872217735, 0.010975130301805917, 0.9540986658676713, 0.08060519497258126]}