{"x": [0.09509169209510704, 0.1259892813148758, 0.1835006819761252, 0.18487696219749886, 0.12719596600562108, 0.09356869050851037, 0.12623401704111306, 0.17974639604238285, 0.18022143173094982, 0.12763206749892503, 0.0031064451853912325, 0.0013841627741343935, 0.0020706280986220707, -0.00440605773407524, -0.0016095738753257164, -0.0014307987932170247, 6.519915457351879e-05, 0.002411952000526011, -0.00020665279986492737, -0.004852385401581867, 0.05711195432824807, 0.05480904546035642, 0.05774941127474716, 0.045940477360218834, 0.061076182913106174, 0.05507215112426491, 0.058321999192960106, 0.05596635235875865, 0.05657277830459511, 0.058894833440276594], "cost": 0.5957194401612984, "fun": [0.16631606572547875, 0.17697053685424274, 0.2929648603383011, 0.2934498348445151, 0.26508136929524817, 0.36697595337029576, 0.10383900898111696, 0.04384718701195564, 0.3236906189879107, 0.21952773557266134, 0.09003206473778981, 0.4565857150170089, 0.20018384418468282, 0.3303443433568348, 0.12887666929962957, 0.11929144676303288, 0.1754890008162415, 0.12546861611576338, 0.1715855408218503, 0.34250277081100117, 0.0, 0.0, 0.0, 0.0, 0.0, 0.0, 0.0, 0.0, 0.0, 0.0, 0.0, 0.0, 0.0, 0.0, 0.0, 0.0, 0.0, 0.0, 0.0, 0.0, 0.0, 0.0, 0.0, 0.0, 0.0, 0.0, 0.0, 0.0, 0.0, 0.0, 0.0, 0.0, 0.0, 8.55363178064615e-05, 4.169968203660202e-06, 2.929110094581057e-06, 0.0, 0.0, 8.825186282649446e-09, 0.00011425253963124892, 0.0, 0.0, 0.0, 0.0, 0.0, 0.0, 0.0, 0.0, 0.0, 0.0], "grad": [1.4736240443916548, 1.4039002671128218, 1.3374834027664164, 1.295269957493446, -1.7932090535868543, -2.416024471760086, 0.20256655521857847, 0.816119686269384, -0.49237131279141355, -0.8713704474855142, 1.9731219193756808, -0.04440702417633735, -1.294098307490376, 3.049611899895034, 2.2204932433892917, -2.2033083936776987, -0.69965191922571, -2.8773270744641035, -0.477562062126744, 0.29636165183497654, -1.664460259124465, -0.8156660190042642, -0.9965678161055784, 1067.561505334946, -2.87469236937344, 2.7751368922638804, -1.4608003816790642, 0.47935118233431595, -0.9104943428093133, 1.243113960330228], "optimality": 1067.561505334946, "nfev": 289, "njev": null, "status": 2, "message": "`ftol` termination condition is satisfied.", "success": true, "res_time": 437.22320800001035, "tension_error": [0.00021176120002187863, 0.029953450023048975, -0.03596966342270697, -0.05684734764331749, 0.011648470022624063, 0.023315156641335513, 0.026240895609687162, 0.02098152644495086, 0.013775403051327786, 0.005032964601606586, -0.04712367483164342, -0.02099725975823386, -0.03141069595420582, 0.06683833757197293, 0.024416666444028894, 0.02170471167434274, -0.000989048116435252, -0.036588458832891003, 0.003134849888766689, 0.0736089704390387, -0.030446798835010676, 0.004487514240198659, -0.04011679526928302, 0.13902055584625408, -0.09058274447141572, 0.000496294369108013, -0.04880275148614641, -0.013068422113417083, -0.022267689242114228, -0.05749244442839342], "git_revision": "018ef57f2e70e762a509d3bbb7a77c8182022b6e", "linregress": [-0.056356244822000294, 0.03696744390878355, -0.11693878429632835, 0.5382896017841309, 0.09045124480416655]}