{"x": [0.09747412257521369, 0.11787985495788678, 0.17514186168151868, 0.18558261946109528, 0.13290966713766952, 0.10317329883527714, 0.11969005827390114, 0.1820319665230906, 0.17671438537034942, 0.1313422585554732, -0.012715605973027186, 0.012737308136461702, 0.012240440388682033, -0.007022866686834969, -0.008705250901699685, -0.006360543290146885, 0.015665097891789402, -0.0025374917630390363, 0.006373992160451964, 0.0027452113105190723, 0.05533401579950403, 0.051002136017699776, 0.056069314843047294, 0.05217140391230256, 0.05201182703780029, 0.0546538517681444, 0.04669410300862157, 0.05874361735225936, 0.050822031765884304, 0.05998579189216015], "cost": 0.8043653119963342, "fun": [0.32578545247188034, 0.22723262085534504, 0.1992455378399247, 0.23301779039285903, 0.10535344178332709, 0.006460465545608548, 0.19921653022367, 0.3400240022766576, 0.5492968147334947, 0.08945290490825279, 0.22280711243648807, 0.28346536995985344, 0.21476613400022693, 0.2947675062075212, 0.28284115263934767, 0.4539899121992994, 0.16407477430705025, 0.4400812934025215, 0.26923355974682994, 0.19645020943008487, 0.0, 0.0, 0.0, 0.0, 0.0, 0.0, 0.0, 0.0, 0.0, 0.0, 0.0, 0.0, 0.0, 0.0, 0.0, 0.0, 0.0, 0.0, 0.0, 0.0, 0.0, 0.0, 0.0, 0.0, 0.0, 0.0, 0.0, 0.0, 0.0, 0.0, 0.0020559435450870594, 0.0, 0.0, 0.0003463723955140994, 0.0006596960420221072, 0.00025732538923926927, 0.0, 1.6338565498833197e-05, 0.0, 0.0, 0.0, 0.0, 0.0, 0.0, 0.0, 0.0, 0.0, 0.0, 0.0, 0.0], "grad": [-0.03131952677926786, -78.20742112776213, 0.9736104900764185, -79.41418581289105, 75.74518230907121, -77.19747341556214, 80.02062942998037, -0.6253446710922947, -77.53486862555907, 1.5337783273253849, -78.05742495886993, -1.4050625712023679, 77.35639376130757, -79.54386413256299, 78.60588333821042, -77.5592745167572, -77.88859803440519, 79.87826851595591, -78.53772913854047, 77.62348611772526, -78.3690867984619, 79.28850387457904, 0.7655074069210448, -79.23537593767442, 81.94321283505269, -79.1144489350727, 78.44926804174969, -78.25897088479132, 78.28645054659768, 77.70519096365072], "optimality": 81.94321283505269, "nfev": 510, "njev": null, "status": 2, "message": "`ftol` termination condition is satisfied.", "success": true, "res_time": 719.4336089999997, "tension_error": [-0.035928866608739105, 0.1529705798649139, 0.09083068425172694, -0.06755191876811494, -0.0750263554331915, -0.12238335489343341, 0.12551043576059095, -0.013689769428602382, 0.0669760560335943, -0.051249321573685676, 0.19289124558776677, -0.19322045973184396, -0.18568315172112776, 0.10653440392018773, 0.13205557746479346, 0.09648719223085993, -0.23763399487300993, 0.03849285263160549, -0.0966912068370374, -0.04164388470442558, -0.003476100142758503, 0.062236984127165655, -0.014630326586186685, 0.04449960369133402, 0.04692032844130185, 0.006841747664987196, 0.12758832128852624, -0.05519854985251347, 0.06496910193122722, -0.07404189831322643], "git_revision": "018ef57f2e70e762a509d3bbb7a77c8182022b6e", "linregress": [-0.3069491773399985, 0.10769624114818216, -0.32069591498506095, 0.0840137336487213, 0.17132769046611712]}