{"x": [0.09435308038300558, 0.13089365020953558, 0.17934689027208223, 0.1787048216950186, 0.1275105873239476, 0.09634813472348362, 0.12579400856273693, 0.18265754343136678, 0.1825490318670553, 0.1277933243679182, -0.00019059288193585332, -0.004178190318610868, -0.0021382779352942635, -0.00055754524532494, 0.0015986431833837575, 0.0014017838454015673, 0.001085542602120559, -0.00024457748367222694, -0.0021055482848399724, -0.0015711150736083506, 0.0543260660412767, 0.05557591051514391, 0.05576260278147534, 0.05915738649093065, 0.053839486743183736, 0.059463385259939876, 0.05191944949578182, 0.05884430104815289, 0.04436325424425495, 0.062422066575613], "cost": 0.7614824680349118, "fun": [0.45194850135188946, 0.23512172314053104, 0.07925505920605214, 0.1808870915234878, 0.1548303910742532, 0.275728723865691, 0.12849821774012515, 0.21590535380289708, 0.37910008721909894, 0.39812825351714193, 0.19494880669934844, 0.3137085395312631, 0.2712842907633099, 0.5021316634930599, 0.3353303876212984, 0.1813981279008451, 0.2483758797848514, 0.10333314852737809, 0.2397616435470948, 0.14737675140839618, 0.0, 0.0, 0.0, 0.0, 0.0, 0.0, 0.0, 0.0, 0.0, 0.0, 0.0, 0.0, 0.0, 0.0, 0.0, 0.0, 0.0, 0.0, 0.0, 0.0, 0.0, 0.0, 0.0, 0.0, 0.0, 0.0, 0.0, 0.0, 0.0, 0.0, 6.923409682180466e-09, 7.293981463059497e-05, 9.776703930868015e-06, 1.7331667538825725e-07, 0.0, 0.0, 0.0, 1.4630171509083349e-08, 9.334597915055658e-06, 3.878144492561047e-06, 0.0, 0.0, 0.0, 0.0, 0.0, 0.0, 0.0, 0.0, 0.0, 0.0], "grad": [-49.55654545153118, -2.8011237110839144, 7.033197137327282, -5.397489010179335, 3.2807070546031136, 0.3748674756661874, -1.0348649778626322, 14.091974815473673, 51.809075618406354, -11.26711984045851, 2.335138728320632, -9.592298296511498, -1.6345308149355184, -2.526477941883823, -0.9309847158697155, 0.5909310098460829, 7.248642029287328, -0.3412348472899017, -5.715829063663606, 3.564212944856526, 8.587432289336764, 5.566586804765842, -18.908428274574, 5.314027333513387, 0.46052336416247286, 13.232724191167858, -0.2198155342420609, 0.7281154164983343, -63.24914850848768, -15.382848716804757], "optimality": 63.24914850848768, "nfev": 231, "njev": null, "status": 3, "message": "`xtol` termination condition is satisfied.", "success": true, "res_time": 424.3744529999967, "tension_error": [0.011416239653913904, -0.04444409162141024, 0.027041887690514185, 0.03678184092949309, 0.0068757758931267746, -0.018848029116792193, 0.032915668612498686, -0.02317954988454802, -0.02153346783032896, 0.0025867549293613736, 0.0028912266135608035, 0.06338166946736006, 0.03243692005136552, 0.008457764189169936, -0.024250851713036668, -0.021264565177458547, -0.016467297359307097, 0.0037101539296145883, 0.03194042282919833, 0.023833260023382347, 0.01181414121630689, -0.007145557430114742, -0.009977613084454775, -0.06147528135185246, 0.01919537708390653, -0.06611717445767201, 0.04832166308332181, -0.0567258859112495, 0.16294647271198914, -0.11099932364411577], "git_revision": "018ef57f2e70e762a509d3bbb7a77c8182022b6e", "linregress": [-0.020009880052978143, 0.03495160451943352, -0.036746460070287576, 0.8471302676234718, 0.10283869310890469]}