{"x": [0.09176822621859547, 0.13182270770599053, 0.18309068583967408, 0.17808619524209637, 0.1296764278135148, 0.09699936121364026, 0.12890272366483907, 0.182561819397548, 0.17584773674254625, 0.12703567460973866, -0.0051030565340381305, -0.000980846348844825, -0.007726756913924925, 0.015623386626174587, -0.007074044205527985, -0.002101846704922087, -0.002802081467219486, -0.001900115403740826, 0.009477420153120924, -0.00075382440668091, 0.05396026800378831, 0.05462998049801318, 0.05699243220302877, 0.05545437386551865, 0.05094164109237193, 0.056349442806555065, 0.051676060066722665, 0.05774829258676858, 0.0551564321795333, 0.0586624214393397], "cost": 0.6810960336486082, "fun": [0.40256593425315246, 0.31005386186099254, 0.36117469474776576, 0.20920058801657332, 0.24741038251312863, 0.08900439140230572, 0.49457089523188635, 0.2823284142767499, 0.30001966190491924, 0.1190152721433645, 0.13029534286213637, 0.26659578401644257, 0.19382187636080117, 0.1272803449877172, 0.07001875154567472, 0.10672032304281559, 0.42063385610261667, 0.24857280275538424, 0.1754948690164962, 0.06736575547742962, 0.0, 0.0, 0.0, 0.0, 0.0, 0.0, 0.0, 0.0, 0.0, 0.0, 0.0, 0.0, 0.0, 0.0, 0.0, 0.0, 0.0, 0.0, 0.0, 0.0, 0.0, 0.0, 0.0, 0.0, 0.0, 0.0, 0.0, 0.0, 0.0, 0.0, 0.00013288964431827568, 9.436326068386743e-07, 0.0004613088094753975, 0.0, 0.0003540000375950738, 9.285453397427199e-06, 2.2000992511068875e-05, 6.860249898427415e-06, 0.0, 4.2836165090467567e-07, 0.0, 0.0, 0.0, 0.0, 0.0, 0.0, 0.0, 0.0, 0.0, 0.0], "grad": [-66.058084633921, -67.21464370531757, 66.20436562277037, -67.66599714077216, -65.8092898657354, -70.1795110623809, -68.00131525019506, 0.9214449728662699, 68.95177836699018, 67.99453985817468, -65.034666554381, -65.97142921738205, 66.81536119924415, 65.17145403038032, 69.19634581196107, -69.91803726062238, -66.88219200265019, 70.14900020245742, 66.34584903229157, 65.39603210659891, -65.17470525729308, 64.87966133593733, 68.64994943344314, -66.11185617248358, 0.31478713372594824, -70.16389686553546, 5.438249447142619, 63.08263495937129, -67.03072137470008, 61.9517676946646], "optimality": 70.1795110623809, "nfev": 877, "njev": null, "status": 2, "message": "`ftol` termination condition is satisfied.", "success": true, "res_time": 1083.1928759999864, "tension_error": [0.05062756316405031, -0.05853756527056129, -0.02975016703268147, 0.04616618543582922, -0.025979258358738804, -0.028726904658589045, -0.014242440052866616, -0.021727450145443507, 0.08012280921692563, 0.014080033809229859, 0.07741156286561683, 0.014879092224171029, 0.11721216972611526, -0.23700124972531106, 0.1073107487792316, 0.03188427117095112, 0.042506584868773525, 0.028824078676669973, -0.1437691119221495, 0.01143524965051456, 0.0173631680762433, 0.00720386639052336, -0.0286336904658341, -0.005301889438159844, 0.06315467074964981, -0.018879768722062706, 0.0520137946446255, -0.040099825168284996, -0.0007822194323306893, -0.05396683656940836], "git_revision": "018ef57f2e70e762a509d3bbb7a77c8182022b6e", "linregress": [-0.2338908101927749, 0.06440481719792676, -0.29811837444903383, 0.10957517433133533, 0.1415254300907186]}