{"x": [0.09442110055064262, 0.13079836920367346, 0.18247485299058727, 0.17825155086061192, 0.1274197460802831, 0.0935774539799728, 0.12881713354163216, 0.1825433398127871, 0.17527519192663665, 0.1302360032981283, -0.004161352368243116, 0.005286592079672198, -0.007625014790899582, -0.002885491060483794, -0.0033265721226373025, -0.004722924860330748, 0.0025767686187609246, -0.010793670300037602, 0.00630984567686019, -0.000738417637381389, 0.05670157283924735, 0.05385970258916123, 0.05940461187167938, 0.05632570657928304, 0.05513546210392351, 0.060732752632946335, 0.05310001483986936, 0.05766604215467512, 0.05667791938672836, 0.06248232082801336], "cost": 0.8718859500742234, "fun": [0.29967530613094756, 0.00842611728632271, 0.048317742866617656, 0.42813078778053176, 0.22916318768006827, 0.21838543294890256, 0.4361769743028296, 0.47668929329217996, 0.22929034207503018, 0.44686325967587726, 0.37980885070286385, 0.29582994008012115, 0.2978987052616845, 0.07357868066994805, 0.31821284075621253, 0.1354401817201204, 0.2406169924579616, 0.3400449976276856, 0.0032952253123902323, 0.2815002284781371, 0.0, 0.0, 0.0, 0.0, 0.0, 0.0, 0.0, 0.0, 0.0, 0.0, 0.0, 0.0, 0.0, 0.0, 0.0, 0.0, 0.0, 0.0, 0.0, 0.0, 0.0, 0.0, 0.0, 0.0, 0.0, 0.0, 0.0, 0.0, 0.0, 0.0, 7.206152945874785e-05, 0.0, 0.00044332484548644245, 2.402476783287425e-05, 3.681212017778832e-05, 0.00010534965278627989, 0.0, 0.00125749840924485, 0.0, 4.0263004932274726e-07, 0.0, 0.0, 0.0, 0.0, 0.0, 0.0, 0.0, 0.0, 0.0, 0.0], "grad": [2.2121878268456974, -0.3312131257309039, -0.3727935347311693, 0.6762546123304176, -0.5496731957766539, 0.06015008287959467, -0.704614422893338, 0.48256656105479934, 0.6791691880643649, -0.6405472012421307, 1.5932003246500623, 0.251725280716373, 0.3545908540069651, 0.42726048576749986, 0.5665961132363847, 0.8488834086020951, -0.7719409141791023, 0.23167601602273113, -0.13050110216241056, -0.6387445245055496, -0.9490989808383699, -0.8292667222491144, 0.4478482657260674, -0.4465940876689256, -0.3045349354027804, 0.03475977830466226, -0.49342642416053417, 0.69073393116477, -1.4492526423887804, 0.31477656957691735], "optimality": 2.2121878268456974, "nfev": 1004, "njev": null, "status": 2, "message": "`ftol` termination condition is satisfied.", "success": true, "res_time": 1453.2703800000018, "tension_error": [0.010384397766989285, -0.042998712459726134, -0.020408200508538036, 0.04365779918290047, 0.00825380543244713, 0.023182217878554772, -0.012944068153767769, -0.021447121380142015, 0.08880811158709093, -0.0344678205598982, 0.06312624371521972, -0.08019573218338923, 0.11566877770211485, 0.04377187889981302, 0.05046292261919546, 0.07164509981349669, -0.039088668642186256, 0.16373616114358705, -0.09571812736710579, 0.011201534409025328, -0.024221456783092305, 0.018888709849998776, -0.06522560294365773, -0.018519698548941022, -0.0004641108016431241, -0.08537302857953391, 0.030412904334281725, -0.038852115202256385, -0.02386264227369984, -0.1119133593434068], "git_revision": "018ef57f2e70e762a509d3bbb7a77c8182022b6e", "linregress": [-0.22435991267553831, 0.0634200899289321, -0.3665575840597884, 0.04633061539176077, 0.10761965015603525]}