{"x": [0.09279554026942402, 0.11709742598108284, 0.1846075375193239, 0.18515960406058452, 0.1307898174884195, 0.08862376442586933, 0.14843763665670953, 0.18068812941266466, 0.18822158639097258, 0.11493739515754273, 0.012276109330279634, 0.0027223772765841486, 0.023937626014229274, -0.0250195424036635, 0.0026230847831175065, 0.023997524561691356, -0.023791836476118877, -0.013215214604390105, 0.0008771575915461753, 0.005921356784102528, 0.058037758232327964, 0.060551997934935646, 0.051791208487757305, 0.06373630683746628, 0.06605850443221539, 0.06958646596482422, 0.07408393247202973, 0.061445785921188024, 0.051335783490476794, 0.05798569187396253], "cost": 0.9535129034023383, "fun": [0.07199436853922282, 0.23057252141933252, 0.3389885638415842, 0.2877718182000897, 0.16249098756357197, 0.26776687846933844, 0.33461792252250244, 0.18239199291248157, 0.4797503644624915, 0.36231996049839105, 0.3806941050925987, 0.050295757001642814, 0.19183612711678696, 0.3422033750978202, 0.03931077934169913, 0.45364796167901894, 0.20797810039527498, 0.4362475386109021, 0.47060448081725564, 0.2863693244749945, 0.0, 0.0, 0.0, 0.0, 0.0, 0.0, 0.0, 0.0, 0.0, 0.0, 0.0, 0.0, 0.0, 0.0, 0.0, 0.0, 0.0, 0.0, 0.0, 0.0, 0.0, 0.0, 0.0, 0.0, 0.0, 0.0, 0.0, 0.0, 0.0, 0.0, 0.0, 0.0, 0.0, 0.015661670657247984, 0.0, 0.0, 0.01346740431837321, 0.0023079301483025314, 0.0, 0.0, 0.0, 0.0, 0.0, 0.0, 0.0, 0.0, 0.0, 0.0, 0.0, 0.0], "grad": [-1.4963649231002507, 2.342371530393223, 1.874948656587673, 0.23668456373864982, -1.0029868494950742, -0.7556674641038299, -0.5983881368646058, 0.24353433458345108, -0.0995444082579171, -0.07935889847135735, -2.0867921312682216, 1.7922958911063207, -1.0839402471449757, 2.5582169300259308, -1.2473595060274196, -1.070824769364534, 1011.9550613271269, 1.5984314316652686, 0.3615778338221278, -1.218953348364033, -0.43970297290088833, 1.8462554374330007, -3.502477975251841, 1014.6140544748112, 0.4740321399060998, -1012.119925182993, 1011.040207999614, -1011.6193967276902, -0.5257978439819908, 0.08961358656681018], "optimality": 1014.6140544748112, "nfev": 631, "njev": null, "status": 3, "message": "`xtol` termination condition is satisfied.", "success": true, "res_time": 994.64148999998, "tension_error": [0.035043572334633476, 0.16483975072785328, -0.05276027056059808, -0.06113492474672001, -0.04286898596373783, 0.09832793648394554, -0.310580161388649, 0.006695764272817641, -0.10758411379277513, 0.1976066544007446, -0.1862242369504242, -0.041297500485156464, -0.36312532081391363, 0.3795376098092217, -0.03979126847522134, -0.3640339605950902, 0.36091374508095747, 0.20047013183309528, -0.013306170446694571, -0.08982488825762135, -0.04449091663850334, -0.08263104373672882, 0.05026703382111843, -0.13093588361996103, -0.16616279985991378, -0.21968072860465254, -0.28790570493722784, -0.09618949138958253, 0.05717566996347676, -0.04370108839597751], "git_revision": "018ef57f2e70e762a509d3bbb7a77c8182022b6e", "linregress": [-0.6317758917037477, 0.18481761545851205, -0.33622977616268057, 0.06926968958637121, 0.33442390833587277]}