{"x": [0.09646730157391536, 0.12831845431033292, 0.18126203588501064, 0.1804685252184697, 0.12818415699043975, 0.09853278810616811, 0.126338007544759, 0.17882688788987927, 0.1835208347569531, 0.12536142646549353, -0.0038743931654395772, 0.00122500869187008, -0.002575295428269012, 0.00429322190462256, 0.002785225192709149, 0.004870729226835065, -0.0011681162063947514, 0.00133319399361783, -0.004890972445458145, 0.0033151880085010195, 0.05413374112501544, 0.055718254200747525, 0.05398981910518331, 0.05701773809583627, 0.05096513320238087, 0.053723923233040746, 0.05488063236288305, 0.061282517889064296, 0.05224388451946992, 0.06054617103987481], "cost": 0.7702882442983399, "fun": [0.38909472081088337, 0.2415979940715994, 0.20700513477714222, 0.2430824218635823, 0.12504744099032997, 0.045862720115921185, 0.2164683977570362, 0.3123208628368906, 0.03942491621397629, 0.10665017658029188, 0.19091669700851904, 0.2677002899009064, 0.052781723253343335, 0.42403869532714794, 0.08562434226214206, 0.36862727270134366, 0.49281143101354846, 0.24217068166822, 0.4536109525680873, 0.33556321730647864, 0.0, 0.0, 0.0, 0.0, 0.0, 0.0, 0.0, 0.0, 0.0, 0.0, 0.0, 0.0, 0.0, 0.0, 0.0, 0.0, 0.0, 0.0, 0.0, 0.0, 0.0, 0.0, 0.0, 0.0, 0.0, 0.0, 0.0, 0.0, 0.0, 0.0, 5.8158215155072626e-05, 0.0, 1.7079736671445918e-05, 0.0, 0.0, 0.0, 1.5938892739773467e-06, 0.0, 0.00011699994251272667, 0.0, 0.0, 0.0, 0.0, 0.0, 0.0, 0.0, 0.0, 0.0, 0.0, 0.0], "grad": [1.2178301413809756, -0.2507897571747817, 0.4815478555476877, -1.2419406388799588, 0.6748220632239237, 1.7142256215488672, -0.6012880909422234, -0.3712334753292975, -1.5550211292690383, 0.662769935650048, 3.3894123752587952, 0.4306712004141664, -0.9800793786755475, -0.4224437941786262, -1.9292159346014879, 1.4006776753898855, -0.8582573716154164, 0.9815195022061594, 0.7607014414839306, -3.3514547485244335, -0.7908254695217023, -0.6150678952493944, 0.3086263763322705, -1.6339804686889465, 5.401174497025655, -4.088677745114862, 1.7352526100334629, -0.8821315246873418, 0.8258646042081335, 1.518546066258045], "optimality": 5.401174497025655, "nfev": 381, "njev": null, "status": 2, "message": "`ftol` termination condition is satisfied.", "success": true, "res_time": 542.1742339999764, "tension_error": [-0.02065574809308866, -0.005379280578712169, -0.0020101939439218243, 0.010027082233158402, -0.0033420377317536303, -0.05198844830384704, 0.024663396446838612, 0.03493013992359709, -0.03627537398059909, 0.039477786039953236, 0.058773174095174734, -0.018582948616990405, 0.03906632086343502, -0.06512665794488907, -0.04225088114587072, -0.07388723978062096, 0.017719909733023835, -0.02022408138350408, 0.07419432224788161, -0.05029022963387341, 0.0147316421780298, -0.009304860799209114, 0.016914888319174457, -0.029017571909998315, 0.06279830374907419, 0.020948434662386127, 0.0034015662464166522, -0.09371277308391833, 0.04340009851422116, -0.08254265179940562], "git_revision": "018ef57f2e70e762a509d3bbb7a77c8182022b6e", "linregress": [-0.15829921218047333, 0.04595652869522114, -0.3891674364890957, 0.03353741515847999, 0.07081114747356965]}