{"x": [0.09400927686932598, 0.12902519473798466, 0.18065828254498917, 0.17921866890215843, 0.1247832887614503, 0.09472171121030286, 0.12917034602361263, 0.18020577481657984, 0.18191467628897312, 0.13228833533484416, 0.0022469626823088643, -0.0023738989991072407, -0.0003769895405676485, -0.004091734372312422, -0.0004953007022442207, -5.095646492510344e-05, 0.0016704482023225482, 0.0006293476816624046, 0.0015974853170540842, 0.0008023361762398465, 0.056190399182772084, 0.05476622088910111, 0.05234801500403191, 0.05981795242674199, 0.05635102578570334, 0.05501082283580727, 0.05557288986376558, 0.05499736243913824, 0.056190298454099466, 0.05255783389234873], "cost": 0.7817415141725537, "fun": [0.2652389926805142, 0.15066469601767526, 0.22860694598345158, 0.29615190675813696, 0.45093083848302457, 0.3282831681270013, 0.1687861276811854, 0.3434936960505816, 0.22753840802380845, 0.42075419710294815, 0.0713771664745033, 0.2067866179381177, 0.47218888826490585, 0.3777682327145532, 0.29188201071196895, 0.06966337948408614, 0.1085512489470873, 0.09016587560190702, 0.1921922866181891, 0.2892154685591541, 0.0, 0.0, 0.0, 0.0, 0.0, 0.0, 0.0, 0.0, 0.0, 0.0, 0.0, 0.0, 0.0, 0.0, 0.0, 0.0, 0.0, 0.0, 0.0, 0.0, 0.0, 0.0, 0.0, 0.0, 0.0, 0.0, 0.0, 0.0, 0.0, 0.0, 0.0, 1.3377862011129332e-05, 5.3578173357747896e-08, 6.850500417439593e-05, 1.2150854800579252e-07, 1.3231158570939016e-10, 0.0, 0.0, 0.0, 0.0, 0.0, 0.0, 0.0, 0.0, 0.0, 0.0, 0.0, 0.0, 0.0, 0.0], "grad": [-0.20064691768898069, -2.56438161423202, 0.0039369293632349756, 0.48431143852382474, -1.8024582047339117, -0.05769619617695315, -0.5787050136098062, 0.1547629626381386, -2.1593879549887594, -1.040499391361471, -1.746241159064971, 1.7557679795109395, 1.071711634973198, 3.0892029058974355, -2.1628557246470264, 0.6282399939980967, -0.8392949976681154, 0.8381032318125113, 0.3553142058829124, 2.3988349323813978, 4.418452004192968, 11.817744760632628, 3.6795487024366516, 0.7643443156270351, 3.6972752090892844, 6.653887260667326, 1.234705698362486, 3.3347223832217248, 0.6540028286975801, 4.882337264767807], "optimality": 11.817744760632628, "nfev": 571, "njev": null, "status": 2, "message": "`ftol` termination condition is satisfied.", "success": true, "res_time": 845.4379330000083, "tension_error": [0.016631617366292123, -0.016100282919155003, 0.007148530699760277, 0.028986960525268207, 0.04824793054511534, 0.005824240374425893, -0.018302176587678326, 0.014012912905069015, -0.011910518058106119, -0.06560097172560365, -0.034085629225942646, 0.03601120825925812, 0.005718798003642589, 0.06207016333817114, 0.007513536484147475, 0.0007729915515628833, -0.025340108455651753, -0.009546981754636271, -0.02423328729030852, -0.012171156037967854, -0.016467133196916128, 0.005137147840730274, 0.041820475890381875, -0.07149583298122668, -0.01890378195590293, 0.0014266228155425315, -0.007099735216994192, 0.001630812272584716, -0.016465605178576388, 0.03863759755952431], "git_revision": "018ef57f2e70e762a509d3bbb7a77c8182022b6e", "linregress": [0.0025941633608968216, 0.022139481426094877, 0.008367056804423552, 0.9649987744497781, 0.05859092920113039]}