{"x": [0.09694180100987981, 0.13258850937619632, 0.18123356725312256, 0.1806223446915394, 0.12405173630873424, 0.09623111273862112, 0.12938046496584446, 0.1827548296707259, 0.18109769349224492, 0.12244611945642751, -0.004674150027765503, 0.0023933038067348723, 0.003885068409680088, 0.003716155388222151, 0.0022824941424787423, -0.00647125728289809, 0.0001185284229901112, -0.0025128273755708626, 0.004223198865585387, 0.0030216313823265657, 0.0525561370998056, 0.05541274497265906, 0.05333061295583912, 0.051777734137303785, 0.05791342232912122, 0.05533110552228456, 0.053857500892712046, 0.053913667179202866, 0.05451771628206465, 0.05530788483419367], "cost": 0.7521902893144365, "fun": [0.28159621854425215, 0.2475395421360851, 0.13789600624481615, 0.16613633544323478, 0.30600526224181185, 0.24932120624151363, 0.2395589377258815, 0.20435065581253012, 0.2578042822141373, 0.4597950007072624, 0.2384244017202324, 0.45373509547566854, 0.24249297140755058, 0.3839175064211498, 0.20254316978919779, 0.1881457572737952, 0.1492877856828791, 0.22314934798471514, 0.40163787034933335, 0.07505969976446514, 0.0, 0.0, 0.0, 0.0, 0.0, 0.0, 0.0, 0.0, 0.0, 0.0, 0.0, 0.0, 0.0, 0.0, 0.0, 0.0, 0.0, 0.0, 0.0, 0.0, 0.0, 0.0, 0.0, 0.0, 0.0, 0.0, 0.0, 0.0, 0.0, 0.0, 0.00010211932698353369, 0.0, 0.0, 0.0, 0.0, 0.0002709979466655505, 0.0, 1.586674946432038e-05, 0.0, 0.0, 0.0, 0.0, 0.0, 0.0, 0.0, 0.0, 0.0, 0.0, 0.0, 0.0], "grad": [2.6636352761396833, 4.504474282387491, 0.5237757954053552, 0.48646255970137364, 4.98010224765144, -3.3588406765110563, -0.992723623070054, 2.4844586116877396, -10.737267095974111, -2.9503141565752578, 3.971934680787325, -0.8721658384012755, 0.9939226429301641, -3.9986441162013127, 5.336590230218984, 1.2785511458894339, -4.315189291555413, 2.815740491753064, 2.5464402893232165, -10.026727385021688, -5.689892221866562, -3.3942326512899763, -2.987723537352765, 2.903244545548926, -1.030895516085545, -8.05954283592777, 7.635858324898868, -6.636634660683934, 3.458250637271883, 19.884321432813945], "optimality": 19.884321432813945, "nfev": 291, "njev": null, "status": 2, "message": "`ftol` termination condition is satisfied.", "success": true, "res_time": 483.96298699997715, "tension_error": [-0.02785373672438356, -0.07015450577284868, -0.0015783348664450182, 0.007693695226750274, 0.059345322530720564, -0.017072846992624204, -0.021489606630309056, -0.024655347729207272, 0.00048282203272116794, 0.08370196233499898, 0.070905202853273, -0.036305572328231686, -0.05893511377487806, -0.056372762977430546, -0.03462462891060244, 0.0981666843455948, -0.0017980342577942634, 0.03811870259656294, -0.06406443320716346, -0.045837079434547734, 0.038663337302313035, -0.004670393856025581, 0.02691481246874636, 0.05047143495213639, -0.04260478495970622, -0.0034319522665927638, 0.01892210880647714, 0.018070086104276774, 0.008906874842907073, -0.003079702640522346], "git_revision": "018ef57f2e70e762a509d3bbb7a77c8182022b6e", "linregress": [-0.13757079244923548, 0.04356521614688334, -0.3229794947100105, 0.08170743052671738, 0.07618153871660693]}