{"x": [0.09468072490868193, 0.12855004548705767, 0.1799762792091081, 0.17824164499069414, 0.12895801785727753, 0.0961130207970459, 0.12606756577383083, 0.1822252392295753, 0.181693397763688, 0.1302201659027532, 0.0020469007284203665, -0.0032210923173019708, -0.001757819669573814, 0.0025777930236791503, -0.0017046026807916916, 0.0014259605017078293, -0.0009326545967743014, -0.0022529627650972875, 0.003471569551353091, 0.0009774849689412734, 0.05456480221066967, 0.05579604924916965, 0.05561852596879762, 0.058107011956418465, 0.05702486504438878, 0.05418302722906939, 0.05510735699363864, 0.05600792989955295, 0.05302845820867802, 0.052035932480871], "cost": 1.1328211187203598, "fun": [0.2708747996800156, 0.30688173164643995, 0.21501065935985073, 0.45490399107004775, 0.291321475437409, 0.3014272698561516, 0.31173019330667484, 0.27825324190430006, 0.4197171041054739, 0.39030787665555855, 0.16189617367816167, 0.020215353092607156, 0.3784731109330189, 0.45999939265630574, 0.5233401294772839, 0.4643458645935701, 0.08190969413458006, 0.24003273653407306, 0.36260629673543915, 0.3151587049433333, 0.0, 0.0, 0.0, 0.0, 0.0, 0.0, 0.0, 0.0, 0.0, 0.0, 0.0, 0.0, 0.0, 0.0, 0.0, 0.0, 0.0, 0.0, 0.0, 0.0, 0.0, 0.0, 0.0, 0.0, 0.0, 0.0, 0.0, 0.0, 0.0, 0.0, 0.0, 3.342023627534204e-05, 5.431539715329847e-06, 0.0, 4.9530133817896405e-06, 0.0, 8.112645617633707e-07, 1.1435681272267034e-05, 0.0, 0.0, 0.0, 0.0, 0.0, 0.0, 0.0, 0.0, 0.0, 0.0, 0.0, 0.0], "grad": [8.07451154538484, -7.05880597241206, 3.8110446621262737, 6.388958984786871, -4.991962651308262, -4.789503096893721, 7.201786050874002, -2.5843161186167976, -6.331974440805424, -6.649486113145331, 7.207818359601699, 1.618062839702755, -4.9715671888092805, 5.180487330395018, 0.11716876272158006, -4.82729664101562, 5.460625553635297, 2.3598739557587196, -8.036603801150187, -5.697711818741213, -0.47802693984971456, 5.356361905528157, 4.682077720093034, -3.7860624748490626, -8.278093477649884, 7.214109458253333, -7.321618588062508, 7.549356024044824, 2.4896258753548772, 8.058746138827171], "optimality": 8.278093477649884, "nfev": 539, "njev": null, "status": 2, "message": "`ftol` termination condition is satisfied.", "success": true, "res_time": 764.8699289999786, "tension_error": [0.006445988074729541, -0.008892436824693145, 0.017494280106604403, 0.04380806772622624, -0.015081233396719034, -0.015281434003527054, 0.028765902466917508, -0.01662164803281781, -0.008553801087274404, -0.03422757287313863, -0.031050760139708478, 0.04886283127642766, 0.02666550271391023, -0.039104208502502937, 0.02585821981489712, -0.02163131650326673, 0.014148040388839022, 0.03417664835984344, -0.05266248233277421, -0.014828101279825543, 0.008192597958459306, -0.010484984170642277, -0.007792018790586929, -0.045541471140565185, -0.029125685199011028, 0.013983989410139641, -3.7766218323207776e-05, -0.013699138702882089, 0.03149839312261326, 0.046554657395091514], "git_revision": "018ef57f2e70e762a509d3bbb7a77c8182022b6e", "linregress": [-0.05760473275929389, 0.027499740810257856, -0.2500446293275995, 0.182649800926382, 0.042154320072278206]}