{"x": [0.09243223274078283, 0.1289876443335254, 0.1836292511532162, 0.17881886804169414, 0.12272558411010048, 0.09366338239861703, 0.11721707050471565, 0.18192886069961725, 0.18562699198280447, 0.13922902687314972, 0.00021128625148713657, 0.004873013815259345, -0.009287606828719397, 0.015837015163358514, -0.008930170866326081, 0.008493639058030552, 0.00656273055760453, 0.01184728233440064, -0.00698834127394535, -0.01897040740976519, 0.05948465601883418, 0.055653483348215016, 0.06011475668554232, 0.05502628326794733, 0.041714235968833, 0.05790061558437925, 0.06021377912902212, 0.05389142650118365, 0.05184960063591426, 0.055938857935695196], "cost": 0.7879258699468156, "fun": [0.24043878914881814, 0.2853844642475193, 0.17516341565332316, 0.4315985101212566, 0.1063864549246099, 0.3623596726647189, 0.3557078461727238, 0.3834397358753073, 0.32092971217632765, 0.26763701545227764, 0.1906243537109135, 0.02099401316046365, 0.17523495925552943, 0.25810182074054117, 0.3705103039353687, 0.25589875762014497, 0.49214039089518985, 0.024754543986841182, 0.1964753831623166, 0.10249526938109586, 0.0, 0.0, 0.0, 0.0, 0.0, 0.0, 0.0, 0.0, 0.0, 0.0, 0.0, 0.0, 0.0, 0.0, 0.0, 0.0, 0.0, 0.0, 0.0, 0.0, 0.0, 0.0, 0.0, 0.0, 0.0, 0.0, 0.0, 0.0, 0.0, 0.0, 0.0, 0.0, 0.0008011456271247197, 0.0, 0.0007121628349364074, 0.0, 0.0, 0.0, 0.0003412890201290013, 0.006827001114980453, 0.0, 0.0, 0.0, 0.0, 0.0, 0.0, 0.0, 0.0, 0.0, 0.0], "grad": [-0.6809249251486049, -0.2578645896993482, -0.5377279530114547, -0.6717961754601012, -1.3247411285982336, 1.1296091344006598, -0.7278667082371678, 1.4807525696676398, 1.6772318562818116, -0.812452830872382, -1.6405817125130038, 1.4013607400251902, 0.7500126120760342, -0.7214903113387414, -0.8347310184975982, -1.1688441216330459, 1.1315535712147768, 1.4234813120024683, -1.4238482231153549, 1.313570161567641, 0.4713457738211222, -1.24554314736669, 0.17024373065672815, 0.46236924724116246, 4.678004935532251, 0.7866854145741309, -0.07661462918663631, -2.189190184765877, -3.19399395698958, -0.7234778421482932], "optimality": 4.678004935532251, "nfev": 380, "njev": null, "status": 2, "message": "`ftol` termination condition is satisfied.", "success": true, "res_time": 572.977344999992, "tension_error": [0.040554819056155586, -0.01553065656364845, -0.037920012369181424, 0.03505179818425224, 0.0794625823747296, 0.021878714157313985, 0.1630247856180314, -0.012125690551094534, -0.0682250342295811, -0.17088880770480455, -0.0032051377112011408, -0.07392189617904582, 0.14088971092068478, -0.24024191908215572, 0.13546753378259477, -0.12884550063534092, -0.09955430157229601, -0.179719083082632, 0.10601066561696905, 0.2877743712992595, -0.06643984434744549, -0.00832230987326195, -0.07599824861892361, 0.0011920935277407892, 0.20313114309378538, -0.04241051117122583, -0.07750038406606466, 0.018407469324151892, 0.04938124558464485, -0.012651341439269367], "git_revision": "018ef57f2e70e762a509d3bbb7a77c8182022b6e", "linregress": [-0.452127079271548, 0.11632897488875188, -0.37847452701347517, 0.03917593651081254, 0.20896506549400592]}