{"x": [0.1022183557967985, 0.13005288887407224, 0.17939391390219325, 0.18088650993582797, 0.12292494678237549, 0.09232859079498246, 0.12338496281745627, 0.17958237987111736, 0.18344088507741424, 0.129263593928975, -0.0047909550329025795, 0.009033345664868131, 0.01657374612450182, -0.004580241431070881, -0.005728082034637003, -0.0033324660154338383, -0.00206071572766743, 0.004291859064877164, -0.0036318348186340174, 0.0003185927844102938, 0.05179403415985756, 0.058063694553299086, 0.05650387357294728, 0.04930772112965926, 0.05416370686391224, 0.054068712880955605, 0.059656264861693994, 0.04604047048525732, 0.05488893712238403, 0.05274423486009904], "cost": 0.9868865137923462, "fun": [0.22744455479833997, 0.3148928511653494, 0.16074729246760408, 0.13194336948841678, 0.46425649769080085, 0.34599962681441215, 0.11478910089046322, 0.41136260083201315, 0.43856471872368, 0.25859257615806075, 0.2574436520596368, 0.14768867064938407, 0.058135674242129294, 0.3879834515646793, 0.4021513054979916, 0.3371343093513596, 0.3265813649114929, 0.4078085536292498, 0.2615978858564514, 0.3794720355824444, 0.0, 0.0, 0.0, 0.0, 0.0, 0.0, 0.0, 0.0, 0.0, 0.0, 0.0, 0.0, 0.0, 0.0, 0.0, 0.0, 0.0, 0.0, 0.0, 0.0, 0.0, 0.0, 0.0, 0.0, 0.0, 0.0, 0.0, 0.0, 0.0, 0.0, 0.00010996798921883364, 0.0, 0.0, 9.60871058650501e-05, 0.00018794366313302596, 3.700813396213816e-05, 8.750930951959623e-06, 0.0, 4.790471533298486e-05, 0.0, 0.0, 0.0, 0.0, 0.0, 0.0, 0.0, 0.0, 0.0, 0.0, 0.0], "grad": [-0.6844015667507986, 0.010130144505917205, 1.07572826923134, -0.8189616950178413, 0.8754970322226496, -0.38017137636139786, -0.0034062116306199375, -0.17150437466454727, -0.5974860522031298, 0.6310126016279449, 2.823797832331862, -0.869889261195127, -3.792312972096803, 1.4753171710633195, 0.0423336088140589, 1.098544819915554, -0.7071778343376397, -0.6998260359340139, 0.010139650883501994, 0.35462267120896707, 0.11998094616278498, 0.837184763576948, -0.7762768114466883, 1.618042282860387, 0.2559579732109061, 0.14237548902133934, -0.181982384085436, 1.5341377720607232, 0.9922780896187113, 0.4268313468382239], "optimality": 3.792312972096803, "nfev": 475, "njev": null, "status": 2, "message": "`ftol` termination condition is satisfied.", "success": true, "res_time": 730.7409089999855, "tension_error": [-0.10789720672650821, -0.031690039507529716, 0.026328555852187737, 0.003686401896026802, 0.07643832114326295, 0.04212703071975858, 0.06946004058114887, 0.023469593756807426, -0.03506256561713553, -0.019716714333810892, 0.07267709347174364, -0.13703265898750114, -0.25141786720916215, 0.06948064265329124, 0.08689297866210931, 0.050552330888474654, 0.03126032879245006, -0.06510598414793567, 0.05509364975773608, -0.004832939865432634, 0.05022416937468961, -0.04488436145495142, -0.02122242883198247, 0.0879406587290597, 0.014277072516700082, 0.015718097642417, -0.06904308980215065, 0.13750369550316063, 0.003275585981862245, 0.03580996080163857], "git_revision": "018ef57f2e70e762a509d3bbb7a77c8182022b6e", "linregress": [-0.2848971014993531, 0.07678480341683408, -0.35099014668060474, 0.05720116560335218, 0.1436368347928034]}