{"x": [0.09756905632109722, 0.12948961231222939, 0.18549229393494562, 0.18239901313782836, 0.12832999105238208, 0.09844925948638113, 0.12010199236191167, 0.18172936932979206, 0.18167564250251392, 0.13000913481439566, -0.001719594679457324, 8.70752931260806e-05, -0.001964572237308526, 0.008787464131707574, -0.0006414123087026941, 0.0027841014044592384, 0.0009817481066242513, 0.006579042806041075, 0.006024169046608778, -0.001740139702231483, 0.0518502347986869, 0.04689837559121955, 0.05448635279073853, 0.04924192818924149, 0.05294509404984836, 0.05784991339636682, 0.053349911514649885, 0.049706614088352835, 0.05679333714386797, 0.053612970783430934], "cost": 0.7433356564381489, "fun": [0.48333782257603614, 0.44324337172608635, 0.276352391803761, 0.15781193899856166, 0.30314119805993145, 0.43297307310341304, 0.21257845764283712, 0.14137945026401433, 0.2567339904250575, 0.21539814069641935, 0.12200454855453458, 0.032553052073581445, 0.19883624557612378, 0.39298245992118364, 0.14613234820363327, 0.33438708714436227, 0.11316128915768478, 0.17747317976063373, 0.08384207881921465, 0.32257129243093147, 0.0, 0.0, 0.0, 0.0, 0.0, 0.0, 0.0, 0.0, 0.0, 0.0, 0.0, 0.0, 0.0, 0.0, 0.0, 0.0, 0.0, 0.0, 0.0, 0.0, 0.0, 0.0, 0.0, 0.0, 0.0, 0.0, 0.0, 0.0, 0.0, 0.0, 5.084851546762324e-06, 0.0, 7.582353139599093e-06, 0.0, 2.638832774133575e-07, 0.0, 0.0, 0.0, 0.0, 5.269292989308084e-06, 0.0, 0.0, 0.0, 0.0, 0.0, 0.0, 0.0, 0.0, 0.0, 0.0], "grad": [-4.734004022090847, 401.61622403887986, -402.5824383230696, -2.432100991475161, 6.808797807733835, -398.89154952695463, 399.4162750207356, 2.4423367440786414, 1.919605808105194, 395.16562843203394, 393.57683318103886, -400.49755789558674, 0.11485736363604115, 401.9846118435096, 0.7401820279474869, -397.1791067067239, -1.687705247468048, -1.1847206553732528, 0.08166766889183497, -0.5127141016561643, 9.045608052343475, -4.68064168134901, -397.8450251230373, 403.60310282025836, -400.2565376722562, 391.9768808964101, -392.4524889208986, -3.1800883352480307, 397.3939586915966, -401.58594666395453], "optimality": 403.60310282025836, "nfev": 350, "njev": null, "status": 3, "message": "`xtol` termination condition is satisfied.", "success": true, "res_time": 588.1277539999865, "tension_error": [-0.03736897795936053, -0.02314533327373031, -0.06618171248110545, -0.019257736763837952, -0.005554288875493771, -0.05072134868255366, 0.11926154133078849, -0.009099477023306945, -0.008284460054619623, -0.031026305896371974, 0.026085643132558758, -0.0013209014015248678, 0.02980186604597748, -0.13330272308834096, 0.009729997880040735, -0.04223383367556046, -0.014892771570767719, -0.09980175261206059, -0.09138451391907976, 0.026397303862054695, 0.049371625559662964, 0.12448957845390737, 0.009382647914258056, 0.08893871436675298, 0.032762997929347566, -0.04164137691050016, 0.02662206015674856, 0.08188959361884732, -0.0256134888306655, 0.022631544083333018], "git_revision": "018ef57f2e70e762a509d3bbb7a77c8182022b6e", "linregress": [-0.0978217838084181, 0.05138839163337954, -0.16211019073139515, 0.39207131945305274, 0.1125287137197309]}