{"x": [0.09839827238389591, 0.12498417771407193, 0.17715053370325926, 0.1785783962006644, 0.13313557049578068, 0.09559070273739519, 0.12627300045974724, 0.18347855627190632, 0.1834690423909807, 0.12838518395473772, 0.003237460075416537, -0.0030523388496557094, -0.0003252963820469585, 0.0008660274877544786, 0.0011288664671616315, -0.0011951984572721162, 9.619306196669656e-05, -0.002244520928802954, 0.0021917885684714427, 0.0019383935253277226, 0.05180105794838951, 0.05519111225963364, 0.05816122104480605, 0.06023217747680856, 0.05363417989743828, 0.053077938430336924, 0.05678665375054254, 0.05573920463220007, 0.05078525556104926, 0.05677660626357305], "cost": 0.9789375097946866, "fun": [0.1023911343949305, 0.4084504685546399, 0.4396440627665374, 0.33742358261169786, 0.34524030271954953, 0.3016119932989378, 0.4530420137921638, 0.21768330172367642, 0.25365648500813276, 0.36018401146410717, 0.03786248009081744, 0.15805905798993045, 0.4330519755465026, 0.3640988191540131, 0.4238078113409402, 0.18268843982377847, 0.11714756529726562, 0.07529903022580722, 0.2846097921380302, 0.39578690931906946, 0.0, 0.0, 0.0, 0.0, 0.0, 0.0, 0.0, 0.0, 0.0, 0.0, 0.0, 0.0, 0.0, 0.0, 0.0, 0.0, 0.0, 0.0, 0.0, 0.0, 0.0, 0.0, 0.0, 0.0, 0.0, 0.0, 0.0, 0.0, 0.0, 0.0, 0.0, 2.8437946512052792e-05, 3.442212673342468e-08, 0.0, 0.0, 1.707340222042118e-06, 0.0, 1.1307614078204915e-05, 0.0, 0.0, 0.0, 0.0, 0.0, 0.0, 0.0, 0.0, 0.0, 0.0, 0.0, 0.0], "grad": [0.21842370379259313, -0.5627282696685125, 1.1608807005582253, 3.884251745269759, 0.7221062233677858, -5.287379614599798, -1.011241144456997, -0.3858610514490437, -2.1690252377640284, 1.0507150335104596, -3.6826550412731685, -0.13907892376241948, 0.9227068130914642, -1.5027726944059612, 2.05261548827497, -1.618919664596276, -0.5491837619869389, 4.097085635231394, -2.173391451332896, 2.086209280061026, -0.8994924166088367, 2.5571024558073425, 1.4045417361118044, -3.3407155011623653, -3.210630943574814, -1.8612123589509861, 5.794606394173785, -5.369964336468777, 3.6457730690703256, 0.03492466051873766], "optimality": 5.794606394173785, "nfev": 322, "njev": null, "status": 2, "message": "`ftol` termination condition is satisfied.", "success": true, "res_time": 560.9524429999874, "tension_error": [-0.04994789237003919, 0.04520051618057734, 0.060359840072320876, 0.038699670966988904, -0.07845322948236791, -0.007358053762528194, 0.025649530935949537, -0.035634024314720986, -0.035489702105774706, -0.006391545684612216, -0.04911112437837618, 0.04630290085387519, 0.00493463107077498, -0.013137330708466163, -0.017124505069987618, 0.01813073790087808, -0.0014592147302312183, 0.03404858868881273, -0.03324865743200085, -0.029404744243636947, 0.050117620986705046, -0.0013083039824361075, -0.04636380383972546, -0.07777948049519369, 0.022309809324693272, 0.030747795659307894, -0.025512104117579013, -0.009622671434978655, 0.06552698395223909, -0.025359687293663436], "git_revision": "018ef57f2e70e762a509d3bbb7a77c8182022b6e", "linregress": [0.09429385084332975, 0.02660853428756405, 0.27878678421854497, 0.135737440485664, 0.06138511615265433]}