{"x": [0.09632682906119781, 0.1255244382260576, 0.17943952997317708, 0.1849783688951995, 0.1281448190469221, 0.09101645735446696, 0.1300047973723121, 0.1837002423669459, 0.18181809098536317, 0.12913921696346548, -0.0015853321649359148, 0.0039106186614196485, 0.0028354327910318456, -0.0022550892951792717, -0.002926338615153832, 0.002651897174065003, -0.003511003600541243, -0.0005955339585217673, 0.0025054207745411746, 0.0008736230550420766, 0.054313168752421266, 0.05411663734921473, 0.056056956516222514, 0.05351876394082397, 0.048991185882208854, 0.05568254473935333, 0.05314687268813483, 0.0511433693082952, 0.05977063417811387, 0.05307386595576944], "cost": 1.2561535206958032, "fun": [0.3355006990563575, 0.13751030537631412, 0.36564622598211177, 0.298028795784673, 0.3616406885452184, 0.35462612162497964, 0.31070980175453106, 0.5406962385613258, 0.3597375606066894, 0.3077366601415451, 0.5285810258010252, 0.3573582323043529, 0.5427570100716871, 0.32818482006496996, 0.15473057794432857, 0.35631595703211644, 0.4496142408634505, 0.1396932510165405, 0.18388171578475698, 0.27017354580504116, 0.0, 0.0, 0.0, 0.0, 0.0, 0.0, 0.0, 0.0, 0.0, 0.0, 0.0, 0.0, 0.0, 0.0, 0.0, 0.0, 0.0, 0.0, 0.0, 0.0, 0.0, 0.0, 0.0, 0.0, 0.0, 0.0, 0.0, 0.0, 0.0, 0.0, 3.9843805688410395e-06, 0.0, 0.0, 1.146809363359924e-05, 2.505957691906457e-05, 0.0, 4.328065498405925e-05, 2.1121248807363358e-07, 0.0, 0.0, 0.0, 0.0, 0.0, 0.0, 0.0, 0.0, 0.0, 0.0, 0.0, 0.0], "grad": [-3.183867067113387, 4.030487497795178, -0.3452451623590318, 0.37021856449847057, 0.948905802448909, -1.0365156205207544, 0.23385344490541193, 4.669402322048448, 3.5912469098422273, -4.79624372846283, -6.379253771387649, 0.21150354972262164, -4.139836911744233, 3.3142234215047637, 3.272576151951359, -4.563038990179091, 0.2872616411374169, 5.547620184514509, 1.8338840024231917, -2.976465629642192, 68.29415566561596, 88.7409194667571, 7.662016219096255, -3.2583194390035253, -0.5168710850869869, -1.8992056270784445, 1.168160444644295, 0.1081623925295041, -7.502182608478535, -0.972977955631265], "optimality": 88.7409194667571, "nfev": 197, "njev": null, "status": 2, "message": "`ftol` termination condition is satisfied.", "success": true, "res_time": 370.74698100000387, "tension_error": [-0.018524829754913603, 0.03700495528321554, 0.025636576188021103, -0.058385651383769346, -0.0027452950409155227, 0.062031630961011594, -0.03096050843395163, -0.03899692397458625, -0.010445353160867556, -0.01782995975440287, 0.024048928270780548, -0.05932270205762127, -0.04301251265592054, 0.03420890706911485, 0.04439152185794113, -0.04022834225605518, 0.05326068291264488, 0.009034039533212227, -0.038006347078373824, -0.013252552777957647, 0.012009788526966433, 0.014991100407975879, -0.014442855138921877, 0.024060628568326827, 0.09274238648648292, -0.008763160898928639, 0.029702087347921687, 0.060094525057641235, -0.07077803188419117, 0.030809573658218264], "git_revision": "018ef57f2e70e762a509d3bbb7a77c8182022b6e", "linregress": [-0.03750465734527011, 0.0364630941073383, -0.10973772068627713, 0.5637595620273634, 0.06419769147433618]}