{"x": [0.09728464152869579, 0.12865438091235445, 0.18498491121913394, 0.17695036888601956, 0.13590842009935922, 0.09674230001602083, 0.12357108243755434, 0.17815341633781417, 0.18040784527740725, 0.12168876980868326, -0.003918591756486838, 0.0017599011947792597, -0.006803256184371774, 0.005364060465963483, -0.00012454203905790093, -0.010737892479564462, 0.01681130551224086, 0.01376378447921586, -0.028831046711751174, 0.010165538055095881, 0.04914658849965639, 0.05584739972425477, 0.0616331560744668, 0.0465209626671263, 0.06121245964184133, 0.05259399040830829, 0.04920831084269768, 0.05861778996556334, 0.05610338033629515, 0.0583841532746435], "cost": 0.8209967126950877, "fun": [0.3904577750927714, 0.4351919859741448, 0.2631804842238479, 0.2531006408855269, 0.4326323616439961, 0.34608693258242235, 0.3276093457341667, 0.3076340673103343, 0.3527560937947013, 0.08900733750877836, 0.21846791511399774, 0.07920759359363712, 0.3074833604630331, 0.008277693041277364, 0.14069651465366084, 0.3375344970554817, 0.34508113437448656, 0.35115805737321276, 0.011197560365354202, 0.01055984220497546, 0.0, 0.0, 0.0, 0.0, 0.0, 0.0, 0.0, 0.0, 0.0, 0.0, 0.0, 0.0, 0.0, 0.0, 0.0, 0.0, 0.0, 0.0, 0.0, 0.0, 0.0, 0.0, 0.0, 0.0, 0.0, 0.0, 0.0, 0.0, 0.0, 0.0, 6.0171392419686864e-05, 0.0, 0.0003148839142264048, 0.0, 1.931736632875954e-09, 0.0012381040748277857, 0.0, 0.0, 0.023965209464524587, 0.0, 0.0, 0.0, 0.0, 0.0, 0.0, 0.0, 0.0, 0.0, 0.0, 0.0], "grad": [0.9778029019008878, -0.0787670194634989, -0.27554173745169575, -0.03178541298691007, -0.35198973217856155, 0.056737663333275457, 0.07467810216703707, 0.7456725200436592, 0.05959456796626261, -0.7929984390297642, -0.4062410942628275, 0.2902221508959241, 0.61184944747362, 0.7635315343595253, 0.286463752113716, 0.7049301069104554, -1.0830979861817485, -1.119795734141426, -0.22538525653013108, 0.31893982869067716, -1.0112025913746399, 0.1420356571772423, -0.805216454955135, 1.0517431637648333, -0.87454471631768, 0.5502752044372805, 0.2379055860148851, 0.31658710528710765, -2.034540366551626, 1.855394632354696], "optimality": 2.034540366551626, "nfev": 1070, "njev": null, "status": 2, "message": "`ftol` termination condition is satisfied.", "success": true, "res_time": 1232.3725850000046, "tension_error": [-0.033054506145254944, -0.01047516832699954, -0.058484896124085174, 0.06339626955921387, -0.12051637731789944, -0.024827377203406994, 0.06663667176764579, 0.04514646518731839, 0.01094757547890368, 0.09519068864570163, 0.05944365109001204, -0.026697078715121062, 0.10320299026564868, -0.08137090020582542, 0.0018892586867568428, 0.16289003133348934, -0.25502155910550217, -0.20879174282603755, 0.4373567821797494, -0.1542076171341501, 0.09038498373976048, -0.011263952716986343, -0.09903183034917125, 0.13021479903589886, -0.09265001425046597, 0.038089115999593304, 0.089448677624654, -0.05328979289666465, -0.015147088071095835, -0.04974560692376414], "git_revision": "018ef57f2e70e762a509d3bbb7a77c8182022b6e", "linregress": [-0.5674880187250402, 0.12703655854472137, -0.4019753572080932, 0.027666598871821022, 0.2442912892258358]}