{"x": [0.09583376155060487, 0.12762395545695202, 0.180411225753021, 0.18532683000194683, 0.1262865463020598, 0.09344790660384986, 0.12764414612359964, 0.18231794567178464, 0.18167395446753823, 0.12278604430986392, 0.0033031097225758805, 0.0034393604732158756, 0.0015287034633157577, -0.0051691668953295555, 0.0038351208658292525, 0.004893005443067785, -0.0059044292547480795, 0.0012858510069401487, -0.004222890830170641, 0.0019164362810226226, 0.05558452453829657, 0.05137392543924204, 0.055129456403811894, 0.05318398096920234, 0.046191878241072654, 0.05343958930200125, 0.05132379499041638, 0.05230776221046265, 0.054098023712332015, 0.049315657454315626], "cost": 1.0241326803860238, "fun": [0.4173170474905345, 0.053948579147148755, 0.29920391605806657, 0.1287430004949174, 0.25037612399399023, 0.44264836312227446, 0.26675959882957784, 0.334811439895049, 0.2623613926398775, 0.33363156513703385, 0.41629898736488447, 0.16707981448170278, 0.15554977426646596, 0.5437580632229637, 0.06942283288395835, 0.5048346285958567, 0.2521794843076802, 0.06573306799985769, 0.36155812156935746, 0.4045598717513368, 0.0, 0.0, 0.0, 0.0, 0.0, 0.0, 0.0, 0.0, 0.0, 0.0, 0.0, 0.0, 0.0, 0.0, 0.0, 0.0, 0.0, 0.0, 0.0, 0.0, 0.0, 0.0, 0.0, 0.0, 0.0, 0.0, 0.0, 0.0, 0.0, 0.0, 0.0, 0.0, 0.0, 0.00013812161985006746, 0.0, 0.0, 0.0002058418944041043, 0.0, 7.530599700253322e-05, 0.0, 0.0, 0.0, 0.0, 0.0, 0.0, 0.0, 0.0, 0.0, 0.0, 0.0], "grad": [0.2990805754891155, 0.6826822040729434, 0.6281247625110697, -1.0460875030275074, 0.8455174524135769, 0.02480340963970007, 0.43524535403841874, -0.581988475224015, -0.44968501529383076, 0.9741241573873154, -2.283930970517098, -0.6598250017342902, 0.06030404505434672, 1.0390008777751962, 0.2729329002814427, -3.1032535857225487, 0.7777395193913246, 0.8880406636334632, 1.2002588287385996, -0.7010409295467186, 0.7278895559352958, -0.21305862928273722, 0.9723188371091886, -1.545871762602397, 3.4646391225838737, -2.6609674838298814, 4.102357048406992, -0.6849185274356793, 1.2951413647043664, 1.937106526162344], "optimality": 4.102357048406992, "nfev": 350, "njev": null, "status": 2, "message": "`ftol` termination condition is satisfied.", "success": true, "res_time": 628.5863739999768, "tension_error": [-0.011045169998321619, 0.005156021409418491, 0.010896294859388056, -0.06367168313577258, 0.025444045298713917, 0.025147405758392243, 0.004849736137039812, -0.018027971974414022, -0.008258853161031776, 0.07854542252677635, -0.05010700630801641, -0.05217388200855056, -0.023189890894606678, 0.07841443366570379, -0.05817742719919507, -0.07422516210262642, 0.08956810362393348, -0.019505905019005666, 0.0640597604188621, -0.029071660612965327, -0.007276229114890327, 0.05659707009005512, -0.00037300645493610094, 0.029139167847905992, 0.1352068933945691, 0.025261679838228662, 0.057357531269519715, 0.042431096532955466, 0.015273462696555848, 0.08782026749079687], "git_revision": "018ef57f2e70e762a509d3bbb7a77c8182022b6e", "linregress": [-0.18019832129630078, 0.053421282279876726, -0.34883023860377266, 0.05885579390135021, 0.09149205014900073]}