{"x": [0.10209155091848769, 0.12891401547703366, 0.1794824325117864, 0.1823925771507407, 0.12072130585532975, 0.09660988884197012, 0.1191954353555143, 0.18057076000775762, 0.1816702067852833, 0.1352033433932216, -0.016131247067378424, 0.015725395221390773, 0.008916116209277614, -0.01181251489973847, 0.00155933180920189, -0.011316015119436428, 0.00822477105610204, 0.0017321817648477923, 0.00789676386722323, 0.0001673837183308489, 0.047462782674466256, 0.04827476365976741, 0.0592631071084508, 0.04819025450650674, 0.06184538587259434, 0.05120721492466927, 0.05446946739569534, 0.05666032758530086, 0.05333159832325573, 0.05757618895280573], "cost": 0.7469835312681992, "fun": [0.07562667908937377, 0.3708967790267911, 0.07847084015955663, 0.2976019189994625, 0.29627252040325686, 0.34314058367427863, 0.06873201245795371, 0.34391923419107623, 0.34665566118509317, 0.38050638701189327, 0.46271732241311003, 0.19833107268865782, 0.2680982079349692, 0.3166312230459875, 0.1596506365177745, 0.22860227408335587, 0.05949307863723511, 0.1797147436362126, 0.25376806564105625, 0.24268641209133593, 0.0, 0.0, 0.0, 0.0, 0.0, 0.0, 0.0, 0.0, 0.0, 0.0, 0.0, 0.0, 0.0, 0.0, 0.0, 0.0, 0.0, 0.0, 0.0, 0.0, 0.0, 0.0, 0.0, 0.0, 0.0, 0.0, 0.0, 0.0, 0.0, 0.0, 0.004197626846630785, 0.0, 0.0, 0.0016482652703229985, 0.0, 0.0014490406107194494, 0.0, 0.0, 0.0, 0.0, 0.0, 0.0, 0.0, 0.0, 0.0, 0.0, 0.0, 0.0, 0.0, 0.0], "grad": [-0.08870281071573904, -0.9342716677668426, 0.5207408292210767, -0.04363533712097123, 0.23144322166237874, -0.2941447176081571, 1.564356431310535, 0.15189819805081983, 0.46058048301869636, -0.49924520898902536, 1.9256889898919207, -1.127901595703141, -1.7046939575120086, 1.7093846909127683, 0.09660696874639019, -0.6630566548744901, 0.06871169218898299, 0.31303956454405846, -1.235333438200365, 0.15820132571428935, 0.9149067257994057, 0.24669414109579302, -0.37743703245557114, 0.17495341953263754, -0.09256193872318796, -0.41932174592411364, 0.6857474364800975, 0.04602916409903779, 0.6006097897865894, -0.6022835604903065], "optimality": 1.9256889898919207, "nfev": 785, "njev": null, "status": 2, "message": "`ftol` termination condition is satisfied.", "success": true, "res_time": 1157.9970330000215, "tension_error": [-0.1059736215685644, -0.014413732850376783, 0.024985759850303428, -0.019160105115880392, 0.10986677466311037, -0.022818746521821143, 0.13301369050332815, 0.0084762166361919, -0.008202002146636422, -0.10982061304443107, 0.24470531300757706, -0.23854868403820556, -0.13525432960576367, 0.17919167339471753, -0.023654512069625874, 0.17165994732050094, -0.12476686813440492, -0.026276584766361917, -0.11979111508269935, -0.002539151809865564, 0.11592772261023367, 0.10361025822980548, -0.06307902573029789, 0.10489223219711752, -0.10225128132921095, 0.059126009636996976, 0.009638793385345484, -0.023595780867591412, 0.02689986479352318, -0.03748907390753549], "git_revision": "018ef57f2e70e762a509d3bbb7a77c8182022b6e", "linregress": [-0.49583970390238413, 0.11500728894444384, -0.45672617514106106, 0.011176906451521671, 0.18251759371733112]}