{"x": [0.0984640900291229, 0.1292451647846261, 0.17902167392939777, 0.17960699079393275, 0.1253791165396169, 0.0945024301915431, 0.12935555197028123, 0.18075350026745188, 0.179050536345384, 0.13199308858507486, -0.004585540186654554, 0.0006487603567475178, 0.008195608413077761, -0.009473332303116465, 0.002077313854498044, -0.003558625767962839, -0.0014040674924292406, 0.0075546140428700385, 0.006679792413431288, -0.002594123480429009, 0.05225190597490329, 0.05692607112419512, 0.0532095912656384, 0.05901088718739836, 0.05857430667100419, 0.0524019710932329, 0.058539790455180166, 0.05249495276020864, 0.054511968618050965, 0.05796602114559701], "cost": 0.8944931502693443, "fun": [0.2336140582804629, 0.3031487195774293, 0.34264946569086446, 0.16234401265254308, 0.3844297075017914, 0.1060018242833229, 0.3391136943738364, 0.4467839920866071, 0.309290652017234, 0.30312677526990195, 0.17151048365253366, 0.05658322110842783, 0.09117406568997098, 0.23103840773235795, 0.5009046247113905, 0.16086605195133546, 0.39962207548873424, 0.455544381929827, 0.2772525815483712, 0.14961187686033728, 0.0, 0.0, 0.0, 0.0, 0.0, 0.0, 0.0, 0.0, 0.0, 0.0, 0.0, 0.0, 0.0, 0.0, 0.0, 0.0, 0.0, 0.0, 0.0, 0.0, 0.0, 0.0, 0.0, 0.0, 0.0, 0.0, 0.0, 0.0, 0.0, 0.0, 9.6420973415071e-05, 0.0, 0.0, 0.0008501749703362486, 0.0, 4.506578676529248e-05, 2.767986409656121e-06, 0.0, 0.0, 1.745709334132531e-05, 0.0, 0.0, 0.0, 0.0, 0.0, 0.0, 0.0, 0.0, 0.0, 0.0], "grad": [0.7023760803391612, -0.14174465695911653, -1.5184705157802423, 0.3320053276385456, -146.81719291529564, 0.5216452273495711, -0.4664408702673031, 0.05029306777457321, 1.2631075226978186, -2.015141040525703, 1.8214739638749267, 0.8327572373791159, -1.398884570226532, -145.52134946205507, 147.06973701527534, -147.15702750031122, 0.5664800130730776, -1.2824553017091131, -1.5653922247138434, 0.8173682615640638, 3.8839929865490754, -4.798110675023928, -144.40968475643695, -0.2736549895770892, -0.937025934421504, 0.3495317491070653, -0.6601587437297245, 0.6534941417536473, 0.5338728528319292, -2.109187322167452], "optimality": 147.15702750031122, "nfev": 508, "njev": null, "status": 2, "message": "`ftol` termination condition is satisfied.", "success": true, "res_time": 781.3324239999929, "tension_error": [-0.05094632277095117, -0.01943715073172123, 0.03197530459246682, 0.023096254761639238, 0.03920943387180385, 0.009150655877709591, -0.021111685298387656, 0.0057041115248643, 0.03153747194948725, -0.06112218294907615, 0.06956102290152856, -0.009841465170157415, -0.12432448115343704, 0.14370710068329792, -0.03151211650634842, 0.05398309435029294, 0.021299207295229817, -0.11460082325255617, -0.10133008852489087, 0.039351935755940905, 0.04327841587217867, -0.027627016369300806, 0.028750668708352422, -0.059252938728462996, -0.05263016669657898, 0.0410019810994061, -0.052106567909592734, 0.039591482095440264, 0.008994064873265938, -0.04340269040345616], "git_revision": "018ef57f2e70e762a509d3bbb7a77c8182022b6e", "linregress": [-0.2606909941699563, 0.06383297108208079, -0.478326134462648, 0.007502468597535381, 0.09044979145178644]}