{"x": [0.08914771941157516, 0.13146245503251558, 0.17973627988293017, 0.1794572553705109, 0.13001048069178403, 0.09362094611073954, 0.1302920779850583, 0.18483942745837928, 0.17966680673774663, 0.12661118456454257, 0.005552474829573574, -0.009842718546627346, 0.0027925935961890945, -0.00047979112809776094, -0.0012219973280583165, -0.002178268861140982, 0.004332510754097086, -0.0027307551687738157, -0.0027255820115221385, 0.002538443200515406, 0.05840703089211061, 0.05562477771826131, 0.043718712203184136, 0.06236654515980943, 0.05195297971713082, 0.057791227713170676, 0.05459848749500548, 0.05310339571456071, 0.05077945888574325, 0.06002002916108291], "cost": 0.7657042582736475, "fun": [0.08164369461636112, 0.2446053649176406, 0.3362223569752424, 0.41645770742709914, 0.39549251548970965, 0.35807865438411973, 0.3943565455349687, 0.21358028572356877, 0.22105167734665662, 0.3721630454521399, 0.2789289581694618, 0.4414372382458853, 0.053602906507903336, 0.18104739548432086, 0.258987774599129, 0.18292135399511883, 0.04599513522942715, 0.21366739437323837, 0.20238069141730128, 0.0877975499828742, 0.0, 0.0, 0.0, 0.0, 0.0, 0.0, 0.0, 0.0, 0.0, 0.0, 0.0, 0.0, 0.0, 0.0, 0.0, 0.0, 0.0, 0.0, 0.0, 0.0, 0.0, 0.0, 0.0, 0.0, 0.0, 0.0, 0.0, 0.0, 0.0, 0.0, 0.0, 0.0009535537969124887, 0.0, 1.1044769055561883e-07, 1.8247810781228776e-06, 1.03355704012163e-05, 0.0, 2.0363306263085965e-05, 2.024779629230273e-05, 0.0, 0.0, 0.0, 0.0, 0.0, 0.0, 0.0, 0.0, 0.0, 0.0, 0.0], "grad": [-3.366338387427084, 2.8458857113391898, 207.67101845818016, 205.31437874362317, -208.0345064609126, 0.9289416668861419, -0.9857707905332256, -208.2430815284988, -207.47189285975668, 1.9149465748515428, -4.815738406732247, 207.09864187518883, 0.33830333223031195, -0.12927797022917423, -0.19011800536401274, 2.494247547389013, -1.1137551441879863, -0.41947011106196413, 1.059361132980209, -208.50046963544958, -210.79463608256677, 212.07506195682504, -211.9015197724432, -203.94638523045933, 0.7259893109384485, 207.8628818985415, -208.8353176503685, 209.22459540819062, -1.6924840826891039, 207.73730225960122], "optimality": 212.07506195682504, "nfev": 540, "njev": null, "status": 2, "message": "`ftol` termination condition is satisfied.", "success": true, "res_time": 811.2309590000077, "tension_error": [0.09037972465360858, -0.05307265962152579, 0.02113498500614965, 0.025367688179261397, -0.03104672238036824, 0.022522457636325065, -0.03531845372915621, -0.05627795892547384, 0.022188868048592155, 0.02051939766897592, -0.08422907946684294, 0.14931055935958445, -0.04236265722073926, 0.007278261729488321, 0.018537267292970054, 0.033043568253200685, -0.06572265589645564, 0.04142459014673397, 0.041346115180773704, -0.03850728560163501, -0.0500926522898028, -0.007886855618946668, 0.17272394752518772, -0.11015708340217495, 0.04781302148381309, -0.04075113585129425, 0.007681604108280597, 0.030361617660899985, 0.06561491746656908, -0.07456126557437343], "git_revision": "018ef57f2e70e762a509d3bbb7a77c8182022b6e", "linregress": [-0.12708500290769886, 0.05861875365093284, -0.20441147794264386, 0.27857518289281674, 0.11501161623238278]}