{"x": [0.09642628244659071, 0.12872753106134996, 0.17727550838753173, 0.18231808209248168, 0.12676401979163288, 0.09431604920825164, 0.12839809021218385, 0.1782285945638341, 0.18197221121635873, 0.13357405665709113, -0.004949160527181646, 0.002757787979664956, 0.010459832953529946, -0.004870557850887109, -0.0012209743129729168, -0.0036663850089282564, 0.004557386377106398, 0.010922345760080011, 0.0018586502170595334, -0.002371725597667152, 0.057362395769768086, 0.055334928026590034, 0.04930954490178959, 0.06115247476858875, 0.04874329876785954, 0.05794267067575837, 0.05151433984795652, 0.051641445426012976, 0.06053131956144168, 0.05534239770828656], "cost": 1.0206106921828688, "fun": [0.1953217613084327, 0.40132609108874967, 0.2924448416453861, 0.3168458607905795, 0.2828331359947331, 0.19213339674495172, 0.448861009214526, 0.3492816450377323, 0.45518711778977644, 0.19492236121674814, 0.25199157042265335, 0.509909365919764, 0.2882165992464689, 0.3389551607721063, 0.2494291101570411, 0.3382566646797838, 0.2953132047637308, 0.1341043723453546, 0.28022190356637827, 0.29782838787221155, 0.0, 0.0, 0.0, 0.0, 0.0, 0.0, 0.0, 0.0, 0.0, 0.0, 0.0, 0.0, 0.0, 0.0, 0.0, 0.0, 0.0, 0.0, 0.0, 0.0, 0.0, 0.0, 0.0, 0.0, 0.0, 0.0, 0.0, 0.0, 0.0, 0.0, 0.00012122567791622524, 0.0, 0.0, 0.00011554099902788416, 1.8202019775974846e-06, 4.928493697346664e-05, 0.0, 0.0, 0.0, 1.3341151705104938e-05, 0.0, 0.0, 0.0, 0.0, 0.0, 0.0, 0.0, 0.0, 0.0, 0.0], "grad": [-0.3915695662123375, 0.5859703640356462, 0.2759019979710603, 0.3445241692579106, 0.769802701058684, -0.3871625712813177, 0.699272787719828, 1.0783609045527083, 0.7121317076354643, -1.7723078081927321, 1.505607633461997, 0.5065942611046503, -1.27524728437252, 1.195497255885003, -1.1643557530575388, 0.943650724302642, 0.8176446820890411, -3.3974541945382484, -0.599273374448392, -0.8202217611340359, -0.40905542266549566, 0.2930518000746001, 0.7508949091665711, 0.7021963058184033, 173.368789717031, -0.46743177389609203, -1.6470822230648183, 1.6797131062032635, -0.2068720793559944, 0.3840757644827777], "optimality": 173.368789717031, "nfev": 320, "njev": null, "status": 2, "message": "`ftol` termination condition is satisfied.", "success": true, "res_time": 572.2801679999975, "tension_error": [-0.020033502438468704, -0.011584830216853966, 0.05846401831066904, -0.018030041428141408, 0.018200941325984942, 0.011977989478422291, -0.006587329045620778, 0.04400603808625657, -0.012783302558644561, -0.08510490947367828, 0.07507701486873015, -0.04183466832748222, -0.15867196666255545, 0.07388464006809958, 0.018521748515925814, 0.05561776392542002, -0.06913393956760769, -0.16568812236484612, -0.02819506645936393, 0.03597823852806086, -0.03424590693131886, -0.0034899383050333477, 0.08791299275084098, -0.09174006493757766, 0.09650274634297928, -0.043048472034171184, 0.05446703316905754, 0.05253888650231817, -0.08231736012397442, -0.0036032507346292243], "git_revision": "018ef57f2e70e762a509d3bbb7a77c8182022b6e", "linregress": [-0.25915581710153224, 0.06905859785825, -0.3931492720826045, 0.031613406946972386, 0.11454186096335522]}