{"x": [0.10039786339766042, 0.1257117082368396, 0.17965046975956056, 0.18249744022341494, 0.12918136764918065, 0.09634649503941195, 0.13883440325675223, 0.1824830937325836, 0.1731141178107725, 0.11737915967047009, -0.008329259743498997, 0.00517663466843562, -3.992369406907963e-05, 0.0055610201760883885, -0.00021470086961114214, 0.0014658355857575976, -0.009586334713308303, -0.0017417345436745663, 0.005863469688035767, 0.01545551134428182, 0.051558421455630186, 0.05340067758109466, 0.059558370420080664, 0.05217680492617522, 0.053479613437379864, 0.05496644505160742, 0.0552964553299302, 0.05224029771145219, 0.059004922208740075, 0.060011512946744706], "cost": 0.9120313900946051, "fun": [0.3894881231185347, 0.30299184327630607, 0.5143750637918555, 0.11186509751680203, 0.34066028125208736, 0.3418216132107811, 0.28941706256526717, 0.3679855087008812, 0.1910423001234122, 0.3620091059224016, 0.12187392515026571, 0.01028572089040507, 0.3040290072344601, 0.5537240422058043, 0.23056990238438635, 0.010408380040592934, 0.21932074663482534, 0.34660351577487125, 0.059741186419705355, 0.2115843325885235, 0.0, 0.0, 0.0, 0.0, 0.0, 0.0, 0.0, 0.0, 0.0, 0.0, 0.0, 0.0, 0.0, 0.0, 0.0, 0.0, 0.0, 0.0, 0.0, 0.0, 0.0, 0.0, 0.0, 0.0, 0.0, 0.0, 0.0, 0.0, 0.0, 0.0, 0.0005778554539406394, 0.0, 6.363442979869492e-11, 0.0, 9.896950780507504e-09, 0.0, 0.0008809631970973618, 5.283794223615953e-06, 0.0, 0.0, 0.0, 0.0, 0.0, 0.0, 0.0, 0.0, 0.0, 0.0, 0.0, 0.0], "grad": [-1.0608181294200583, 0.726910449808813, 1.9942234751154564, -0.5341506953144062, 0.41283230776436586, -1.1001624206082545, -1.8225162642817327, -0.061682146090199064, -0.05454397405405359, 1.9320704714367072, -0.6354250104157484, 1.2473571669384138, 0.13930440788082832, 0.21816974011001367, 1.4376300478396915, -2.070795789517187, 0.3205070532950467, -0.623756088691829, 0.11739485647650594, -1.2424128063721178, -1.2969692345776114, 1.3550802416021424, -3.6806608841586206, 0.1704993034875999, 1.0304278296615075, -0.7040067675910997, 1.2286587096224304, -0.6047892324228132, 0.542551004424559, 0.4049208882215014], "optimality": 3.6806608841586206, "nfev": 972, "njev": null, "status": 2, "message": "`ftol` termination condition is satisfied.", "success": true, "res_time": 1288.4565019999864, "tension_error": [-0.08028098087005332, 0.034164135449886314, 0.022436694229910997, -0.020750840842294137, -0.018469370749618064, -0.018823155689318413, -0.16490250700732068, -0.02053320965018721, 0.12159084163556545, 0.16056595029826937, 0.12635192456856803, -0.07852771714265731, 0.0006056283195456989, -0.08435870935131075, 0.003256936260522593, -0.02223620742601098, 0.14542130728128155, 0.026421497042711906, -0.08894676148273843, -0.23445464107005842, 0.053798330770625076, 0.02585195688279562, -0.06755806574439284, 0.044417672221017584, 0.024654527859539623, 0.002099818107130835, -0.002906321103023703, 0.043454509123333526, -0.059162452111801433, -0.07443207761472183], "git_revision": "018ef57f2e70e762a509d3bbb7a77c8182022b6e", "linregress": [-0.08746577946616901, 0.06814699996582463, -0.09525526703171934, 0.6165778022057355, 0.17273918380370126]}