{"x": [0.09596423540046536, 0.12685119398299083, 0.1820579619070399, 0.18304574087685202, 0.1266260770349159, 0.09335843273492686, 0.12958704315790145, 0.1805803593099875, 0.18250931495718567, 0.12712398157674806, 0.005222227696841232, -0.0008555488350179368, 0.006614061257532455, -0.002834060356329524, 0.001299044956154036, 0.0028313076419682255, -0.00023017813288060378, -0.005251710368399979, 0.002967568200331875, 0.005207023893627631, 0.05489371361440585, 0.06048094891867129, 0.05251670482565941, 0.05220212098934249, 0.055686784733372546, 0.05326654167096218, 0.05781286910733804, 0.05363251041418843, 0.05747610180707877, 0.05043055341401023], "cost": 0.8591333669051439, "fun": [0.48093604354719177, 0.14603004910513298, 0.2983510207701498, 0.270635181087963, 0.3684493517819203, 0.21578865757468707, 0.2620295051320315, 0.207788401755883, 0.36775962041211924, 0.20052538634579695, 0.41336104257646755, 0.32886286311671287, 0.3620755867249979, 0.3195779852960866, 0.173360876795607, 0.08671561513837887, 0.34011626864106204, 0.31522496829711916, 0.23206663495510715, 0.12268529413026974, 0.0, 0.0, 0.0, 0.0, 0.0, 0.0, 0.0, 0.0, 0.0, 0.0, 0.0, 0.0, 0.0, 0.0, 0.0, 0.0, 0.0, 0.0, 0.0, 0.0, 0.0, 0.0, 0.0, 0.0, 0.0, 0.0, 0.0, 0.0, 0.0, 0.0, 0.0, 6.26230784151266e-07, 0.0, 2.2762884000693616e-05, 0.0, 0.0, 1.2195291588417186e-08, 0.00014484459716649769, 0.0, 0.0, 0.0, 0.0, 0.0, 0.0, 0.0, 0.0, 0.0, 0.0, 0.0, 0.0], "grad": [-467.36037535877904, -2216.2169899318887, 147.2139168745443, 2548.4672045046646, -213.58918726399946, -1398.7322780813072, -717.5338919983332, -67.14622862429871, 150.3060526118857, 403.3990956300974, -3200.31011295824, -3005.4866583283015, -222.33457133047344, 3173.3231236063684, 2750.443993310765, -112.9352002950252, 124.10718372701784, 163.91427054814443, -7.58097810967206, 206.0767217141558, 105.6548429318909, 492.74459301742655, -106.37826077479268, -560.4010652238355, 135.09377785376273, 155.7202542305842, -439.2419069284288, -2548.685316886946, -400.5499158472197, 1634.6757214713634], "optimality": 3200.31011295824, "nfev": 259, "njev": null, "status": 3, "message": "`xtol` termination condition is satisfied.", "success": true, "res_time": 508.3699280000001, "tension_error": [-0.01302441215709939, 0.016878539673259096, -0.01408411020954138, -0.029068367841983543, 0.020293484160309017, 0.026504692706471874, -0.024623324745015326, 0.008330598616270354, -0.020930976353957416, 0.012740448350490945, -0.07921934725906168, 0.012978373252351154, -0.1003329701364991, 0.042991693306863935, -0.019706052562385588, -0.04294993560353273, 0.003491720870604806, 0.0796665889597156, -0.04501696008376611, -0.07898871094131453, 0.0032031282871536546, -0.08155325528731573, 0.03926151095542482, 0.04403363649609253, -0.008827480108676596, 0.02788675120076885, -0.041079428147080474, 0.02233513479516122, -0.035970787303849366, 0.07090769007825035], "git_revision": "018ef57f2e70e762a509d3bbb7a77c8182022b6e", "linregress": [-0.20248238400452648, 0.048910534859431434, -0.47723088104323497, 0.007660300389120724, 0.07046262896272663]}