{"x": [0.09377488805709054, 0.12547194350591878, 0.17930230691678647, 0.17734107458767215, 0.13123941049054985, 0.0939608599369762, 0.13162528270018378, 0.18335533015617758, 0.18007641133072846, 0.12575772434786725, 0.0027684221436770806, -0.005205480697294986, -0.011577414635938987, -0.003524227018921933, 0.007343382437155897, -0.00011046504195057674, -0.007218065051575416, -0.004802307729146729, 0.004724981778810091, 0.0023614705108605145, 0.05282901027305318, 0.05830488176798023, 0.05692088927534469, 0.05479000947316556, 0.06632629910663372, 0.0551978923401092, 0.055063448799514296, 0.054468406221858195, 0.057693026759438756, 0.05532547273190587], "cost": 1.0497252842237343, "fun": [0.2845486732379382, 0.328698105389497, 0.40845286622013216, 0.22579307065782586, 0.3366408806502921, 0.1687219598502016, 0.3668557406168443, 0.46684975315139254, 0.49402939828357, 0.2908476510809219, 0.38713298461728823, 0.26716352321523557, 0.06877772277548835, 0.28079695765479756, 0.1463371416811294, 0.20219921939483412, 0.3795671862050362, 0.5274506791008569, 0.2756404909265388, 0.06526938973037205, 0.0, 0.0, 0.0, 0.0, 0.0, 0.0, 0.0, 0.0, 0.0, 0.0, 0.0, 0.0, 0.0, 0.0, 0.0, 0.0, 0.0, 0.0, 0.0, 0.0, 0.0, 0.0, 0.0, 0.0, 0.0, 0.0, 0.0, 0.0, 0.0, 0.0, 0.0, 0.00014105306292266695, 0.0015517964801487938, 4.37715201240735e-05, 0.0, 1.3479524905029883e-09, 0.00037606453179197754, 0.00011075158693975088, 0.0, 0.0, 0.0, 0.0, 0.0, 0.0, 0.0, 0.0, 0.0, 0.0, 0.0, 0.0], "grad": [220.1847885955417, 218.75249509626605, -219.20278983954603, -218.66269362077753, -220.03790074809825, 219.84555303237653, -219.65315267171349, -219.39248410556723, -219.3338250206548, 219.63363081458903, 219.18552165912712, 219.2929125189438, 220.67833159419456, -218.76820063308182, -219.9706736580854, 219.63428452399012, -218.19795059539467, -219.18611239247582, -219.9670896172768, -218.74829010431537, -219.60311063211225, -219.71332560088234, -218.14134569498873, 218.6356025153166, 218.19785264411865, -0.44706735916774276, 0.13960333258958535, 219.0383206327865, 219.04450832391373, -219.3696907350967], "optimality": 220.67833159419456, "nfev": 786, "njev": null, "status": 2, "message": "`ftol` termination condition is satisfied.", "success": true, "res_time": 1083.765309999988, "tension_error": [0.020187212753553604, 0.037801281622348575, 0.027718201422924707, 0.05746940224279384, -0.04968915280222164, 0.017366085106822745, -0.05554269775413972, -0.03376472771947587, 0.015975311234521783, 0.033466087319733884, -0.04199598483464943, 0.07896530119871777, 0.17562528553884263, 0.053461277492863085, -0.11139651449840525, 0.0016757156191337182, 0.10949549407911124, 0.07284930985875333, -0.07167630253937499, -0.03582267248803579, 0.03452394776894249, -0.048543086202979646, -0.027548409554861285, 0.00477628343358403, -0.17022515036211516, -0.001411155405395467, 0.0006283055578957135, 0.009654891017158376, -0.039261462113099055, -0.003346504828650337], "git_revision": "018ef57f2e70e762a509d3bbb7a77c8182022b6e", "linregress": [-0.22401977793157177, 0.06282974067755713, -0.3158351178520366, 0.08908839255809649, 0.1271827041173984]}