{"x": [0.026477093619680682, 0.07637239905036956, 0.1381792893080448, 0.17508059425955785, 0.07506549576170536, 0.035583197572564555, 0.08824900422805211, 0.1419977469773482, 0.1681194225997488, 0.05666947983350235, 0.13556798945305396, 0.13404097927420283, 0.07250771380340204, 0.07579930414659142, 0.09294630224959848, 0.16630235355204526, 0.07997838114466523, 0.09772419779028876, 0.05047825038723921, 0.08896524545652185, 0.14484628659324336, 0.20683276648440763, 0.07775665499347051, 0.08449965336025693, 0.07464493540102865, 0.18160083766794188, 0.16370485305096183, 0.05701325828946717, 0.07791836658443015, 0.058385193174511726], "cost": 1.7646942922834885, "fun": [0.5892424853671355, 0.6242367376315495, 0.5477089563705796, 0.2651965145671754, 0.36880638363117324, 0.4553462253615738, 0.5675415747325153, 0.30376315922565644, 0.27018510394694084, 0.49718179838712534, 0.43026381805164027, 0.4510756127706109, 0.3902794995143809, 0.1887776450944323, 0.3008386574046403, 0.42092887027977965, 0.28252725250699173, 0.23638483229164864, 0.40705791558327353, 0.44569123439575603, 0.0, 0.0, 0.0, 0.0, 0.0, 0.0, 0.0, 0.0, 0.0, 0.0, 0.0, 0.0, 0.0, 0.0, 0.0, 0.0, 0.0, 0.0, 0.0, 0.0, 0.0, 0.0, 0.0, 0.0, 0.0, 0.0, 0.0, 0.0, 0.0, 0.0, 0.0, 0.0, 0.0, 0.0, 0.0, 0.0, 0.0, 0.0, 0.0, 0.0, 0.0, 0.0, 0.0, 0.0, 0.0, 0.0, 0.0, 0.0, 0.0, 0.0], "grad": [745.0076773725573, 407.96886630866464, -363.83065394242703, 9636.76938364277, 5861.149726395544, 1527.7934105575014, 5139.454292550006, 10068.5951820547, 3732.435430290523, -19551.87189565889, -19265.290893059304, 394.0217521503903, -16339.131596864287, 20416.289965803342, 15959.161213999068, 1856.213862003559, -2121.0508126143295, -10560.864202942337, -16404.407890680828, 16956.659490834812, 22191.81809331929, 1805.2867905514458, -3585.4022656781326, -17673.742576179524, -581.6691227658597, -20733.951720744557, 3535.225857741106, 20702.979065832078, -1128.1774644321824, 2825.819804087226], "optimality": 22191.81809331929, "nfev": 220, "njev": null, "status": 2, "message": "`ftol` termination condition is satisfied.", "success": true, "res_time": 1408.308014000002, "tension_error": [0.7352290638031933, 0.23627600949630442, -0.3817928930804479, -0.7508059425955784, 0.24934504238294644, 0.6441680242743544, 0.11750995771947895, -0.41997746977348205, -0.6811942259974879, 0.4333052016649765, -0.3556798945305395, -0.34040979274202826, 0.27492286196597965, 0.24200695853408588, 0.0705369775040153, -0.6630235355204525, 0.2002161885533478, 0.022758022097112418, 0.49521749612760796, 0.11034754543478159, -0.44846286593243356, -1.068327664844076, 0.22243345006529497, 0.15500346639743076, 0.25355064598971355, -0.8160083766794187, -0.6370485305096182, 0.42986741710532833, 0.2208163341556986, 0.41614806825488276], "git_revision": "ec36e56dd006ef5715c6882890a8a7f5f3c70256"}