{"x": [0.0752293927494235, 0.12472279339278439, 0.17727890718852052, 0.12357618829531676, 0.10605964912671109, 0.06515376292651896, 0.047575721240525025, 0.00839374810290541, 0.38307075574108296, 0.12363419939410984, 0.0018355320982948319, -0.0007765904718398167, -0.000202240936325411, 0.0004117999517889124, -0.0019494879122479152, -0.000296957980551502, 0.0013383200861503484, -0.0002993954460911978, -0.0009025841509037036, 0.0022351244867910647, 0.12246619938107439, 0.0637134698214897, 0.10222542997188813, 0.05956440443328221, 0.08216418655622978, 0.11085896407985799, 0.07530603577980292, 0.07062696635333324, -0.02739180867102688, 0.12023344656003182], "cost": 5.4562958877717165, "fun": [0.8864542341613879, 0.6115711599026797, 0.47052737930959065, 0.37933953457757597, 0.47984722301171484, 0.4856239097325149, 0.4575599898449032, 0.9113606337143851, 1.13670108524981, 0.7938061402946814, 0.8472275252337566, 0.3900462829021995, 0.6681010853872262, 0.37822364407326714, 0.4762592868935554, 0.42865797382608134, 0.794581289987284, 0.7991119327926747, 1.4639337773689616, 0.8221063829606977, 0.0, 0.0, 0.0, 0.0, 0.0, 0.0, 0.0, 0.0, 0.0, 0.0, 0.0, 0.0, 0.0, 0.0, 0.0, 0.0, 0.0, 0.0, 0.0, 0.0, 0.0, 0.0, 0.0, 0.0, 0.0, 0.0, 0.0, 0.0, 0.0, 0.0, 0.0, 4.6835609179119373e-07, 8.271936689942259e-09, 0.0, 7.409034892901921e-06, 2.6186955092508072e-08, 0.0, 2.683709916055355e-08, 7.352975341094468e-07, 0.0, 0.0, 0.0, 0.0, 0.0, 0.0, 0.0, 0.0, 0.0, 0.020552380348475743, 0.0], "grad": [89307.82044562575, 78410.72727933872, -94351.83344673322, -5671.576743718237, 66627.39598901024, -6950.805029662664, 11108.98947791922, -40947.81539314965, 17717.594373680644, -46667.35632092612, 54437.88640933382, -96109.55660526919, -46710.72294190894, 9251.887806283868, 84196.0819758834, -15152.36092436729, -13.419055791152005, 11727.059282752703, -12543.572417018271, 31416.669919912943, -72604.98187808215, -35599.47042712667, 41565.12448356578, -43688.639611461826, -12243.438886440359, 31798.641325632758, 13970.288919001016, -8367.480673544676, 78128.64514686892, -17953.143163621455], "optimality": 96109.55660526919, "nfev": 137, "njev": null, "status": 3, "message": "`xtol` termination condition is satisfied.", "success": true, "res_time": 1424.8870720000123, "tension_error": [0.3015158177391283, 0.04916562389288119, 0.05841245970169488, 0.8730637127157631, 0.332278921969546, 0.4543595587880356, 1.2194594244765686, 2.620340594814945, -3.0633771021419385, 0.0656792098587501, -0.02784437277369701, 0.011780602807489455, 0.003067923479179465, -0.00624685963075932, 0.029573042169556328, 0.0045047475422966676, -0.020301842394319692, 0.004541723032495602, 0.013691882359747606, -0.03390604798665419, -1.0218475829917926, -0.13058945416417464, -0.7148022694397229, -0.06764959959066082, -0.41048030171800026, -0.8457699285071193, -0.3064445799049917, -0.2354647515131792, 1.2514454001179784, -0.9879775123357757], "git_revision": "018ef57f2e70e762a509d3bbb7a77c8182022b6e", "linregress": [7.078457927189929, 0.03889958967273954, 0.5921482581401443, 0.0005663928506077864, 1.8204220908134905]}