{"x": [0.14041121280143357, 0.20815418695796004, 0.22738807051781504, 0.2356714133778734, 0.015209066240735114, 0.05656155369444888, 0.11282016895731846, -0.03448448803691486, 0.03483093265787043, 0.026051606128569348, -0.0007291486192126713, -0.0007554998102138435, -0.0004089246093483449, -0.0009578864868075609, -0.002709750404634413, -0.0005484489609904107, -0.004907746793948472, -0.001020225393118544, -0.02944165395496336, 0.0008989706623259978, 0.04985241743384213, 0.07039017331301403, 0.02541217981120896, 0.04370312790226378, 0.09309956498728904, 0.009453837049202118, 0.03096337802638883, 0.04069710109795321, 0.05140441923967335, 0.013917708076162076], "cost": 11.272981955767246, "fun": [1.341588961854864, 0.9579969114679651, 0.870754563692524, 1.1175889959256053, 1.3091470684068967, 0.9614715815849674, 0.8815518133665678, 1.499741822192367, 1.376989374340216, 1.0878495552180643, 1.0313065972506228, 0.4414411993095573, 0.5499541381540766, 0.5185665046845594, 1.3848284463405494, 0.6666343732432216, 1.2213284778542315, 1.0102609590821483, 0.904549680094935, 1.2458602897914912, 0.0, 0.0, 0.0, 0.0, 0.0, 0.0, 0.0, 0.0, 0.0, 0.0, 0.0, 0.0, 0.0, 0.0, 0.0, 0.0, 0.0, 0.0, 0.0, 0.0, 0.0, 0.0, 0.0, 0.0, 0.0, 0.0, 0.0, 0.04100826055835461, 0.0, 0.0, 3.876574843380214e-07, 4.3122415389651206e-07, 6.838010170273464e-08, 8.789054140660939e-07, 1.9897012346492724e-05, 1.6497139780874434e-07, 0.00011820788422141764, 1.0619116524673473e-06, 0.0255203491413914, 0.0, 0.0, 0.0, 0.0, 0.0, 0.0, 0.0, 0.0, 0.0, 0.0, 0.0], "grad": [4150.240388919032, -2256.091551590964, 27842.925527982545, -42314.68274278636, 13281.919593167666, -33043.13169999614, 15379.283156800562, -7463.728445862602, -27362.060378422862, 20751.46481223875, 5644.947844078872, -1728.8844198019679, 60573.800983227884, -10136.399354058416, -161.12920643799953, 15533.353640735128, 35823.34661377843, 16050.856281113778, 28589.05653558038, -67456.64643942301, -68285.91180255688, 21130.009338441385, 28831.985745699454, 27886.901595245505, -10666.061273930989, 5312.0228038661935, -19517.282028637146, -2982.0198055602814, -13564.142114365583, 23673.480122381465], "optimality": 68285.91180255688, "nfev": 197, "njev": null, "status": 3, "message": "`xtol` termination condition is satisfied.", "success": true, "res_time": 2568.7579810000025, "tension_error": [-0.6872693401353931, -1.2164591100008382, -0.7017258263109053, -0.8273812079967227, 1.7104501339765636, 0.5847003341030591, 0.22972422707629106, 3.2707882726653543, 2.2192978549362383, 1.5459726384694041, 0.011060926681502771, 0.011460664929583069, 0.006203241702834459, 0.014530799237089989, 0.04110595530332021, 0.008319776772822673, 0.07444878318203496, 0.01547645839894289, 0.4466194781108715, -0.013637067015976388, 0.07967780843283637, -0.23187268483617032, 0.4504275695917521, 0.17296035585857888, -0.5763661250924447, 0.692509985436476, 0.36621785591377204, 0.21856071936336585, 0.05613448992200199, 0.6247946406577903], "git_revision": "018ef57f2e70e762a509d3bbb7a77c8182022b6e", "linregress": [9.211491247362092, -0.03702662896442155, 0.7661737746490754, 8.006615153875756e-07, 1.460114692191854]}