{"x": [0.1831906605112314, 0.027344913018244384, 0.2412595204779276, 0.32063120291263814, 0.10130957541824111, -0.04928651690944407, 0.0749871933930769, 0.0631898645039232, 0.22621203437016368, 0.2727368879337753, -0.014580446132647994, 0.00893347218498876, -0.006274716201942346, -0.00968290686841585, -0.007833434875167026, -0.008012349614096779, -0.005312968770232993, -0.004521632099894343, -0.020278669412149702, -0.001995371145747668, 0.09265171675762196, 0.01875983247525808, 0.05975711273052258, 0.04115920432576668, 0.07960819926024952, 0.11478096021341343, -0.007621795544240755, 0.06459352179853664, 0.0765124313144183, 0.11389054316981745], "cost": 6.54268007420508, "fun": [0.45804426078330446, 1.1893961586444468, 0.9427610210148463, 0.39806421572762907, 0.7848209743735388, 0.7473742265590565, 0.6171703365038189, 0.8394287532886219, 0.9206204144859368, 0.8394850764170783, 0.544423958646963, 0.624967443781907, 1.2428330728120385, 1.0799134247492745, 0.7544139258434044, 0.6063637868412811, 0.7640438865667658, 0.6295209643061009, 0.7672372153858198, 0.826762394155001, 0.0, 0.0, 0.0, 0.0, 0.0, 0.0, 0.0, 0.0, 0.0, 0.0, 0.0, 0.0, 0.0, 0.0, 0.0, 0.0, 0.0, 0.0, 0.0, 0.0, 0.0, 0.0, 0.0, 0.0, 0.0, 0.11972487233454582, 0.0, 0.0, 0.0, 0.0, 0.00309964843252255, 0.0, 0.0002470485242134861, 0.0009078566190503415, 0.00048068072943855945, 0.0005143747881012979, 0.00014997255465386042, 9.244547748584255e-05, 0.008339084333586287, 7.944582207542971e-06, 0.0, 0.0, 0.0, 0.0, 0.0, 0.0, 0.0004427635733029901, 0.0, 0.0, 0.0], "grad": [-67967.6506030397, -263210.7294058347, 168427.7893584495, -255359.72281090007, 234430.2048214202, -1556.3394026315489, 4890.969175547529, -112906.38806702472, 165113.21758096898, 3813.6827502980805, 652.3230480572953, -182193.7591077373, 259313.75077930785, 152494.03251149232, -92314.53290112547, 163030.24452106433, 165667.43362042034, 1075.7669048726068, 146691.86111445614, -119.59980295813628, -167169.01284929214, -60173.59583525061, 5435.12579769328, 8250.84605381407, 109568.32993772769, -6818.624932205547, -169007.30414826638, -374.2373276104251, -260738.97086711557, -3908.845301948524], "optimality": 263210.7294058347, "nfev": 139, "njev": null, "status": 3, "message": "`xtol` termination condition is satisfied.", "success": true, "res_time": 1966.0684270000202, "tension_error": [-1.336218432440048, 1.5263536303461707, -0.9121508164049866, -2.116191168213964, 0.4043358602078066, 2.1903781307536034, 0.803637086310695, 1.7891028883001792, -0.6838857738699988, -2.1961558433749664, 0.2211802112866395, -0.13551761361915757, 0.09518522565655255, 0.14688627272038873, 0.11883043667024687, 0.12154450998451725, 0.08059585725077079, 0.06859155982721993, 0.30762024319324505, 0.030269074594604387, -0.5695724258351694, 0.5513413259975385, -0.07057291630624975, 0.21155077682565696, -0.37170687839283834, -0.9052652227932643, 0.9515412928814431, -0.1439395314152824, -0.3247451735091894, -0.8917579111483348], "git_revision": "018ef57f2e70e762a509d3bbb7a77c8182022b6e", "linregress": [7.848928208301124, 0.15847737102596204, 0.7234288143934958, 6.273796297693259e-06, 1.4155841093165906]}