{"x": [0.1340942974655337, 0.004058064639978738, 0.15248193899552687, -0.0250748926107868, 0.265466818357021, 0.06097427396674687, -0.007946415632129509, 0.3178789341594773, 0.25577664763385216, 0.2160313329220281, -0.020916043565508954, 0.010667969732143389, -0.000726945193471852, 0.01631191883975297, -0.024134708413018173, -0.021689800034645428, -0.025657553876915738, -0.00700894326929957, -0.010424952163123119, 0.031130279713976527, 0.0646111844112615, 0.005213974791015072, 0.0690175140571896, 0.08023214314900595, 0.04996630156404117, 0.035588298694648274, 0.07760943111865751, -0.004283427295287164, 0.05443235120070729, 0.05400861231448117], "cost": 9.053371464380469, "fun": [0.9444268074531158, 1.6361530685171368, 0.8665223435133524, 0.8484870018753548, 1.3673990524603414, 0.6440591637147544, 1.003824666439375, 1.3344242202772032, 1.0646070768470568, 0.6513009203358215, 0.5908789517999895, 0.854526979227884, 0.8376232392651477, 0.3166800750791784, 0.5676094197543938, 1.0171263179715826, 0.778992959854127, 0.9222543882201127, 0.8445346701863854, 1.0133927212888485, 0.0, 0.0, 0.0, 0.0, 0.0, 0.0, 0.0, 0.0, 0.0, 0.0, 0.0, 0.0, 0.0, 0.0, 0.0, 0.0, 0.0, 0.0, 0.0, 0.0, 0.0, 0.0, 0.0, 0.01576584473302694, 0.0, 0.0, 0.0005017805583404237, 0.0, 0.0, 0.0, 0.009150369112408288, 0.0, 3.8415368903247963e-07, 0.0, 0.014058085119833022, 0.010203910586839348, 0.016890626113034612, 0.00034431634092571897, 0.001132979918871536, 0.0, 0.0, 0.0, 0.0, 0.0, 0.0, 0.0, 0.0, 7.859125056139571e-05, 0.0, 0.0], "grad": [202.98875697040364, -2987.705271815511, -6705.753540221787, 5803.259280410129, -664.7920806523662, 1529.5476623929835, -2320.463303475374, -7476.763378925228, -22327.161542580106, -6042.9657240445285, -6193.372390284431, 2877.6908317454536, -13956.322999652813, -4894.2799154768345, -449.04745721606315, -3172.0440040269877, -2120.5756911189037, -3529.295266390812, -8328.896706833566, -13908.873172123502, -3893.14259433209, -4022.6075726287872, 5279.59607378004, -92493.01468346955, 6255.480255137496, -2134.3080858791745, 10187.542430064483, -1907.6056264662432, -11646.504959740312, 3993.406898438659], "optimality": 92493.01468346955, "nfev": 200, "njev": null, "status": 3, "message": "`xtol` termination condition is satisfied.", "success": true, "res_time": 2328.452457000036, "tension_error": [-0.5914439685409232, 1.879606884577653, 0.4345736974510327, 3.128048037864677, -2.0858714590409013, 0.5177609281825317, 2.0617106047804166, -2.07444022460061, -1.13237050120823, -1.335952628430775, 0.3172889836848667, -0.16182932798411065, 0.011027501492281877, -0.24744603989780947, 0.36611499110304146, 0.3290265956736247, 0.38921601821822427, 0.10632319060035549, 0.15814283740808413, -0.472235333672814, -0.14420746700372852, 0.7568271964162027, -0.21104992938234457, -0.38117188652020567, 0.07795022645417407, 0.2960594450336661, -0.3413862725726626, 0.9008994271978678, 0.010201832936736916, 0.016629801980564612], "git_revision": "018ef57f2e70e762a509d3bbb7a77c8182022b6e", "linregress": [9.288609457837111, 0.08557828287820735, 0.7391614767142942, 3.078778651820183e-06, 1.5995145059401568]}