{"x": [0.05555831408105828, -0.036143537405434176, 0.2934751510397161, 0.1571313832270468, 0.06738458800896378, 0.167343493329468, 0.17842264735573282, 0.04505197040618411, -0.03210013390955261, 0.04505170417714338, -0.0031245227407606033, 0.006093458088580793, 0.0016875001733891596, 0.019012001747191348, 0.01634772887857507, -0.014469567159237908, -0.0031394959082790865, 0.00012166656143112247, -0.012178410484633721, 0.008087402749458225, 0.04891702127515154, 0.07708244860337837, 0.0627767241972501, 0.07239963073554297, -0.01874824938424124, 0.11327669493784896, 0.08369644316190836, 0.07589828143069886, 0.06472223368390906, 0.06167885084365942], "cost": 8.603366012662896, "fun": [0.6584769457482738, 0.9599019202848112, 1.0552699110399015, 0.7762889417885788, 0.6654660317890168, 0.79245782731801, 0.6145796464028338, 1.1483393396068362, 1.0365325337970803, 1.1733964207788874, 1.0313240555825256, 0.6754150147090053, 0.7854871104264254, 0.8105502399760142, 1.0254092895734934, 1.0960194575741444, 1.0008924103204693, 0.9766238804014195, 0.9416490233607855, 1.012345462496898, 0.0, 0.0, 0.0, 0.0, 0.0, 0.0, 0.0, 0.0, 0.0, 0.0, 0.0, 0.0, 0.0, 0.0, 0.0, 0.0, 0.0, 0.0, 0.0, 0.0, 0.0, 0.04721630151219729, 0.0, 0.0, 0.0, 0.0, 0.0, 0.0, 0.033076574946953145, 0.0, 3.050359805601567e-05, 0.0, 0.0, 0.0, 0.0, 0.003029469745367861, 3.0944235965379066e-05, 0.0, 0.0018062248990581803, 0.0, 0.0, 0.0, 0.0, 0.0, 0.0065899506948234425, 0.0, 0.0, 0.0, 0.0, 0.0], "grad": [-38683.691063512495, -140132.69681672048, 132565.3218164883, -19247.936743161667, 9804.470034786935, 42497.86819541828, -97772.93087117697, 69702.57162766215, 70388.27234512953, 4387.456658146344, -18210.128309737916, -167767.40157151577, 16187.73813850418, -16262.945604571565, -25520.01375103504, 189085.9384252426, 6780.4549123170955, 114718.2537125049, 30509.47039655911, -2446.4966677337616, 91181.87717238537, -8342.24686186658, -70780.76769682337, -10904.62778742005, -112320.66316819482, 204834.447523274, 180580.25822574593, -25699.96076971996, 67824.39861553659, 59026.490285727494], "optimality": 204834.447523274, "nfev": 139, "njev": null, "status": 3, "message": "`xtol` termination condition is satisfied.", "success": true, "res_time": 1838.8042179999757, "tension_error": [0.5999191242307491, 2.4894509698389156, -1.7042434653577, 0.3640432727893105, 0.9189659212372084, -1.0958225108290702, -0.76544216914243, 2.064248327084091, 3.2346184638080464, 1.2577478706798568, 0.04739790495325748, -0.0924356041809136, -0.025598780826102865, -0.28840534268768947, -0.24798926552210088, 0.21949821647365675, 0.04762504260907672, -0.0018456387081049715, 0.1847421800143173, -0.12268303950452959, 0.09386743734636004, -0.33339213418941993, -0.11637935433552672, -0.26235544326776966, 1.1203256626334683, -0.8824460505639932, -0.4337240925256404, -0.3154287369744686, -0.14589204519591545, -0.09972500383733268], "git_revision": "018ef57f2e70e762a509d3bbb7a77c8182022b6e", "linregress": [9.666021724276145, 0.015347039860352574, 0.7601062379198897, 1.0999711370283822e-06, 1.5616128471874995]}