{"x": [0.08056150712913637, 0.0011984008790585378, 0.2859148229855333, 0.26300504040907724, 0.03784976265779062, 0.024156510699894048, -0.02949249570770408, 0.13401284942494593, 0.130588577584237, 0.34320481449737816, -0.01795600544377838, 0.008813901882430445, -0.007824769833477154, 0.02154702914488615, 0.0021459590734339727, -0.0010104840776682827, -0.0104804000085055, -0.011148843084478274, -0.006103441243286086, 0.0010021595784751767, 0.028986650035666736, 0.001468289093082219, 0.006298716952128515, 0.07316195759757761, 0.006983660828042255, 0.028876582946112363, 0.09045103664137048, 0.03518138079255685, 0.11602281250239238, 0.15051464098298523], "cost": 7.012591573819344, "fun": [0.920477692759862, 1.254142961838721, 0.9654751462698713, 0.39805232658539536, 0.7293602343401103, 0.7249830193616639, 0.8964030024186619, 0.8782416354473349, 0.42378553739914276, 0.7417647150194421, 1.1306571332909716, 1.1194308252206622, 1.0813674417342918, 0.5612951450112494, 0.956987866280732, 0.7015400246639331, 0.5150228111044485, 0.7787923105972333, 0.6742774029679954, 0.6334074444311029, 0.0, 0.0, 0.0, 0.0, 0.0, 0.0, 0.0, 0.0, 0.0, 0.0, 0.0, 0.0, 0.0, 0.0, 0.0, 0.0, 0.0, 0.0, 0.0, 0.0, 0.0, 0.0, 0.0, 0.0, 0.0, 0.0, 0.025652788152290478, 0.0, 0.0, 0.0, 0.005789341724332963, 0.0, 0.0004790873621484704, 0.0, 0.0, 1.0317831330251824e-06, 0.0011511543963131652, 0.0013857644278798724, 0.0002273653627402205, 0.0, 0.0, 0.0, 0.0, 0.0, 0.0, 0.0, 0.0, 0.0, 0.0, 0.0], "grad": [-178434.07772479244, 19422.637115730413, -8142.090549567971, 86527.58732874764, 336986.85106728063, -47144.99070065023, -58154.947259374705, -2110.9490877148796, -117373.53294828782, -52275.138603638276, -126491.24444126058, -7365.455403867217, -63799.49230967538, 103565.16607583412, -91539.44528296823, -6636.38991931738, 110904.94605375355, 28750.743614087136, -5358.619431417623, -107193.42965324377, 4499.30511760293, 5643.809760621765, 23774.867528370596, -118231.76948638938, 19527.63535305252, 14347.783247713738, 9261.355251346024, 66941.73276024492, -3959.1794847395463, -95193.42926413275], "optimality": 336986.85106728063, "nfev": 197, "njev": null, "status": 3, "message": "`xtol` termination condition is satisfied.", "success": true, "res_time": 2937.498176000023, "tension_error": [0.22062952836361688, 1.9229869724772133, -1.5895559625743558, -1.2420226632025861, 1.3669987764774265, 1.0762733759072738, 2.388557019503184, 0.7147432544267954, 0.7666882472164873, -3.265129367536839, 0.27238625223038176, -0.13370377441678657, 0.11869899105230505, -0.3268608117685746, -0.03255344020042039, 0.015328686088692783, 0.15898396161275458, 0.16912400667253485, 0.09258704510713324, -0.015202406379990053, 0.3962041204400087, 0.8136479237482044, 0.740372041463888, -0.2739196721590074, 0.7299816851047046, 0.39787379926203253, -0.5361888867679455, 0.30223224569710855, -0.9241036828214607, -1.4473325224327318], "git_revision": "018ef57f2e70e762a509d3bbb7a77c8182022b6e", "linregress": [8.105203323291803, 0.21405833081150993, 0.6613720217479906, 6.912700533186568e-05, 1.737136495154033]}