{"x": [0.1542092747124483, 0.09383606843549926, 0.27030674047594705, 0.10376852899488359, 0.2706738638500721, 0.11035281514144157, 0.14372652527046542, 0.231245799684517, 0.17434556245535937, 0.28984430818388807, 0.02100746912629416, -0.012238291415748434, -0.013650149699730727, -0.006546953593145733, 0.006522001835357739, -0.023393725288222516, 0.006857278526770537, -0.02298942797659939, 0.004103326129021497, 0.007743218295701798, 0.001268509818740559, 0.08466810692496911, 0.056549358951350645, 0.05000488020418393, 0.02941850262030372, -0.01452072344902359, 0.041279653767286276, 0.14828463542284098, 0.04053815828992424, 0.10737182920910775], "cost": 5.208596807370972, "fun": [0.70141758917078, 0.8982480752450656, 0.3524857586202953, 0.2809335058791549, 0.8474163053984483, 0.8103608778141594, 1.120953063507449, 0.53318359627954, 0.4582380600490984, 0.6622786757995008, 0.9794820601334315, 0.9537708616011414, 0.3829027963502342, 0.7381884120092428, 0.46317669674620804, 0.7053613721476554, 0.4644376756461791, 0.7356134439826191, 0.8499671584835546, 0.7737572347683049, 0.0, 0.0, 0.0, 0.0, 0.0, 0.0, 0.0, 0.0, 0.0, 0.0, 0.0, 0.0, 0.0, 0.0, 0.0, 0.0, 0.0, 0.0, 0.0, 0.0, 0.0, 0.0, 0.0, 0.0, 0.0, 0.0, 0.0, 0.0, 0.0, 0.0, 0.0, 0.0018329996032143425, 0.002543385803201928, 0.0002806194619252183, 0.0, 0.012802599420125267, 0.0, 0.012150229909651459, 0.0, 0.0, 0.0, 0.0, 0.0, 0.0, 0.0, 0.003061715005939815, 0.0, 0.0, 0.0, 0.0], "grad": [-10633.402101609674, -14002.087822631916, 104321.34083479556, -11550.301689271746, 267.778723956, -16456.112906641018, 2374.005397758846, -558.8411724047847, -19724.628219173264, -4265.3047828556155, -35245.332969239564, -39580.40915062659, 32869.054682811504, 4157.054869782918, 2454.91275391373, 2220.7847875889747, 14263.608235266236, -31468.00146090894, -9055.683823183987, -9823.370172535164, 4862.0175846327975, 37797.15569759095, -36028.13360156921, -11637.517865786476, 22458.186966933543, -52563.71130243897, -6632.7750054505, 51062.95371832429, 52026.970479131494, 6513.042333645628], "optimality": 104321.34083479556, "nfev": 286, "njev": null, "status": 3, "message": "`xtol` termination condition is satisfied.", "success": true, "res_time": 3151.264324000047, "tension_error": [-0.8965810594792042, 0.5177063180426804, -1.35278687088521, 1.1735388990925137, -2.1648604976378305, -0.23129407813787567, -0.23911426779907313, -0.7602462134386487, 0.10291026189201125, -2.4556693583295384, -0.31867587710825734, 0.18565055256173452, 0.20706794340951942, 0.09931497060116443, -0.09893646126000208, 0.35487453915725636, -0.10402249009420349, 0.34874149192441545, -0.06224600618788721, -0.11746188306590986, 0.816678504685686, -0.4484638881709961, -0.021912425935924396, 0.07736500212699662, 0.3896530694607927, 1.0561955893103026, 0.20972360139616114, -1.4135041267529416, 0.22097182554917869, -0.792871325783948], "git_revision": "018ef57f2e70e762a509d3bbb7a77c8182022b6e", "linregress": [4.991073784197373, 0.24561749799609173, 0.5070465011552494, 0.0042408244548723835, 1.6033690183084848]}