{"x": [0.20800750042767518, 0.14122452976458735, 0.21719323068159624, 0.11601431868693494, 0.19681627485894757, -0.0036915076607429175, 0.24415087770665142, 0.044951259505711265, 0.0990901350181175, 0.223931525916869, -0.0010444944054880455, 0.0021614923459808573, 0.000643073515801788, -0.004585846050300912, 0.0009874145657315404, -0.00013102182841335172, -0.0011382161455300637, 2.0483825431117524e-05, -0.00045380742407372224, 0.0011290787167911, 0.061152714117958425, 0.09148756502884263, 0.06995196064511328, 0.0765959963942621, 0.11916506568541531, 0.015886501094177892, 0.10407116582599452, 0.03303273580538063, -0.021005714184243452, 0.07808254196806697], "cost": 9.25989596863181, "fun": [0.8042473495630695, 0.7542254512595787, 0.575394849661711, 0.762269198656814, 0.9032211630316646, 0.8936627921513819, 0.7994311639514848, 0.42789242767666824, 1.4644796920617587, 1.253171529490794, 1.0071905209006355, 0.8104917175113583, 0.8695184604584767, 0.7099546081061232, 0.6738473116995108, 1.349575046802273, 0.8136759124419183, 1.0742329351294935, 1.4457502926882952, 1.0616260781117226, 0.0, 0.0, 0.0, 0.0, 0.0, 0.0, 0.0, 0.0, 0.0, 0.0, 0.0, 0.0, 0.0, 0.0, 0.0, 0.0, 0.0, 0.0, 0.0, 0.0, 0.0, 0.0, 0.0, 0.0, 0.0, 5.030501954431483e-05, 0.0, 0.0, 0.0, 0.0, 1.1395105607169215e-06, 0.0, 0.0, 9.644026905081116e-05, 0.0, 2.2492149794714814e-09, 1.4745999854238967e-06, 0.0, 9.345763556443004e-08, 0.0, 0.0, 0.0, 0.0, 0.0, 0.0, 0.0, 0.0, 0.0, 0.009268561923010466, 0.0], "grad": [-5680.943184725092, 16827.290861794805, 7366.2114628582885, 1902.299748480761, 13793.908165353234, -27097.09546767133, -13483.751838197066, -10921.48337489011, -12462.71549187087, 8925.662685384983, 49609.04644384775, 1140.84426275248, 9633.99621993523, -58435.94980760847, 10153.781779467834, -4323.482565250459, -36020.62633363695, 20886.07243330024, -31735.664730360637, 22496.427274871596, 2984.9023314213546, -3422.341970167277, 15819.96968348647, 57891.211505534695, 3863.463965364646, 5709.5705181715475, -7589.255870258226, -35183.976852615226, 14575.426005582363, -901.4305316966102], "optimality": 58435.94980760847, "nfev": 77, "njev": null, "status": 3, "message": "`xtol` termination condition is satisfied.", "success": true, "res_time": 1188.9423039999674, "tension_error": [-1.7126811172062566, -0.20115988083493222, -0.5470737115200387, 0.9877746003311172, -1.044466993244292, 1.4987179656601164, -1.7625161780069887, 2.065776075826674, 1.2445084811512033, -1.455795762166683, 0.015844610733567615, -0.032789074451432774, -0.009755197804228634, 0.06956566274487155, -0.014978729751415632, 0.001987554799625595, 0.01726633638421342, -0.0003107323874451567, 0.006884098128885062, -0.01712772482180209, -0.09174369578286697, -0.5519126558254877, -0.2252251536431609, -0.32601282621665006, -0.9717705523132592, 0.5949287468612119, -0.7428014295804034, 0.334826430259094, 1.1545706052706222, -0.3485631968370082], "git_revision": "018ef57f2e70e762a509d3bbb7a77c8182022b6e", "linregress": [7.479626919186482, 0.10857918010362533, 0.7421506640205542, 2.6740952817049644e-06, 1.2765408117242438]}