{"x": [0.09871818318888906, -0.06826846635293812, 0.19673722668536478, 0.1599164978948059, 0.10489028682234572, 0.13602012348617726, 0.15295900628425496, 0.08075180817337203, 0.012648995954131154, 0.13008858137900933, -3.2066965151477464e-05, 0.006949602263091971, -0.012127325976616017, -0.0033667991601156687, -0.014405796202831523, 0.004271622974048599, 0.0013307553076993977, -0.028497843347921586, 0.005207103597735952, 0.0037830705283292583, 0.02682169417049218, -0.04739522975420071, 0.044927202426424055, 0.009449749480840054, 0.014672326130204864, 0.07200809190793288, 0.017318263138040364, 0.015440724619502959, 0.008006343799357628, 0.06782210384923895], "cost": 15.609826193109878, "fun": [1.4420163438889921, 2.1030891117459194, 1.342582857413051, 1.0119562874994403, 0.75750503762105, 0.8034942194893206, 0.4778180301873998, 1.2001945778876508, 1.3389764459784357, 1.4184689414671843, 1.6782045603233855, 1.8016099925079514, 1.2167560890487161, 0.9069032990641845, 0.8061327951116346, 0.9686970371724903, 1.23481956311955, 1.0459370740519884, 1.1107495937722758, 1.130734970467256, 0.0, 0.0, 0.0, 0.0, 0.0, 0.0, 0.0, 0.0, 0.0, 0.0, 0.0, 0.0, 0.0, 0.0, 0.0, 0.0, 0.0, 0.0, 0.0, 0.0, 0.0, 0.3181708877307132, 0.0, 0.0, 0.0, 0.0, 0.0, 0.0, 0.0, 0.0, 3.29741477414579e-11, 0.0, 0.0017835905146502337, 3.8163801692510114e-05, 0.0029895911533979486, 0.0, 0.0, 0.023143870175711064, 0.0, 0.0, 0.0, 0.10646427444333126, 0.0, 0.0, 0.0, 0.0, 0.0, 0.0, 0.0, 0.0], "grad": [17082.613276389195, 21725.97409065413, -32109.754669795555, -403.4841637597574, -53131.38765956643, 42641.71861198284, 34744.76039283932, 105028.11539260078, 13392.80450852501, -8409.028129895934, 23099.82794116729, 67498.85451326922, 21597.681733715966, 62827.68019975763, 10422.107776443692, -138020.12264383945, 18673.28834133731, 76187.04174198565, 18151.65001081674, -30221.155211965757, 697.3447505997356, 68081.5345265067, -26589.665357592665, -16114.733051445957, 101816.52003171513, 1176.3589570677013, 79414.4725602723, -35815.09344730258, -34250.05529272829, -43616.133676421785], "optimality": 138020.12264383945, "nfev": 79, "njev": null, "status": 3, "message": "`xtol` termination condition is satisfied.", "success": true, "res_time": 1382.7516840000171, "tension_error": [-0.0548008261415803, 2.9767747806149836, -0.23676336540272713, 0.3217940682678439, 0.350017734568087, -0.6206580681831467, -0.37916773960316236, 1.5226944138218124, 2.5557899898301164, -0.03223148218435284, 0.00048644452048992204, -0.10542300852282842, 0.1839672460943236, 0.051073152550979085, 0.21853083361831788, -0.06479900980679698, -0.020187087380591315, 0.43230220499172867, -0.07898992002444948, -0.05738784198753194, 0.42904573525269574, 1.5548902235054565, 0.15439157823536684, 0.692571992402912, 0.6133473516574788, -0.25641593772521915, 0.5732094230152426, 0.6016910183279567, 0.7144679461136672, -0.19291597929856125], "git_revision": "018ef57f2e70e762a509d3bbb7a77c8182022b6e", "linregress": [5.603151040161646, 0.16552691632714978, 0.48980528123455025, 0.006007324212913734, 1.8847883317871517]}