{"x": [0.1424194206719105, 0.15975923008760362, 0.45599919159887276, 0.20584776558341117, 0.1559514971911458, 0.12503848614971372, 0.0018494951500518109, 0.022846490071005948, 0.12595633651428884, 0.16458964814174767, -0.0010314083592599082, -0.001881874981986641, 0.23352226402141674, -0.0016601741005425677, 0.0003104463886595047, 0.0004932632894646537, 0.0018349659050385465, -0.0035498960483189737, -0.0008980437715743792, -0.0032567358305179346, 0.05851903743932477, 0.19059023297447863, -0.005797199369070149, 0.043114538837810856, 0.0032751626700057686, 0.05076638417982281, 0.06593916103125809, 0.023172503521735034, 0.024561392357902573, 0.10178422730238158], "cost": 6.867276226035386, "fun": [0.5497542459826311, 0.9002506013879913, 0.9732227431681499, 0.8637407246161282, 0.922066563897409, 0.7269264459636073, 1.025619668939241, 0.9772525681857898, 0.7043597872157406, 0.8394100266425799, 0.8510449731694215, 1.1281384902681328, 0.7536010337995103, 0.7445073934431519, 0.76157972951516, 0.6416562150312272, 0.9478999984565393, 0.5223024099568684, 0.7011840830628664, 0.7539910470996345, 0.0, 0.0, 0.0, 0.0, 0.0, 0.0, 0.0, 0.0, 0.0, 0.0, 0.0, 0.0, 0.0, 0.0, 0.0, 0.0, 0.0, 0.0, 0.0, 0.0, 0.0, 0.0, 0.0, 0.0, 0.0, 0.0, 0.0, 0.0, 0.0, 0.0, 1.0972155167501936e-06, 6.6645726433363785e-06, 0.0, 4.5757354053193506e-06, 0.0, 0.0, 0.0, 4.473494496190186e-05, 7.242566898796522e-07, 3.454200930642567e-05, 0.0, 0.0, 0.0001948294967820773, 0.0, 0.0, 0.0, 0.0, 0.0, 0.0, 0.0], "grad": [97542.65651075645, 26660.647711404446, -12456.689148749254, 98411.27824339955, -15146.445120075914, -5518.926615044606, 19317.48130343332, 111487.12137367931, -56120.612552089355, 112653.57534093778, 7131.649061846499, -75762.24431229908, -13912.353487591321, -322765.6289915077, 78667.42930466296, 55624.62113842275, 51108.631472958325, 77439.7356768667, 6296.426529425425, 1914.7721582175882, 325422.63471409923, -65669.45861434855, -97517.75826342993, 95413.15283920502, -47761.62817009731, -60898.0301800888, -41579.66033351455, 100589.71051235736, 6073.686171390746, -783.0977499530222], "optimality": 325422.63471409923, "nfev": 168, "njev": null, "status": 3, "message": "`xtol` termination condition is satisfied.", "success": true, "res_time": 2084.148820000002, "tension_error": [-0.7177331433042822, -0.4823247297211275, -4.169675682108683, -0.37496701843725094, -0.4245627683312206, -0.4540705135737232, 1.913110102653364, 2.401097610540416, 0.8369577060012653, -0.5556004632685444, 0.015646100040320365, 0.028547377929597884, -3.5424501573197733, 0.025184253965205936, -0.004709361922961481, -0.007482629652836348, -0.02783578382224004, 0.053850667590663155, 0.01362300641108011, 0.04940353076616771, -0.05179175199861358, -2.0552650797409675, 0.9238628141939231, 0.1818890438049099, 0.7862382906082878, 0.06581325613135923, -0.16435240267458373, 0.48440266681530697, 0.4633337143674575, -0.7081093809798027], "git_revision": "018ef57f2e70e762a509d3bbb7a77c8182022b6e", "linregress": [7.212855855046926, 0.257316867025488, 0.4303332668042294, 0.017609628421040253, 2.8592515567117527]}