{"x": [0.11058110686706672, 0.08450876236086297, 0.3355611848681916, 0.3244783395324994, 0.1395783926351108, 0.10962368509639195, -0.01557343084262186, 0.049185292657121044, 0.08043532053811524, 0.24550735586138225, -0.0027381505014277795, -0.018000002828320937, -0.00574688416634388, -0.014052955866202463, -0.02140526496520625, -2.0155442151657233e-06, -0.012163095638914533, -0.029101556840914446, 0.0061844071594547865, -0.016346171367718855, -0.021541105444875388, 0.11775582873211021, 0.012952369200746841, 0.03093745191225544, 0.02874734348715902, 0.008567051925168406, 0.059076680076729504, 0.01629992980793095, -0.013483136515253064, 0.08110621170536647], "cost": 11.04595263828101, "fun": [0.8423508789514289, 1.1618510958663484, 0.98316905376293, 0.6607864727295111, 0.6948865309986668, 1.2737792313553546, 1.391476441220899, 1.341401704931635, 0.9638208689256937, 0.9679879021705743, 1.5324556674623673, 1.288409737822709, 0.9812505107012067, 0.6162587829097955, 0.5528360259934796, 1.066416804229064, 1.3177066690128842, 0.23295038055632936, 1.1616367095061546, 0.9937154807548805, 0.0, 0.0, 0.0, 0.0, 0.0, 0.0, 0.0, 0.0, 0.0, 0.0, 0.0, 0.0, 0.0, 0.0, 0.0, 0.0, 0.0, 0.0, 0.0, 0.0, 0.0, 0.0, 0.0, 0.0, 0.0, 0.0, 0.003777051407887458, 0.0, 0.0, 0.0, 2.0529196224932756e-05, 0.005832002749128383, 0.000189800490689218, 0.002775255979430583, 0.00980757921015843, 8.187984073573462e-15, 0.0017994192611332288, 0.02464612625696175, 0.0, 0.004367653155280702, 0.009995487028050169, 0.0, 0.0, 0.0, 0.0, 0.0, 0.0, 0.0, 0.002451166402192295, 0.0], "grad": [-24720.039798400147, -7802.864938375952, -17065.896214269746, -1769.0752390664086, -6865.308139791177, -40606.14069062809, -37508.06655320506, 18972.977048601646, -23928.674923171435, -100435.47358016283, -27571.347362247077, -2646.5940087603535, 16390.951856733504, 10047.199604185726, -159606.81674978195, 6429.433468160272, -3202.3047444759454, 169640.57666234154, 18210.08896445328, -15118.642783903559, 19912.99224498513, 6610.261370592847, -133222.72122881655, -111672.95008618169, -14979.23022385987, 9582.319066651318, 16115.35226044444, 5599.844744183681, -28817.3213337473, 186677.72708655952], "optimality": 186677.72708655952, "nfev": 170, "njev": null, "status": 3, "message": "`xtol` termination condition is satisfied.", "success": true, "res_time": 2432.913505000004, "tension_error": [-0.23475718287756525, 0.6591982524838209, -2.3426737143166396, -2.174550870152312, -0.1761885627564583, -0.22023343321985733, 2.1774097281402818, 2.0015472903352265, 1.527495419319097, -1.7830934718798606, 0.041536774727648544, 0.27305367699370175, 0.08717820035050843, 0.21317837049777474, 0.3247102992993939, 3.057509292323389e-05, 0.18450985922103186, 0.44146032517007916, -0.0938152694208674, 0.24796563863324406, 1.1626923013470156, -0.9503929261247828, 0.6394384899944342, 0.3666111458961015, 0.39983431614730564, 0.7059622021461168, -0.06025099359119019, 0.5886571794874873, 1.0404557624797812, -0.3944311973956073], "git_revision": "018ef57f2e70e762a509d3bbb7a77c8182022b6e", "linregress": [9.091303415809918, 0.11780159014102731, 0.7902179428264869, 2.0598840598826226e-07, 1.3324084330010106]}