{"x": [0.1910786279531746, 0.14668477730537388, 0.11844786187837962, 0.17680653570348498, 0.10726437419421472, 0.12230758343057145, 0.17666253048878053, 0.17409061597663936, 0.1434158154600751, 0.19728795748618055, 0.00047011042138658403, -0.0004632515218534226, -0.003640385140122571, -0.008690973951361699, -0.016303371724051153, -0.010654853256143619, 0.004370900261857271, 0.001117714351452635, -0.0011866620231963819, 0.0037776578591450496, 0.06257184276796939, 0.06686276011541618, 0.0714827572860968, 0.054260492517134176, 0.12031813741606352, 0.057118819463596635, 0.04928756377723826, 0.055333817560186384, 0.0793302660001111, -0.02437850112821578], "cost": 6.649358798644833, "fun": [0.6921552582561085, 0.8479111831135453, 0.7696005162400483, 0.6506222397647441, 0.8085301266135578, 0.9302203557600296, 0.2965598639091151, 0.7896413189794255, 0.7854170765245505, 0.9646505931109576, 0.6776662345134209, 0.8958433055751671, 0.7866322389626655, 0.8791573754182743, 0.49856713733111724, 0.9881784126572962, 0.34040444935350056, 0.6915556840446153, 1.2671540864479667, 1.1084102420820632, 0.0, 0.0, 0.0, 0.0, 0.0, 0.0, 0.0, 0.0, 0.0, 0.0, 0.0, 0.0, 0.0, 0.0, 0.0, 0.0, 0.0, 0.0, 0.0, 0.0, 0.0, 0.0, 0.0, 0.0, 0.0, 0.0, 0.0, 0.0, 0.0, 0.0, 0.0, 9.941469035314531e-08, 4.82438544775566e-05, 0.0006564555807557127, 0.004333435056048562, 0.0012096017830025044, 0.0, 0.0, 1.6710180132113893e-06, 0.0, 0.0, 0.0, 0.0, 0.0, 0.0, 0.0, 0.0, 0.0, 0.0, 0.014488419118295749], "grad": [130162.9692625076, -127272.1769757634, 138693.11342865747, -114293.23537233373, 104875.13438493505, 2010.0011900562192, 132964.17050387448, 84104.28120281282, 2013.9662634861788, -136650.71000512294, 2031.3604775014496, -33245.75618213744, -2044.0972218894503, 3629.900947007326, 6904.461916582677, -96080.40143934404, -109802.78978633083, 10813.728330831229, -27603.54504930377, 28494.483385711002, 22717.555616285037, 8370.343014162589, -94064.52092332355, -2057.446550953609, -151175.60235480196, 5403.353939057245, 33735.082729940084, 48895.304317521826, 2014.527132787675, -104284.95966723385], "optimality": 151175.60235480196, "nfev": 104, "njev": null, "status": 3, "message": "`xtol` termination condition is satisfied.", "success": true, "res_time": 850.5615819999948, "tension_error": [-1.455876108862208, -0.2839899049481371, 0.9508586107679677, 0.065578168069973, 0.31400366876065317, -0.41264368514008276, -0.738741818756719, 0.10677770980938417, 0.5721035851430097, -1.051622251883328, -0.0071314088323751355, 0.007027361752187269, 0.05522335511079604, 0.13183900117737699, 0.24731638317540053, 0.16163035568198958, -0.06630501115227835, -0.016955331418758542, 0.018001243214959134, -0.05730573371026138, -0.11327137551205661, -0.17836307413962305, -0.24844679730271088, 0.01280886838670371, -0.9892622426698632, -0.03055094051031288, 0.08824643863640241, -0.0034730929224194274, -0.3674907291308928, 1.205734590385057], "git_revision": "018ef57f2e70e762a509d3bbb7a77c8182022b6e", "linregress": [2.720224659986284, 0.15263238573434815, 0.41807000067575084, 0.021505110038575564, 1.1170200292274053]}