{"x": [0.14926276711106173, 0.022730540435890637, 0.1661571292121069, 0.28263813262837717, 0.11249938069976943, 0.11910712989174328, 0.10208077033534703, 0.24477393003701883, 0.21644952307138554, 0.11712349685597503, 7.860202281776262e-08, 2.523715867440261e-07, 8.723726824967905e-08, 1.499835679560795e-07, 4.393203096592215e-08, -5.662515141228567e-08, -1.846985885897924e-07, 2.504303408071761e-07, 1.9339134676696827e-08, 9.87811966704639e-08, 0.10219125799328337, 0.07951512285394827, 0.03815566832976133, 0.08106792140431154, 0.07461316710538851, 0.08624771802697201, 0.013061403510598498, 0.06616690168786216, 0.04078788557766078, 0.09384624380351334], "cost": 4.936795143861692, "fun": [0.4870812218351732, 0.9453406434938387, 1.0801694711312517, 0.6373750784396107, 0.5552703832273962, 0.5023679973039713, 0.563013579494784, 0.5845965264861284, 0.5187882424267986, 0.37843052078729716, 0.7514468745206248, 0.7692921212429392, 0.7135804590625884, 0.6486311920865045, 0.4982683920743528, 0.7799298362326289, 0.6912252364215377, 0.8046755204813831, 0.8588558475408805, 0.8555585743290923, 0.0, 0.0, 0.0, 0.0, 0.0, 0.0, 0.0, 0.0, 0.0, 0.0, 0.0, 0.0, 0.0, 0.0, 0.0, 0.0, 0.0, 0.0, 0.0, 0.0, 0.0, 0.0, 0.0, 0.0, 0.0, 0.0, 0.0, 0.0, 0.0, 0.0, 0.0, 0.0, 0.0, 0.0, 0.0, 1.8156332560531934e-19, 6.300727977179261e-18, 0.0, 0.0, 0.0, 0.0, 0.0, 0.0, 0.0, 0.0, 0.0, 0.0, 0.0, 0.0, 0.0], "grad": [7410.8633635720835, -3812.901278047483, 6735.021198919584, 11046.35043933754, 39418.72894433304, -30100.058575728093, 5174.469739014244, -1006.726361321081, -3942.2990067269093, -213.9414198021331, 46847.40666578748, 36066.15211820595, -71165.84959769831, 25127.382601915644, -26037.091420712113, -4214.798957286224, 6245.20513570092, -257.38552516196347, 15925.389099915265, 39850.7214353047, 45834.40420225829, -38048.14405854023, -41358.84086901154, 1910.338353972982, -24039.521721011093, -9105.711900032311, -36947.06497281387, -3104.633201406713, -26304.618618853394, -4932.099490342029], "optimality": 71165.84959769831, "nfev": 33, "njev": null, "status": 3, "message": "`xtol` termination condition is satisfied.", "success": true, "res_time": 676.7242280000355, "tension_error": [-0.821544288556547, 1.5963520304935415, 0.22712589825678148, -1.5398497286962392, 0.23459047149278345, -0.3640939368339568, 0.3926371060574292, -0.9654631665042779, -0.5357919300940537, 0.16444426477600918, -1.1923648876190197e-06, -3.828387716737897e-06, -1.3233585068654559e-06, -2.2751976824473898e-06, -6.664333726754861e-07, 8.58983520776035e-07, 2.8018122680869713e-06, -3.7989397024202562e-06, -2.933678335338937e-07, -1.4984758183632027e-06, -0.7142838926096093, -0.3702949422268101, 0.2571133556493572, -0.3938503470704177, -0.29593400715525087, -0.4724260299404038, 0.637784478075246, -0.1678071478921155, 0.217183550913197, -0.5876929786628542], "git_revision": "018ef57f2e70e762a509d3bbb7a77c8182022b6e", "linregress": [4.483480606650686, 0.06965336253376725, 0.6637101782842987, 6.378739023724378e-05, 0.9548903410386067]}