{"x": [-0.011190270199642176, 0.11696625059026018, 0.1969042736232406, -0.052669788284927944, 0.1617035601494197, -0.05317993580802471, 0.2250244555553339, 0.2456712871989824, 0.17459273497479294, 0.15748821252881204, -0.0013686369038358446, -0.0005800248153165899, 0.003240442164593437, 0.0024284341144952615, -0.0001459444815583677, -0.009898851154479232, -0.006167534917847987, 0.003271757402338922, -0.0037944303520716753, -0.004504203823457761, 0.02185160167549473, 0.03586591192882129, 0.021522151239815202, 0.04320879432868792, 0.033645818811586306, 0.010106326826403932, 0.07198352359998805, 0.021113193559096362, 0.05994205111961555, 0.0336348664344918], "cost": 14.22861106999104, "fun": [1.4316877717509358, 0.9535052881655293, 1.1791865611690957, 1.4426387006943058, 1.609144410848417, 1.4053904214286692, 1.5258667067305054, 0.9768896400326925, 0.5620757647763711, 0.7987140598099348, 1.2946679548378628, 1.0353883764288039, 1.2538314413672698, 1.2522801914824788, 0.7252417333523368, 1.7172934506205515, 1.3581995212666562, 1.0528590712393542, 0.5661305171053427, 0.737868531679876, 0.0, 0.0, 0.0, 0.0, 0.0, 0.0, 0.0, 0.0, 0.0, 0.0, 0.0, 0.0, 0.0, 0.0, 0.0, 0.0, 0.0, 0.0, 0.0, 0.0, 0.0014012696614871373, 0.0, 0.0, 0.14611160719538266, 0.0, 0.15039847280629348, 0.0, 0.0, 0.0, 0.0, 2.563685448403853e-06, 1.9513704468900972e-07, 0.0, 0.0, 3.1085870565696184e-09, 0.0009699612441494394, 0.00023460369656563197, 0.0, 5.463107631811877e-05, 9.138062092312697e-05, 0.0, 0.0, 0.0, 0.0, 0.0, 0.0, 0.0, 0.0, 0.0, 0.0], "grad": [68397.02774776482, 15998.682810495362, -11214.605280818825, 22105.35158038231, 6091.7428498098725, 7264.556061404469, 920.8347652203993, -26867.45158254738, -34370.363035118215, 68389.52066223233, 44829.15528312813, 22764.79934993223, 35135.57352600098, 36799.39929711826, -6767.876212837028, 47779.01532677492, 55857.26190269508, -6805.879900615921, 3556.4384184985847, -13562.057934370001, -6034.996250416205, 15422.934197257939, -2169.486305252663, 59469.16873351634, 44812.26079309129, 2750.043268030964, 4755.0075398299305, 162.3955624379896, -245.54906105816326, 26603.98758777393], "optimality": 68397.02774776482, "nfev": 201, "njev": null, "status": 3, "message": "`xtol` termination condition is satisfied.", "success": true, "res_time": 2634.039740999986, "tension_error": [1.6124715413499748, 0.166829635014919, -0.2392974083721961, 3.546652845983182, -0.511819529123767, 2.2494399184918543, -1.472375118254822, -0.9790757572903895, 0.0991607421876619, -0.44787419652623095, 0.02076173779671084, 0.008798771315779918, -0.04915636161653897, -0.036838486672711786, 0.0022139261702643367, 0.150162071168743, 0.09355932348275822, -0.049631402698137185, 0.05756016649616963, 0.06832717903739116, 0.5044402806703558, 0.2918481504524348, 0.5094379272656072, 0.1804592213428637, 0.3255261778789432, 0.6826119462769802, -0.25604324518256616, 0.515641670649436, -0.07337836626316165, 0.32569232156603034], "git_revision": "018ef57f2e70e762a509d3bbb7a77c8182022b6e", "linregress": [6.613079406761944, 0.08162794648061195, 0.5344567101799808, 0.0023465958071011406, 1.9763758742094488]}