{"x": [0.06076219920706976, 0.3164208369058216, 0.17049197378051895, 0.10798622810577643, 0.3167724900410297, 0.058471114283222214, 0.19431302875279416, 0.17821898166562994, 0.04124219949330311, 0.22419903508157019, -0.00011973271706394514, -2.312661610075118e-05, -0.0003696810731495861, 0.01118481145476528, 0.00014297655729339704, 6.163678504705838e-05, -2.023001126601757e-05, 0.00011270684707213547, 3.029110874710206e-05, 8.680533228758424e-05, 0.09371191404706959, 0.05956909647898473, 0.06611510116093589, -0.029965971202465497, 0.07125441668880986, 0.0140684800838839, 0.0142840177244679, 0.05173139886105325, 0.019795428471771098, 0.059734773984494595], "cost": 8.308781921516704, "fun": [0.7784518659575849, 1.0985564055075494, 0.44552492815604905, 0.9783052870746367, 0.3441515993141405, 1.248377149022469, 0.499904732419363, 0.9950628955371469, 1.321943357607667, 1.0264213355615615, 0.6261356493808651, 0.7738675827110125, 0.601396694485473, 1.142589774752586, 0.5075438189040625, 1.160845579975131, 0.950431657379013, 0.8006577002193688, 0.9805315921056926, 1.0776604891692725, 0.0, 0.0, 0.0, 0.0, 0.0, 0.0, 0.0, 0.0, 0.0, 0.0, 0.0, 0.0, 0.0, 0.0, 0.0, 0.0, 0.0, 0.0, 0.0, 0.0, 0.0, 0.0, 0.0, 0.0, 0.0, 0.0, 0.0, 0.0, 0.0, 0.0, 1.7164790765281384e-09, 1.2369047964706378e-11, 5.0522129613008456e-08, 0.0, 0.0, 0.0, 8.279199998958788e-12, 0.0, 0.0, 0.0, 0.0, 0.0, 0.0, 0.026908226423568438, 0.0, 0.0, 0.0, 0.0, 0.0, 0.0], "grad": [15912.991414877735, -9009.317507057618, -212.9595844360747, 8764.15305571187, -56330.88523274334, 12688.76218458026, 31515.576356689548, -33356.77181182453, 5561.580704399559, -36535.3882774894, -2295.2553074323932, -34537.03440976191, 2763.930155463157, -52639.00768594326, 3843.120368970498, -41537.68868599924, -472.9487791253131, 44622.144419529286, 26458.855238014876, 30747.54777352982, -7633.919430999931, 7602.71520130163, -37516.856169606726, -37392.51233996061, -63777.08447345088, 4152.949449838008, 27742.61226138298, -10975.76264868326, -27200.35860403414, -6666.284475586499], "optimality": 63777.08447345088, "nfev": 139, "njev": null, "status": 3, "message": "`xtol` termination condition is satisfied.", "success": true, "res_time": 1837.7363170000026, "tension_error": [0.5209780272841097, -2.8588258999404603, 0.16136783922254874, 1.1095578952189835, -2.864160353635315, 0.5557329753098463, -1.0064936351162637, 0.04415186235229973, 2.122041204462369, -1.4598537815874493, 0.001816302972981613, 0.0003508225872496104, 0.005607931137635727, -0.16966963412915312, -0.0021689038088059266, -0.0009350082305925752, 0.0003068821163249441, -0.0017097230099871131, -0.0004595054068879743, -0.0013168061910796922, -0.5856552437648951, -0.06772077626457108, -0.16702135221850734, 1.2904945353371586, -0.24498295119719582, 0.6225074826229376, 0.6192378528426906, 0.05117432470584365, 0.5356317009810954, -0.0702340454293645], "git_revision": "018ef57f2e70e762a509d3bbb7a77c8182022b6e", "linregress": [7.640981160232906, 0.06770351125008012, 0.5899209733887367, 0.0006013246504812358, 1.976504577614321]}