{"x": [0.14290294131513043, 0.09086476180129421, 0.1460826819796748, 0.3255486633184749, 0.29567561034319034, 0.07374046765936818, 0.028348036771639898, 0.24504409527762408, 0.35797878646155906, 0.19995729734859805, 0.0025462671844364523, 0.0024045836475554785, 0.0014489975861765839, -0.006392448388274148, 0.001731134116899092, 0.0041986268323794575, 0.0011652515935538866, -0.0021093052541159836, -0.0019350939172702096, 0.0011431336589031926, 0.060938457086435, 0.032924520152149854, 0.0693143745548305, 0.034920323871295095, 0.05036380911178432, 0.02371922914494369, -0.009002929659705972, 0.07598511648689672, 0.09379763844017246, 0.01318548073969606], "cost": 4.697898286225768, "fun": [0.631317101821264, 0.6808207347807463, 0.46861287152478204, 0.9145190364814563, 0.4095918213271224, 1.1403228212631218, 0.9454958979387916, 0.5970248239041218, 0.6300162095465707, 0.5896651287047999, 0.7802384808181031, 0.7217846545586857, 0.785042238369216, 0.10387925042580899, 0.6114811505674325, 0.447339603800134, 0.3367230323201733, 0.7290421352251507, 0.5586825674312315, 0.8525175958978665, 0.0, 0.0, 0.0, 0.0, 0.0, 0.0, 0.0, 0.0, 0.0, 0.0, 0.0, 0.0, 0.0, 0.0, 0.0, 0.0, 0.0, 0.0, 0.0, 0.0, 0.0, 0.0, 0.0, 0.0, 0.0, 0.0, 0.0, 0.0, 0.0, 0.0, 0.0, 0.0, 0.0, 0.0002612171524358042, 0.0, 0.0, 0.0, 9.384654820526745e-06, 7.246130368376714e-06, 0.0, 0.0, 0.0, 0.0, 0.0, 0.0, 0.0, 0.000729712139072158, 0.0, 0.0, 0.0], "grad": [-10218.53646896794, 163.96525285769246, -20699.711508425982, 26954.22953211816, 90.56871869558358, -4572.932053565207, 36127.82530110916, -5542.659886546879, 14119.835347798351, -76708.91679547812, -11653.625404302878, 5269.238285457553, 18998.692404025827, 3309.5730186579563, -3653.706751882765, 762.6345434465783, -6483.996064983143, -14532.331958807335, -1062.9179624395451, 2479.6311714777253, 2815.4124014986783, 934.4082863938444, -60413.38078503112, 3108.5453814134985, 1843.745193958634, 10130.03809229577, 8305.284761764891, 219.89079707989035, 10810.790873027869, 74903.78425981263], "optimality": 76708.91679547812, "nfev": 77, "njev": null, "status": 3, "message": "`xtol` termination condition is satisfied.", "success": true, "res_time": 1066.542918000021, "tension_error": [-0.7250679804591872, 0.5627799888461615, 0.5316481632092774, -2.190787303453011, -2.544128149777813, 0.324102284779462, 1.5111365977736309, -0.9695614776571563, -2.6827408022405277, -1.0921151935528794, -0.038625972670673685, -0.036476683524232396, -0.021980780927322866, 0.09697118128583869, -0.026260692317493107, -0.06369168415361699, -0.017676454569331815, 0.031997414724419214, 0.02935469035634953, -0.017340933322947557, -0.0884934923891665, 0.33646802344687105, -0.21555319814336332, 0.3061923868668101, 0.07192017753811283, 0.4761090324671549, 0.9724926089587861, -0.31674599406675497, -0.5869556524908294, 0.635902270391202], "git_revision": "018ef57f2e70e762a509d3bbb7a77c8182022b6e", "linregress": [9.152738839524908, -0.019316173592213715, 0.7707728989732411, 6.253833457870086e-07, 1.4297497626886018]}