{"x": [0.03645243250385071, -0.011517857264344655, 0.3685308676527694, 0.21354323742990486, 0.16305067548919763, 0.16900887409082002, 0.26696371246019973, 0.3500309846528548, 0.07248343272390173, 0.14482338059983826, -7.303555404311334e-05, -1.9407608673087375e-05, 4.7103337400679655e-06, 1.8235124580750007e-05, -6.19998009751068e-06, 1.785253172848635e-05, -1.0384356383397606e-05, -1.877775848413928e-05, -2.6847567901832427e-06, 3.2752848228162995e-05, 0.016797031616233492, 0.09215632614609233, 0.08182050755636239, 0.022505134515330975, -0.0027323677395294996, 0.060675683326118814, -0.01576964638109395, 0.08863172667722044, 0.01196627294498392, 0.09570032486591278], "cost": 10.04032573425892, "fun": [0.7147164178696209, 1.3632713183367746, 1.2162708836326146, 0.8931458752223596, 0.33663478602854935, 1.0833382665230935, 0.8285937972301625, 0.9940367008836685, 1.2162338677008915, 0.724152849799681, 1.089850538682037, 1.1560016833636084, 1.11423114758031, 0.9809650502119784, 0.7838043544295995, 1.2299994233878864, 1.3505763152249488, 0.9500758253772367, 0.7037777830892613, 0.6259939756744357, 0.0, 0.0, 0.0, 0.0, 0.0, 0.0, 0.0, 0.0, 0.0, 0.0, 0.0, 0.0, 0.0, 0.0, 0.0, 0.0, 0.0, 0.0, 0.0, 0.0, 0.0, 0.0015279708767483007, 0.0, 0.0, 0.0, 0.0, 0.0, 0.0, 0.0, 0.0, 3.895856793679025e-10, 7.30997817035891e-12, 0.0, 0.0, 2.3832570485229923e-13, 0.0, 1.1197955908060073e-12, 6.6211167651355825e-12, 1.9351509538573405e-14, 0.0, 0.0, 0.0, 0.0, 0.0, 2.039940250579225e-05, 0.0, 0.0039216232113821765, 0.0, 0.0, 0.0], "grad": [-51215.77244162973, 52226.8695051127, 32999.76355201706, -37430.38055056389, 55340.008857557215, 60242.45757295739, -39764.675619355134, 4670.566129786506, -33568.02351371954, 4974.516907764919, 21149.335740197334, 49314.618683967536, 27553.698294054597, 25239.614485811006, -28478.02631120473, -34477.76195443327, -3051.2857001649386, -66211.03286977472, 67163.24473429254, -29786.399178744992, -3742.356065346351, -73254.50879300557, 25008.119905072148, -35334.98424909366, 67766.99218788403, 3999.172168641515, -8962.50757245165, 17949.504601601457, -37530.0397958393, 26498.76210426278], "optimality": 73254.50879300557, "nfev": 79, "njev": null, "status": 3, "message": "`xtol` termination condition is satisfied.", "success": true, "res_time": 1444.2972339999978, "tension_error": [0.8897485907380827, 2.1158881112589363, -2.8428121420440244, -0.4917046047547651, -0.5322547924050728, -1.1210857479973593, -2.108578813191982, -2.5621754596357276, 1.6481227451824092, -0.2557531752299188, 0.001107923524954501, 0.0002944065598425071, -7.145409697210749e-05, -0.00027662039082448784, 9.405150538362327e-05, -0.0002708165925640936, 0.00015752701378682132, 0.0002848519552300645, 4.072681101138058e-05, -0.0004968491241926542, 0.5811163208614173, -0.5620575254589598, -0.40526681283611743, 0.4945264186195871, 0.8773704022874114, -0.08450730737818951, 1.07514130849358, -0.5085905980320772, 0.6543972214498617, -0.6158187326619596], "git_revision": "018ef57f2e70e762a509d3bbb7a77c8182022b6e", "linregress": [10.236377684905635, 0.006206971909413328, 0.7942186021073879, 1.6157149268942004e-07, 1.4800212975200064]}