{"x": [0.009679818026432759, -0.024695949029503898, 0.17310475558299607, 0.09410269209833709, 0.21767542011646218, 0.034429019554017073, 0.24918281184645555, 0.15456384914798227, 0.09553376082928737, 0.010937564340050424, 0.006899116670944799, 0.00025203433713653575, -0.016548000207443365, -0.011870982456604728, -0.008743854907330335, 0.029582169117236802, -0.02049617801337322, 0.038520000765480164, -0.007065195123865513, 0.015311116329499285, 0.054111329894183706, 0.0726543258870303, 0.05221694393043027, 0.04978823636582135, 0.09375292825526464, 0.04526394341100444, 0.03774536531310185, 0.058491195504646765, -0.010128485711018872, 0.08056573281947577], "cost": 8.47864978970821, "fun": [0.6889461845203649, 1.3282523935188002, 1.1376671352169136, 0.7698046669444417, 0.7366206589114825, 0.841337385098702, 1.0718890003494097, 0.7461973641157745, 1.0181275544810444, 0.7138210396917453, 0.8216911885233085, 1.1195405946277566, 0.672075718646081, 0.7708181982785578, 0.7957812121565541, 1.1015847478255565, 1.0610578470727552, 0.5399469522851932, 0.8820203757740083, 1.1455785247902142, 0.0, 0.0, 0.0, 0.0, 0.0, 0.0, 0.0, 0.0, 0.0, 0.0, 0.0, 0.0, 0.0, 0.0, 0.0, 0.0, 0.0, 0.0, 0.0, 0.0, 0.0, 0.015061809846171443, 0.0, 0.0, 0.0, 0.0, 0.0, 0.0, 0.0, 0.0, 0.0, 0.0, 0.004531443329008575, 0.0016728615126424397, 0.0006685114150521872, 0.0, 0.008610307328670736, 0.0, 0.0003526732188015498, 0.0, 0.0, 0.0, 0.0, 0.0, 0.0, 0.0, 0.0, 0.0, 0.0010390430917601163, 0.0], "grad": [-36903.34305544639, -173.2290748922594, -338.5168893123874, -3937.3399904805224, -8218.340483207941, -8957.19483624123, -56240.63961722643, 47016.1081637999, -49893.1912639239, 18414.948279235407, 84346.20089449221, -24764.619240280757, 84795.40940754398, -42761.85275235479, 31220.7127534283, 75000.15785152788, -114464.92128560803, 10701.462341697103, 11726.21147416389, -31277.92965687437, 112401.32121721786, -4157.667023880711, -51805.51213720084, -42140.07358387956, 54097.376989060824, 59161.414935512614, -50188.80651292397, -61014.96770680827, 142855.90875397352, -7065.91351613353], "optimality": 142855.90875397352, "nfev": 168, "njev": null, "status": 3, "message": "`xtol` termination condition is satisfied.", "success": true, "res_time": 2363.242002999992, "tension_error": [1.295879683911678, 2.3157951027498265, 0.12173286331987221, 1.32016622637664, -1.360892849719638, 0.9204430495833587, -1.838848839305344, 0.40299185673020577, 1.2984574198423504, 1.7752473071432493, -0.10465715994477709, -0.0038232717594645447, 0.25102731075273066, 0.18007860555464208, 0.13264118657745147, -0.44875104342772587, 0.31091977174934016, -0.5843347885626805, 0.10717651133999331, -0.23226421976279638, 0.015071612623752829, -0.2662190786399077, 0.043808777722097694, 0.08065141253632481, -0.5862774147980586, 0.14928333659167758, 0.2633375073036117, -0.05136939969617474, 0.9895668961911157, -0.3862323238433367], "git_revision": "018ef57f2e70e762a509d3bbb7a77c8182022b6e", "linregress": [6.037744771509849, 0.1965833604871885, 0.5968747561527133, 0.0004981182399939606, 1.5337972275922866]}