{"x": [0.005256397140160548, 0.13210718758772386, 0.27076577532426377, 0.30189992374666924, 0.1575406134104821, 0.030181137281635136, 0.11922074666797138, 0.13764924084950828, 0.4370570089016604, 0.2950082371523205, -0.01608667996963964, -0.011232209979331616, 0.033893320830564844, 0.00806950862598287, 0.02644149314442696, 0.013372575005990754, -0.008109103775150669, 0.007420403650562084, 0.01004681459450489, -0.00853302951767297, 0.04698530617528365, 0.011331059940969541, 0.011374867627300451, 0.03178557648328385, 0.04650829527297897, 0.09072698100566555, -0.024282121092810183, -0.008896386010012918, 0.11095114651980448, 0.04384433689534934], "cost": 9.924183656490285, "fun": [1.3989704285253388, 0.9946507294559838, 1.0307779697388941, 0.5857661596581007, 0.6451401084454089, 0.6610820690756355, 1.6746597919029673, 1.2065087997320123, 0.8754055297615518, 0.8051842440668467, 1.230734589940281, 0.9431602458958962, 0.5577599421711641, 0.6494737520691731, 0.6805650633337024, 0.7173807935947267, 1.5923598315250638, 0.6727191697675243, 0.6514897006885056, 1.2001885939990933, 0.0, 0.0, 0.0, 0.0, 0.0, 0.0, 0.0, 0.0, 0.0, 0.0, 0.0, 0.0, 0.0, 0.0, 0.0, 0.0, 0.0, 0.0, 0.0, 0.0, 0.0, 0.0, 0.0, 0.0, 0.0, 0.0, 0.0, 0.0, 0.0, 0.0, 0.004162931511968574, 0.0014170841522603951, 0.0, 0.0, 0.0, 0.0, 0.0005332349107703599, 0.0, 0.0, 0.0006213120031895983, 0.0, 0.0, 0.0, 0.0, 0.0, 0.0, 0.014317258349438363, 0.0007041105562388286, 0.0, 0.0], "grad": [-9422.325150071842, -59710.738065186175, -32151.12790404891, -35113.54151034141, -867.3216959989632, 42185.34181360951, 102906.603824736, 48587.85649265627, 59503.47417002582, -6269.105889945732, 16552.823768478207, -7444.119896311375, -3237.4605938600826, -14271.460548631341, 120814.82392371632, 17009.320525617106, -31649.800569033403, -487602.7279021425, -10499.855719092357, -25744.091959579873, -35843.08091691985, 13600.615544522196, -254399.1360281423, -50026.92701704836, -1162.6637584847936, 23592.89701307388, 91139.6545053765, 26228.19759115496, 18363.141173995802, 78879.33029188222], "optimality": 487602.7279021425, "nfev": 200, "njev": null, "status": 3, "message": "`xtol` termination condition is satisfied.", "success": true, "res_time": 3430.0305460000527, "tension_error": [1.3629814143617964, -0.06285302446681214, -1.3597502671911215, -1.8320442878025887, -0.4486690993689798, 0.9848819213420498, 0.13262972684499658, 0.6595804825686237, -3.882329469716849, -2.5340043344966667, 0.24402924589655603, 0.17038865298378078, -0.5141496902295901, -0.12241159197987489, -0.40110809965706123, -0.20285723347302712, 0.12301223638946193, -0.11256489906632244, -0.15240662422492782, 0.12944303997721876, 0.12317087223767467, 0.6640331780702374, 0.6633686309616992, 0.35374539610279343, 0.13040695892514143, -0.5403748651833438, 1.204272539333883, 0.9708763794733527, -0.8471683035197075, 0.17081826537368602], "git_revision": "018ef57f2e70e762a509d3bbb7a77c8182022b6e", "linregress": [8.292888075112367, 0.15666792964950416, 0.6213670612104402, 0.0002476511713321238, 1.9761887830564207]}