{"x": [0.13812700633245384, 0.059344784791689115, 0.09549562104243495, 0.31522928029085545, 0.18596083326067442, -0.06690742165559212, -0.00043450770675420973, -0.005018832748340286, 0.3845991425593788, 0.15729714301724598, 0.0, 0.0, 0.0, 0.0, 0.0, 0.0, 0.0, 0.0, 0.0, 0.0, -0.06087021113609624, 0.1022681136318026, 0.07078196958906255, 0.06768325624110476, 0.1666183958784248, 0.0559900977318481, 0.07232250959677922, 0.08220608816351166, 0.09492838935760516, 0.05307114961119089], "cost": 15.790508890877502, "fun": [1.3484709111399498, 1.5565024081112486, 0.8004686661201217, 0.4222807102823809, 0.780752021401148, 1.3870633247041986, 1.7653186614425482, 0.972083384591254, 0.9882915711069924, 1.049581767410452, 2.4626200411958057, 1.691009517873005, 0.9449606179810633, 0.96615859890881, 0.7597999368205253, 0.7631350541759283, 1.614917532248934, 0.8950822181615585, 0.9891215207377847, 1.1872457518910726, 0.0, 0.0, 0.0, 0.0, 0.0, 0.0, 0.0, 0.0, 0.0, 0.0, 0.0, 0.0, 0.0, 0.0, 0.0, 0.0, 0.0, 0.0, 0.0, 0.0, 0.0, 0.0, 0.0, 0.0, 0.0, 0.2995179693631137, 8.203372858258244e-08, 0.00012641778289112845, 0.0, 0.0, 0.0, 0.0, 0.0, 0.0, 0.0, 0.0, 0.0, 0.0, 0.0, 0.0, 0.22553524738823194, 0.0, 0.0, 0.0, 0.0, 0.0, 0.0, 0.0, 0.0, 0.0], "grad": [-379484.6470716323, 236565.98946225294, -756.0473669217045, -135636.76940183283, 88724.44564022403, 152966.88994042896, 208931.6017967557, -61677.54672556957, -166427.29878745103, -51318.16793937312, -165024.70540821287, 238287.47885337783, -27333.02144590039, -174232.37165173894, -177471.80029821623, -24500.52199706497, -107040.66419963114, 54018.46552525361, -164227.04741681478, -129565.04534478189, -126218.00149590646, -307253.2865119546, 116037.63906214171, 69875.86633869365, -57783.57153454036, -96864.1142929874, 189524.28994724056, -7863.066933051727, 79335.24658791462, 159811.6332494401], "optimality": 379484.6470716323, "nfev": 49, "njev": null, "status": 3, "message": "`xtol` termination condition is satisfied.", "success": true, "res_time": 1465.6832389999763, "tension_error": [-0.6526187358373551, 1.0409268926726458, 1.2990359869203192, -2.034245912494756, -0.8797937833526152, 2.457681023913221, 1.9477576182267367, 2.8238047028119535, -3.0865621896435784, -0.4449757396097456, 0.0, 0.0, 0.0, 0.0, 0.0, 0.0, 0.0, 0.0, 0.0, 0.0, 1.759300925483744, -0.715449765465049, -0.23781609578048218, -0.19080971018824916, -1.6916207889149253, -0.013428631025354546, -0.26118554286751805, -0.41111593428147186, -0.6041087440049712, 0.03085077964480782], "git_revision": "018ef57f2e70e762a509d3bbb7a77c8182022b6e", "linregress": [11.839141488197386, -0.027679756835070957, 0.7896937253615215, 2.1256733668733685e-07, 1.7381929365932995]}