{"x": [0.10775183112197198, 0.23645449332628266, 0.029466967007484635, 0.14298596027961943, 0.04426049587380739, 0.1630379453099547, 0.03287903311043279, 0.2455047320303477, 0.30319964570583346, 0.3068312686808948, 0.035265974072004484, -0.011069561513515971, 0.0073127826402993226, 0.0010018589435190212, -0.007389679195020086, -0.00020919307728424038, -0.012098026845748986, 0.016413091390944223, -0.0033825201464038166, -3.319430370774471e-05, 0.015141281119970403, 0.022453444938322083, -0.0016136945356695883, 0.08914766555748649, 0.0901335671907827, 0.11847641011485033, 0.04077960700265378, 0.04871724104890781, -0.008181132097512513, 0.0391689205819349], "cost": 8.848579134798502, "fun": [1.1287728797721222, 0.8771285977321915, 1.3647338584597728, 0.9511256957375496, 0.7646234473583837, 0.9882594080209527, 0.5991010052044197, 1.164376647788033, 0.9026752817771325, 0.6610612711451161, 0.9122527077830531, 0.9364534342052457, 0.8959817582751765, 0.8057640144186593, 0.7433421350048656, 0.8345626730589752, 1.0744066384147317, 1.2085353731684028, 0.9562240238901076, 0.6474511362834167, 0.0, 0.0, 0.0, 0.0, 0.0, 0.0, 0.0, 0.0, 0.0, 0.0, 0.0, 0.0, 0.0, 0.0, 0.0, 0.0, 0.0, 0.0, 0.0, 0.0, 0.0, 0.0, 0.0, 0.0, 0.0, 0.0, 0.0, 0.0, 0.0, 0.0, 0.0, 0.0013564108465382056, 0.0, 0.0, 0.0004035308617806803, 9.15465380758764e-09, 0.0017706944727788035, 0.0, 3.870090989827136e-05, 3.657553518808421e-11, 0.0, 0.0, 4.202076795694451e-06, 0.0, 0.0, 0.0, 0.0, 0.0, 0.0005475707175378025, 0.0], "grad": [1503.9943292690907, -7627.260153014326, 14464.473026694423, 11540.2744076544, -5933.094047385738, 6871.253890274884, 8965.300609857526, -13033.597959799788, 12691.30713738595, 2302.26066089391, 7254.684187206412, 6084.601625538181, 1181.0460456699345, -2678.5982368198665, -16888.735645844827, -1591.1255269612661, 6995.114457259082, 4973.405287096889, 11148.188382897846, -9507.419279414898, -1332.3716394681005, 13309.125085542928, 14956.216269998662, -1417.7508892024312, -6133.117371188024, 5595.408267506077, 10960.147129392868, -2354.588325508992, -5315.8553859149515, -24521.180990936184], "optimality": 24521.180990936184, "nfev": 229, "njev": null, "status": 3, "message": "`xtol` termination condition is satisfied.", "success": true, "res_time": 2136.7512609999976, "tension_error": [-0.19183807043099912, -1.645764748873318, 2.300667316823283, 0.5786243362072003, 1.2697502208213758, -1.0305088700805636, 1.4424029857540928, -0.9765491742863882, -1.8517606102612088, -2.7133555414314947, -0.5349723544473257, 0.16792133327989334, -0.11093232640206775, -0.015197845854028249, 0.11209881994181406, 0.0031733849988187907, 0.1835227886410517, -0.2489807917185225, 0.051311634353059264, 0.0005035458476920054, 0.6062334703141631, 0.4953105312221874, 0.8604005254167439, -0.5164172083778823, -0.5313729874793204, -0.9613238908589005, 0.21730913396823814, 0.09689803272385934, 0.9600262305786491, 0.24174267733241667], "git_revision": "018ef57f2e70e762a509d3bbb7a77c8182022b6e", "linregress": [8.521571034574436, 0.1354775825755088, 0.7559604562475926, 1.359400925723081e-06, 1.3945337917371279]}