{"x": [0.10719833733351579, -0.0230431932377127, 0.25170684555985406, 0.27470590579828447, 0.21791330391886335, -0.012254888828906107, 0.132679263738604, 0.08905361820882834, 0.19580403867856824, 0.16661119763939836, -0.013450036946747167, 0.001694910799115806, -0.00582753842864833, -0.02253659843724521, -0.003405306758463399, -0.0007942847798777189, -0.017670145063443537, 0.010645268157400006, -0.00045751667505688825, -0.00772018602260891, 0.06387040083943618, -0.030232485643431176, 0.04478648254649862, -0.015273155799159064, 0.10279883257270035, 0.05464551370168675, 0.051534542364007445, -0.03138122553155026, -0.03522112053309208, 0.09674475422385515], "cost": 14.536116703469844, "fun": [0.917178782972338, 1.1900959711485457, 1.3682392674491966, 1.0767609734734587, 0.8144947991545051, 0.8694654093878249, 1.1452106447961203, 0.8935582819331988, 1.3524872786977031, 1.084474817075268, 1.2002393690510123, 0.9794885328972572, 1.4524415257618448, 1.4846864717683754, 0.767514399062298, 0.9927275733337022, 1.2924455371515693, 1.8117876479494222, 1.7900071885278566, 0.8938938591988713, 0.0, 0.0, 0.0, 0.0, 0.0, 0.0, 0.0, 0.0, 0.0, 0.0, 0.0, 0.0, 0.0, 0.0, 0.0, 0.0, 0.0, 0.0, 0.0, 0.0, 0.0, 0.012235676479082871, 0.0, 0.0, 0.0, 0.0018404673931288308, 0.0, 0.0, 0.0, 0.0, 0.0024331586763318685, 0.0, 0.0001979043946552834, 0.011446299338166372, 3.948832578214891e-05, 5.011049836632608e-07, 0.005517220543113731, 0.0, 9.576808033751603e-08, 0.00046013290875100915, 0.0, 0.027632588264710402, 0.0, 0.0035627581797815586, 0.0, 0.0, 0.0, 0.030903644572322943, 0.04369276267111116, 0.0], "grad": [352779.51571725844, -152751.57335840559, 420656.4289850626, 1221903.787422832, -108089.78562696202, -219833.79968653456, -107738.95019412231, -14048.899771295884, 67562.04671555666, -688931.8893116128, -364148.03399787645, 100842.22654213419, 248928.40500949888, -88099.66074545597, 508389.5242948, -93135.85504989055, -167185.21913012877, -62991.580490971726, 220203.0593322243, 236184.45324015265, -358267.5877041165, -440667.37747292325, -490026.78480965015, -140957.91214722418, -70116.91290025439, 239084.5102662062, -441166.9502597363, 596867.0392959998, 570939.3137775685, 13666.141962993477], "optimality": 1221903.787422832, "nfev": 77, "njev": null, "status": 3, "message": "`xtol` termination condition is satisfied.", "success": true, "res_time": 2455.9521439999808, "tension_error": [-0.1834417654096829, 2.290723381904807, -1.0706330430788729, -1.4195206530087023, -1.3645014628716694, 1.6286214294410548, -0.07153121735422953, 1.396758891616341, -0.22260723337249752, -0.5862666542032366, 0.20403230371897885, -0.025711197397521465, 0.08840169698534193, 0.3418722279608854, 0.051657299199250765, 0.012049019202625048, 0.26804985135857545, -0.16148495312393144, 0.006940366154479615, 0.11711249162872403, -0.13297004220592923, 1.294537465150653, 0.15652624904660117, 1.0676097219553398, -0.7235005841034953, 0.0069682331842948145, 0.0541605681454215, 1.3119634429880969, 1.3702132921376224, -0.6316623566472641], "git_revision": "018ef57f2e70e762a509d3bbb7a77c8182022b6e", "linregress": [5.545403198958909, 0.243175141435317, 0.5457965470002019, 0.0018101343148045515, 1.608883920817216]}