{"x": [-0.04898859555466743, 0.04109517109123777, 0.21793244528567493, 0.20259837349863252, 0.19288508187640135, 0.03464156940958731, 0.09081156776456967, -0.09030443724749584, 0.29320622995717527, 0.08344058422914204, -0.06111516656883029, 0.06130765009963765, -0.03492023700523113, -0.009234866939017176, 0.00976623276399986, -0.05498316391947989, -0.014445561960637872, -0.02628095373746979, -0.010814255806832998, 0.042618108051106385, 0.12844836706803786, 0.030711651764984218, 0.010091680025413441, 0.04254952908428306, 0.04958701134697584, 0.0741216970068215, 0.00176742641058264, 0.05659654510849752, 0.06890922680002709, 0.05857031716496076], "cost": 22.38357100667616, "fun": [2.0223032057612205, 1.27723094193605, 1.172252025220611, 0.7936115741524614, 0.5567711261226541, 1.239232351416, 1.0830947616329376, 1.5998334815302042, 2.056303603801485, 1.904217812881989, 1.9567456651045052, 1.5810073243920002, 1.0009129194630932, 0.8789278838322634, 1.1955393840477353, 1.2560416223475963, 2.221087931238413, 1.50828800382268, 1.732944639926398, 1.2846828651072462, 0.0, 0.0, 0.0, 0.0, 0.0, 0.0, 0.0, 0.0, 0.0, 0.0, 0.0, 0.0, 0.0, 0.0, 0.0, 0.0, 0.0, 0.0, 0.0, 0.0, 0.11756687289780812, 0.0, 0.0, 0.0, 0.0, 0.0, 0.0, 0.7364228774801824, 0.0, 0.0, 0.22826903312630514, 0.0, 0.04258253851097155, 0.0007875750089579444, 0.0, 0.16622225933435295, 0.0030144169576008383, 0.018151953286875393, 0.0012647069794123043, 0.0, 0.0, 0.0, 0.0, 0.0, 0.0, 0.0, 0.0, 0.0, 0.0, 0.0], "grad": [10573.927251997944, -88129.42511216254, 64757.65846205057, -16813.527037900716, -1228109.0703783447, 124278.8970562135, -64758.616401909305, 97262.77728448588, 72812.22524288658, 28014.693709405125, -37781.133375162084, -117142.20794528528, 46129.69984765853, 52036.253272623435, 64519.95622965261, -113581.15911760392, 1318012.678595695, -38260.32985739832, -26884.838288420025, -316797.3743097085, 62881.8151550286, -289438.8469948344, 15096.341410534897, -67423.35240728731, 180119.23294581345, -77351.55276432945, -77680.0796798174, 48845.2882519515, -51719.27946605109, -127109.27429615392], "optimality": 1318012.678595695, "nfev": 141, "njev": null, "status": 3, "message": "`xtol` termination condition is satisfied.", "success": true, "res_time": 3656.029508000007, "tension_error": [2.18585876916502, 1.317767078318756, -0.5582873356320055, -0.3256748896967465, -0.9848321860115306, 0.9172187434451052, 0.5635869235705785, 4.117557160810723, -1.7001640276426475, 0.6754021369683141, 0.9270954627543421, -0.9300153698426336, 0.5297276454183389, 0.1400896654459821, -0.14815029708721877, 0.8340751512182892, 0.21913406610061398, 0.39867277363016346, 0.1640484360013675, -0.6465016267419665, -1.112594951139326, 0.3700364542733379, 0.6828341330679931, 0.19046004194360633, 0.08370392490662537, -0.2884785795741488, 0.8091101164351406, -0.022628223251905104, -0.2094072499882467, -0.05256964730083567], "git_revision": "018ef57f2e70e762a509d3bbb7a77c8182022b6e", "linregress": [6.232082901260825, 0.32603024894104365, 0.4827297188445476, 0.006895387492914428, 2.1366821873139794]}