{"x": [0.051795450062560124, 0.004207681995430599, 0.1441688779323385, 0.20155127184535732, 0.29289089022610953, -0.08603327143078147, 0.13310993446212072, 0.015383366497667512, 0.1858543120039273, 0.2353186455441075, -0.02000588478845996, -0.01552095188038381, 0.0033143483420840403, -0.03820060889144996, 0.0025428126290066473, 0.0072819350856053525, -0.013595765517090425, -0.00016192370449682512, -0.007316452649539331, -0.008363013811136934, 0.045236919263487975, 0.06349776528378014, 0.06790922777412621, 0.034611579169320776, 0.11959044676659833, 0.07093705269961885, 0.0137112051647011, 0.02511457650565309, 0.09333478414174387, -0.0450263201868161], "cost": 13.40974593804534, "fun": [1.0801590613170404, 1.1738458731252945, 1.1132643987643907, 1.0427814370625128, 0.8981514042219778, 1.3763135806877005, 1.0660094487771177, 0.9992505200455708, 0.9078372524667464, 0.9122241336325074, 1.0310210993601234, 1.0948504312106662, 1.1363606420194678, 1.1320437910616847, 0.8420573481159744, 1.1466460390638138, 0.7254362548504872, 1.1597856176632373, 1.3531402348227, 2.116173274723027, 0.0, 0.0, 0.0, 0.0, 0.0, 0.0, 0.0, 0.0, 0.0, 0.0, 0.0, 0.0, 0.0, 0.0, 0.0, 0.0, 0.0, 0.0, 0.0, 0.0, 0.0, 0.0, 0.0, 0.0, 0.0, 0.6367945121459418, 0.0, 0.0, 0.0, 0.0, 0.008007063824199858, 0.0037389964896141757, 0.0, 0.05574563359876636, 0.0, 0.0, 0.002513107101625704, 4.2455239310077686e-09, 0.0003916532176393386, 0.0005849091859949662, 0.0, 0.0, 0.0, 0.0, 0.0, 0.0, 0.0, 0.0, 0.0, 0.09128498867469276], "grad": [26360.515786519638, 54130.18583218465, -13584.25656880553, -81764.29330676534, 33493.1734611407, 192140.10287072894, 26395.610077818346, 27508.875077695666, 22121.996280310253, -31135.171197720025, 104931.52311172734, -31002.359898232397, 33407.6555982509, 50940.391827280415, 37178.8967323649, -46778.25270485415, 8746.796274894808, -131959.0761691981, 101989.80844345679, -63600.75995473724, -40557.098324660954, -52584.94069204535, 53567.91541946477, 32791.63667604115, 19435.179523653373, 84082.43474235854, 72971.92764359323, 2565.110456502702, 71746.28086172945, -34682.493731029535], "optimality": 192140.10287072894, "nfev": 139, "njev": null, "status": 3, "message": "`xtol` termination condition is satisfied.", "success": true, "res_time": 2167.829766000039, "tension_error": [0.6570004406104122, 1.877337242209379, 0.5606798937681414, -0.3097907279363314, -2.5018849304505983, 2.7478134009219515, -0.07806433991823003, 2.514310555726855, -0.07167339855562516, -1.6285343397235992, 0.30348219692535033, 0.2354473508589132, -0.0502774921912857, 0.5794897267903212, -0.03857356828654755, -0.11046437990695941, 0.2062429545924695, 0.0024563253310012968, 0.11098799914429691, 0.126863961837114, 0.14969328335209592, -0.1273172926135579, -0.19423761842670398, 0.31087593480457876, -0.9782234328738013, -0.24016865172066193, 0.627927216792479, 0.45494210648613836, -0.5799343164775141, 1.5189547031608597], "git_revision": "018ef57f2e70e762a509d3bbb7a77c8182022b6e", "linregress": [6.121012302087616, 0.25961770384359245, 0.4761763464355349, 0.00781491166438093, 2.1361812162615395]}