{"x": [0.14376103608419333, 0.13915798189991405, 0.19707491057402057, 0.1507106075609482, 0.08508209020803688, 0.008352601861775206, 0.2268231661350681, 0.1832813752346172, 0.11508399554211883, 0.12556927398044454, 0.009946317450100767, 0.02558420648540928, 0.003722410702311839, 0.0017415769260258585, 0.01944086319310227, -0.013958873304383827, 0.00013528798046114375, 0.024114871127586653, 0.004495708599810029, -0.0005208105595243877, -0.009194561454569494, 0.07723226505787834, 0.04286276567702498, 0.05109661480623056, 0.09981236851794711, -0.00563666575592204, 0.06844634854900655, 0.032041595158083115, 0.10209370617505424, 0.08730942420886191], "cost": 7.527588056653984, "fun": [0.8464450112584442, 0.6300073201005951, 0.431341302801701, 0.7346993522991215, 0.5898679633731672, 0.8972605282543916, 1.1419412595662612, 0.586025141931251, 0.8881865850701155, 0.9897692241429429, 1.2177731090652353, 0.8706227465518678, 0.7450931842795204, 0.5692584620665486, 0.7614923923048768, 1.1701822625919802, 0.7249484220492375, 1.1349565287603787, 0.6877759642804252, 1.136165863791134, 0.0, 0.0, 0.0, 0.0, 0.0, 0.0, 0.0, 0.0, 0.0, 0.0, 0.0, 0.0, 0.0, 0.0, 0.0, 0.0, 0.0, 0.0, 0.0, 0.0, 0.0, 0.0, 0.0, 0.0, 0.0, 0.0, 0.0, 0.0, 0.0, 0.0, 0.0, 0.0, 0.0, 0.0, 0.0, 0.0027198884724296646, 0.0, 0.0, 0.0, 1.412665513492448e-07, 0.0007773078607300544, 0.0, 0.0, 0.0, 0.0, 0.00017908814915441182, 0.0, 0.0, 0.0, 0.0], "grad": [-6740.159245241155, 24015.83636864573, -2934.308618193487, 7493.117363538928, -1214.178947599241, 16530.693381001263, 10342.319756190953, -14486.919899842533, 3154.9910566723565, -20424.79109397681, 6313.410088580833, 15141.643975780347, -4549.9480973913505, 14228.999257172229, 26356.881462294466, -2727.1165118884105, 18621.354554483813, -16266.586588321283, 8085.251564220723, 12830.043921910443, -4762.109072803934, 22827.652484778053, 12549.663109070272, -367.82096668328313, 15632.867525666185, -19832.867960922507, 17108.165779366864, -13187.786832574468, 9131.048417356595, -11835.136543594024], "optimality": 26356.881462294466, "nfev": 320, "njev": null, "status": 3, "message": "`xtol` termination condition is satisfied.", "success": true, "res_time": 2319.435752999969, "tension_error": [-0.7380849746306011, -0.1698110805867066, -0.24188591056777128, 0.4614441688614725, 0.6505010718063041, 1.3160130837439836, -1.4996609216143155, -0.032642857714429666, 1.0018872734182958, 0.03632481274585567, -0.15088211808631002, -0.3881033642292358, -0.05646765387990599, -0.026419106038724337, -0.2949110191502824, 0.2117511713083865, -0.0020522708174159367, -0.3658140664987337, -0.06819830949909046, 0.007900511997227652, 0.9753995955140359, -0.33566479681983963, 0.18570835361150298, 0.060803774318684334, -0.6781969805908975, 0.9214275760570597, -0.20238555062258268, 0.34986168335009304, -0.7128040660274171, -0.4885317372348411], "git_revision": "018ef57f2e70e762a509d3bbb7a77c8182022b6e", "linregress": [2.173675243819324, 0.2777602331020136, 0.3395384391741137, 0.06640623982465306, 1.137962784140124]}