{"x": [0.04322574939298997, 0.04792773615362818, 0.2641141419180219, 0.14140646175657887, 0.0870691687979151, 0.18602683722172747, 0.15629479082812367, 0.27015469941605813, 0.006289178935092865, 0.189072411769805, 6.332186562285204e-07, 5.641986274310104e-07, -6.942629917362855e-08, 4.122714514339912e-06, 3.437362551570656e-08, 1.3595427583044926e-06, -8.642913392008379e-07, -5.55625270609689e-07, 1.9473129371519232e-07, 1.1518153976590522e-06, 0.04352662920513252, 0.028223044792652294, 0.003529981310348981, 0.07156323988564514, 0.09017097639026692, 0.0077910663066517016, 0.014097697716753113, 0.11436427501559543, 0.03904893571167543, 0.005931271567557584], "cost": 7.20066627037789, "fun": [0.7825819884979525, 0.8886039995410421, 0.8253175473576705, 0.6236281407364911, 0.9660368391544721, 1.274454818677903, 0.560255358424626, 0.8505898698544457, 1.1125389004011133, 0.8981979018131973, 0.6434789611454966, 0.20015175198930016, 0.9760011599082373, 0.4844951496294342, 0.9229446490627602, 0.5078781663230785, 0.6756855149014224, 0.7687876536423832, 1.1505940843630293, 1.080373628298735, 0.0, 0.0, 0.0, 0.0, 0.0, 0.0, 0.0, 0.0, 0.0, 0.0, 0.0, 0.0, 0.0, 0.0, 0.0, 0.0, 0.0, 0.0, 0.0, 0.0, 0.0, 0.0, 0.0, 0.0, 0.0, 0.0, 0.0, 0.0, 0.0, 0.0, 0.0, 0.0, 3.346355268826908e-19, 0.0, 0.0, 0.0, 6.456252146740842e-16, 1.715323231370596e-16, 0.0, 0.0, 0.0, 0.0, 0.0, 0.0, 0.0, 0.0, 0.0, 0.0, 0.0, 0.0], "grad": [-36817.09997734547, -52401.29510346582, -20416.24424755959, -34949.472536079644, -90948.05128724576, 5530.879400851745, -70775.28832683738, 43915.6049523119, 3167.12665263245, 56841.61772596692, -48423.68011237767, 10129.417978173147, -33269.87639414218, 57268.353080103174, 42464.345103155545, -3829.8564145869927, -9608.31510491355, -84220.5890059717, -38.93775482008232, 57120.68426376208, 66383.84762254902, -55388.14574063827, 49614.74859709712, 74667.60875151352, -27573.90225579677, -91933.49762002073, 46247.548551983265, -41286.25633371678, -12625.621231663386, -65214.32281297163], "optimality": 91933.49762002073, "nfev": 95, "njev": null, "status": 3, "message": "`xtol` termination condition is satisfied.", "success": true, "res_time": 1412.1788039999665, "tension_error": [0.7869997689927287, 1.2141194827389927, -1.2588473408465313, 0.6025847701935643, 0.6203577923514798, -1.379242230091145, -0.42977041139435757, -1.3504804617777977, 2.6522661647851136, -0.9269953288899243, -9.605703069788734e-06, -8.558693642672477e-06, 1.053172405039695e-06, -6.254012113623792e-05, -5.214357424378098e-07, -2.062378282525136e-05, 1.3110993948916714e-05, 8.428638851761134e-06, -2.954004856655556e-06, -1.7472632229475303e-05, 0.1756377786732276, 0.40778774191859557, 0.7823727819538794, -0.24966768987424467, -0.531940471805294, 0.7177336295426081, 0.6220642614654699, -0.8989442557079682, 0.24356280538019748, 0.7459460579964631], "git_revision": "018ef57f2e70e762a509d3bbb7a77c8182022b6e", "linregress": [7.652629428569797, 0.048779005629877914, 0.7991505170537172, 1.1888599918954296e-07, 1.0878579530195263]}