{"x": [0.08963576896927014, 0.09360604989705869, 0.11979638353808263, 0.16161135182568429, 0.16857016760890725, 0.04144973478516562, 0.11081530730856215, 0.1709653154847916, 0.006357137399386606, -0.01782939275958779, -0.00046913550219616386, 0.00037963144351360986, -0.0006354446050589868, 0.00022424989067526484, -0.0004945916199284047, -2.076336034065657e-05, -0.00025806808571298084, 0.00023543417353444755, 0.00019855110230973882, -0.0007033740760360921, 0.10902130743526278, 0.061778105846928284, 0.021298370654787832, 0.00825260761211593, -0.04368907727759209, 0.13103816451241132, -0.009152003207017256, 0.025496623045931508, 0.15364269367963504, 0.10359871882601361], "cost": 15.270394827582695, "fun": [1.4383782715027233, 0.5350116091218573, 1.0997440096552358, 1.2225741121578384, 1.3250581422226955, 1.431810538984696, 0.9105812118185178, 1.0172235327227328, 1.179648584506936, 1.2753547280318833, 1.4363657784167259, 1.0028829733288587, 0.8468081851444971, 1.0657669713500089, 1.931539893150294, 1.6073502100116124, 0.9153962839373525, 1.4745330522858513, 1.184975468723383, 1.0648924899612957, 0.0, 0.0, 0.0, 0.0, 0.0, 0.0, 0.0, 0.0, 0.0, 0.0, 0.0, 0.0, 0.0, 0.0, 0.0, 0.0, 0.0, 0.0, 0.0, 0.0, 0.0, 0.0, 0.0, 0.0, 0.0, 0.0, 0.0, 0.0, 0.0, 0.005667736565329286, 1.0325115043190828e-07, 0.0, 2.56586079280936e-07, 0.0, 1.2098743261057483e-07, 8.951440373950863e-12, 1.718711176051637e-08, 0.0, 0.0, 3.4798383740195426e-07, 0.0, 0.0, 0.0, 0.0, 0.08339089159843023, 0.0, 0.000766564125658958, 0.0, 0.0, 0.0], "grad": [-44174.18291093706, -3568.8074735486734, 25816.535719841304, -8695.145215073575, 53804.80471761119, -125799.26227917809, -18081.28663345854, -83194.97574300198, 17513.0512886004, 110195.81183243744, -42367.08808900925, -69777.46447466876, -19267.84089546111, 95508.5312082317, -1211.5042532054285, 16249.808008698321, 42373.864697528785, -19266.5014617059, 57033.71352735825, -105130.14218976941, -8625.68093978882, -89600.3885899766, 5892.100206717252, 7355.4732884993555, -38500.15917941216, 8110.024692436371, -66967.22618910464, -1962.299808505053, 125777.66271849579, -50018.475347808344], "optimality": 125799.26227917809, "nfev": 111, "njev": null, "status": 3, "message": "`xtol` termination condition is satisfied.", "success": true, "res_time": 1844.110066000023, "tension_error": [0.08297618546782087, 0.5211956179220724, 0.9304020141107603, 0.2960837335413718, -0.6159835358280014, 0.8139412824850464, 0.26013726924510894, 0.15418741297157293, 2.651235258916085, 2.211631872573287, 0.007116619653048057, -0.0057588747369928875, 0.00963946992631402, -0.003401791532942138, 0.007502779956191816, 0.00031497283316206766, 0.003914801591463329, -0.0035714531484632474, -0.003011950002114756, 0.01066993597698329, -0.8178933271174164, -0.10123066713422636, 0.5128325995978463, 0.7107322111682068, 1.4986692011595562, -1.1518812624582575, 0.9747540019498915, 0.4491465955853506, -1.4947839755684182, -0.7356345756771108], "git_revision": "018ef57f2e70e762a509d3bbb7a77c8182022b6e", "linregress": [5.396387550124679, 0.21227195766060114, 0.49666755442822275, 0.005240936589280873, 1.7821672609605637]}