{"x": [0.14804811575009486, 0.2524146957750143, 0.07914400648293163, 0.12317955509051848, 0.18298119365449847, 0.10634198451287544, 0.027124603928201308, 0.07161535227237177, 0.08813884765235151, 0.33245297836582527, 1.5661904811621586e-06, 3.697400443237569e-07, 2.3987672472354346e-06, -4.54324404365734e-07, -1.153488177347415e-06, 1.4510420072188184e-06, 3.144493718872028e-06, 4.10199481090172e-07, -4.009256219655975e-06, -1.630883964557171e-06, 0.033512472205887246, 0.03725832976865194, 0.03453227701236246, 0.046570334244285215, 0.1199972220826049, 0.062317530415160395, 0.055111726402716915, 0.06347160427119916, 0.0351251492625938, 0.07838620189803296], "cost": 9.677456410624522, "fun": [0.8565956420690801, 1.0232730609259115, 1.3969228928831023, 0.8197206711955572, 0.8319480791454191, 0.6341979559185212, 1.2010635045414026, 1.012281216479875, 0.7975342546664658, 1.2514177014702437, 1.2133909996295855, 0.8354222646789298, 0.8819650150331839, 0.9828552088493226, 0.7118895905998669, 1.1150634895852374, 1.0742137771067202, 0.4889365578547023, 0.9724304304480365, 1.0881780982808582, 0.0, 0.0, 0.0, 0.0, 0.0, 0.0, 0.0, 0.0, 0.0, 0.0, 0.0, 0.0, 0.0, 0.0, 0.0, 0.0, 0.0, 0.0, 0.0, 0.0, 0.0, 0.0, 0.0, 0.0, 0.0, 0.0, 0.0, 0.0, 0.0, 0.0, 0.0, 0.0, 0.0, 9.37774021593008e-17, 1.534756363533017e-15, 0.0, 0.0, 0.0, 6.444532746776534e-14, 4.3377966379999925e-15, 0.0, 0.0, 0.0, 0.0, 0.0, 0.0, 0.0, 0.0, 0.0, 0.0], "grad": [17787.732002701472, -67377.55375940555, -2230.7426454466945, -17298.927523970182, 3421.6324916577178, -34770.55762124103, -36887.92856382587, 6598.931794289622, 8849.649529054797, -41312.297233314704, -867.4589123211531, 78595.75128986544, -5049.12806194826, 20983.05008209928, 7196.520581401872, 11324.650578406137, 10021.573341426192, 7173.8315294455715, 10985.684953601554, 20164.26838144079, -32660.293197871877, 34086.55277944359, -3694.230947007896, -536.1023295451225, -25597.231205962868, 29542.834150379313, -41668.02678209983, -1616.4885387476713, -118689.69294107181, -27180.74794007755], "optimality": 118689.69294107181, "nfev": 68, "njev": null, "status": 3, "message": "`xtol` termination condition is satisfied.", "success": true, "res_time": 797.7303700000048, "tension_error": [-0.8031184569863667, -1.8878753755079571, 1.547084196847885, 0.8790804981585725, -0.8345937043113886, -0.17045119597977865, 1.529695641327233, 1.6612912186252946, 1.4106356374387679, -3.1020278159340213, -2.375855569761344e-05, -5.60882570949205e-06, -3.638845078841546e-05, 6.891940537078743e-06, 1.7498007705749627e-05, -2.2011794071500106e-05, -4.770085762823736e-05, -6.222581056284645e-06, 6.081899893173802e-05, 2.4739932961107287e-05, 0.3275489987278083, 0.27072566426708944, 0.31207892047949937, 0.1294658496712349, -0.984394070556764, -0.10941354706048786, -0.00010404860874792252, -0.12692043930485317, 0.30308525811970854, -0.3531696105816997], "git_revision": "018ef57f2e70e762a509d3bbb7a77c8182022b6e", "linregress": [9.463177334460559, -0.0657228078987675, 0.7782284474790356, 4.138969391777844e-07, 1.4431037529494495]}