{"x": [0.02238922781413326, 0.15469127585451997, -0.04488725231930021, 0.16315726981158032, 0.049554005167460155, 0.10556589919610708, 0.12712817556612627, 0.09635033393797272, 0.10023564530453695, 0.22619992248276077, 0.0006688512489742554, 0.00011451423905120671, -0.0002089156070180823, -0.0009972820721900943, -0.0015753717111531532, 0.0010132604296907268, 0.0003120420771750901, -0.0007880781858765839, 0.00201955922860276, 0.0009333210951218145, 0.046935551294332356, -0.04138216888275044, 0.1247940622857348, 0.025994969698106295, 0.05147503468964342, 0.06836173978864209, 0.06729582928885802, 0.0016324598641254161, 0.095483422918828, 0.04619000127663535], "cost": 11.657629861432795, "fun": [0.9193389961272289, 0.7328033678103888, 1.3502154347582844, 1.448639129303678, 1.2287487106834747, 0.9128339766082828, 0.3875162924685463, 0.9484746772770594, 0.775072505314395, 0.8643108244509098, 1.070751624950184, 1.9625235858088985, 1.303239508738796, 0.9521877728649673, 0.97116979866872, 1.0180633453132832, 0.508778121675146, 0.9980595975647699, 1.2590241730086338, 0.9136501644114914, 0.0, 0.0, 0.0, 0.0, 0.0, 0.0, 0.0, 0.0, 0.0, 0.0, 0.0, 0.0, 0.0, 0.0, 0.0, 0.0, 0.0, 0.0, 0.0, 0.0, 0.0, 0.0, 0.09044177253182872, 0.0, 0.0, 0.0, 0.0, 0.0, 0.0, 0.0, 0.0, 0.0, 9.118274355473472e-09, 9.918683578873323e-07, 3.909751255838613e-06, 0.0, 0.0, 4.894495336045324e-07, 0.0, 0.0, 0.0, 0.07086629801840125, 0.0, 0.0, 0.0, 0.0, 0.0, 0.0, 0.0, 0.0], "grad": [8225.49556901958, -21460.582724615746, -65961.9739772563, 32133.04393759197, 23800.10798786819, 61182.416565272346, 26065.297458448647, -55443.726785019426, 62999.21056335188, -14681.419486638908, 101850.745611494, -7921.543460235498, 13934.292514267732, 9815.655611775708, 3273.840323521147, 118531.55472053433, 22773.89701734321, -67504.95318548597, 30910.953656017187, 22112.35606198584, -4553.729384163566, 99176.89732200092, -76145.2757390791, 44003.24454908646, -7274.422902779446, -548.10308474256, -21088.502898169074, 56131.908832739755, -137975.87673444743, 12967.77441158409], "optimality": 137975.87673444743, "nfev": 140, "njev": null, "status": 3, "message": "`xtol` termination condition is satisfied.", "success": true, "res_time": 1959.6746869999915, "tension_error": [1.1030824322639632, -0.4054456563466501, 3.4285945277696506, 0.2726327044273399, 1.1894495569482553, -0.1586782561960692, 0.012676827014877082, 1.2860702945742424, 1.2271314952293564, -1.4902065358262344, -0.010146236899857561, -0.001737140507104271, 0.0031691758730117837, 0.015128416334632607, 0.023897831709527254, -0.015370802366983835, -0.00473356795340897, 0.01195486736666253, -0.030635999257117193, -0.014158150933055846, 0.12392563618530916, 1.4636742166749948, -1.0571604399794967, 0.4415868531179923, 0.05506327851993737, -0.2011020656507333, -0.18493258034074778, 0.8111575112123961, -0.6125284068345989, 0.13523536628127256], "git_revision": "018ef57f2e70e762a509d3bbb7a77c8182022b6e", "linregress": [7.67582708548271, 0.020376481389882906, 0.6438063457996057, 0.0001237843024849372, 1.7240876040176587]}