{"x": [0.12307214504121887, 0.0550264479139753, 0.40739351589539435, 0.10803318803836776, 0.13461027775282375, 0.12551607105279933, 0.08393655683235259, 0.018202798898031388, 0.26709835842900603, 0.09693532817664781, -0.0013969832686672784, -0.007992287108616644, -0.001104188977201547, -0.002468951004304263, -0.00022638155925793616, -0.0004180246451407376, -0.009966656250803745, 0.005067865141213988, -0.0033073462966391126, 0.002382986668696083, 0.024393918686850362, 0.04466263867334812, -0.004168495766921662, 0.09919676029954448, -0.01210248419021198, 0.026997768258890786, -0.0027637098308834645, 0.07442865001493446, 0.04506309894022078, 0.034217896707529796], "cost": 8.475812008811124, "fun": [0.22276696161138873, 0.5469032508917344, 1.2622058804457077, 0.931564325300172, 0.9318366960217517, 0.4608252497799401, 0.8696619190522643, 1.0364398438220623, 1.2348175991354455, 0.8993197632520136, 0.5911943307811331, 0.2614495429285121, 1.618659457699074, 1.0915059866932781, 1.0683205543467826, 0.4845106001516201, 0.9595529128472879, 0.817264072876542, 0.8765456659132438, 0.9668514539646194, 0.0, 0.0, 0.0, 0.0, 0.0, 0.0, 0.0, 0.0, 0.0, 0.0, 0.0, 0.0, 0.0, 0.0, 0.0, 0.0, 0.0, 0.0, 0.0, 0.0, 0.0, 0.0, 0.0, 0.0, 0.0, 0.0, 0.0, 0.0, 0.0, 0.0, 2.7262998151146488e-06, 0.0005105205521242097, 1.3462639675968025e-06, 1.5050031699229826e-05, 1.160174032582813e-08, 7.304755105438391e-08, 0.00099003019233767, 0.0, 3.617753819160096e-05, 0.0, 0.0, 0.0, 7.24332704274602e-05, 0.0, 0.001772652354896735, 0.0, 2.110947003062959e-05, 0.0, 0.0, 0.0], "grad": [132388.45023574206, 55772.5731693729, 35257.24634962226, -19209.773780300555, 38487.7026615834, 16325.635215576402, -3963.2735922797574, -51067.06681760341, 55380.0463997777, -42186.33691251572, -33486.27731223174, 44418.63619252559, -20606.41276206849, 18701.720631752345, 36216.431065507844, -64336.9143801684, -22968.43477249015, 41742.95233823758, -31912.44245654613, 58435.61430471555, -84730.19402281131, -347.22924404171533, -94290.07235043473, -23954.693551270022, 87210.57272868461, 30216.301147087543, -171.55731436030612, -45279.50407415208, -6005.695865907866, -36998.3647501233], "optimality": 132388.45023574206, "nfev": 198, "njev": null, "status": 3, "message": "`xtol` termination condition is satisfied.", "success": true, "res_time": 2504.6222289999714, "tension_error": [-0.42424181437743125, 1.1064345358771248, -3.432344771653696, 1.1088455296495037, -0.10082401702420904, -0.46131530765003453, 0.6678784079841331, 2.4715407633386413, -1.304116849915022, 0.4706916438589819, 0.021191742126179598, 0.12124016887172377, 0.016750156274776638, 0.03745311356184148, 0.0034341281914516885, 0.006341286027470763, 0.151190650499919, -0.07687772188232304, 0.05017127363824157, -0.036149064992960014, 0.4658742307282933, 0.15840491680345734, 0.8991559565594448, -0.6688584216347897, 1.0195117549927815, 0.4263747536023535, 0.8778458507287531, -0.2931349481496941, 0.1523300761824651, 0.31684795851953207], "git_revision": "018ef57f2e70e762a509d3bbb7a77c8182022b6e", "linregress": [9.041523136590326, -0.017781558823712684, 0.7467510570556174, 2.1446609390918877e-06, 1.5218647724755043]}