{"x": [0.08101266468850978, 0.07051266842849432, 0.1357364967409473, 0.16067496213119115, 0.06308267186759996, 0.07623575092249653, 0.11487018999528016, 0.1391084256795321, 0.12540004217934345, 0.07567846895240113, 0.08746806736549376, 0.11161903257453794, 0.049142114248887835, 0.12226513015175301, 0.13430118292533247, 0.07182952686404527, 0.11260651124099902, 0.0996626240823158, 0.1340699671951166, 0.07813014430015797, 0.06927615658079786, 0.09625710107969038, 0.016816920456625698, 0.0557846544661292, 0.06304279885650901, 0.11611477390201638, 0.13006646681341955, 0.019242814680347314, 0.1217626752825345, 0.0934073041458055], "cost": 2.886549783542485, "fun": [0.30949010157455237, 0.5568824028295716, 0.8156331710037408, 0.3784882574575403, 0.5957375434376654, 0.5034175155079081, 0.652977854551799, 0.5157572263262955, 0.5416873338923159, 0.5689137630394, 0.426377059627361, 0.42270002633508635, 0.761070824684692, 0.5443677057298296, 0.38760687217927947, 0.5246007528758232, 0.5760326422088288, 0.44883883798032664, 0.6055209046434575, 0.28190838137488894, 1.1024992146033847e-07, 4.254147779732341e-06, 6.219270560203908e-07, 9.524255118893036e-06, 1.730034886243589e-07, 1.4926198824686307e-06, 5.874920690853443e-07, 1.8791977818824467e-07, 2.472234844162187e-06, 2.845364415111966e-08, 5.832691205284624e-07, 3.903365323469954e-06, 5.346975454730674e-06, 1.4486656636838973e-07, 3.902707811039762e-06, 1.6627624548783301e-06, 1.6754421477672436e-07, 1.183865260082001e-06, 3.129263785519338e-06, 8.719680717413016e-08, 0.0, 0.0, 0.0, 0.0, 0.0, 0.0, 0.0, 0.0, 0.0, 0.0, 0.0, 0.0, 0.0, 0.0, 0.0, 0.0, 0.0, 0.0, 0.0, 0.0, 0.0, 0.0, 0.0, 0.0, 0.0, 0.0, 0.0, 0.0, 0.0, 0.0], "grad": [3117.5962025389895, -47.350496910757656, 2857.179801823573, -4837.96060083816, 2219.4825293386766, 431.76087438803575, -743.0775995210186, -1947.898970201509, 174.36441397277218, -197.39616165314726, 1765.0168089183248, 4832.849128622585, -4242.595320267318, 1149.978980502892, -4089.373940803842, -3447.455063214208, -1987.174878850579, -397.6050717622348, -4642.6671114844785, -1202.3553354362755, -4351.908483316825, -229.38364164869574, 691.0071501779876, -2850.035675105759, 1020.7218802282136, -831.7866990206761, -483.0560751176261, 450.78080298981354, 2359.8370810455995, -1932.2946451076182], "optimality": 4837.96060083816, "nfev": 278, "njev": null, "status": 2, "message": "`ftol` termination condition is satisfied.", "success": true, "res_time": 1138.9971590000005, "tension_error": [0.1898733531149023, 0.2948733157150568, -0.3573649674094728, -0.6067496213119113, 0.36917328132400046, 0.23764249077503477, -0.14870189995280156, -0.391084256795321, -0.2540004217934344, 0.24321531047598877, 0.1253193263450625, -0.11619032574537932, 0.5085788575111216, -0.22265130151753007, -0.34301182925332463, 0.2817047313595473, -0.12606511240999013, 0.0033737591768420727, -0.34069967195116596, 0.2186985569984204, 0.30723843419202146, 0.037428989203096286, 0.831830795433743, 0.44215345533870803, 0.3695720114349099, -0.16114773902016377, -0.3006646681341954, 0.8075718531965268, -0.2176267528253449, 0.06592695854194502], "git_revision": "ec36e56dd006ef5715c6882890a8a7f5f3c70256"}