{"x": [0.052609129143168516, 0.09733808323542768, 0.12886889163700913, 0.12955926813157959, 0.08899438326937459, 0.060802224510721294, 0.08957322696858368, 0.14458874947408237, 0.14626383850056565, 0.08913472384230246, 0.09063413758972765, 0.13105907333899164, 0.0773100388968382, 0.1021756258924277, 0.12500879175893098, 0.09616904055571746, 0.10295276361052053, 0.07994304146021561, 0.08079949779755291, 0.09543874694253336, 0.09787807815128753, 0.12193662608161372, 0.10289856549297545, 0.05943792224175421, 0.10611803212065135, 0.11062878879130772, 0.1094517234088294, 0.08888590756315122, 0.0670652116115257, 0.08616282988436766], "cost": 0.7083015329330298, "fun": [0.2927038506535262, 0.1836697999898217, 0.3341065621523101, 0.29444843102622975, 0.2154236261843208, 0.05595784048032056, 0.36027969437723545, 0.1637158062617891, 0.30625394950195167, 0.24550035274149826, 0.2820341916562113, 0.24354761571986688, 0.4558298041524883, 0.058492152511489016, 0.13503164710368118, 0.3811199554134374, 0.3178639126276496, 0.15149984416686096, 0.3111664938268042, 0.06557373436395879, 0.0, 0.0, 0.0, 0.0, 0.0, 0.0, 0.0, 0.0, 0.0, 0.0, 0.0, 0.0, 0.0, 0.0, 0.0, 0.0, 0.0, 0.0, 0.0, 0.0, 0.0, 0.0, 0.0, 0.0, 0.0, 0.0, 0.0, 0.0, 0.0, 0.0, 0.0, 0.0, 0.0, 0.0, 0.0, 0.0, 0.0, 0.0, 0.0, 0.0, 0.0, 0.0, 0.0, 0.0, 0.0, 0.0, 0.0, 0.0, 0.0, 0.0], "grad": [0.16260353461309673, 0.39310622001935625, 0.12326969627094586, 0.27308414178098567, 0.3108612337729898, -1.1775507871476458, -0.15649734996608033, -0.40773301472116313, -0.3289994561722803, 0.6469308506652299, -0.5362850365011667, 0.5356633207786665, 0.15000213966075676, -0.6168375723651359, -0.32270375671233, -0.7696708182715438, 0.28513420924067767, 0.2134904256939259, 0.2246396659458949, 0.3630611604283998, -0.181944019681598, -0.0900169709787923, 0.2937750775509822, -0.352842171317324, -0.7425195443393364, 1.137751507176945, 0.08915779854562511, -0.2789166413055493, 0.18194722009391562, -0.34249302090948963], "optimality": 1.1775507871476458, "nfev": 726, "njev": null, "status": 2, "message": "`ftol` termination condition is satisfied.", "success": true, "res_time": 1033.6023520000017, "tension_error": [0.47390870856831485, 0.026619167645723224, -0.2886889163700912, -0.2955926813157958, 0.11005616730625417, 0.3919777548927871, 0.10426773031416328, -0.4458874947408237, -0.46263838500565646, 0.10865276157697543, 0.0936586241027236, -0.31059073338991633, 0.22689961103161807, -0.021756258924276878, -0.25008791758930976, 0.0383095944428255, -0.0295276361052052, 0.20056958539784397, 0.19200502202447095, 0.04561253057466644, 0.02121921848712474, -0.21936626081613717, -0.02898565492975444, 0.4056207775824579, -0.061180321206513455, -0.10628788791307714, -0.09451723408829396, 0.11114092436848785, 0.329347883884743, 0.13837170115632347], "git_revision": "ec36e56dd006ef5715c6882890a8a7f5f3c70256"}