{"x": [0.05922943234208741, 0.08700172189915245, 0.14139529256160357, 0.1335452978737916, 0.08305113632287639, 0.06281828689669636, 0.07955411347657425, 0.1428427989486262, 0.13513335684704997, 0.09491789553236163, 0.13036098444388694, 0.09237228635255627, 0.07044274812833372, 0.06869715384741187, 0.09895743130435969, 0.11645041704544705, 0.10345875069759264, 0.0709318538663329, 0.08457474154562626, 0.09935035300691768, 0.1329033546675357, 0.12985281380675648, 0.0769992360657131, 0.07344465862891844, 0.08212628876866461, 0.14065545382192868, 0.13912020894008736, 0.08112682310627946, 0.07839300497956891, 0.07687508757384405], "cost": 0.5389401490962602, "fun": [0.3142197613485414, 0.012153161168666419, 0.29124105891264984, 0.30466331435964183, 0.18152100761944795, 0.11898332670417487, 0.16797807166783144, 0.25414559401694736, 0.2563993719298866, 0.4183671035587089, 0.06318049387534098, 0.22988192173251523, 0.42997628869131116, 0.007186953127564107, 0.208700962630609, 0.15203210299823372, 0.19318187259396363, 0.00993100581005488, 0.006187809536233278, 0.27345478616748925, 7.713000672414637e-07, 2.958660529411064e-06, 6.16224165986762e-08, 2.549660350729924e-06, 4.0936819590247367e-07, 2.8008789131174734e-07, 4.005457708780319e-06, 5.943549751755613e-08, 1.6172833287531944e-06, 1.2736664048835577e-06, 1.4431411826742703e-06, 4.809046467276382e-07, 3.0470993935870513e-09, 9.156843917714642e-07, 3.0600455013788574e-07, 1.6878339449397276e-07, 1.057999017471415e-06, 1.8612838422981468e-07, 2.1831869405504625e-07, 9.616592621195463e-07, 0.0, 0.0, 0.0, 0.0, 0.0, 0.0, 0.0, 0.0, 0.0, 0.0, 0.0, 0.0, 0.0, 0.0, 0.0, 0.0, 0.0, 0.0, 0.0, 0.0, 0.0, 0.0, 0.0, 0.0, 0.0, 0.0, 0.0, 0.0, 0.0, 0.0], "grad": [1320.7693279958403, -1318.3508862094143, -1321.6271780258148, -1320.5273582316179, -1321.371764700694, 1319.6837522714225, -1317.2965843474542, -1320.0571086641569, -1320.8213878514493, 1316.7923690429088, 1319.426652092573, -1317.7327310349256, 1321.0218275937727, -1318.993328856236, 1319.185726675195, 1319.016581724437, -1318.103298393625, -1320.1550858351363, -1318.18607380071, 1318.4471366381415, -1315.052305964263, 1314.7319829462153, 1320.6335451080536, -1319.3833552521087, 1319.0766267145561, -1318.4759588866682, 1319.0364848979596, 1319.4361958090417, 1320.8717331050998, 1321.356872610133], "optimality": 1321.6271780258148, "nfev": 6095, "njev": null, "status": 2, "message": "`ftol` termination condition is satisfied.", "success": true, "res_time": 8315.081919, "tension_error": [0.40770567657912593, 0.12998278100847555, -0.4139529256160357, -0.33545297873791596, 0.16948863677123616, 0.3718171310330365, 0.20445886523425758, -0.42842798948626193, -0.3513335684704996, 0.050821044676383764, -0.30360984443886935, 0.07627713647443732, 0.29557251871666285, 0.3130284615258813, 0.010425686956403168, -0.16450417045447044, -0.03458750697592633, 0.29068146133667105, 0.15425258454373744, 0.006496469930823284, -0.3290335466753569, -0.29852813806756473, 0.23000763934286905, 0.26555341371081564, 0.17873711231335396, -0.4065545382192867, -0.3912020894008736, 0.18873176893720547, 0.2160699502043109, 0.23124912426155955], "git_revision": "ec36e56dd006ef5715c6882890a8a7f5f3c70256"}