{"x": [0.05767220568901607, 0.09267478817765096, 0.14798237116564594, 0.13015931608120365, 0.08192816661442273, 0.06550603189728789, 0.08923256510905271, 0.14115039767000417, 0.14685049048685941, 0.07726414274708407, 0.09281132417854852, 0.09962007078900928, 0.06942917125944487, 0.057713416120716024, 0.13225096721156324, 0.09356399148147629, 0.09963394652007597, 0.08271675544537391, 0.09720102196965871, 0.1060904342800413, 0.09599939349071501, 0.10670006202882876, 0.08994167665291301, 0.058261873419953536, 0.09558541027717482, 0.1301068396493615, 0.11646704612648347, 0.0826880488781241, 0.059711405837980215, 0.0902072476708233], "cost": 0.5492642700992645, "fun": [0.259775430825974, 0.08748994958648006, 0.1767715039923554, 0.14246706462671174, 0.2875045975820518, 0.18503065637173988, 0.25977293786223454, 0.182184631912388, 0.3089114924779364, 0.14958817897413085, 0.31306862290414317, 0.13495169467274834, 0.0007466252401725709, 0.3457277992081573, 0.252204441801587, 0.21924774392857685, 0.26689397240306495, 0.2681703507446815, 0.011315745498417984, 0.3817980284901606, 1.2251807808736898e-06, 3.058928735973952e-06, 3.1766129254306424e-07, 2.3262437788869613e-06, 2.696865086677255e-07, 5.629483782489791e-07, 2.695461337826992e-06, 3.2491058120764705e-08, 4.842259791760937e-06, 3.8384399768729817e-07, 4.635903040546083e-08, 9.114904144042528e-07, 1.3725891847065128e-07, 5.5558465226206585e-06, 1.4966820911403364e-06, 3.6844354170621654e-08, 2.861913538579791e-07, 2.0979397674651745e-07, 7.90216512239816e-08, 1.763347650875677e-07, 0.0, 0.0, 0.0, 0.0, 0.0, 0.0, 0.0, 0.0, 0.0, 0.0, 0.0, 0.0, 0.0, 0.0, 0.0, 0.0, 0.0, 0.0, 0.0, 0.0, 0.0, 0.0, 0.0, 0.0, 0.0, 0.0, 0.0, 0.0, 0.0, 0.0], "grad": [-149.99347940601967, -150.13749396042545, 0.017733160548325966, -150.12262291313115, 0.006397333620238754, 0.20041316780380303, -0.25510586071893615, 149.98537704184855, 149.16011804178112, 151.08543643220523, -150.4605274750682, -150.20660178349044, -149.90645856252758, 0.4350377184487352, 0.27831162782754304, -0.3581508542507801, -0.14506174953878423, -0.33516342200895255, 150.16875909401557, 150.25723600712885, -150.19399001588437, 149.63259563487094, -0.40458338892771595, 150.44478423266202, 150.3927800060955, 149.4060262789457, 149.48075405574323, 0.7164299814623711, -150.27007498249378, -149.55962063506462], "optimality": 151.08543643220523, "nfev": 1098, "njev": null, "status": 2, "message": "`ftol` termination condition is satisfied.", "success": true, "res_time": 1315.1864419999984, "tension_error": [0.42327794310983935, 0.07325211822349048, -0.4798237116564594, -0.30159316081203646, 0.18071833385577274, 0.34493968102712114, 0.10767434890947294, -0.4115039767000417, -0.4685049048685941, 0.22735857252915936, 0.07188675821451482, 0.0037992921099072596, 0.3057082874055514, 0.4228658387928398, -0.3225096721156323, 0.06436008518523717, 0.0036605347992403614, 0.17283244554626098, 0.027989780303412926, -0.060904342800413014, 0.04000606509284993, -0.06700062028828752, 0.10058323347086992, 0.4173812658004647, 0.04414589722825185, -0.30106839649361505, -0.16467046126483462, 0.17311951121875904, 0.40288594162019786, 0.09792752329176702], "git_revision": "ec36e56dd006ef5715c6882890a8a7f5f3c70256"}