{"x": [0.037468328345204076, 0.07081156297454434, 0.10440349625688967, 0.13036117677808695, 0.10116741601921125, 0.06762030024287627, 0.08438348340623968, 0.119447530320245, 0.09931560222941814, 0.06722875240371227, 0.07009286264707548, 0.08895940605051934, 0.0850892876949834, 0.09851054581602439, 0.07911446893215886, 0.06344494151121856, 0.08944992608555559, 0.11731241035689369, 0.08957075807011951, 0.06357684435617707, 0.11458041369684772, 0.1866671307861948, 0.059281080679626647, 0.04431132153669555, 0.05444296578977803, 0.12793548985760705, 0.09105036670848003, 0.09512727102284174, -0.010863429039985132, 0.05481896824975149], "cost": 2.075048974057772, "fun": [0.5239511562238272, 0.558990493799067, 0.45397467602906466, 0.4130650296519507, 0.40615110106092084, 0.29561845872036496, 0.48773467619599337, 0.3668104286190956, 0.5373054143289026, 0.3896397517860483, 0.4154700918450365, 0.4698119250147361, 0.5228013816232667, 0.4093730746517682, 0.47981413299797115, 0.4144914078118971, 0.32389352872800636, 0.5995510579474291, 0.2258062470565011, 0.6078312896363737, 1.1117712955472358e-06, 1.12841798164554e-06, 6.738011780405446e-07, 8.522756672464705e-07, 1.1254089769108236e-06, 2.810043097684704e-07, 1.2294873859875658e-06, 4.052945286542234e-07, 1.0295659317374005e-06, 8.856828401422336e-07, 3.559464599940311e-07, 1.4977816085856207e-08, 1.8013016955160868e-07, 3.76207798484823e-07, 2.455340895955999e-07, 6.762592227115069e-07, 7.763180297705629e-07, 7.695992716002832e-07, 6.756835501678849e-07, 4.24584943673227e-08, 0.0, 0.0, 0.0, 0.0, 0.0, 0.0, 0.0, 0.0, 0.0, 0.0, 0.0, 0.0, 0.0, 0.0, 0.0, 0.0, 0.0, 0.0, 0.0, 0.0, 0.0, 0.0, 0.0, 0.0, 0.0, 0.0, 0.0, 0.0, 1.2820376979389212e-06, 0.0], "grad": [1011.174863826607, -251.26328585144765, -5406.106686388503, -10030.262033882871, 1838.600636266404, 818.7221570996187, -4605.691380564162, 50170.29083697111, -56634.98906545197, -6481.167163926035, -4.540284197815044, 1213.6686168262802, -2429.703562950632, -66807.25569296352, 2985.6412651781925, 50173.8314735374, 1.2664081813009167, 2.9253122259935287, -50733.821656282555, 55519.10279758163, 1013.1933487349445, 16004.458422980064, -328.919516377982, 9354.26237018681, 56359.922845771405, 6.760173091697269, 52314.89150403201, 153.59332991690928, 49452.55014515505, -566.8463342467462], "optimality": 66807.25569296352, "nfev": 474, "njev": null, "status": 2, "message": "`ftol` termination condition is satisfied.", "success": true, "res_time": 1767.6409839999978, "tension_error": [0.6253167165479592, 0.2918843702545566, -0.04403496256889669, -0.30361176778086946, -0.011674160192112482, 0.32379699757123737, 0.1561651659376033, -0.19447530320244988, 0.006843977705818655, 0.3277124759628773, 0.29907137352924523, 0.11040593949480662, 0.14910712305016602, 0.014894541839756137, 0.20885531067841148, 0.36555058488781444, 0.10550073914444416, -0.17312410356893682, 0.10429241929880498, 0.36423155643822935, -0.1458041369684772, -0.8666713078619478, 0.4071891932037336, 0.5568867846330445, 0.45557034210221975, -0.2793548985760705, 0.08949633291519973, 0.04872728977158264, 1.1086342903998514, 0.4518103175024851], "git_revision": "ec36e56dd006ef5715c6882890a8a7f5f3c70256"}