{"x": [0.05467241193579751, 0.09095618562930342, 0.14100528852427957, 0.1295302708537816, 0.07494056804116025, 0.058554345586815895, 0.08258406669960762, 0.13419374741386186, 0.1382635808618191, 0.09865552518133314, 0.07577932741964549, 0.11213431501959356, 0.10682542643590624, 0.10165166480763631, 0.08302196341146414, 0.08935678122925117, 0.09276154190884402, 0.10690433126273767, 0.11464258524060028, 0.10880372861792094, 0.1188552869188299, 0.14118898625827184, 0.07598225249235815, 0.06198127488292328, 0.07272185250772653, 0.10598779070481014, 0.10226032569058113, 0.08478733276034507, 0.07082068090339992, 0.09228799718026941], "cost": 2.1536689166109255, "fun": [0.5987406500504037, 0.7786147726334197, 0.3608235906698571, 0.38019482679522776, 0.5098546766754688, 0.44273101245352303, 0.3462922462848843, 0.3542115922775487, 0.31236575552467366, 0.41121071299656237, 0.5937589630936319, 0.39299508695831625, 0.6482713704811467, 0.1871680599064529, 0.48458281480481763, 0.27108069883425273, 0.5027748131871894, 0.5022770401562655, 0.3634797292209306, 0.4382709282937174, 1.3165122334415517e-06, 2.50491270059191e-06, 1.316760305382406e-07, 2.980035653170319e-06, 2.685082863232593e-07, 5.774274967585483e-07, 2.6635591434272666e-06, 1.6563544294111593e-08, 1.5687980747884775e-06, 1.9345142507696113e-06, 1.321685123392378e-06, 2.8184297994005543e-08, 2.676780938615837e-08, 3.4706577411053904e-07, 4.012991678455197e-08, 1.1592395285301547e-08, 2.0001849070860766e-07, 5.988057462590652e-08, 3.4092246660206415e-08, 1.0906110745046569e-06, 0.0, 0.0, 0.0, 0.0, 0.0, 0.0, 0.0, 0.0, 0.0, 0.0, 0.0, 0.0, 0.0, 0.0, 0.0, 0.0, 0.0, 0.0, 0.0, 0.0, 0.0, 0.0, 0.0, 0.0, 0.0, 0.0, 0.0, 0.0, 0.0, 0.0], "grad": [161.22694531830595, -5.406789192303036, 5.120705476120972, -1.162170180043366, -16.527099863752813, 7.705128655817562, 13.648949939395628, -7.064016812119677, -7.916401887218502, -197.31530714150176, 212.64956473746372, -10.130010510864494, 6.699786228522765, 9.663752713848378, -7.160339062532887, -11.148848286608612, 8.32584753631332, 6.24935445541046, -0.8474810133860906, -8.433580915814579, 154.0234265994859, -117.16007498207495, 213.5662994497332, 2.8316617100801382, 7.115766603076834, -201.9004892058581, 121.25505302463714, 12.262506031988423, 10.646993466126382, 12.305241210472104], "optimality": 213.5662994497332, "nfev": 200, "njev": null, "status": 2, "message": "`ftol` termination condition is satisfied.", "success": true, "res_time": 666.2245139999868, "tension_error": [0.4532758806420249, 0.09043814370696582, -0.41005288524279565, -0.295302708537816, 0.2505943195883975, 0.4144565441318411, 0.17415933300392386, -0.3419374741386186, -0.3826358086181911, 0.013444748186668687, 0.24220672580354513, -0.12134315019593556, -0.06825426435906237, -0.016516648076363022, 0.1697803658853586, 0.10643218770748836, 0.07238458091155989, -0.06904331262737665, -0.14642585240600275, -0.08803728617920933, -0.188552869188299, -0.4118898625827183, 0.2401774750764185, 0.38018725117076724, 0.27278147492273475, -0.059877907048101336, -0.022603256905811275, 0.15212667239654934, 0.2917931909660008, 0.07712002819730598], "git_revision": "ec36e56dd006ef5715c6882890a8a7f5f3c70256"}