{"x": [0.06482663854357294, 0.07007346398110827, 0.13623158642053196, 0.1562803267951016, 0.08798848336075343, 0.07881213482474077, 0.08250849341741968, 0.1463923163644054, 0.11735909448278613, 0.04996745830563173, 0.12396419130201689, 0.11417957915282285, 0.08594097239217995, 0.08753358201395096, 0.10337084709658025, 0.09534883248737307, 0.10024607100463517, 0.0829356752196936, 0.07579076757560285, 0.09494874005475977, 0.22525815362353221, 0.11841547415219969, 0.09040908921541281, 0.051677963346186524, 0.10656062298283168, 0.11743812780253216, 0.11120019306751862, 0.08553365856375111, 0.0493042872972031, 0.059642643742728624], "cost": 1.168650643615632, "fun": [0.6299068659272621, 0.5221928772986753, 0.3049824602555708, 0.23850986282083847, 0.2720041491759414, 0.2764937679163835, 0.12772142750460436, 0.2845684035925489, 0.34144311557379753, 0.4555270663972775, 0.381654959337653, 0.4803405567744229, 0.09970589943752713, 0.12188988182194041, 0.3232063139786078, 0.391764315721639, 0.19284050735060462, 0.3277125973453045, 0.2892570004816522, 0.24235608571230707, 2.7529177171967744e-08, 4.376897164709776e-06, 4.019519906068986e-07, 4.663775879661522e-06, 8.420537245438179e-08, 1.3663066845671262e-08, 4.081142834321817e-06, 8.429279728273356e-07, 4.541632626633947e-06, 2.2079523734362274e-07, 9.573863491015542e-08, 7.974189117822275e-07, 2.5364054073576265e-09, 2.508189652974687e-07, 6.43527183903334e-08, 2.3982945094955556e-08, 2.996498022313231e-07, 5.1049705242586364e-08, 3.6702790951213386e-07, 8.418964110819545e-07, 0.0, 0.0, 0.0, 0.0, 0.0, 0.0, 0.0, 0.0, 0.0, 0.0, 0.0, 0.0, 0.0, 0.0, 0.0, 0.0, 0.0, 0.0, 0.0, 0.0, 0.0, 0.0, 0.0, 0.0, 0.0, 0.0, 0.0, 0.0, 0.0, 0.0], "grad": [11140.135867030267, 1941.108535417141, 9621.514183858708, -0.299080395718057, -0.5169816179673021, 0.4190390509587461, -0.7161803221328906, -0.13754266281103322, -1319.0379921042845, 4784.314934897984, -0.5043441498120188, -0.9309819110530362, 0.2168745766158522, -0.0867949027203761, 0.28358881556424265, 0.29034271834860337, -0.21542931518246244, -0.04274765821982829, 0.8803375817223957, 11028.458458991514, -5304.640345457501, -11267.954178530374, -630.8090875636834, -1.6429533201797035, -10809.641281842993, -1.3378021724083844, -11068.124889802739, -0.056174926972000716, 0.11498883051570408, -1274.985110084754], "optimality": 11267.954178530374, "nfev": 415, "njev": null, "status": 2, "message": "`ftol` termination condition is satisfied.", "success": true, "res_time": 966.6520900000032, "tension_error": [0.3517336145642706, 0.29926536018891736, -0.3623158642053195, -0.5628032679510159, 0.12011516639246572, 0.21187865175259238, 0.1749150658258032, -0.46392316364405384, -0.17359094482786122, 0.5003254169436827, -0.2396419130201688, -0.1417957915282285, 0.1405902760782006, 0.12466417986049041, -0.0337084709658024, 0.046511675126269386, -0.0024607100463516773, 0.17064324780306409, 0.24209232424397154, 0.05051259945240236, -1.252581536235322, -0.18415474152199685, 0.09590910784587195, 0.48322036653813477, -0.06560622982831679, -0.1743812780253215, -0.11200193067518613, 0.14466341436248892, 0.506957127027969, 0.4035735625727138], "git_revision": "ec36e56dd006ef5715c6882890a8a7f5f3c70256"}