{"x": [0.04488138919505262, 0.07521727443126938, 0.12654494954338855, 0.13709022355371112, 0.09275071678002908, 0.06972975229798796, 0.07970052034859298, 0.1262911368853299, 0.14882049548151344, 0.09159543595176525, 0.07848618270672945, 0.10522914595767957, 0.09886618775640578, 0.09782277120281384, 0.10089165344330821, 0.09823617789284349, 0.10464972207228568, 0.10079831080961131, 0.10693531351349453, 0.10768794050088266, 0.14559096160157728, 0.0970782134576184, 0.08766292508850314, 0.07032597784086606, 0.08255789437037273, 0.12872632127473568, 0.11813092832624379, 0.11115988019639812, 0.045952835587629456, 0.08677140925616447], "cost": 1.602252651222603, "fun": [0.613287844157762, 0.4825752819838437, 0.25206595320100733, 0.19935401303669864, 0.3015038615080031, 0.42494557221676904, 0.3194674497983728, 0.27264676730354187, 0.29230740775355807, 0.5216596199837296, 0.4420618808831712, 0.6113209312400617, 0.2665367546973295, 0.4537672282221071, 0.24952703782598076, 0.1975045731162725, 0.34553487216282863, 0.4865186887390825, 0.1902939439681888, 0.5891662335471941, 9.20265933064914e-07, 2.6345302324152574e-06, 1.1120280395278465e-07, 1.965991860933395e-06, 5.299648056833988e-07, 9.941621551896592e-08, 2.170685549273263e-06, 5.075719987554295e-07, 3.2747074381832237e-06, 2.182202164388334e-06, 7.151860834416685e-07, 4.0487237071157395e-08, 1.0887181043096852e-09, 9.418038206021742e-09, 7.051550399115907e-09, 4.11335489416568e-08, 1.4833368714254965e-08, 3.766280218746993e-08, 5.664473821449411e-10, 8.527426582683878e-07, 0.0, 0.0, 0.0, 0.0, 0.0, 0.0, 0.0, 0.0, 0.0, 0.0, 0.0, 0.0, 0.0, 0.0, 0.0, 0.0, 0.0, 0.0, 0.0, 0.0, 0.0, 0.0, 0.0, 0.0, 0.0, 0.0, 0.0, 0.0, 0.0, 0.0], "grad": [-31.190798700735115, 24.109959860552003, 16.604590899520105, -14.263632095479082, 6.090274509086255, 5.320514009685806, 13.30942085392416, -1026.3384710204814, -30.741762842429114, 968.9426519264164, -30.394674148867352, 1496.2269021076736, -21.58654677858423, -23.23888163382283, 11.68304917502816, 10.338872625959699, -8344.063726809158, 34.69665072045623, 8055.197827001134, -624.409829145636, -39.0582031970982, -118.19700968843742, 10.907262276007383, -16.466363870947305, 3.550842861581577, -11.393036390479056, -1015.1814764664134, 8306.456464555169, 6813.267352246318, 79.92557197469193], "optimality": 8344.063726809158, "nfev": 232, "njev": null, "status": 2, "message": "`ftol` termination condition is satisfied.", "success": true, "res_time": 1398.0417139999918, "tension_error": [0.5511861080494738, 0.24782725568730624, -0.2654494954338854, -0.3709022355371111, 0.07249283219970926, 0.30270247702012043, 0.2029947965140702, -0.26291136885329885, -0.4882049548151343, 0.08404564048234753, 0.2151381729327055, -0.05229145957679565, 0.01133812243594226, 0.021772287971861676, -0.008916534433082018, 0.01763822107156518, -0.046497220722856725, -0.00798310809611305, -0.06935313513494523, -0.07687940500882659, -0.45590961601577273, 0.029217865423816075, 0.12337074911496868, 0.2967402215913395, 0.1744210562962728, -0.2872632127473568, -0.18130928326243786, -0.11159880196398117, 0.5404716441237054, 0.13228590743835533], "git_revision": "ec36e56dd006ef5715c6882890a8a7f5f3c70256"}