{"x": [0.07083582223218302, 0.09348308596287631, 0.16097572338006855, 0.17021167450088084, 0.07630792304162319, 0.0503563650590952, 0.08701487039881722, 0.16121359867497745, 0.13159356632737693, 0.10136734875838234, 0.0959869945120121, 0.11010620814634213, 0.08618443753122192, 0.06865765119010839, 0.10220296569498917, 0.13688418104908273, 0.08209850950656057, 0.09774491403197098, 0.08041726074152371, 0.11023480913342874, 0.13476691117033104, 0.12884913856424401, 0.11619367509331631, 0.07969935092816184, 0.08931547132765155, 0.14134196929888956, 0.13829782377941333, 0.08728138675360066, 0.076999535753072, 0.09852393575794398], "cost": 0.6415736112734964, "fun": [0.26510738261951744, 0.2731879610439727, 0.06297863816810755, 0.32545455456580563, 0.2975199090663282, 0.224610525050943, 0.11154114683733976, 0.4016708194002248, 0.2905216771144079, 0.2101208821123048, 0.3383923500073741, 0.3130923802646645, 0.3246276011879736, 0.19727881163164532, 0.25361314988185474, 0.07046689171805515, 0.20888434228082112, 0.19047788149871547, 0.28091459665524826, 0.04575178820891379, 5.128985544875761e-07, 4.555256105528577e-06, 8.530279310603392e-08, 8.817914538122034e-06, 6.734833617205123e-07, 1.343846013742428e-06, 5.505451277799459e-06, 8.773463162729013e-07, 9.136242285281971e-07, 9.32174112020013e-07, 1.9935219365185086e-07, 5.722511093624289e-07, 3.0718823944704377e-07, 1.1252881252313652e-06, 1.202786698437015e-06, 3.0014698063651224e-06, 2.4480997457278347e-07, 3.002475685539483e-07, 8.890861921035986e-07, 2.0300022148625373e-07, 0.0, 0.0, 0.0, 0.0, 0.0, 0.0, 0.0, 0.0, 0.0, 0.0, 0.0, 0.0, 0.0, 0.0, 0.0, 0.0, 0.0, 0.0, 0.0, 0.0, 0.0, 0.0, 0.0, 0.0, 0.0, 0.0, 0.0, 0.0, 0.0, 0.0], "grad": [0.09751330197745611, -0.4427537700969773, -0.11268641208798869, 0.3262591031304254, 0.10677253930289332, -0.036004467038373456, 0.4459187330368149, -0.1564628499452354, 0.25589006629019717, -1.004547949028577, -0.09420460556268395, 0.32314153327505546, -0.31226350714011963, 0.7124458964341154, 0.034458732256651636, -0.7419630770823243, 0.1143869499551518, -0.5038160630832006, 0.635783988941865, -0.14046540808676927, 0.09121643146644287, -80.64926731769123, -0.03509608346933124, 0.4432114058952705, 0.4063131434979174, 0.5562904211079753, -0.867606577208007, -0.23123517457432818, -0.3830190709689849, 0.3164766881165111], "optimality": 80.64926731769123, "nfev": 976, "njev": null, "status": 2, "message": "`ftol` termination condition is satisfied.", "success": true, "res_time": 1203.9656070000055, "tension_error": [0.2916417776781699, 0.06516914037123692, -0.6097572338006854, -0.7021167450088084, 0.23692076958376815, 0.496436349409048, 0.12985129601182782, -0.6121359867497744, -0.3159356632737692, -0.013673487583823335, 0.040130054879879, -0.10106208146342124, 0.1381556246877809, 0.3134234880989162, -0.022029656949891646, -0.36884181049082726, 0.17901490493439434, 0.02255085968029022, 0.19582739258476298, -0.10234809133428738, -0.3476691117033104, -0.2884913856424401, -0.16193675093316304, 0.20300649071838164, 0.10684528672348453, -0.4134196929888956, -0.3829782377941332, 0.1271861324639935, 0.23000464246928004, 0.014760642420560272], "git_revision": "ec36e56dd006ef5715c6882890a8a7f5f3c70256"}