{"x": [0.07096535820770812, 0.06847752297523374, 0.12728003979832433, 0.1251058739091119, 0.10045393227227652, 0.08047351041440866, 0.10753871598951041, 0.11338977726146124, 0.11438051410724613, 0.09567722043303654, 0.07591417653901472, 0.113964813953156, 0.09381752422440616, 0.11786279745673199, 0.12052581607078669, 0.08188778191257118, 0.11033237850336798, 0.09829064371195304, 0.07721087385833579, 0.1052030291086245, 0.061559568992291584, 0.15153174069655945, 0.09520062027134744, 0.0687747605033125, 0.08574476425260837, 0.11001864469331722, 0.06353848993350424, 0.09045886631366684, 0.09046591615770867, 0.11920680356825854], "cost": 2.4614215936829984, "fun": [0.6084497440045477, 0.6218155833125262, 0.3947903067500129, 0.20800526994976085, 0.4459723474512931, 0.45278369452781525, 0.6169095343756095, 0.5733295529914609, 0.34334902392459365, 0.6691644620655546, 0.5881750174243163, 0.5105364383087296, 0.4948904330041172, 0.3111320762806362, 0.30989795866074316, 0.5970793394602705, 0.5204056477996536, 0.47683891130125394, 0.3910206928293417, 0.4858411717493641, 6.1893241439408565e-09, 3.4577359847298523e-06, 4.726997313814884e-09, 6.077182264659382e-07, 3.992172576183637e-07, 7.32525352822519e-07, 3.4234918008122836e-08, 9.815594975957978e-10, 3.4981319426372834e-07, 6.106761346436138e-07, 1.4478510076224479e-06, 4.059132834141887e-07, 5.781751648172051e-07, 7.091668138801811e-09, 1.4928976836114287e-06, 8.090950752131692e-07, 1.4500337678677318e-07, 4.443566970814704e-07, 7.835607555562659e-07, 8.578368848443374e-07, 0.0, 0.0, 0.0, 0.0, 0.0, 0.0, 0.0, 0.0, 0.0, 0.0, 0.0, 0.0, 0.0, 0.0, 0.0, 0.0, 0.0, 0.0, 0.0, 0.0, 0.0, 0.0, 0.0, 0.0, 0.0, 0.0, 0.0, 0.0, 0.0, 0.0], "grad": [139.9217128260632, -14485.184051515604, -1301.4589140150852, -14296.052390411933, -732.2048110149649, 15.60065235625163, 26359.472917355437, -20566.709526362873, 9829.513086447907, 10040.671716059285, 12188.472193010242, 12689.72580032449, 35922.83327457492, -2208.721488136266, -1518.755031661462, -11009.198516025555, -16078.768849522061, 3497.8420267445886, 10752.961794512767, -450.5107208374367, 7213.350801090598, 2114.832218115009, -31231.14716152829, -2933.570256560795, 3626.8871745180054, 9759.75791440075, -8480.660759228143, -29355.701291371777, 26818.07935035978, -66850.70321348467], "optimality": 66850.70321348467, "nfev": 364, "njev": null, "status": 2, "message": "`ftol` termination condition is satisfied.", "success": true, "res_time": 1175.4980910000013, "tension_error": [0.2903464179229188, 0.31522477024766266, -0.2728003979832433, -0.251058739091119, -0.00453932272276511, 0.19526489585591347, -0.07538715989510406, -0.13389777261461233, -0.14380514107246126, 0.04322779566963461, 0.24085823460985284, -0.1396481395315599, 0.06182475775593846, -0.17862797456731985, -0.20525816070786684, 0.18112218087428827, -0.10332378503367975, 0.017093562880469704, 0.22789126141664215, -0.05203029108624496, 0.3844043100770842, -0.5153174069655944, 0.047993797286525613, 0.3122523949668751, 0.1425523574739164, -0.10018644693317216, 0.36461510066495767, 0.09541133686333164, 0.09534083842291333, -0.19206803568258532], "git_revision": "ec36e56dd006ef5715c6882890a8a7f5f3c70256"}