{"x": [0.05772183309184248, 0.07205376079096307, 0.1495689258868104, 0.12679160965424793, 0.09386144068034097, 0.06138225115913454, 0.06607507825741164, 0.14793636045037736, 0.13290568448540283, 0.1027340314500411, 0.12268366879614964, 0.07971410970379367, 0.07049639435422779, 0.08717446033586083, 0.10067699271195255, 0.10619207708252451, 0.10448744099562958, 0.10045891052639665, 0.07758018072505306, 0.1007877529384289, 0.13712270264685028, 0.10921788553340545, 0.06776523050628074, 0.06837033198782674, 0.0751741582120088, 0.12752724025244913, 0.1093687429238156, 0.07814123450818634, 0.0772213508017145, 0.07848711168761764], "cost": 0.5959905354706754, "fun": [0.2774954011513468, 0.0023196936179376297, 0.30944208723022404, 0.18116455189263, 0.19578383999329077, 0.17112171864747905, 0.14862077942269616, 0.21426935953620752, 0.24271872995417804, 0.18676607520300217, 0.22153857621943462, 0.21433123622132041, 0.29458835178655335, 0.32828727377587746, 0.1617763670464841, 0.24373629720592926, 0.31769101119910903, 0.3413526015740619, 0.40403281508189653, 0.03386554438474838, 2.0540415157281998e-07, 6.008600819836468e-06, 5.188061347581535e-07, 1.084396028650065e-06, 1.0548977519544457e-06, 2.2022626174323918e-08, 6.701269522276366e-06, 2.2592121996406326e-07, 9.103286468862521e-07, 2.0260980010378194e-06, 1.846383008591472e-06, 8.496627626562239e-08, 2.781578848877054e-07, 1.8231838056740488e-07, 3.0416155614527173e-08, 2.905784188744463e-09, 1.6229057741538115e-08, 5.234362773228873e-07, 5.385914080390544e-07, 4.794311312483868e-07, 0.0, 0.0, 0.0, 0.0, 0.0, 0.0, 0.0, 0.0, 0.0, 0.0, 0.0, 0.0, 0.0, 0.0, 0.0, 0.0, 0.0, 0.0, 0.0, 0.0, 0.0, 0.0, 0.0, 0.0, 0.0, 0.0, 0.0, 0.0, 0.0, 0.0], "grad": [9.711526365091103, -9.820206490217288, -9.522767547202335, -8.814445643235501, -10.342224615745693, -9.158310869519738, 10.729100329637518, 8.649954002873102, -8.862865971252162, 9.457989506111616, -10.348968959405738, 10.185808675476949, -8.80591512421502, 0.5201532794545807, -9.727936133005215, -10.068688852420465, 9.90427006246857, -0.15695551611342695, -8.908183676593367, 9.088594572200122, -11.163475457546141, 11.412523273323743, 10.355465423252753, -9.346728125905955, 9.44886856165813, 10.334423303642765, -10.22264346655254, -8.22297386805026, -9.534859021750108, 10.139846713790405], "optimality": 11.412523273323743, "nfev": 1350, "njev": null, "status": 2, "message": "`ftol` termination condition is satisfied.", "success": true, "res_time": 1479.896922999993, "tension_error": [0.4227816690815753, 0.2794623920903694, -0.4956892588681039, -0.2679160965424793, 0.06138559319659037, 0.3861774884086547, 0.3392492174258836, -0.4793636045037736, -0.3290568448540282, -0.027340314500410995, -0.22683668796149636, 0.20285890296206338, 0.29503605645772213, 0.1282553966413917, -0.0067699271195253985, -0.06192077082524505, -0.04487440995629574, -0.004589105263966414, 0.22419819274946948, -0.007877529384288928, -0.37122702646850275, -0.0921788553340544, 0.3223476949371927, 0.3162966801217326, 0.248258417879912, -0.27527240252449126, -0.09368742923815593, 0.21858765491813661, 0.2277864919828551, 0.21512888312382364], "git_revision": "ec36e56dd006ef5715c6882890a8a7f5f3c70256"}