{"x": [0.058961543566021186, 0.08521233354054446, 0.13128473718381295, 0.1258006171230397, 0.09334110156781747, 0.05681240557406915, 0.09207550209212838, 0.13672450601259634, 0.12566922471079592, 0.08879536684380782, 0.08309239721896654, 0.09111651813640592, 0.09316939109502087, 0.10282791277109599, 0.10243804297962482, 0.0940630677814142, 0.0916779861312315, 0.11002707421611939, 0.10270064108449932, 0.10442690381835072, 0.12954274580203196, 0.1318780008899407, 0.07918717604155447, 0.07599754968723267, 0.06206183824307519, 0.1547025000432978, 0.11681481358914078, 0.0774488633274857, 0.06565641399185962, 0.10141844366298788], "cost": 1.7909764611542889, "fun": [0.349241449568939, 0.542141806983293, 0.39482321065397485, 0.3825203155294746, 0.37754518144137234, 0.5899604650721934, 0.6464748486350763, 0.3473862765210238, 0.27961882465802085, 0.2930832438452312, 0.38381491041619126, 0.42259263364533806, 0.40784087366271454, 0.3513845034495928, 0.38918121738863937, 0.4105804467137329, 0.5547806141805144, 0.20974429749651316, 0.414168808598603, 0.45991444545849536, 6.891039742865315e-07, 2.12266637746826e-06, 3.007557284097567e-08, 1.0536201500797136e-06, 1.3343456310036845e-06, 1.243485976041961e-06, 1.9935335510899633e-06, 1.2221924466193793e-07, 1.3596813939948404e-06, 8.900570113702033e-07, 6.438651649768826e-08, 4.214287384212492e-09, 9.328704096721286e-08, 1.5199845430177156e-10, 7.014020957064305e-08, 5.688614478038215e-09, 3.3668903354697467e-07, 5.3676622432100256e-08, 2.979983026284118e-09, 4.551611718391673e-07, 0.0, 0.0, 0.0, 0.0, 0.0, 0.0, 0.0, 0.0, 0.0, 0.0, 0.0, 0.0, 0.0, 0.0, 0.0, 0.0, 0.0, 0.0, 0.0, 0.0, 0.0, 0.0, 0.0, 0.0, 0.0, 0.0, 0.0, 0.0, 0.0, 0.0], "grad": [517.759723176273, 42.69131448016275, -34.14282457223128, -1069.733348417162, -1250.1731888116124, 1031.5716017909162, -2250.6090446440035, -185.7977386783131, 94.75131093823822, 93.93264145194561, 3.90155911455669, 967.9116361561112, 698.1549133389459, 99.18335874915843, 2330.3273653818983, 2523.9766470908544, -1937.4682830277347, 472.3121971094482, -2193.353356391377, 92.22411678046629, -74.54794481330092, -571.169153087053, -79.36102894584091, -183.4006014342948, 2136.6272684871947, 1959.0489351196493, -2399.457739205706, -1007.1389809136813, -110.8011720351305, -82.56520230381545], "optimality": 2523.9766470908544, "nfev": 362, "njev": null, "status": 2, "message": "`ftol` termination condition is satisfied.", "success": true, "res_time": 1493.8377929999988, "tension_error": [0.41038456433978815, 0.14787666459455548, -0.31284737183812944, -0.2580061712303969, 0.06658898432182536, 0.43187594425930853, 0.07924497907871628, -0.3672450601259633, -0.2566922471079591, 0.1120463315619219, 0.16907602781033468, 0.08883481863594084, 0.06830608904979135, -0.028279127710959806, -0.024380429796248132, 0.05936932218585808, 0.08322013868768505, -0.10027074216119383, -0.02700641084499314, -0.044269038183507164, -0.2954274580203195, -0.31878000889940694, 0.2081282395844554, 0.24002450312767334, 0.3793816175692481, -0.547025000432978, -0.16814813589140776, 0.22551136672514308, 0.34343586008140387, -0.014184436629878783], "git_revision": "ec36e56dd006ef5715c6882890a8a7f5f3c70256"}