{"x": [0.07778427018516543, 0.0740252523672855, 0.13935708385217915, 0.15238178111392725, 0.06614886312511686, 0.07072107206723298, 0.08119651245341657, 0.15707188802774713, 0.15514160896303647, 0.06844416612714678, 0.1004146917933455, 0.10496520166650677, 0.08045280738271292, 0.069935814052483, 0.09725148063162195, 0.10677660904292263, 0.1000668413124511, 0.08540790177374925, 0.0707682570881354, 0.12476573526040366, 0.1271582464904589, 0.12204306338781526, 0.0740456943751379, 0.05608812120029997, 0.07165343729637554, 0.1016406060791978, 0.11635629190860616, 0.09056300437298248, 0.06377189760056423, 0.09489530374798345], "cost": 0.49671487448013263, "fun": [0.15688632288364754, 0.2323824832039004, 0.292893165529053, 0.043814684301719094, 0.2203906285261117, 0.1860711011581784, 0.09144641618416031, 0.3061826552257021, 0.2399329939634299, 0.12185641065707624, 0.23595357642814888, 0.18355855136055627, 0.3128491321492644, 0.29659410438050027, 0.2340509966226377, 0.2022039559427649, 0.30259254977347316, 0.01594519267703027, 0.22708425272265517, 0.23479046429568703, 1.413021495513882e-08, 4.268248205170543e-06, 1.696427387601884e-07, 7.4361161448648985e-06, 2.090509461036657e-08, 1.0973485128448616e-07, 5.7570726185457195e-06, 3.725977267660262e-09, 7.516446594282361e-06, 8.72375438146164e-08, 2.070714010573823e-08, 6.008574735241698e-07, 1.1060714870810051e-07, 7.461456406626884e-07, 9.072807125176746e-08, 4.502098299687715e-08, 2.148845083993162e-07, 2.1431919652102188e-07, 2.915727648964587e-06, 5.929733179345559e-07, 0.0, 0.0, 0.0, 0.0, 0.0, 0.0, 0.0, 0.0, 0.0, 0.0, 0.0, 0.0, 0.0, 0.0, 0.0, 0.0, 0.0, 0.0, 0.0, 0.0, 0.0, 0.0, 0.0, 0.0, 0.0, 0.0, 0.0, 0.0, 0.0, 0.0], "grad": [0.07269434997923441, 0.5478477760109397, 0.18862023620127927, -0.1690105199260772, 0.49366541461192104, -0.29395684420922286, -200.49907962051745, -0.43573874877045954, -1.299558641161848, 0.49127139349484716, -0.17274676090753563, 0.08607551692565407, -0.2879175821992806, -0.3638043676749864, 0.5745016063761375, -0.4973591706495884, -200.98571313221476, 200.90533640724496, 0.11478038863076379, 0.16558585132833706, 0.09039770653051682, -0.21055225580282677, 0.0950024426821372, 0.7378300637167179, 0.38016905918187227, -200.21293051326126, 199.1291784803633, -0.20390089733646377, 0.35680113102801814, -199.77736703498744], "optimality": 200.98571313221476, "nfev": 728, "njev": null, "status": 2, "message": "`ftol` termination condition is satisfied.", "success": true, "res_time": 913.5698540000012, "tension_error": [0.22215729814834578, 0.2597474763271451, -0.3935708385217915, -0.5238178111392724, 0.3385113687488314, 0.29278927932767024, 0.1880348754658344, -0.5707188802774712, -0.5514160896303646, 0.31555833872853223, -0.004146917933454952, -0.04965201666506769, 0.19547192617287087, 0.30064185947517, 0.02748519368378055, -0.06776609042922627, -0.0006684131245109082, 0.14592098226250752, 0.292317429118646, -0.24765735260403654, -0.2715824649045889, -0.22043063387815254, 0.259543056248621, 0.4391187879970003, 0.28346562703624467, -0.0164060607919779, -0.16356291908606158, 0.09436995627017525, 0.36228102399435774, 0.05104696252016552], "git_revision": "ec36e56dd006ef5715c6882890a8a7f5f3c70256"}