{"x": [0.09379583893362262, 0.0740218373018844, 0.1442441661934541, 0.16310586423377116, 0.09460308878104458, 0.07718281051295596, 0.11367417960922221, 0.1346165407672198, 0.1592763064806223, 0.07867998905480993, 0.12054157415874343, 0.09364071469149161, 0.09600065721667908, 0.11740804529314013, 0.08862175195977591, 0.11048345651308678, 0.08320441080808413, 0.06001004904695347, 0.10676580061415385, 0.10992565215073107, 0.17621348072119053, 0.1645860988025298, 0.07103027525024662, 0.08731973666933168, 0.06399912915575494, 0.12683614004102967, 0.1384872079436945, 0.0659215638490738, 0.06295872684018955, 0.08547768635075086], "cost": 0.8041937866417626, "fun": [0.18813353836169797, 0.3247684475556648, 0.08111711664551623, 0.2720679390545348, 0.3448712626322713, 0.32915415735645265, 0.2756865515969939, 0.10594963397716546, 0.18856726442282448, 0.2785423078779049, 0.2709768954250021, 0.45145872211739296, 0.45568161732873447, 0.09205275478558922, 0.11342719564603233, 0.44476153592624446, 0.2506997325324073, 0.33039536113193824, 0.09100913286979971, 0.2737367458691786, 3.9101114053198567e-07, 4.931175474955784e-06, 3.5576365296410065e-07, 4.6926302447266795e-06, 3.034660949376406e-07, 1.3316200185199358e-06, 4.3858249087200574e-07, 6.081040450399016e-07, 6.4957663826023064e-06, 2.2848891755880163e-07, 7.236562400768318e-07, 5.5693287221881975e-09, 4.5827626425620655e-07, 8.28650683874489e-07, 4.77934125976253e-07, 7.441463345756231e-07, 5.379784175062003e-07, 2.1861003046137605e-06, 9.984661733209408e-09, 1.1269780008020136e-07, 0.0, 0.0, 0.0, 0.0, 0.0, 0.0, 0.0, 0.0, 0.0, 0.0, 0.0, 0.0, 0.0, 0.0, 0.0, 0.0, 0.0, 0.0, 0.0, 0.0, 0.0, 0.0, 0.0, 0.0, 0.0, 0.0, 0.0, 0.0, 0.0, 0.0], "grad": [-1.1236525422251722, 1.9906225385986998, 1.376411128715183, 0.13198465731894626, 0.35516432327026015, -0.713508415400478, -0.5136985098070999, 0.0015978432355252536, -0.23027855376624445, -1.9796025826459966, -0.24906236336849774, 0.3574304675843135, 3.1889952757308, 1.1962184993876304, -0.2823840727701954, -1.60925487473569, -0.06158062394325324, -0.6713667084170668, 0.08832454752443494, -0.6804893588224803, 1.3241452640379714, -0.06705785982270562, -4.791792014968999, -0.5280461432814794, 855.5340817637984, 0.7993558515134049, 0.06812863106999067, 1.3620783799239775, -1.1626529741078437, 0.4014020675459502], "optimality": 855.5340817637984, "nfev": 602, "njev": null, "status": 2, "message": "`ftol` termination condition is satisfied.", "success": true, "res_time": 835.5389980000036, "tension_error": [0.062041610663773894, 0.25978162698115603, -0.4424416619345409, -0.6310586423377115, 0.053969112189554275, 0.22817189487044046, -0.1367417960922221, -0.3461654076721979, -0.5927630648062229, 0.2132001094519008, -0.20541574158743428, 0.06359285308508392, 0.03999342783320925, -0.1740804529314012, 0.11378248040224095, -0.1048345651308677, 0.16795589191915872, 0.3998995095304653, -0.06765800614153841, -0.0992565215073106, -0.7621348072119052, -0.645860988025298, 0.28969724749753384, 0.12680263330668323, 0.36000870844245064, -0.2683614004102966, -0.38487207943694507, 0.34078436150926206, 0.37041273159810456, 0.1452231364924915], "git_revision": "ec36e56dd006ef5715c6882890a8a7f5f3c70256"}