{"x": [0.07144523296099253, 0.10291612829233834, 0.14929245302309158, 0.12182485810301787, 0.07332425999255911, 0.03449840178132573, 0.06496511243630108, 0.11134310808945408, 0.164704383293972, 0.1048862839184396, 0.07747099377165863, 0.1046310790443262, 0.11394752225594688, 0.08487762194787349, 0.13406074751164532, 0.1116596946658501, 0.06537682378943085, 0.06985803611785159, 0.11535039782728913, 0.09202467747312704, 0.12556684000488774, 0.12488807966056698, 0.10386900266621012, 0.029691422184342824, 0.11831007570592848, 0.14996562446246747, 0.1400634328995082, 0.04232362945772113, 0.03688801818169267, 0.10424903833719275], "cost": 1.7321191597287322, "fun": [0.23092195158241555, 0.3478277059227091, 0.20118286509182365, 0.32023266217739255, 0.4516165422540958, 0.5330860270162759, 0.7610618999283197, 0.47971869912740955, 0.3442276086583105, 0.30598243874018466, 0.276612361528995, 0.32633988065111985, 0.3556991192149133, 0.41744311849076293, 0.24675721887179142, 0.43580384312457365, 0.42283540723487184, 0.6028544170232785, 0.28585794078267973, 0.5279768491830736, 9.904172529565236e-07, 2.1507634955322743e-06, 7.544687706932591e-07, 2.3523080170722355e-06, 1.507447265838798e-06, 9.282204581339887e-07, 2.150918480803878e-06, 2.8474256914522984e-06, 3.5782050129010693e-06, 1.1183038891385714e-06, 7.376702320185738e-07, 8.679611411535318e-08, 8.450591039213257e-07, 2.418979840221746e-06, 5.0180716860011e-07, 2.1421041365632968e-06, 2.008126393238997e-08, 2.0695549739022994e-06, 5.440892300405719e-07, 2.118097092823872e-07, 0.0, 0.0, 0.0, 0.0, 0.0, 0.0, 0.0, 0.0, 0.0, 0.0, 0.0, 0.0, 0.0, 0.0, 0.0, 0.0, 0.0, 0.0, 0.0, 0.0, 0.0, 0.0, 0.0, 0.0, 0.0, 0.0, 0.0, 0.0, 0.0, 0.0], "grad": [-6228.261908144506, 1331.9686389355227, -430.69267131011225, -433.64486055795146, -1276.5815555107251, -356.4871236380301, 1256.0990070078826, -1079.3017461323057, 3734.1566925753305, 1082.1190711055553, -434.65587398462026, 1332.65885114532, -1836.3332405914837, 6.831663483458442, -1493.3280933778844, 210.8402843574895, 173.8849151674535, 1885.6969456694105, -37.933517691431916, -385.84126309966814, -261.8504020564994, -1603.5058617050488, 2082.9252598565226, -127.2907702902744, 130.21213063737406, 1792.2943043601517, 288.7181331032869, 2012.007159933992, 87.8375216980437, 1158.5248988127107], "optimality": 6228.261908144506, "nfev": 433, "njev": null, "status": 2, "message": "`ftol` termination condition is satisfied.", "success": true, "res_time": 2128.4528620000056, "tension_error": [0.2855476703900747, -0.02916128292338338, -0.4929245302309157, -0.2182485810301786, 0.26675740007440896, 0.6550159821867426, 0.3503488756369892, -0.11343108089454074, -0.6470438329397199, -0.048862839184395934, 0.22529006228341378, -0.04631079044326192, -0.1394752225594688, 0.15122378052126517, -0.3406074751164531, -0.11659694665850096, 0.3462317621056915, 0.30141963882148415, -0.15350397827289128, 0.07975322526872969, -0.25566840004887736, -0.2488807966056697, -0.03869002666210111, 0.7030857781565717, -0.18310075705928477, -0.4996562446246747, -0.400634328995082, 0.5767637054227887, 0.6311198181830733, -0.042490383371927426], "git_revision": "ec36e56dd006ef5715c6882890a8a7f5f3c70256"}