{"x": [0.06053223012780067, 0.08392507903961559, 0.1379163405095999, 0.14277616654199335, 0.08466191807296135, 0.08519700344136248, 0.08469121659818743, 0.13374139404187602, 0.14470687044742475, 0.08054228895330857, 0.08354558373901454, 0.10052824479575043, 0.09310706797394253, 0.078195046859122, 0.11133132003342104, 0.10697994818105168, 0.1075868017252429, 0.08242657362037648, 0.10783225043051171, 0.11090551964798523, 0.11034143690113409, 0.10729396077143226, 0.09427686820257485, 0.04540192019295375, 0.09866612151145897, 0.1454160222766102, 0.14893026732729003, 0.09691185089403354, 0.07179082249352327, 0.08711122438277355], "cost": 0.7127096251776734, "fun": [0.26553636191978164, 0.07800946886632605, 0.27906536747777333, 0.37234605581059543, 0.24783451094538475, 0.3984397998063739, 0.32038329572246205, 0.43776293516664166, 0.24992639222577728, 0.15218409914304415, 0.22743022287266218, 0.360876554676428, 0.2962787889835768, 0.01998224754457643, 0.04004078623331217, 0.34849528463744234, 0.08922671202526303, 0.18919640880861074, 0.005328510483326588, 0.30862561735021404, 5.472253802110003e-07, 2.9150563151202112e-06, 2.3617909065129165e-08, 3.3772658751203886e-06, 2.863163514769769e-10, 2.558203307289844e-10, 2.4059199072573363e-06, 1.20241672800646e-07, 4.117093518315076e-06, 4.0040245420028673e-07, 2.884107765679738e-07, 5.507386542053882e-08, 2.2236837372885322e-07, 1.0980125998817704e-06, 1.8934436997592375e-08, 3.682712240974502e-10, 6.330370782889105e-07, 6.454484141810435e-07, 9.44498368307027e-09, 7.485660929429839e-07, 0.0, 0.0, 0.0, 0.0, 0.0, 0.0, 0.0, 0.0, 0.0, 0.0, 0.0, 0.0, 0.0, 0.0, 0.0, 0.0, 0.0, 0.0, 0.0, 0.0, 0.0, 0.0, 0.0, 0.0, 0.0, 0.0, 0.0, 0.0, 0.0, 0.0], "grad": [0.901709007331803, -0.08027904008380837, -0.6629076679475338, -0.8403436268125815, 0.9920282185042821, -0.6759333810155272, 0.17301279428966865, -0.5033608189505956, -0.3538448774058627, 0.42131469003385735, -0.14448659472466208, -0.3008951506994002, 1.0446444298168567, 0.9554598246390151, -0.19703163614384986, -0.5226026528629344, -0.5311463194592707, 0.27383907357918946, 0.43845077983685943, -0.1522663201873784, -0.01784616427257646, 0.19718389045179685, 0.4245605654116775, 1.0889530259546532, -0.16659989607290804, 0.28859921484077733, -0.4728720408965623, -0.38177345378677874, 1.25072315073866, 0.3368583046628957], "optimality": 1.25072315073866, "nfev": 6787, "njev": null, "status": 2, "message": "`ftol` termination condition is satisfied.", "success": true, "res_time": 8223.382536000005, "tension_error": [0.3946776987219933, 0.16074920960384417, -0.37916340509599883, -0.42776166541993343, 0.15338081927038658, 0.14802996558637524, 0.15308783401812576, -0.3374139404187601, -0.44706870447424746, 0.1945771104669143, 0.1645441626098547, -0.0052824479575042105, 0.0689293202605748, 0.21804953140878006, -0.11331320033421036, -0.06979948181051673, -0.07586801725242898, 0.1757342637962353, -0.07832250430511709, -0.10905519647985223, -0.1034143690113408, -0.07293960771432254, 0.0572313179742516, 0.5459807980704625, 0.013338784885410376, -0.4541602227661021, -0.4893026732729003, 0.0308814910596647, 0.28209177506476735, 0.12888775617226456], "git_revision": "ec36e56dd006ef5715c6882890a8a7f5f3c70256"}