{"x": [0.046348696773606146, 0.08587552318632817, 0.14711647152482504, 0.13287871775429208, 0.10428928848548558, 0.04799262868059291, 0.10137988558134697, 0.16659738322258483, 0.10985369876145923, 0.10092745823702572, 0.12567437320154537, 0.10704081072403067, 0.07518343845760049, 0.069090556463746, 0.11070832564456992, 0.12751512278722374, 0.10642836844475022, 0.08227911233520191, 0.08272241115224943, 0.09449483348275169, 0.14457128310066247, 0.13713243650263188, 0.09429298489637623, 0.06929910164584013, 0.0922244735034718, 0.1446050941612926, 0.13390780460440269, 0.0960044224581885, 0.06588578738415325, 0.07889878251777378], "cost": 0.5174896246536078, "fun": [0.17599715282830503, 0.06107797959425562, 0.18520414720025588, 0.2646908337314938, 0.14451490778594253, 0.22819270226845795, 0.25074924193207304, 0.2579478145107546, 0.13517545114075005, 0.1058806201489223, 0.1893174295153846, 0.09773150305771813, 0.16519057939379675, 0.22513211812004444, 0.296141340013247, 0.35676667372047155, 0.35198793476481016, 0.23377347637242207, 0.2242032852907404, 0.3112881949991531, 1.5623700062614595e-06, 3.7504537533984432e-06, 2.027136324303256e-07, 8.1735546591609e-07, 3.1693139051878175e-06, 2.8501991993871123e-06, 4.253321998584865e-06, 3.2198457262237867e-06, 7.967776990003907e-08, 2.978841202880853e-06, 3.472096506034438e-07, 1.0148921677219146e-06, 3.7123210991036306e-08, 1.7320387115883377e-06, 2.8246843019431654e-07, 4.4465120869982586e-07, 5.831865706445564e-07, 1.9651384119573204e-10, 1.3858992752770814e-07, 9.721636970758329e-07, 0.0, 0.0, 0.0, 0.0, 0.0, 0.0, 0.0, 0.0, 0.0, 0.0, 0.0, 0.0, 0.0, 0.0, 0.0, 0.0, 0.0, 0.0, 0.0, 0.0, 0.0, 0.0, 0.0, 0.0, 0.0, 0.0, 0.0, 0.0, 0.0, 0.0], "grad": [-726.1070667997114, -730.7060779143544, -726.1942726719924, 0.8304404393255845, 724.745703941041, 727.5178444095768, 727.5638064019065, 726.2568781739583, 727.7972799881627, -724.3136154322251, -726.4168895916257, -727.4042349482199, -0.5885818996145177, 727.2679453160529, 727.4040306278059, 726.8099200205245, 727.7678906248145, 727.1147749952779, -726.1165713407031, 0.21352828882613928, -1.7078681345881803, 729.5696981112781, 726.8098239479787, 724.2476473149386, -726.9317681593946, 729.8124297273916, -730.691030715579, -726.0087674906592, -727.1865233598683, 0.32895262925326374], "optimality": 730.7060779143544, "nfev": 475, "njev": null, "status": 2, "message": "`ftol` termination condition is satisfied.", "success": true, "res_time": 643.7889950000099, "tension_error": [0.5365130322639385, 0.14124476813671835, -0.4711647152482504, -0.32878717754292075, -0.042892884854855706, 0.5200737131940709, -0.01379885581346968, -0.6659738322258482, -0.09853698761459223, -0.009274582370257106, -0.25674373201545364, -0.07040810724030663, 0.24816561542399515, 0.30909443536254005, -0.10708325644569916, -0.27515122787223734, -0.06428368444750213, 0.17720887664798096, 0.17277588847750575, 0.055051665172483194, -0.4457128310066247, -0.3713243650263187, 0.05707015103623772, 0.3070089835415987, 0.07775526496528212, -0.446050941612926, -0.3390780460440268, 0.039955775418115125, 0.3411421261584675, 0.21101217482226223], "git_revision": "ec36e56dd006ef5715c6882890a8a7f5f3c70256"}