{"x": [0.0461906175669409, 0.09066362009319334, 0.1350691735812988, 0.13314843139736673, 0.09310090437745634, 0.05454854138837523, 0.0984644648800809, 0.14342277555984662, 0.1225773512087235, 0.08669513516546688, 0.10315991012964308, 0.09148597046254321, 0.06290220155390076, 0.06540681790968553, 0.104469567015559, 0.0926309779225895, 0.1241320628427607, 0.08025848602170253, 0.08776324166560534, 0.096072867677712, 0.13617715126075491, 0.13294959807651868, 0.09382575772442259, 0.07376770415117478, 0.0969878937390028, 0.129835029178562, 0.13578603755701607, 0.11338754706343238, 0.07293540223631115, 0.0952898809108139], "cost": 0.46617448214154245, "fun": [0.22312539675373602, 0.050468532871406076, 0.009188080080982583, 0.23178478431508862, 0.00291618623633882, 0.22729287544369467, 0.33438521898993423, 0.20169674770043577, 0.23506463506875894, 0.14967023169585228, 0.1893101823942942, 0.09397118278808782, 0.0024906565923247417, 0.26573889933099165, 0.33720202723493825, 0.3028467147262664, 0.3157453005410114, 0.07038896380307344, 0.07743806202319335, 0.3361936705561097, 0.0, 0.0, 0.0, 0.0, 0.0, 0.0, 0.0, 0.0, 0.0, 0.0, 0.0, 0.0, 0.0, 0.0, 0.0, 0.0, 0.0, 0.0, 0.0, 0.0, 0.0, 0.0, 0.0, 0.0, 0.0, 0.0, 0.0, 0.0, 0.0, 0.0, 0.0, 0.0, 0.0, 0.0, 0.0, 0.0, 0.0, 0.0, 0.0, 0.0, 0.0, 0.0, 0.0, 0.0, 0.0, 0.0, 0.0, 0.0, 0.0, 0.0], "grad": [0.37402219659600994, 0.04258007123271457, -0.37147238917048264, -0.18916829166092386, -0.10727011151379104, -0.17847823871750657, -0.3022908474035768, 0.041069893768455934, 0.671671122818532, -0.02616811535136021, -0.47417009903361174, 0.8492521029193585, 0.4054694302728213, 0.5768229449531482, -0.5214502645076059, 0.15543764636435498, -0.4640379340456011, -0.11227848440451549, 0.08634577055031478, 0.07146464040224654, -0.2854933191484974, 0.41122253327332303, -0.6312005993679243, 1.1038736538203657, -0.47397743802593517, 0.6642919274824544, -0.11553575433987162, -0.12001883951349379, 0.08011479713405434, -0.07591547453235692], "optimality": 1.1038736538203657, "nfev": 2652, "njev": null, "status": 2, "message": "`ftol` termination condition is satisfied.", "success": true, "res_time": 2673.0727069999994, "tension_error": [0.538093824330591, 0.09336379906806663, -0.35069173581298796, -0.3314843139736673, 0.06899095622543663, 0.4545145861162478, 0.01535535119919107, -0.4342277555984661, -0.22577351208723492, 0.13304864834533123, -0.03159910129643076, 0.08514029537456794, 0.3709779844609924, 0.3459318209031448, -0.04469567015558992, 0.07369022077410511, -0.2413206284276069, 0.19741513978297473, 0.12236758334394665, 0.03927132322288002, -0.3617715126075491, -0.32949598076518677, 0.061742422755774184, 0.2623229584882522, 0.030121062609972105, -0.29835029178561984, -0.35786037557016065, -0.1338754706343237, 0.2706459776368886, 0.04710119089186102], "git_revision": "ec36e56dd006ef5715c6882890a8a7f5f3c70256"}