{"x": [0.08400533449703736, 0.11301848916011957, -0.0010353345289940714, 0.273483879855822, 0.2016758134484362, 0.11973109214728449, 0.10889059390333507, 0.2234990332637804, 0.25149373580315665, 0.16472575606080755, -0.005210262387986524, -0.0037054331957941194, 0.014797813402355487, 0.0027322392698598953, 0.010005959558129477, 0.017175932296959365, 3.691709699204019e-07, 0.00206585692870015, 0.003385261300441985, -0.005102846541362437, 0.041809355318975346, 0.05034129622661878, 0.04535119448997347, 0.06252296247078541, 0.07217666646492503, 0.05258926315097669, 0.07364463001919253, 0.058754598639904294, 0.04274579876529408, 0.06289671949071797], "cost": 7.186663315728734, "fun": [0.663385764545418, 0.8914285982411405, 1.056939986390181, 1.3051328749370545, 0.9873867657267597, 0.6941440597970229, 0.8035002483308984, 0.9385102402434533, 0.6036143224269139, 0.6839982016264653, 0.6978396113613817, 0.9988278482878832, 0.6484672099057087, 1.0178240813397244, 0.9177297328342618, 0.7473001328389126, 0.9692327960152183, 0.8025119114047691, 0.6856422419574268, 0.3276881341894068, 0.0, 0.0, 0.0, 0.0, 0.0, 0.0, 0.0, 0.0, 0.0, 0.0, 0.0, 0.0, 0.0, 0.0, 0.0, 0.0, 0.0, 0.0, 0.0, 0.0, 0.0, 0.0, 1.1097932899819158e-06, 0.0, 0.0, 0.0, 0.0, 0.0, 0.0, 0.0, 0.0001414421289333388, 5.08764691793939e-05, 0.0, 0.0, 0.0, 0.0, 0.0, 0.0, 0.0, 0.00013287323961838114, 0.0, 0.0, 0.0, 0.0, 0.0, 0.0, 0.0, 0.0, 0.0, 0.0], "grad": [2867.864768514566, 58863.39386380813, -6206.264573988683, 30490.593611394062, 25508.698658626112, -8610.45923166852, 81305.88113589441, -47633.762358354594, 2165.9238488447927, 11970.276150515901, -8191.647305574198, 1360.0891770916483, 676.4324358184368, -15455.847600520949, 14746.364805105124, -10577.33001817638, 20383.085203299917, -2224.866963822503, -266.5987992826316, -3504.362198551369, -8102.468957029571, 4505.621020754162, 11812.875114913395, -570.96183931115, -44438.62157662891, -2443.3748700012884, -17992.273409615802, -19792.29096712233, 46558.46069848196, 13609.474533841569], "optimality": 81305.88113589441, "nfev": 229, "njev": null, "status": 3, "message": "`xtol` termination condition is satisfied.", "success": true, "res_time": 1670.3783929999918, "tension_error": [0.16838788514246286, 0.22671577973806187, 2.763376443635296, -1.4009829516453414, -1.1181844750140675, -0.37355922357895355, 0.28933449090495394, -0.642730506570797, -1.0674002434385357, -0.5576651722645223, 0.07903783775540746, 0.056210111110326304, -0.2244775958936201, -0.041447103435340055, -0.15178686777197517, -0.2605528184751467, -5.600193052052987e-06, -0.03133831899387043, -0.05135321669037704, 0.07740837735099293, 0.20168821619219884, 0.07226169004412843, 0.1479597685810839, -0.11252987869086563, -0.25897315413642263, 0.03816082682146378, -0.28124164209214775, -0.055365132102426086, 0.18748270029574182, -0.11819964049969268], "git_revision": "018ef57f2e70e762a509d3bbb7a77c8182022b6e", "linregress": [6.518770054463705, -0.06119733445042341, 0.7210802450548855, 6.948725740347176e-06, 1.1837043561296179]}