{"x": [0.055765715852018866, 0.13226810179368506, 0.18868456095958175, 0.17744090927388723, 0.12885709799592243, 0.06996703303211398, 0.1431991125172026, 0.24128028889077002, 0.1684744333535894, 0.07953577468872637, 0.0, 0.0, 0.0, 0.0, 4.430172893110274e-06, 0.0, -8.299283445700186e-06, 0.0, 0.0, 0.0, 0.059173936938834805, 0.032103712370883435, 0.08045476014964202, 0.029602959249070363, 0.07138596180935727, 0.07825347253261318, 0.07492080867722942, 0.0348820384709638, 0.05635928458685809, 0.08153815788560959], "cost": 3.2579766616309707, "fun": [0.7953474689576273, 0.5301175676039278, 0.2144998756976389, 0.3126043637873559, 0.3841949811536892, 0.3293613739965235, 0.6433734250047275, 0.6018094205272422, 0.5894751762015884, 0.602905248716353, 0.5856867394011923, 0.6069812747910514, 0.6311773578106846, 0.6867415062484412, 0.5350281694008646, 0.3709930633184665, 0.7616525443005413, 0.7231523036443938, 0.434215463360544, 0.6469181934639977, 0.0, 0.0, 0.0, 0.0, 0.0, 0.0, 0.0, 0.0, 0.0, 0.0, 0.0, 0.0, 0.0, 0.0, 0.0, 0.0, 0.0, 0.0, 0.0, 0.0, 0.0, 0.0, 0.0, 0.0, 0.0, 0.0, 0.0, 0.0, 0.0, 0.0, 0.0, 0.0, 0.0, 0.0, 0.0, 0.0, 5.716389225073961e-13, 0.0, 0.0, 0.0, 0.0, 0.0, 0.0, 0.0, 0.0, 0.0, 0.0, 0.0, 0.0, 0.0], "grad": [25758.16773436006, -44.41035046450682, -7.70590387190868, -15.16271878204531, -45547.25970718197, 6.642891183343268, -46531.96234405631, 17752.40127401932, 51026.07621087757, 22.031962498198062, 68.45743263021923, 14.040101348594611, 61.86029387516609, -15.4864134487973, 59.865419352372285, 49350.57784494983, 1972.9849502708987, 43769.76342395943, 58.73473783508737, 5.36569769202945, 6986.726988247485, 3764.6167660081073, 34895.83582695458, 34187.79668141937, 5986.516254699889, 49300.51864587687, -13457.509869420719, -36109.70197907619, 16.480684497824935, 3393.9582747885215], "optimality": 51026.07621087757, "nfev": 64, "njev": null, "status": 3, "message": "`xtol` termination condition is satisfied.", "success": true, "res_time": 505.4019789999875, "tension_error": [0.5967729127153437, -0.06529403606204906, -0.11460727426219476, 0.05595494536061777, -0.01355031479145368, 0.3813439535555347, -0.23111360285777666, -0.9124658658828138, 0.19197321397225633, 0.7346367167147686, 0.0, 0.0, 0.0, 0.0, -6.72041560059258e-05, 0.0, 0.00012589719473242905, 0.0, 0.0, 0.0, -0.06172634579329865, 0.3489193872003924, -0.3845489076887439, 0.386854927637651, -0.2469784441534268, -0.35115615304957715, -0.3006008209990305, 0.3067731628497554, -0.019029065048598696, -0.4009836681870671], "git_revision": "018ef57f2e70e762a509d3bbb7a77c8182022b6e", "linregress": [1.8278089194044247, 0.08302469212375715, 0.47568056480381266, 0.007888508664706412, 0.638749430523989]}