{"x": [0.05220996727456721, 0.13762030608819023, 0.2504496064457921, 0.16291885690220068, 0.0786033044882106, 0.09595762105499495, 0.1786658322553125, 0.0939473917296247, 0.18802676025909057, 0.06643636972428266, 0.0, 0.0, 0.0, -0.0, 0.0, 0.0, 0.0, 0.0, 0.0, 0.0, 0.03427598904168874, 0.010174600197445302, 0.06397080655017622, 0.03702785220900932, 0.0536110529360324, 0.04404196764880833, 0.050965005812479085, 0.03992634531599815, 0.061332862407501264, 0.05905857732141825], "cost": 5.33992801603617, "fun": [0.9036248393142524, 1.2336355505034784, 0.40829001180970936, 0.7553165442041244, 0.9029820564711645, 0.8578414715652538, 0.4992333729268353, 0.8277551794548015, 0.47017729372420447, 0.43198861431239743, 0.701026441665152, 0.550293832938181, 0.33779581609182907, 0.7849603182451997, 0.9525650086946208, 0.8244742971324313, 0.7315118187415143, 0.45646673418632294, 0.7382205808489972, 0.5574823441105581, 0.0, 0.0, 0.0, 0.0, 0.0, 0.0, 0.0, 0.0, 0.0, 0.0, 0.0, 0.0, 0.0, 0.0, 0.0, 0.0, 0.0, 0.0, 0.0, 0.0, 0.0, 0.0, 0.0, 0.0, 0.0, 0.0, 0.0, 0.0, 0.0, 0.0, 0.0, 0.0, 0.0, 0.0, 0.0, 0.0, 0.0, 0.0, 0.0, 0.0, 0.0, 0.0, 0.0, 0.0, 0.0, 0.0, 0.0, 0.0, 0.0, 0.0], "grad": [-1470.769580345508, 15947.902406461315, 13857.236606518502, 15185.903523155139, -3723.762383284436, -10282.43406621327, -4100.241121585374, -4715.770871270063, -1.8993875902017976, 101674.76700545312, -4407.039274116321, 6166.523564666359, -2450.122662627753, -1413.3402013202353, -12341.05949944608, -1351.1738302991216, 9294.507295121577, 6665.28354881945, -12628.721073081577, -1771.0186850115547, -19727.121099669108, -4537.302035216292, -440.57451032576864, -2133.289102205783, -1169.543261597073, 16441.12843734835, 99229.27151764811, 2432.5305554664565, 3719.540386696308, 18613.211162592215], "optimality": 101674.76700545312, "nfev": 35, "njev": null, "status": 3, "message": "`xtol` termination condition is satisfied.", "success": true, "res_time": 529.1020300000091, "tension_error": [0.6507123611031341, -0.14648508233992583, -1.0515611703558982, 0.27624934394511, 0.7487819598775797, -0.01292407487555393, -0.7691311980638642, 1.3225220780462117, -0.10462867027466952, 0.9333500572673135, 0.0, 0.0, 0.0, 0.0, 0.0, 0.0, 0.0, 0.0, 0.0, 0.0, 0.3159667183553756, 0.6815762633839603, -0.13449316132819938, 0.2742219273357783, 0.02266063715009962, 0.167820276738145, 0.06280023620883136, 0.2302528119888099, -0.09447648162367824, -0.059976381195369965], "git_revision": "018ef57f2e70e762a509d3bbb7a77c8182022b6e", "linregress": [4.144133992345423, -0.004499570224452409, 0.7020650311513159, 1.5332588722674335e-05, 0.7943762399830974]}