{"x": [0.14908915643067758, 0.1429592964226686, 0.02493569964986279, 0.32891617594401557, 0.16689735116683987, 0.04971754347300968, 0.10414514409685312, 0.12778400610560772, 0.21405455915635585, 0.19846444505921274, 0.0, 0.0, 0.0, 0.0, 0.0, 0.0, 0.0, 0.0, 0.0, 0.0, 0.08389876820100303, 0.029961026409805313, 0.0760665153071278, 0.027738649989085918, 0.04940513917628712, 0.014613867578684693, 0.06417929574874155, 0.041674453341077215, -0.0021376004917003865, 0.0627095291143726], "cost": 5.199785381671978, "fun": [0.5566128806085129, 0.6751683249871605, 0.8086803453977784, 1.0704678345894554, 0.6297189309519902, 1.0159313423488245, 0.73190503953387, 0.7036436413066778, 0.8830471065807974, 0.4696997492671596, 0.7109953250199426, 0.8784750864206031, 0.7136696642967848, 0.6549128371012612, 0.7894911039728227, 0.5332576453451078, 0.4020755014545595, 0.7380903788781551, 0.7256711429957572, 0.1342191941391998, 0.0, 0.0, 0.0, 0.0, 0.0, 0.0, 0.0, 0.0, 0.0, 0.0, 0.0, 0.0, 0.0, 0.0, 0.0, 0.0, 0.0, 0.0, 0.0, 0.0, 0.0, 0.0, 0.0, 0.0, 0.0, 0.0, 0.0, 0.0, 0.0, 0.0, 0.0, 0.0, 0.0, 0.0, 0.0, 0.0, 0.0, 0.0, 0.0, 0.0, 0.0, 0.0, 0.0, 0.0, 0.0, 0.0, 0.0, 0.0, 9.767414585607078e-06, 0.0], "grad": [-12069.879510321094, 65046.22649869616, 22113.809420728634, 15317.01327164374, 10470.102401418668, -91504.01992906403, 84701.43743837862, 30688.739039691012, 96414.64821474128, 22197.74052603881, -22840.85552476305, 35119.636848453556, 27474.04379066826, -9119.193840373999, -61702.36754125898, -21258.012077535917, 7444.932627315691, 30106.944747751197, 9772.98806487807, -94219.18540846615, -4741.901741188862, 120632.12315980511, 24517.53911292556, 120389.81929013829, 514.2432658224712, 90061.12605334187, -78193.23612442553, -68665.6628892194, -4288.518836047277, -81068.49188427362], "optimality": 120632.12315980511, "nfev": 48, "njev": null, "status": 3, "message": "`xtol` termination condition is satisfied.", "success": true, "res_time": 928.5923699999985, "tension_error": [-0.8189106759345709, -0.22747567751746797, 2.3694050401026074, -2.2418712790221624, -0.5906075020129763, 0.6885215486978778, 0.3613212861853532, 0.8092326046777257, -0.49946117451010635, -1.0694691522876099, 0.0, 0.0, 0.0, 0.0, 0.0, 0.0, 0.0, 0.0, 0.0, 0.0, -0.43679329181408566, 0.3814231754439491, -0.31798078538201374, 0.415135839776799, 0.08646286141474888, 0.6142341472094881, -0.13765586873578736, 0.20373463148724819, 0.8683479934842505, -0.11536002869260346], "git_revision": "018ef57f2e70e762a509d3bbb7a77c8182022b6e", "linregress": [7.201450013350647, -0.03294746198251286, 0.7591925512019818, 1.152937092112333e-06, 1.166757613596734]}