{"x": [0.11165717414630458, 0.13995030617827434, 0.2260452580602665, 0.17961457728183214, 0.10535950667186449, 0.10382740776519649, 0.09025212416140292, 0.18865956815044546, 0.23424684990909406, 0.13638612266214192, -0.0002233458354544175, -0.006035228135762858, -0.0008990011899356776, -0.0002164727785708649, 0.0038143288070373424, -0.001487784722521272, 3.234213991015559e-05, 0.00014526537956057606, -0.0016067107745672297, -0.0002543612593643957, 0.08905045949694082, 0.09931574678087118, 0.06676815504402758, 0.04203318216648683, 0.08709415402769216, 0.0698351034107199, 0.06145790423201045, 0.07604745449846978, 0.07935650723378208, 0.07719819240366368], "cost": 3.0371295908649274, "fun": [0.5049273813006602, 0.4006021162067046, 0.5156900352495408, 0.6748393894376427, 0.4293931875084006, 0.6234142306088282, 0.6342699642871109, 0.3674851162550566, 0.5280068654164983, 0.2892535646904273, 0.33027229456152984, 0.6476748865971235, 0.3883579566388483, 0.7412600211468664, 0.8956715933866484, 0.6425305138975936, 0.562540126569876, 0.5748326452584854, 0.4840857427525739, 0.37350731532999, 0.0, 0.0, 0.0, 0.0, 0.0, 0.0, 0.0, 0.0, 0.0, 0.0, 0.0, 0.0, 0.0, 0.0, 0.0, 0.0, 0.0, 0.0, 0.0, 0.0, 0.0, 0.0, 0.0, 0.0, 0.0, 0.0, 0.0, 0.0, 0.0, 0.0, 1.1141241209146915e-08, 0.00021982702076915213, 7.265755841254326e-07, 1.0144014817368025e-08, 0.0, 3.2932165128578104e-06, 0.0, 0.0, 4.1477552164700725e-06, 1.6457084521953633e-08, 0.0, 0.0, 0.0, 0.0, 0.0, 0.0, 0.0, 0.0, 0.0, 0.0], "grad": [3650.9865610805564, 2130.9022021126025, 476.62470841989455, -4440.462506518342, -4264.660486976183, -2882.853190063401, 2932.9058069474786, -516.0682212790696, -244.70219324179146, 2295.332104618031, 3525.7270546838413, -1378.5547547414658, -124.01201756414397, -3255.537114947156, 3822.664575473271, -118.14600034817948, -57.725420636670755, -93.73679867039766, 5502.055941625572, -3014.2786891543083, -1104.0498737265605, -1763.1906402704117, 389.410171618924, -4384.901551897805, -5539.212598756749, 1836.1040689476558, 633.451912677356, -1521.50438942379, -2863.9257998938256, 2086.341707789774], "optimality": 5539.212598756749, "nfev": 136, "njev": null, "status": 3, "message": "`xtol` termination condition is satisfied.", "success": true, "res_time": 811.8517179999908, "tension_error": [-0.2510807429398007, -0.1818303596746666, -0.681355836231255, 0.022981170423255814, 0.34289983539598545, -0.13230595602702194, 0.5720734851768321, -0.11422814218659712, -0.8057710839889041, -0.12776295625020398, 0.0033880773349716066, 0.09155227639037067, 0.013637530109018784, 0.00328381549278522, -0.05786201902067702, 0.022569168068146503, -0.0004906188242602912, -0.0022036244331302165, 0.02437323421809178, 0.0038585703467178675, -0.5149426268174668, -0.6706634044755524, -0.17692794866485007, 0.19829284207443712, -0.48526616471931816, -0.22345247072534366, -0.09637332187897614, -0.31769163965575, -0.36788879936516183, -0.3351479267055968], "git_revision": "018ef57f2e70e762a509d3bbb7a77c8182022b6e", "linregress": [1.9418133105462192, 0.10006535646668838, 0.5229151891413851, 0.003028620800643252, 0.59818133157248]}