{"x": [0.08897239258834641, 0.16125933644706789, 0.21255323805213944, 0.1376045190246806, 0.19065315298746974, 0.09140764987523084, 0.1506085818959356, 0.09591260109269517, 0.31190432330052237, 0.09655681375180836, 0.0, 0.0, 0.0, -1.2705517645527143e-05, 0.0, -1.360946003701841e-05, 0.0, 0.0, 0.0, -5.314774693915492e-07, 0.02219633426653242, 0.05175037728271343, 0.061137020233866364, 0.05245995237135084, 0.03703728939883084, 0.07337422446897773, 0.029591189273627923, 0.047494762568442726, 0.04408034379605946, 0.0683084157082103], "cost": 2.5992109357272746, "fun": [0.40672046435249465, 0.3792906907205, 0.36395339253978953, 0.3807724304831329, 0.31428372844373714, 0.22240548743402414, 0.25946636339970996, 0.41393870704260477, 0.6672107778143764, 0.4986495329165158, 0.2744919060668575, 0.3456715931680885, 0.48562219507275506, 0.6747197992567198, 0.705455936493929, 0.6800511497869489, 0.776380132021571, 0.7017700847950696, 0.6209964112935803, 0.45169588616745904, 0.0, 0.0, 0.0, 0.0, 0.0, 0.0, 0.0, 0.0, 0.0, 0.0, 0.0, 0.0, 0.0, 0.0, 0.0, 0.0, 0.0, 0.0, 0.0, 0.0, 0.0, 0.0, 0.0, 0.0, 0.0, 0.0, 0.0, 0.0, 0.0, 0.0, 0.0, 0.0, 0.0, 2.051053983241304e-12, 0.0, 2.520708837473232e-12, 0.0, 0.0, 0.0, 1.5012553751757649e-16, 0.0, 0.0, 0.0, 0.0, 0.0, 0.0, 0.0, 0.0, 0.0, 0.0], "grad": [-10771.843222611495, -4982.884368985388, -11940.055099485717, 1078.4010337151212, -12930.141099697914, -630.0104063874576, -12589.732409629629, -260.3933194512169, 701.4430850168237, 611.0605645003877, -14007.762557077345, -50.393065519500766, -14039.69828552734, -4491.355414206137, -14067.111446367375, -13750.634843080432, 1062.7399587024302, 1362.9389177208864, 3259.0401325348043, 13606.506707415843, 4600.609985228647, -1251.0483917224487, 12828.381603443393, -142.91149138816544, -1802.777495559305, -39.77624415901772, 4330.104452686464, 1275.5826982563099, 4420.989696232579, 4166.507492484716], "optimality": 14067.111446367375, "nfev": 64, "njev": null, "status": 3, "message": "`xtol` termination condition is satisfied.", "success": true, "res_time": 580.8174970000109, "tension_error": [0.09303937055560321, -0.505080812664008, -0.4766866643189446, 0.6602588968348622, -0.9509746141142436, 0.05609737877084262, -0.3435126328874851, 1.2927105470277527, -1.9838074908614054, 0.47643357381773455, 0.0, 0.0, 0.0, 0.00019273820922744635, 0.0, 0.0002064506956165496, 0.0, 0.0, 0.0, 8.062325247434821e-06, 0.4992108091830346, 0.0508864287611999, -0.09150562511151641, 0.04012242561611533, 0.2740787685037586, -0.27713968552748086, 0.3870334740025231, 0.11544259892867485, 0.16723812415651948, -0.20029315820926888], "git_revision": "018ef57f2e70e762a509d3bbb7a77c8182022b6e", "linregress": [5.497872301059912, -0.06436052756309446, 0.7758476677274099, 4.7300653206728517e-07, 0.8449162430968417]}