{"x": [0.07387283234412441, 0.11038632973325903, 0.2838723217859722, 0.19077099256079968, 0.08809608059273798, 0.1952510931169994, 0.1002987162506956, 0.08970920625127175, 0.0061337954823563745, 0.062495675980424506, -1.8382996250198457e-07, 1.5515049155525335e-07, -2.648019416138679e-07, -3.9513315930972923e-07, -1.913535633333542e-08, -1.6327046941252518e-08, -1.6957067784005622e-07, 9.081546951429566e-08, -3.2234572752400543e-07, -1.1316831820646024e-07, 0.05381768404793234, 0.06486646094923136, 0.06892443552961991, 0.05446622571927053, 0.04889678795901473, 0.08353525997369261, 0.05712562810741618, 0.07500405562838262, 0.06361257199153447, 0.06135744860798991], "cost": 7.426598716414412, "fun": [0.7791600648493816, 0.615735238413593, 0.790192370853399, 0.7225669580602099, 0.9355907003019693, 0.8382723666382011, 0.6630032351864121, 1.0237139615369304, 0.8307658025692081, 1.2381878428184439, 1.0786481720032197, 0.8118264359310313, 0.43991421584584367, 0.5482063954923085, 0.9445654464625001, 0.8022069068982945, 0.9949979516052601, 0.9961475904601086, 0.8531062732284623, 0.9322742300347447, 0.0, 0.0, 0.0, 0.0, 0.0, 0.0, 0.0, 0.0, 0.0, 0.0, 0.0, 0.0, 0.0, 0.0, 0.0, 0.0, 0.0, 0.0, 0.0, 0.0, 0.0, 0.0, 0.0, 0.0, 0.0, 0.0, 0.0, 0.0, 0.0, 0.0, 6.2122495863237204e-18, 0.0, 1.856793022729619e-17, 6.16922245579737e-17, 7.006637705118772e-21, 4.352341097410805e-21, 4.87587169153496e-18, 0.0, 3.3493902742706033e-17, 1.449354374518813e-18, 0.0, 0.0, 0.0, 0.0, 0.0, 0.0, 0.0, 0.0, 0.0, 0.0], "grad": [-14497.564748885234, -90652.00799986837, -873.0443512156589, 50944.82028156231, 14824.8628129727, -7239.430610544795, 33092.778626667096, 144.89849326662636, 7819.878364155569, -48445.846630743734, -7471.442446823603, -18509.595477476738, 5825.641943279025, -29182.07853001054, 8881.843949195707, 1773.341768759689, 10718.252188659435, -82495.31573419372, -25623.43770339351, -9166.652932874656, -9848.848986096715, -4759.11951419876, 13799.198894960351, 13369.36685724089, 3660.2192747356366, 95602.14492581255, -32881.06587401991, -9271.104495508283, 71553.72644044715, 6704.555842696427], "optimality": 95602.14492581255, "nfev": 33, "njev": null, "status": 3, "message": "`xtol` termination condition is satisfied.", "success": true, "res_time": 550.6557710000197, "tension_error": [0.3220943593240318, 0.26664470734951096, -1.558571941731498, -0.14625770376168598, 0.6047799036034064, -1.5191709297562317, 0.41967023627728195, 1.3868138528688678, 2.6546232768099474, 0.9931289876891214, 2.788635517534721e-06, -2.353578086103779e-06, 4.016951803972737e-06, 5.994030283256576e-06, 2.902765881337002e-07, 2.4767552784732727e-07, 2.5723272121763814e-06, -1.3776385545768828e-06, 4.88987068519533e-06, 1.7167233638901456e-06, 0.01952611626009149, -0.14807992180319232, -0.20963796103742433, 0.009687968470252939, 0.09417436959640603, -0.43127900056473084, -0.03065422522909868, -0.3018636478067649, -0.12905886976745365, -0.0948494455898931], "git_revision": "018ef57f2e70e762a509d3bbb7a77c8182022b6e", "linregress": [7.329706892786936, -0.10516266152098319, 0.7316385303498808, 4.353666577154332e-06, 1.290623964092676]}