{"x": [0.11190057219971696, 0.017522208190003635, 0.13380701131285977, 0.13138943843199719, 0.16952574153063935, 0.10714096826672093, 0.09111468987623617, 0.18042232456735216, 0.09407488981887711, 0.17121417968705113, 0.0, 0.0, 0.0, 0.0, 0.0, 0.0, 0.0, 0.0, 0.0, 0.0, 0.04118906358163275, 0.06911002872661591, 0.06828519055167413, 0.068096913628186, 0.04817825463475902, 0.04014711575372907, 0.07995281427610128, 0.05517652419234894, 0.05753974728106941, 0.057407502853616836], "cost": 4.880466623623966, "fun": [0.4966696634352671, 1.071282455318606, 0.527775292702937, 0.6683710893830763, 0.7444619147404136, 0.6343715360030728, 0.7072999987087161, 0.3212992668481771, 0.4193040539247003, 0.802561106525802, 0.9665462579418644, 1.0235726089226296, 0.4914880586850951, 0.7295509960975699, 0.6287028287851582, 0.6351194150153945, 0.8629739986688034, 0.4918019024793274, 0.5909094832365602, 0.6092071197828524, 0.0, 0.0, 0.0, 0.0, 0.0, 0.0, 0.0, 0.0, 0.0, 0.0, 0.0, 0.0, 0.0, 0.0, 0.0, 0.0, 0.0, 0.0, 0.0, 0.0, 0.0, 0.0, 0.0, 0.0, 0.0, 0.0, 0.0, 0.0, 0.0, 0.0, 0.0, 0.0, 0.0, 0.0, 0.0, 0.0, 0.0, 0.0, 0.0, 0.0, 0.0, 0.0, 0.0, 0.0, 0.0, 0.0, 0.0, 0.0, 0.0, 0.0], "grad": [-45353.07495822177, -10450.270972284268, 19892.265015254874, -27691.611552958573, 7815.684688906529, 33043.7857141957, -3660.1025744233766, -79853.86733198527, -21347.825861964746, 8416.965926314464, 11286.54458679433, -36561.21484022874, 1535.4571037340029, 12694.252457657902, 9005.889047215665, -2935.081979530686, -12562.663272881193, 40593.89930474723, -13359.979000139889, -1395.373181576883, -15206.052396507632, 3455.9616555877174, -9321.08118552362, 4919.366435904931, -4724.8425203701445, -32070.94122615282, -55478.77425041581, 22675.557330670912, -43980.28028624799, -195.9296434046548], "optimality": 79853.86733198527, "nfev": 63, "njev": null, "status": 3, "message": "`xtol` termination condition is satisfied.", "success": true, "res_time": 586.4363500000036, "tension_error": [-0.2547730053294927, 1.6753605886759164, 0.7178657457900821, 0.7545394713897887, -0.6304792542707622, -0.18257149695564756, 0.5589886683392845, 0.010727929771209907, 1.3205879771234459, -0.6560922639675897, 0.0, 0.0, 0.0, 0.0, 0.0, 0.0, 0.0, 0.0, 0.0, 0.0, 0.21109782247424447, -0.21245334419864473, -0.19994084079846408, -0.19708474645548935, 0.1050742660076352, 0.22690380252648423, -0.37693456630617084, -0.0010870081609681257, -0.03693626663531979, -0.03493016544065562], "git_revision": "018ef57f2e70e762a509d3bbb7a77c8182022b6e", "linregress": [4.676000722569037, -0.029432873446357866, 0.7144866191207376, 9.207962060541517e-06, 0.8653299542777713]}