{"x": [0.10143945106835256, 0.19065938580617967, 0.2100638582301033, 0.12459270656925713, 0.16812072531962569, 0.09500553324004185, 0.14905750728574224, 0.11033056618011688, 0.1561893462518772, 0.14027957734345545, 0.0019559534773214873, 0.0004928686427334867, -0.018273912468778197, -0.014831175269934542, -0.006905077809629892, -0.0025026388844387455, 0.011959589206548514, -0.004395231921661057, -0.0029958501125030247, -0.015652318544267515, 0.0033771853199666864, 0.037290384943392284, 0.056017386707542756, 0.017476745379972427, 0.04647862653740727, 0.06207336795679597, 0.0677530575964452, 0.09102472596689107, 0.04266913224308674, 0.04792109576192885], "cost": 3.9247842455045525, "fun": [0.4446135595804386, 0.6579191747971408, 0.48305976955646, 0.8978170288115648, 0.40978998835124814, 0.3220898214576292, 0.7094836911060146, 0.739155576738577, 0.599137051408838, 0.7516628623009953, 0.8160967562853998, 0.7909127285050671, 0.5075059120196918, 0.665116144470631, 0.5901355644841809, 0.24172738660554985, 0.8557266560932454, 0.5339797140952064, 0.40240045478180125, 0.5972231274188389, 0.0, 0.0, 0.0, 0.0, 0.0, 0.0, 0.0, 0.0, 0.0, 0.0, 0.0, 0.0, 0.0, 0.0, 0.0, 0.0, 0.0, 0.0, 0.0, 0.0, 0.0, 0.0, 0.0, 0.0, 0.0, 0.0, 0.0, 0.0, 0.0, 0.0, 0.0, 0.0, 0.006102314984958039, 0.0032623210759255756, 0.0003292347974122826, 1.5674531329436015e-05, 0.0, 8.490736999801178e-05, 2.688810796021024e-05, 0.0038347409683741956, 0.0, 0.0, 0.0, 0.0, 0.0, 0.0, 0.0, 0.0, 0.0, 0.0], "grad": [-67905.46261716218, 6.328611818685346, 21.254913851424817, 113211.53305485641, 40729.22991479187, 4.664792230542638, -36.70033567942626, 30951.496243278452, 18.087132512719222, -104454.07926053903, 37094.28292730261, -125267.63813332753, 34701.20036240085, 18823.189132709595, 36503.90852929091, 26.611668342054212, 38777.78700716006, 31239.2446213776, 39818.177415071834, 111057.33419881758, 131071.51119746469, 3281.9871882593957, 120160.85462364338, 14574.849170531805, 63612.068773663195, 37.26143510705624, -107979.96978086772, -114760.31807539501, -3.2371276320991282, 48.35307647926592], "optimality": 131071.51119746469, "nfev": 194, "njev": null, "status": 3, "message": "`xtol` termination condition is satisfied.", "success": true, "res_time": 1202.9678480000002, "tension_error": [-0.09608149746476784, -0.9510691637697638, -0.4389236528170012, 0.8576434900036871, -0.6091656552501322, 0.0015187605602720675, -0.31998337960656353, 1.07399511573387, 0.3783336405402184, -0.18682528679985802, -0.029671122505099564, -0.0074766430014959855, 0.27720878936808435, 0.22498368362597895, 0.10474758831040339, 0.037964146789368006, -0.1814227386144739, 0.06667411382632518, 0.045445986689172796, 0.2374401366906689, 0.7846906430898863, 0.27023939860296664, -0.013842595135576468, 0.5708053034542352, 0.13085702315106817, -0.10570968891801412, -0.19186857206269647, -0.5448915509441403, 0.18864570432361324, 0.10897527516122008], "git_revision": "018ef57f2e70e762a509d3bbb7a77c8182022b6e", "linregress": [2.929353537294311, 0.10813042696908301, 0.617310520667603, 0.00027915515892317915, 0.7055195652384816]}