{"x": [0.06498397404313515, 0.19716616821944907, 0.04935225279627123, 0.22091278227453165, 0.07092816718311422, 0.07645934431811349, 0.14684399180982433, 0.10755258816596415, 0.157507641360682, 0.11730309143505398, 0.0, 0.0, 0.0, 0.0, 0.0, 0.0, 0.0, 0.0, 0.0, 0.0, 0.04581533515030273, 0.05893240446075458, 0.07770510458381512, 0.07091025036306098, 0.06132144701206085, 0.0647134339326604, 0.06318932680138686, 0.006488914259366612, 0.061480483127023144, 0.04537349276582561], "cost": 4.633480738624359, "fun": [0.40885112047360656, 0.3144041722588484, 0.8089673490193685, 0.5989407331282322, 0.40356599691665657, 0.5540096345680134, 0.8252720890592715, 0.7520289085877487, 0.48728303729360334, 0.6384735998966622, 0.6863698163422826, 0.8612480454979144, 0.5821706381672717, 0.4796553189218211, 0.7466985121454177, 0.5153557933611105, 0.5755408064826024, 0.9940941241285863, 1.07713220299985, 0.7359409664996929, 0.0, 0.0, 0.0, 0.0, 0.0, 0.0, 0.0, 0.0, 0.0, 0.0, 0.0, 0.0, 0.0, 0.0, 0.0, 0.0, 0.0, 0.0, 0.0, 0.0, 0.0, 0.0, 0.0, 0.0, 0.0, 0.0, 0.0, 0.0, 0.0, 0.0, 0.0, 0.0, 0.0, 0.0, 0.0, 0.0, 0.0, 0.0, 0.0, 0.0, 0.0, 0.0, 0.0, 0.0, 0.0, 0.0, 0.0, 0.0, 0.0, 0.0], "grad": [27924.111163551002, 1902.653185444774, -6879.23663367593, -6163.927663022925, 15393.875290577289, 7990.332000013283, -27489.68563528094, 10226.651756915726, -27787.011576269448, 3528.6349934135187, 21460.644518190846, 26143.161439687596, -5628.578576590431, 7176.016865684598, -42377.951007414624, -3883.860285714691, 24412.186798627838, 2193.3111004666066, 11858.570689535849, -980.792463188073, -40477.28695225141, 48307.58798423563, 1616.4697576418557, -1147.826053386064, -23525.095259166315, 7272.417047862609, 21864.091884040667, -12257.586787851395, 25828.164071694708, -1567.3514606743279], "optimality": 48307.58798423563, "nfev": 64, "njev": null, "status": 3, "message": "`xtol` termination condition is satisfied.", "success": true, "res_time": 596.0575960000278, "tension_error": [0.4569351961011398, -1.0497747517792129, 1.9990145640717278, -0.6034979937218619, 0.8652110783936454, 0.2828578874288861, -0.2864051326725751, 1.1161360597440897, 0.35833556997016286, 0.16171987852710903, 0.0, 0.0, 0.0, 0.0, 0.0, 0.0, 0.0, 0.0, 0.0, 0.0, 0.14091891891267244, -0.05806238352161284, -0.3428376052030615, -0.2397620697540394, -0.09430331411203557, -0.14575855608160834, -0.12263838991853558, 0.7374868155785926, -0.09671583573102786, 0.14762151162245343], "git_revision": "018ef57f2e70e762a509d3bbb7a77c8182022b6e", "linregress": [5.355505536067616, -0.042841112291035155, 0.7462318657422169, 2.1992424827324597e-06, 0.9028532472114162]}