{"x": [0.16245720533649857, 0.17622315296094576, 0.173893176214062, 0.24202989958115104, 0.0827866046635827, 0.013947696523688024, 0.15889097810739103, 0.28698180645029486, 0.16316341549651092, 0.11897386306639762, 0.0, 0.0, 0.0, 0.0, 0.0, 0.0, 0.0, 0.0, 0.0, 0.0, 0.08336011418341423, 0.057086037067173225, 0.09376331229181499, 0.07116794071856823, 0.03891688363914581, 0.11507943537048346, 0.07404322420776537, 0.03449286554769761, 0.06384316796977602, 0.08788624717826492], "cost": 4.702740678417404, "fun": [0.8312292791003887, 0.6041415040915467, 0.646519632159392, 0.36511912270251284, 0.8081073653806587, 0.831635340709886, 0.957772410736935, 0.5749130911049818, 0.679019356988721, 0.19850899059647695, 0.7118132462616825, 0.6660938956579566, 0.7518209858041127, 0.3989569318574672, 0.6390459507807671, 0.6892371993171106, 0.8601165965035905, 0.8711776492422784, 0.337759507031565, 0.7309246712195749, 0.0, 0.0, 0.0, 0.0, 0.0, 0.0, 0.0, 0.0, 0.0, 0.0, 0.0, 0.0, 0.0, 0.0, 0.0, 0.0, 0.0, 0.0, 0.0, 0.0, 0.0, 0.0, 0.0, 0.0, 0.0, 0.0, 0.0, 0.0, 0.0, 0.0, 0.0, 0.0, 0.0, 0.0, 0.0, 0.0, 0.0, 0.0, 0.0, 0.0, 0.0, 0.0, 0.0, 0.0, 0.0, 0.0, 0.0, 0.0, 0.0, 0.0], "grad": [-7380.399578221261, 100593.45100068318, -26525.378122437112, 14654.74088323127, 55379.905024087995, 3533.11262385686, 39908.96664592061, 6246.421940578699, 51607.47209310514, 1908.4242353669567, 21937.173174854805, 8385.410889780596, 9771.499928091573, 1081.6548948243021, -39692.55782826188, 22462.57815489747, 4443.838423173819, 64555.551522890506, 50289.60670280898, 28518.408311151346, -54731.70326118781, 8393.435673636006, -38392.707544162506, -57978.37242370136, -30674.91336241393, -179657.18468445778, 53091.429517964716, 4490.256978755358, -15633.361530536904, 8567.30849992346], "optimality": 179657.18468445778, "nfev": 33, "njev": null, "status": 3, "message": "`xtol` termination condition is satisfied.", "success": true, "res_time": 598.1077490000025, "tension_error": [-1.0216992500687312, -0.732076617050477, 0.10977280118079699, -0.923837194947289, 0.6853227756903124, 1.2311374764935576, -0.4691536542487896, -1.6057417243835836, 0.2725394765604362, 0.1363748637675917, 0.0, 0.0, 0.0, 0.0, 0.0, 0.0, 0.0, 0.0, 0.0, 0.0, -0.42862210086856883, -0.030053643150448395, -0.5864349369600912, -0.24367114131187056, 0.2455659886187089, -0.9097929853667798, -0.28728817496529213, 0.31267677846013886, -0.132556929204408, -0.49728193768048234], "git_revision": "018ef57f2e70e762a509d3bbb7a77c8182022b6e", "linregress": [4.24140983477891, 0.08245488310210042, 0.6236491419823363, 0.00023134850468701736, 1.0046931543930242]}