{"x": [0.13039502756293944, 0.1443033743192058, 0.057194977205491174, 0.241402884698883, 0.12725948612725893, 0.04693053108783673, 0.15368022701027323, 0.2988342746801752, 0.2777109896454807, 0.12480955450692283, 0.0, 0.0, 0.0, 0.0, 0.0, 0.0, 0.0, 0.0, 0.0, 0.0, 0.06144183706401985, 0.07642219918907331, 0.015270611062940887, 0.03620042532307525, 0.04385496702186909, 0.0722683863233083, 0.07639073340676636, 0.027928137990583062, 0.05858007518128512, 0.029845963056398382], "cost": 3.3251550403631827, "fun": [0.381709761722058, 0.11601923486936577, 0.5193461449736966, 0.6941216451797728, 0.39314877642866747, 0.6558846408919926, 0.720712692575462, 0.8138961857333148, 0.40370394963528783, 0.8578297473337888, 0.5333902552256146, 0.4332090656802827, 0.4298062655375957, 0.6453478321579291, 0.6791028103994645, 0.6145401193421537, 0.7368323956327725, 0.4704587214850367, 0.26224367628956397, 0.5735163532303189, 0.0, 0.0, 0.0, 0.0, 0.0, 0.0, 0.0, 0.0, 0.0, 0.0, 0.0, 0.0, 0.0, 0.0, 0.0, 0.0, 0.0, 0.0, 0.0, 0.0, 0.0, 0.0, 0.0, 0.0, 0.0, 0.0, 0.0, 0.0, 0.0, 0.0, 0.0, 0.0, 0.0, 0.0, 0.0, 0.0, 0.0, 0.0, 0.0, 0.0, 0.0, 0.0, 0.0, 0.0, 0.0, 0.0, 0.0, 0.0, 0.0, 0.0], "grad": [15922.449711426865, 70495.91521341394, -113610.43067520825, -2929.8986317179892, 120566.47181517251, 87935.83854562856, 30254.530062436985, 14060.206889068133, 51763.98308847471, 105386.8689659326, 76348.26956822674, -39442.95026723733, 114705.73475631588, 36169.56982771309, -28171.084507130774, -5652.101982556534, 134482.255652238, -85217.18312354357, 109268.54881334363, 150.07823344502287, -106209.28023645285, -90422.52740453562, -9636.020747812663, 146380.51529638574, -140722.59498846298, 135242.03306413165, -91911.11561703848, -127392.92365570647, 1552.310641758937, 101085.8540214031], "optimality": 146380.51529638574, "nfev": 41, "njev": null, "status": 3, "message": "`xtol` termination condition is satisfied.", "success": true, "res_time": 556.0690239999967, "tension_error": [-0.535327352408718, -0.24786486385903916, 1.880043208455251, -0.9143256009344434, 0.010684892242013234, 0.7307995409213629, -0.39010840294869836, -1.78553947566659, -1.4651067121875525, 0.04784948847548576, 0.0, 0.0, 0.0, 0.0, 0.0, 0.0, 0.0, 0.0, 0.0, 0.0, -0.09612958862290095, -0.3233763840793544, 0.6042715808183506, 0.286773700566184, 0.1706570101138502, -0.26036451195029414, -0.32289905929000057, 0.4122613738087395, -0.05271767295743946, 0.38316864582162896], "git_revision": "018ef57f2e70e762a509d3bbb7a77c8182022b6e", "linregress": [6.48935448795903, -0.06377651427396103, 0.784886050020263, 2.8246263228894297e-07, 0.968178441041048]}