{"x": [0.06369446378672433, 0.2077818047471084, 0.2012431879666019, 0.29692231074270625, 0.1396801230328869, 0.12766377262563558, 0.09398005502628667, 0.11834584021397097, 0.15608370795171034, 0.0931788336880889, 2.403154119000044e-06, 0.0, 0.0, 0.0, 0.0, 0.0, 0.0, 0.0, 0.0, 0.0, 0.08416261084270196, 0.051249841198790946, 0.028196616116098163, 0.09236551124893884, 0.0687499305717418, 0.07902337284126816, 0.07358800048156995, 0.05658630142619688, 0.10641832720433807, 0.0416011661304477], "cost": 5.047373140070187, "fun": [0.6447402796085601, 1.1207031124381275, 0.5480777097269636, 0.5965073797153064, 0.6957126719290746, 0.5891774508649129, 0.5545180155584476, 0.8504043463228653, 0.7175926347477674, 0.7046437974819463, 0.5090289783874636, 0.706427297608754, 0.7704817151108289, 0.7915705424264076, 0.361972144846596, 0.6553136537754216, 0.6632184288129188, 0.7545953707718344, 0.6311434068818742, 0.9732080002189519, 0.0, 0.0, 0.0, 0.0, 0.0, 0.0, 0.0, 0.0, 0.0, 0.0, 0.0, 0.0, 0.0, 0.0, 0.0, 0.0, 0.0, 0.0, 0.0, 0.0, 0.0, 0.0, 0.0, 0.0, 0.0, 0.0, 0.0, 0.0, 0.0, 0.0, 0.0, 0.0, 0.0, 0.0, 0.0, 0.0, 0.0, 0.0, 0.0, 0.0, 0.0, 0.0, 0.0, 0.0, 0.0, 0.0, 0.0, 0.0, 0.0, 0.0], "grad": [-21384.612556580643, -18186.95668231266, 21763.388323648316, 7906.583627274162, 22044.54954393251, -11123.897404502995, 21885.625048534064, 21025.294980336104, 989.4447865421932, 14079.861362430576, 19265.329860145448, -19350.302737296992, -14404.427036615514, -12238.993617213348, -751.8626636698646, -11601.860859567856, 11648.82471598956, -7330.404358011804, -12867.797522472185, 25816.90380434454, -6567.246179550066, -649.7885354113778, -19630.817714551416, 7950.399909857542, -1713.2319414051947, 31.831073119910116, -5872.0587202591505, -3786.9491963807086, 797.3875310623043, -24245.947322424996], "optimality": 25816.90380434454, "nfev": 66, "njev": null, "status": 3, "message": "`xtol` termination condition is satisfied.", "success": true, "res_time": 594.9415460000164, "tension_error": [0.4764966106404791, -1.2108102035595512, -0.30511720445308566, -1.7565356589236372, -0.17773177691257466, -0.4938951809501322, 0.5155220923829804, 0.9524062433358899, 0.37993613619352684, 0.5276763367221257, -3.645499808161598e-05, 0.0, 0.0, 0.0, 0.0, 0.0, 0.0, 0.0, 0.0, 0.0, -0.4407956913776165, 0.058479384133852536, 0.4081886555951106, -0.5652307894883785, -0.20699078254213651, -0.3628352684476072, -0.28038259203411287, -0.022472830214202683, -0.7784070375887492, 0.20484637255361707], "git_revision": "018ef57f2e70e762a509d3bbb7a77c8182022b6e", "linregress": [4.652592371000054, 0.030789033602523608, 0.7113996190906686, 1.047747668321832e-05, 0.8686134016559873]}