{"x": [0.09753531731592549, 0.119587891791608, 0.14208237868366974, 0.19775595999222775, 0.24927101325049195, 0.07285970169487695, 0.2406524126795778, 0.13774032755146143, 0.11210269948644361, 0.136375988421069, -2.8077852651691588e-05, 0.00013476634986896323, -0.0004098784890633448, -0.06127626079794356, 0.0035671240952960806, 0.002692891639659455, -0.00021142675634296888, 0.0006342088134412647, 0.3335127721539302, -0.00012166755919886931, 0.018806301330314263, 0.05964379173555838, 0.03980691265871329, 0.03543770451079571, 0.0001538404565126117, 0.04066929984324965, 0.08203795710162433, 0.06302855668706817, 0.0763138173180746, 0.06269738949894399], "cost": 5.496004506662181, "fun": [0.4413371710358803, 0.6833799796797232, 0.16894432394606096, 0.9252568939713737, 0.3639896637483887, 1.1524597840402875, 0.42783405580599215, 0.5419106904421789, 0.6864294530785439, 0.9501867174531148, 0.7818964454614699, 0.5266212700075731, 0.4820661492015607, 0.7724266177128082, 1.2182800601599006, 0.835134386606157, 0.2926992914754638, 0.7142423556104015, 0.9025208769813811, 0.8783534353070538, 0.0, 0.0, 0.0, 0.0, 0.0, 0.0, 0.0, 0.0, 0.0, 0.0, 0.0, 0.0, 0.0, 0.0, 0.0, 0.0, 0.0, 0.0, 0.0, 0.0, 0.0, 0.0, 0.0, 0.0, 0.0, 0.0, 0.0, 0.0, 0.0, 0.0, 2.2135619035617824e-11, 0.0, 6.885974019368718e-08, 0.23007888693688783, 0.0, 0.0, 9.451045217735208e-09, 0.0, 0.0, 1.8010442657879601e-09, 0.0, 0.0, 0.0, 0.0, 0.0, 0.0, 0.0, 0.0, 0.0, 0.0], "grad": [-3400.103704410169, -63704.82020759325, 25277.70058277131, 44751.00633325949, 51164.93498044583, -46811.963098096836, -59808.24422036327, -32280.02702981962, -606.7578890416171, 75093.64270987196, -1356.5626800794334, -70040.15158698661, 65057.448528785084, 42634.44293333312, 59261.98812517823, 66782.00468230035, 54130.923723421976, -15809.382072770202, 24297.38461966714, -8370.542298904877, 11615.938117072523, -4688.340045139314, -55935.337587329486, 27016.00820855172, -14012.46155084654, 10052.001295169215, -27884.918491492062, 15187.825756193302, -19206.36326455422, -60857.201802693235], "optimality": 75093.64270987196, "nfev": 107, "njev": null, "status": 3, "message": "`xtol` termination condition is satisfied.", "success": true, "res_time": 1172.581653000001, "tension_error": [-0.03685716918309994, 0.12706026516460417, 0.5923313494555374, -0.2522171893808668, -1.840186823411116, 0.3374631929675897, -1.7094457008194341, 0.6581987295138739, 1.0471124802126037, -0.12760922339722067, 0.00042593109466455083, -0.0020443578658133296, 0.006217711720760268, 0.9295392052371286, -0.05411201097040517, -0.04085021380094988, 0.003207269120172928, -0.009620723404525362, -5.059270802875099, 0.001845653843888819, 0.5506364099005913, -0.06885387688994059, 0.23206456316106247, 0.29834390554331164, 0.8335876446948021, 0.2189824545649793, -0.4085654455341613, -0.12019956414255578, -0.32173226942682265, -0.11517587501986877], "git_revision": "018ef57f2e70e762a509d3bbb7a77c8182022b6e", "linregress": [0.9045799478556881, 0.4738276816875192, 0.05811338652304717, 0.7603410894470983, 2.9366837016806024]}