{"x": [0.15498728306999807, 0.11928683431549925, 0.24118512861092573, 0.2892546008919276, 0.0760819682510635, 0.04792912291284147, 0.11177610196817843, 0.27213177424963975, 0.21263854206082988, 0.14475400218049286, 0.0, 0.0, 0.0, 0.0, 0.0, 0.0, 0.0, 0.0, 0.0, 7.47813160748805e-08, 0.08481105058446799, 0.05193684052113089, 0.06544765339602582, 0.028119185197041457, 0.08190332043636074, 0.0691435770988646, 0.07926863232892647, 0.08562391321868609, 0.06180459476378776, 0.04061879274912231], "cost": 5.740019991618883, "fun": [0.607983360108299, 0.6431110833908221, 0.6257573552533265, 0.45977217178501445, 0.9295693066190669, 0.8707674127623172, 0.8089061969908184, 0.7888884219804001, 0.3820117323306272, 0.743477061923384, 0.915186392752851, 0.5737249064030682, 0.8471460753570713, 1.1918625808114174, 0.9011340969035591, 0.780009168148219, 0.756059995582801, 0.6811583584500311, 0.7446426283790234, 0.4250518184867844, 0.0, 0.0, 0.0, 0.0, 0.0, 0.0, 0.0, 0.0, 0.0, 0.0, 0.0, 0.0, 0.0, 0.0, 0.0, 0.0, 0.0, 0.0, 0.0, 0.0, 0.0, 0.0, 0.0, 0.0, 0.0, 0.0, 0.0, 0.0, 0.0, 0.0, 0.0, 0.0, 0.0, 0.0, 0.0, 0.0, 0.0, 0.0, 0.0, 0.0, 0.0, 0.0, 0.0, 0.0, 0.0, 0.0, 0.0, 0.0, 0.0, 0.0], "grad": [-3133.22486126489, -7263.038086185161, 13416.418252876836, 19323.541370372426, 42172.11033179551, 19589.51071980116, 909.6511191295181, 24580.179778447215, -14346.965099092173, 2432.8105061299425, -13076.263915330928, -390.7534795484268, 8666.28106008253, 3297.239205540657, -15491.781961668403, -6882.884728570268, 941.2637580863386, -22952.173484220864, 4402.711320586772, -8823.1067903436, 92400.89919107192, 36158.1565678804, 12111.999815824105, 11589.955250015362, 7725.696524051703, 57047.69487406503, -40039.37883818993, -6422.005833220872, 10821.022899357513, -20968.69732906143], "optimality": 92400.89919107192, "nfev": 32, "njev": null, "status": 3, "message": "`xtol` termination condition is satisfied.", "success": true, "res_time": 673.6581000000006, "tension_error": [-0.9083831711114616, 0.13162720060466973, -0.9110223180921239, -1.6402192122627655, 0.7870297388949955, 0.7156512560997416, 0.24556235405502008, -1.3804719877875482, -0.4779806959620163, -0.2547007291449401, 0.0, 0.0, 0.0, 0.0, 0.0, 0.0, 0.0, 0.0, 0.0, -1.1344061175672092e-06, -0.4506322929318939, 0.04805784737931624, -0.15689640567554491, 0.40936325525284895, -0.40652305493794705, -0.2129622611408823, -0.36655576813649204, -0.4629631316145867, -0.10163249463486876, 0.21974862932046543], "git_revision": "018ef57f2e70e762a509d3bbb7a77c8182022b6e", "linregress": [5.337091328693367, -0.008894179656684542, 0.789949498535949, 2.0933384386656873e-07, 0.7829040532292102]}