{"x": [0.14189610940402936, 0.13741986469006587, 0.34659270031264483, 0.15103731379861884, 0.15895724535747663, 0.08946722469730806, 0.1379241109806099, 0.25868410779201856, 0.011043956972137468, 0.13874578909384144, 0.0, 0.0, 0.0, 0.0, 0.0, 0.0, 0.0, 0.0, 0.0, -1.6885624848267549e-06, 0.06010888098455067, 0.04639572427506398, 0.06069980202007169, 0.031817423991472756, 0.0356921968368355, 0.042387837047566185, 0.06538372845566379, 0.05878200597812982, 0.046549788274190186, 0.024992668418147696], "cost": 6.0608670421142, "fun": [0.6814113873144633, 0.49483044450958513, 0.6926993189343008, 0.7717728885271854, 0.6334812279316991, 0.6790708533712929, 0.6636250560153794, 0.8615214761392832, 1.2040090002683077, 1.075573149459911, 0.9380289054663482, 0.632118311179636, 0.4820053480462832, 0.568203528677834, 0.74031075560657, 0.5925686066541415, 0.4347493185438681, 1.072884761219064, 0.9359160301399642, 0.8577062493534383, 0.0, 0.0, 0.0, 0.0, 0.0, 0.0, 0.0, 0.0, 0.0, 0.0, 0.0, 0.0, 0.0, 0.0, 0.0, 0.0, 0.0, 0.0, 0.0, 0.0, 0.0, 0.0, 0.0, 0.0, 0.0, 0.0, 0.0, 0.0, 0.0, 0.0, 0.0, 0.0, 0.0, 0.0, 0.0, 0.0, 0.0, 0.0, 0.0, 4.814502412671388e-15, 0.0, 0.0, 0.0, 0.0, 0.0, 0.0, 0.0, 0.0, 0.0, 0.0], "grad": [34236.94600060567, 27518.94179384555, 74379.5493342327, 26315.146439823322, -223672.72345188088, -26681.36810066378, -10678.15974106382, 87381.22247983809, -100200.85482187518, 25212.635747803015, 11864.771233864103, 119923.14360631941, 5900.370052842798, 78140.7026455001, 26046.804650427188, -14309.891137257586, -89198.86494303853, -40941.83289039727, -10855.254018645584, 7454.374145369184, -61506.68558933305, -43482.04341123499, -94836.90121828331, 9841.056690703255, 143127.36970629316, -81160.09467779759, -17537.949090383816, -5317.258268388464, -87301.51264899047, 87136.40037515157], "optimality": 223672.72345188088, "nfev": 63, "njev": null, "status": 3, "message": "`xtol` termination condition is satisfied.", "success": true, "res_time": 1026.4649819999904, "tension_error": [-0.7097946964456876, -0.1434444572188285, -2.5100179021842894, 0.45648815077949817, -0.4701589049963986, 0.08553294246582889, -0.1510936951137718, -1.1764756435502592, 2.5801378635461165, -0.1635582614954012, 0.0, 0.0, 0.0, 0.0, 0.0, 0.0, 0.0, 0.0, 0.0, 2.5614895714912295e-05, -0.0759091163128907, 0.13211462115145933, -0.08487317943559593, 0.35326228066681226, 0.2944833469614814, 0.19291285295631785, -0.15592668693805714, -0.05578089173038096, 0.1297775247712534, 0.45679140905937143], "git_revision": "018ef57f2e70e762a509d3bbb7a77c8182022b6e", "linregress": [7.267699040222892, -0.1331428224220112, 0.7023626889680151, 1.515091034861785e-05, 1.3919582787931684]}