{"x": [0.09124669477597885, 0.2505325197907987, 0.2588590403496556, 0.21972391329439964, 0.10691077902903688, 0.11103146910438061, 0.06918168456044464, 0.21758799670493484, 0.1719342254523847, 0.11182172879649119, -3.040904814377123e-07, 9.535948327507774e-07, -4.9160203907196215e-09, 4.6852321484508893e-07, -2.505564169963288e-08, -2.3468898324333476e-07, -1.771746211556015e-06, -1.7724301513837235e-08, 1.6963708503006013e-07, 1.105779671084373e-06, 0.04917694209414589, 0.05092062320011083, 0.0644842476548891, 0.09200646451625327, 0.0623184203936713, 0.008596723049334643, 0.05278133192469837, 0.09716844652229163, 0.009669890323202252, 0.031743070983187904], "cost": 5.426165798243387, "fun": [0.6331881324146503, 1.1310394691918175, 0.47453613331613204, 0.7416288032584621, 0.39557098559072607, 0.2932144388112015, 1.0188699194837956, 0.6966638144522935, 0.5404286843528933, 0.6701680171728951, 0.668147452319532, 0.5043779675263167, 0.784127665995222, 0.6705881417658536, 0.6770956981020073, 0.8533088894105754, 0.8627302329295109, 0.8878700204120953, 1.1134003665389423, 0.40699631194741337, 0.0, 0.0, 0.0, 0.0, 0.0, 0.0, 0.0, 0.0, 0.0, 0.0, 0.0, 0.0, 0.0, 0.0, 0.0, 0.0, 0.0, 0.0, 0.0, 0.0, 0.0, 0.0, 0.0, 0.0, 0.0, 0.0, 0.0, 0.0, 0.0, 0.0, 2.8119557264827814e-17, 0.0, 1.1880672565312086e-22, 0.0, 1.5729560558983633e-20, 1.2926415464407556e-17, 5.561661315419142e-15, 5.568104637087612e-21, 0.0, 0.0, 0.0, 0.0, 0.0, 0.0, 0.0, 0.0, 0.0, 0.0, 0.0, 0.0], "grad": [6111.589114448476, -3232.0210591428213, -13077.550411282322, -781.1415439551661, -1671.9650479027714, -1070.24154016192, 26933.132197165585, 17773.63739558614, 5028.657048863962, -20270.50834477128, -22480.46774737127, -7991.455370611022, 7879.280295904106, 180.15523468873758, 14649.31058050231, -12985.749264108012, -1025.4073268551917, 23057.732483766773, -13840.65433768636, 2577.3905414916167, 24197.005137183645, -27058.69556526292, 31943.358651467854, -4249.908475625158, -19367.07132967213, 23408.110281882753, 24348.29895768557, -24295.507718041794, -16950.3445429267, -5267.905247212248], "optimality": 31943.358651467854, "nfev": 95, "njev": null, "status": 3, "message": "`xtol` termination condition is satisfied.", "success": true, "res_time": 861.9970469999971, "tension_error": [0.058539010702838304, -1.8593234314809992, -1.1791293085826646, -0.5854632717507053, 0.31936758236332735, -0.24158901874173427, 0.8917046021154978, -0.5530621724804552, 0.1394893914295494, 0.24487021120597802, 4.612945058247959e-06, -1.446569636284233e-05, 7.457429071899884e-08, -7.107331470474847e-06, 3.8008522336213813e-07, 3.5601488752923453e-06, 2.6876763430495455e-05, 2.688713855579846e-07, -2.5733345857630598e-06, -1.6774286538411575e-05, 0.0899245304462592, 0.06347350474202686, -0.14228188130223052, -0.5597841775346228, -0.10942704771974701, 0.7055121016860558, 0.035247211451478404, -0.6380896189707994, 0.6892325336796661, 0.35439018950668083], "git_revision": "018ef57f2e70e762a509d3bbb7a77c8182022b6e", "linregress": [4.014053269801566, 0.0507217160547645, 0.584460954007467, 0.0006950817719793919, 1.0531622973104255]}