{"x": [0.10258221260015982, 0.15500238496706203, 0.4112008516098796, 0.10143022244789825, 0.10507734340310823, 0.08966705896990197, 0.0712781142484497, 0.10737990852353566, 0.17595700488625388, 0.19495725581819756, 0.0, 0.0, 0.0, 0.0, 0.0, 0.0, 0.0, 0.0, 0.0, 0.0, 0.05676832649360949, 0.050780425584966656, 0.01713868766083202, 0.055210928725495795, 0.03342589430331228, 0.04578344587527126, 0.06820300471856205, 0.03646627622245517, 0.059065738216550645, 0.057186090063538496], "cost": 4.685841305164658, "fun": [0.6938059456309925, 0.7032892971594839, 0.4292979663786028, 0.757705142448711, 0.4800043657010091, 0.38422052402244106, 0.820143063546628, 0.4852232609913796, 0.6627791382224542, 0.6651170217094565, 0.2736284618901749, 1.0077648648784845, 1.0853715588882134, 0.7198663404745044, 0.5307958496186914, 0.7902004977219346, 0.5618168363536505, 0.5693532564226834, 0.7521426763773563, 0.7557387629811658, 0.0, 0.0, 0.0, 0.0, 0.0, 0.0, 0.0, 0.0, 0.0, 0.0, 0.0, 0.0, 0.0, 0.0, 0.0, 0.0, 0.0, 0.0, 0.0, 0.0, 0.0, 0.0, 0.0, 0.0, 0.0, 0.0, 0.0, 0.0, 0.0, 0.0, 0.0, 0.0, 0.0, 0.0, 0.0, 0.0, 0.0, 0.0, 0.0, 0.0, 0.0, 0.0, 0.0, 0.0, 0.0, 0.0, 0.0, 0.0, 0.0, 0.0], "grad": [-114093.19001657398, -10153.169401452255, -35440.358533623454, 18865.99736238286, 9012.738289274817, 118621.97473646652, -1718.7796403915459, 97806.41665632642, 8208.443425680267, 8894.432554898198, 17402.84770177742, 3644.865997224233, 9237.954369532998, -99767.14270197386, 45757.52137476894, 6512.636304324565, 9512.220178120613, -47235.016971324694, -23084.972887768872, -6479.027314190356, -1575.5362277491445, 81028.8975956956, 72908.00118998019, -118737.78786840128, 18242.20493737115, -13571.003569621691, 11351.477964606842, 3296.6109892744407, -122862.51997710728, -12357.409167954207], "optimality": 122862.51997710728, "nfev": 33, "njev": null, "status": 3, "message": "`xtol` termination condition is satisfied.", "success": true, "res_time": 593.0005100000126, "tension_error": [-0.11341678575127716, -0.4101650715565299, -3.4901007079335473, 1.2090101824407704, 0.3471801523926714, 0.08250152722431138, 0.8599025051753867, 1.1187555488495509, 0.07846525012084041, -1.0162663318599825, 0.0, 0.0, 0.0, 0.0, 0.0, 0.0, 0.0, 0.0, 0.0, 0.0, -0.025234086111553825, 0.06560025298123452, 0.5759335194955214, -0.0016089127612396088, 0.3288623548905807, 0.14140266793688405, -0.19869411077613683, 0.28274083644387643, -0.060085009441993964, -0.03157141172039496], "git_revision": "018ef57f2e70e762a509d3bbb7a77c8182022b6e", "linregress": [7.227939257110293, -0.1285572404161402, 0.6560154286006794, 8.289218002108827e-05, 1.5715315204915288]}