{"x": [0.09353363195457153, 0.06157456112552708, 0.110780827424098, 0.3232344673818628, 0.031102670723380924, 0.11768815984588991, 0.1556060043150098, 0.13725914687795612, 0.2023971777521247, 0.05140171255881222, -2.915711702601247e-07, -9.250989149325732e-08, 1.9711474420074742e-07, -4.510992924075302e-08, -2.742138812627343e-08, 3.8448053775318705e-07, 1.769564970786042e-07, 5.82940932239546e-08, -2.987213618342862e-08, -2.971855980729559e-07, 0.04559924794978318, 0.08245443104942281, 0.043805524893806166, 0.06691425061560184, 0.025325355675202537, 0.04883338295965245, 0.022079752109679447, 0.07503282831077623, 0.0650922800535238, 0.060613578721914516], "cost": 4.755927701702894, "fun": [0.4146646238603202, 0.7412915210641864, 0.46216099884288747, 0.46326031158901987, 0.908081622649536, 0.7730933800847267, 0.6812287156505135, 0.7327606730992621, 0.43133504989443744, 0.6079242906813559, 0.7623131457607609, 0.5332030159563379, 0.47747094020791564, 0.5377513385724912, 0.9550915115144528, 0.8336482170243799, 0.9651821967464129, 0.9209277180665391, 0.4752335464664817, 0.6228900325033686, 0.0, 0.0, 0.0, 0.0, 0.0, 0.0, 0.0, 0.0, 0.0, 0.0, 0.0, 0.0, 0.0, 0.0, 0.0, 0.0, 0.0, 0.0, 0.0, 0.0, 0.0, 0.0, 0.0, 0.0, 0.0, 0.0, 0.0, 0.0, 0.0, 0.0, 2.4787557796290715e-17, 7.917070544195713e-19, 0.0, 9.179445286513399e-20, 2.061903366137708e-20, 0.0, 0.0, 0.0, 2.665623702879478e-20, 2.6247217959605743e-17, 0.0, 0.0, 0.0, 0.0, 0.0, 0.0, 0.0, 0.0, 0.0, 0.0], "grad": [-7544.848480709792, 6412.084485595154, -6358.220086776881, 29312.35957142267, 1736.5803483922557, 15033.538852297357, -105651.78241591401, -18779.645397536784, 1320.3828563277834, 13031.681459405048, -4027.2203928826866, 7644.322679136567, -8159.786774409615, 9503.75456116492, -13273.058223534646, -21001.25890936703, 8956.766060803631, -13052.316031727405, -22690.913900974036, -2057.138323180442, -15099.710174105756, 14774.346666465673, -7768.777072593126, 1880.9998249765918, 10133.145023948142, -22315.312154606065, 6016.911020900037, -2796.437983226361, 4823.156251317808, -1851.4884619815543], "optimality": 105651.78241591401, "nfev": 33, "njev": null, "status": 3, "message": "`xtol` termination condition is satisfied.", "success": true, "res_time": 576.8525859999936, "tension_error": [0.02384698250571935, 1.007101974274853, 1.0671648119028416, -2.1556817695371167, 1.4693497749342956, -0.3425686630737456, -0.4193217635878416, 0.6654980701557657, -0.32262282137745635, 1.161420489284815, 4.423031535285057e-06, 1.4033423367455428e-06, -2.990160957586233e-06, 6.843016729271428e-07, 4.1597275998032935e-07, -5.832433781668273e-06, -2.684367477943632e-06, -8.843007778182241e-07, 4.5314974127160494e-07, 4.508200419597519e-06, 0.1441968853227834, -0.4148832080313723, 0.17140702971077681, -0.1791441668172207, 0.45174466102859645, 0.09513620101281085, 0.5009793192718484, -0.3023001192228797, -0.15150551775173618, -0.08356520249643135], "git_revision": "018ef57f2e70e762a509d3bbb7a77c8182022b6e", "linregress": [6.27569345913029, -0.04271858621795965, 0.7585175803881072, 1.1935393128049413e-06, 1.0189037764672624]}