{"x": [0.14817684365937284, 0.10919440845666388, 0.184833364887051, 0.1233291225411812, 0.0830925626515444, 0.1155977049184975, 0.0869395421133869, 0.2085193174274707, 0.1746212517802937, 0.07186670034335836, 2.545249903159742e-07, -1.8001840819731683e-06, 7.106462385918371e-06, -1.3032959545947846e-07, -1.8142886364525147e-06, 9.571707501420922e-07, -9.745451715358845e-07, 2.7417070817675255e-06, -1.6141352836088214e-06, 1.682239837704079e-06, 0.006690760399664825, 0.03327622424098278, 0.05378507969917192, 0.05732953464560114, 0.06201279584691812, 0.05678248472739607, 0.0822419783042733, 0.047386286542497894, 0.05925097218533511, 0.07881899321140991], "cost": 3.849476629664556, "fun": [0.9322927857983911, 0.6276286420119184, 0.5238171875961587, 0.544882746578714, 0.561933526966674, 0.44801946673708404, 0.5234454315336872, 0.6605170552020901, 0.536412018381853, 0.6002613123764224, 0.5862899238571027, 0.4531820852876481, 0.6043773271706377, 0.4777472451391283, 0.6353163695610698, 0.8581936966770191, 0.5204453697592704, 0.43208959054179014, 0.6327275847400771, 0.9214702176284506, 0.0, 0.0, 0.0, 0.0, 0.0, 0.0, 0.0, 0.0, 0.0, 0.0, 0.0, 0.0, 0.0, 0.0, 0.0, 0.0, 0.0, 0.0, 0.0, 0.0, 0.0, 0.0, 0.0, 0.0, 0.0, 0.0, 0.0, 0.0, 0.0, 0.0, 0.0, 5.833789459770767e-15, 0.0, 2.2137528925356513e-18, 5.9719909552708144e-15, 0.0, 9.25562866071436e-16, 0.0, 4.205520872398624e-15, 0.0, 0.0, 0.0, 0.0, 0.0, 0.0, 0.0, 0.0, 0.0, 0.0, 0.0], "grad": [47144.98240676045, 2501.614651195984, -2239.366727690889, 4633.848627468065, 6849.503265468088, 17563.354255333914, -4538.086599092655, 1858.3737529838163, -3528.8430580663817, -4619.25634933139, 32789.42012893536, 4423.390352510958, 7895.832188172026, -8446.751935081022, -10617.49818466639, 924.2899666213164, -5116.553545581757, -7839.56701475041, -7414.496196567017, -974.887431327033, 2120.437177477033, 436.47139704099385, -8102.400292843902, -3532.7582097968007, 3696.571976056643, -5428.209849882467, 3976.6328912099752, 46505.30193833572, 669.0782603660244, 10877.907598502585], "optimality": 47144.98240676045, "nfev": 156, "njev": null, "status": 3, "message": "`xtol` termination condition is satisfied.", "success": true, "res_time": 1181.902201000019, "tension_error": [-0.8050712138439802, 0.28472573157853276, -0.05618599186252305, 0.8768116128283006, 0.6806815012185612, -0.310857201139084, 0.6223241833117765, -0.4154935150860189, 0.09872815233351787, 0.8509738622759918, -3.861054087347943e-06, 2.7308155867337558e-05, -0.00010780252111068436, 1.9770538705316333e-06, 2.7522116970548273e-05, -1.4519941765003487e-05, 1.4783505592879595e-05, -4.1590726793576175e-05, 2.4485861394488104e-05, -2.5518983394139546e-05, 0.7344248810155215, 0.33113279680354785, 0.02002071269987709, -0.03374741529942798, -0.10479083143320356, -0.025448861510870967, -0.41166037502385705, 0.11708814187844026, -0.0628949432382906, -0.3597349017439086], "git_revision": "018ef57f2e70e762a509d3bbb7a77c8182022b6e", "linregress": [2.8460464594555406, 0.05248831739786455, 0.5975995963582573, 0.0004883158154978068, 0.7216321093409466]}