{"x": [0.1481754827415628, 0.17122963238820604, 0.21189634026184886, 0.13396269127005406, 0.12325790613953092, 0.09596573615709372, 0.15292760066972202, 0.28106668444901933, 0.045703391658523246, 0.1596253042120504, -2.330148834283775e-06, 1.7937500348813975e-07, 2.165437747238097e-06, 6.86739599514267e-07, 7.499822983021111e-07, -1.6690372369184433e-06, 1.6527310775863184e-06, -9.444344561895635e-07, 9.110030194163145e-08, 3.6190428265614026e-06, 0.05881390223245985, 0.03924324279996038, 0.05272587439668959, 0.06230252608174777, 0.06227172724911317, 0.06082072708619955, 0.05517652765725004, 0.0405320053265877, 0.05627572508109638, 0.05163673755251208], "cost": 6.08331602954696, "fun": [0.9248402800414963, 0.4614164555430346, 0.7444806066144923, 0.7490203305948278, 0.47956031044561287, 0.6460042289250042, 0.5918971361565032, 0.7871728044524217, 1.1257669307175375, 0.9672472713517397, 0.9668041228393508, 0.3316410284183883, 0.7599509742164418, 0.7958145026150542, 0.4729105607983657, 0.6705897126588686, 0.529516631457206, 1.1121146475392014, 0.9377924975922446, 0.9150926204810713, 0.0, 0.0, 0.0, 0.0, 0.0, 0.0, 0.0, 0.0, 0.0, 0.0, 0.0, 0.0, 0.0, 0.0, 0.0, 0.0, 0.0, 0.0, 0.0, 0.0, 0.0, 0.0, 0.0, 0.0, 0.0, 0.0, 0.0, 0.0, 0.0, 0.0, 1.2651761174172846e-14, 0.0, 0.0, 0.0, 0.0, 4.649412493066026e-15, 0.0, 8.423943972810087e-16, 0.0, 0.0, 0.0, 0.0, 0.0, 0.0, 0.0, 0.0, 0.0, 0.0, 0.0, 0.0], "grad": [-40682.79536137812, 48393.7970982206, -10250.2561410676, 4192.800959347049, -63131.93181376785, -15782.391679752694, -65149.58030107927, -68508.42404140106, 25361.621742131607, 42676.88087958172, 68208.64439912845, -117718.41204222369, 49252.32961544208, -80687.07197950233, -11623.533695985669, -14561.926180734865, 123603.49539146393, 84593.01017568937, -79035.3363204228, -9739.579936008082, -75770.25722242547, -28178.980891522293, -27794.74534786516, 2369.0661731500186, -41472.279136443394, 24422.668019207886, -62840.018863328834, -31860.048512520683, 46112.346140501555, 87427.57999332895], "optimality": 123603.49539146393, "nfev": 96, "njev": null, "status": 3, "message": "`xtol` termination condition is satisfied.", "success": true, "res_time": 1019.7325350000174, "tension_error": [-0.8050505692021066, -0.6563266759790808, -0.4667217571598377, 0.715504135897486, 0.07138744545019349, -0.013047178104391424, -0.3786913275376613, -1.516011415576444, 2.0543664970688655, -0.4802931215534404, 3.534753373164461e-05, -2.7210553648431548e-06, -3.284892479316771e-05, -1.041759685112475e-05, -1.137696622521483e-05, 2.5318704609475933e-05, -2.5071345939271923e-05, 1.4326736690083229e-05, -1.381959361765241e-06, -5.48995997620324e-05, -0.05626474662808345, 0.24061523556989345, 0.03608848253816691, -0.10918593662907672, -0.10871872923037781, -0.08670756992218893, -0.0010870607222924426, 0.22106516382692648, -0.017761496897991867, 0.05261030327833214], "git_revision": "018ef57f2e70e762a509d3bbb7a77c8182022b6e", "linregress": [5.746329191222727, -0.10921380850892631, 0.7538257035228236, 1.5135796274794004e-06, 0.9465751797334797]}