{"x": [0.0826765094880342, 0.203961666378459, 0.20635825065748128, 0.18224153991273195, 0.16019316185740734, 0.11835607691903989, 0.17940486552505477, 0.21997807299272193, 0.2513841313901844, 0.1003269520213536, -1.3640244082727191e-05, -0.000188362545716124, 1.1433664714751225e-06, 0.0002481644573251479, -0.00045013617370215305, 0.0005972899901366661, 2.8807941286246425e-07, -3.402173182932161e-05, 8.574581617052436e-07, -0.00033398841519272413, 0.08772785745930466, 0.08668930084489504, 0.06224276066465514, 0.07069388928954237, 0.06908817191946631, 0.09311635016087765, 0.08373056397154943, 0.0340257585702635, 0.03546126428277515, 0.06967724492249412], "cost": 3.2478629135306387, "fun": [0.6616891287246303, 0.7602195179150406, 0.4866778440786005, 0.42572604817342724, 0.41764212178626337, 0.2395585378082693, 0.6223671119240681, 0.6222953135336455, 0.4645043506498985, 0.9063350429723414, 0.29566093087244877, 0.6288960918466717, 0.6951625537260587, 0.622877178298296, 0.4020450253062088, 0.23084311883819783, 0.7024730849240612, 0.3124181315774841, 0.7075648070157001, 0.5978676582327926, 0.0, 0.0, 0.0, 0.0, 0.0, 0.0, 0.0, 0.0, 0.0, 0.0, 0.0, 0.0, 0.0, 0.0, 0.0, 0.0, 0.0, 0.0, 0.0, 0.0, 0.0, 0.0, 0.0, 0.0, 0.0, 0.0, 0.0, 0.0, 0.0, 0.0, 2.5378527809191624e-12, 6.683187626844352e-09, 0.0, 0.0, 9.120775056000724e-08, 0.0, 0.0, 3.937941416613606e-11, 0.0, 3.725582707019322e-08, 0.0, 0.0, 0.0, 0.0, 0.0, 0.0, 0.0, 0.0, 0.0, 0.0], "grad": [-1237.476992129848, -48780.72814598198, 45929.316866808775, -2510.230376019927, -4217.671308665106, -49167.37158488971, 53177.60139559999, 508.47355854994385, 2486.2525154364603, -2293.6520749880838, 2697.092324562637, 996.7244921276404, 171.11034961699667, -2170.352353309892, -360.193157344506, -49193.38253698396, 48804.461554988935, -774.3061065862192, -2420.196022976093, -1449.717736126741, 47905.4493316205, 1018.1062171025492, 51435.41149283615, 755.022366973495, -50737.58127218284, 414.56680845009083, 3755.456842750744, -51167.86249703773, -141.19717386612658, 1661.8446635558025], "optimality": 53177.60139559999, "nfev": 135, "njev": null, "status": 3, "message": "`xtol` termination condition is satisfied.", "success": true, "res_time": 869.901973, "tension_error": [0.18854569057450488, -1.1528600555438389, -0.38271089647186624, -0.016868923631376837, -0.48890732120399466, -0.3527007288567311, -0.7803420713980787, -0.5893187844876989, -1.0657375832566316, 0.41924190962231134, 0.0002069176787028133, 0.0028573932018920493, -1.734446500732684e-05, -0.003764567051354134, 0.006828406559129072, -0.009060677911769083, -4.370062810463468e-06, 0.0005160976396666758, -1.300733706294184e-05, 0.005066486139556868, -0.4948792216602353, -0.47912468511735806, -0.10827931638852155, -0.23647994878739118, -0.2121217841641013, -0.5766207502395105, -0.43424169314067135, 0.31976262610995804, 0.297986512134573, -0.2210578132874628], "git_revision": "018ef57f2e70e762a509d3bbb7a77c8182022b6e", "linregress": [3.399800709875, 0.07075213273844574, 0.6785507661823289, 3.7663045961939985e-05, 0.6955294717542874]}