{"x": [0.0699533256068558, 0.057067595986938544, 0.22072766033448363, 0.28695045731156116, 0.13069852614251015, 0.02449395784318941, 0.09963928209822157, 0.12157416138808265, 0.13689341000924296, 0.13236867148742223, -3.634480013858343e-08, 4.6328078660494645e-09, 7.642769297405003e-08, -1.4774152822415897e-07, -1.6700898714187174e-08, 5.818605817931169e-08, -6.245050141053548e-08, 4.296104207868135e-08, -1.2326638939909545e-08, -1.5582163727344752e-07, 0.0605766788409283, 0.08493307887303721, 0.09677155265647489, 0.05072000029805794, 0.03410921696635655, 0.07104049061632396, 0.0340424272320344, 0.032251743619168945, 0.015234553898448144, 0.027914175898726756], "cost": 3.2613163398641487, "fun": [0.7025219723675247, 0.7560326276805079, 0.7824909996451118, 0.4595326610776834, 0.6985465058092395, 0.6068534205302031, 0.619550807457682, 0.36015124204149757, 0.46269000986945463, 0.348415576663694, 0.5812537116561116, 0.5153384106696572, 0.6290475052132845, 0.6796179230083248, 0.5987644255927638, 0.7798159920919917, 0.4763858449253584, 0.39649533271251286, 0.20692344414737995, 0.27234156117374025, 0.0, 0.0, 0.0, 0.0, 0.0, 0.0, 0.0, 0.0, 0.0, 0.0, 0.0, 0.0, 0.0, 0.0, 0.0, 0.0, 0.0, 0.0, 0.0, 0.0, 0.0, 0.0, 0.0, 0.0, 0.0, 0.0, 0.0, 0.0, 0.0, 0.0, 4.8009463741754456e-20, 0.0, 0.0, 3.2248369479985942e-18, 4.658214967664837e-21, 0.0, 2.4356102267912796e-19, 0.0, 1.8729838200227285e-21, 3.783408976992277e-18, 0.0, 0.0, 0.0, 0.0, 0.0, 0.0, 0.0, 0.0, 0.0, 0.0], "grad": [-2843.108635907807, -21973.512902911418, -71650.91514899896, 26329.7400325824, 35271.640542750036, -5763.812338417958, -3813.933257728434, 21748.493377298968, 10771.146240922226, 516.1384789766769, 1080.845462844818, 45719.90096234591, 12248.889136971728, -26766.34972029609, 5547.624594592139, -4681.896286455294, 3421.3922994124678, -19194.83778755885, -4554.8433664124295, 3289.5793925614084, 1528.5790725827721, 5807.772061011465, -4608.77259508825, 3726.233353888701, 2096.037380343796, -50579.8578850738, 6422.6001761012885, 1888.2220619183272, 8014.823833395579, 10558.979652771157], "optimality": 71650.91514899896, "nfev": 33, "njev": null, "status": 3, "message": "`xtol` termination condition is satisfied.", "success": true, "res_time": 585.5138379999989, "tension_error": [0.38155189034890963, 1.0754710414862068, -0.6006897593618767, -1.6052661690359837, -0.04148412853254724, 1.0711544220856197, 0.4296736191536977, 0.9034337528582288, 0.671046169107015, -0.0668196427483913, 5.513377643378481e-07, -7.027805688118064e-08, -1.1593810728671282e-06, 2.2411867326377785e-06, 2.5334672702568565e-07, -8.826619243988506e-07, 9.473520200461955e-07, -6.517038146576414e-07, 1.8699075325812137e-07, 2.363759129290237e-06, -0.08300544435194578, -0.45248341891275473, -0.6320688793925259, 0.06651688321352893, 0.31849659175726625, -0.24173776833504715, 0.31950976840596107, 0.3466738055168868, 0.6048185552516668, 0.4124731738043423], "git_revision": "018ef57f2e70e762a509d3bbb7a77c8182022b6e", "linregress": [4.70673661143476, 0.03387281452537155, 0.7260558497087126, 5.589395730334814e-06, 0.842421202707851]}