{"x": [0.026638295659770342, 0.05675716035354543, 0.19472751853929357, 0.1978303899671269, 0.12126195687781541, 0.059873138497525125, 0.05228316881194697, 0.16036246356291, 0.2860037412943123, 0.20476645155562326, 1.232193650646229e-06, 3.86168856047935e-07, 4.633260751768554e-07, -2.638631752822213e-07, 6.922069386566704e-08, 1.2997722299283083e-07, 1.2255142673310043e-07, -2.7548040582567037e-07, 2.99165379929291e-07, 1.2412882978543493e-06, 0.053221457801615045, 0.0744343542260773, 0.055108418740425116, 0.065933898682485, 0.020599560953115978, 0.07347415656795454, 0.029721163618487655, 0.024034896179447634, 0.03491177387305001, 0.03439618557203382], "cost": 5.039944956630693, "fun": [1.2288819482656974, 0.807863765962901, 0.8112154898368348, 0.44891203739963, 0.7006654518522859, 0.6502073967475144, 0.5947355435669741, 1.068851461076432, 0.7587737318130319, 0.37224307805468515, 0.7939272443610634, 0.3377102785917735, 0.2943788014143678, 0.4899059507896472, 0.7712475583105024, 0.783762308953612, 0.6693508858532822, 0.6759206398408919, 0.22971522074831996, 0.8339871757385389, 0.0, 0.0, 0.0, 0.0, 0.0, 0.0, 0.0, 0.0, 0.0, 0.0, 0.0, 0.0, 0.0, 0.0, 0.0, 0.0, 0.0, 0.0, 0.0, 0.0, 0.0, 0.0, 0.0, 0.0, 0.0, 0.0, 0.0, 0.0, 0.0, 0.0, 0.0, 0.0, 0.0, 1.8371150417882276e-17, 0.0, 0.0, 0.0, 2.0906057584121512e-17, 0.0, 0.0, 0.0, 0.0, 0.0, 0.0, 0.0, 0.0, 0.0, 0.0, 0.0, 0.0], "grad": [-12773.557013344225, -9360.220409975276, 1505.321060493193, 10834.493142661906, 8358.749589254352, -13580.730447158629, -1603.2505413379527, 14755.206098889164, -12787.865654894424, 8178.258302302452, -9374.771650242841, -4188.202378006158, -3003.3537032837166, 10836.076636716029, -10580.740923383866, 2619.8376463937707, 3135.7227384431208, -8525.67102482127, -11631.567390910694, -2589.3467698736845, 918.8564066911139, -9468.474043091575, 17009.25893053445, 11381.481615414023, -6817.179804447447, -10816.207508296615, -12178.850039710589, 3991.647023845059, 12953.228992895118, -5924.912990570978], "optimality": 17009.25893053445, "nfev": 96, "njev": null, "status": 3, "message": "`xtol` termination condition is satisfied.", "success": true, "res_time": 1091.123596999998, "tension_error": [1.0386255757782836, 1.080180240255581, -0.2062768035836628, -0.2533462657770541, 0.1016652898595725, 0.5344647638211637, 1.148049109662094, 0.3150289268036888, -1.5909048218715314, -1.1650683620597122, -1.8691941900579723e-05, -5.858044973106051e-06, -7.028492699737089e-06, 4.002711050727372e-06, -1.0500534452326456e-06, -1.9717085048332408e-06, -1.8590618017929943e-06, 4.178940329501781e-06, -4.538233010185069e-06, -1.882990448229835e-05, 0.02857065755432623, -0.29322147901537, -5.387254157486393e-05, -0.16427257470478732, 0.5234332956299685, -0.27865562012680123, 0.3850618091579511, 0.47132047519307585, 0.306322087316381, 0.3141433794989522], "git_revision": "018ef57f2e70e762a509d3bbb7a77c8182022b6e", "linregress": [4.40144485563568, 0.049809628373864656, 0.6350748751455387, 0.00016317721515313841, 1.0117239317875237]}