{"x": [0.11477809349445386, 0.09693743068742351, 0.26856308194023354, 0.19136286365901778, 0.09385874308946646, 0.1525618279151274, 0.04291621125690036, 0.11409863755460536, 0.3075807690472697, 0.1454804297497815, 8.518583700528814e-06, 0.0, 3.2109168246772643e-06, 0.0, 9.557690264384605e-06, 0.0, 0.0, -3.454495305061417e-08, 0.0, -1.4571731013367572e-05, 0.06448632030645485, 0.058020653422288126, 0.060372907985923194, 0.04937410414362712, 0.05477425107075429, 0.04258556383588821, 0.06048449733908523, 0.05467433346148683, 0.03952133646569918, 0.06813122363955529], "cost": 3.6130137434946046, "fun": [0.5002218289258635, 0.33785012705747725, 0.7360440451387027, 0.4772803183886646, 0.25039074698080216, 0.5393131701324458, 0.8728185649283523, 0.6582418750863455, 0.8591985663362407, 0.2120980256517649, 0.4340585673994888, 0.3286657721075626, 0.47100144952538525, 0.6765837021378535, 0.7651862897193575, 0.5954404234708885, 0.7332808782010449, 0.7928936497660478, 0.6549530664680232, 0.4988075935620711, 0.0, 0.0, 0.0, 0.0, 0.0, 0.0, 0.0, 0.0, 0.0, 0.0, 0.0, 0.0, 0.0, 0.0, 0.0, 0.0, 0.0, 0.0, 0.0, 0.0, 0.0, 0.0, 0.0, 0.0, 0.0, 0.0, 0.0, 0.0, 0.0, 0.0, 0.0, 0.0, 0.0, 0.0, 0.0, 0.0, 0.0, 4.122435034671523e-20, 0.0, 3.0940935279770503e-12, 0.0, 0.0, 0.0, 0.0, 0.0, 0.0, 0.0, 0.0, 0.0, 0.0], "grad": [-36087.34301499469, -14989.681399228008, 40981.80998454332, 2318.3321027826364, -13857.96155037573, 63697.13999484005, -37865.46444323301, 44563.78553052561, -27009.721918868778, 1559.5696433199437, -56006.6848042644, -56727.61413022015, -36405.4067384168, -1871.0584546157982, -55733.53758785865, 32089.48940734538, -33235.26205230626, 43779.03181371341, 4707.6181626518355, 7469.81359257992, 29509.09432389091, -35479.22683010605, -39771.418440964626, 35741.99575607217, -383.04231157734375, 36355.45727765425, -43085.12966245727, -1981.8768272277803, 1412.4530829384435, 12432.553049096376], "optimality": 63697.13999484005, "nfev": 65, "njev": null, "status": 3, "message": "`xtol` termination condition is satisfied.", "success": true, "res_time": 679.6310980000126, "tension_error": [-0.2984239857015265, 0.47065974951409206, -1.3263361875637096, -0.15523617899950495, 0.5173623515611551, -0.8715898742027111, 1.2901425430378484, 1.0168348056054763, -1.9182207019151882, -0.26572037846142654, -0.00012922390204007445, 0.0, -4.870847265199307e-05, 0.0, -0.00014498678112155407, 0.0, 0.0, 5.240347205503678e-07, 0.0, 0.00022104800600935957, -0.14231332269346547, -0.044231442719515505, -0.07991431254746899, 0.08693365188429808, 0.005015332825019409, 0.18991340750586838, -0.08160708357005472, 0.006531047620573318, 0.2363966530117195, -0.1976052171938239], "git_revision": "018ef57f2e70e762a509d3bbb7a77c8182022b6e", "linregress": [6.002470821384547, -0.08897181168286084, 0.7731068013660903, 5.504936669477612e-07, 0.9306571850219137]}