{"x": [0.06897350314656951, 0.07708556910534514, 0.12197942100625071, 0.1535075647537188, 0.05371337701054788, 0.07276149581497762, 0.085312561551537, 0.14362416502348282, 0.1498504642817826, 0.08574897567837991, 0.08003802735774156, 0.13758847522865292, 0.0916611444596855, 0.08998256923965728, 0.08213352204763, 0.13234979236644132, 0.10483838022945703, 0.08173320322721699, 0.07776468357510886, 0.12581364021863808, 0.1542220130727229, 0.14681295419470494, 0.10685735455146178, 0.12704634651270075, 0.07393271489361893, 0.1709346833082198, 0.12667645628703, 0.09251631214511147, 0.08282784783629793, 0.09452190265670561], "cost": 1.5743871730416323, "fun": [0.3874375643974297, 0.15068222041590829, 0.35070219943141356, 0.2713498577331186, 0.24130389151357237, 0.7205440567699927, 0.6179627393217765, 0.4097910526976552, 0.29348439256181275, 0.3250075563438635, 0.4157579527811057, 0.3426663098678802, 0.379579814078651, 0.18521583538645428, 0.35731058328075205, 0.5227601539767996, 0.34364745685368614, 0.5470283846298055, 0.3943344241550699, 0.1338457922189698, 0.0, 0.0, 0.0, 0.0, 0.0, 0.0, 0.0, 0.0, 0.0, 0.0, 0.0, 0.0, 0.0, 0.0, 0.0, 0.0, 0.0, 0.0, 0.0, 0.0, 0.0, 0.0, 0.0, 0.0, 0.0, 0.0, 0.0, 0.0, 0.0, 0.0, 0.0, 0.0, 0.0, 0.0, 0.0, 0.0, 0.0, 0.0, 0.0, 0.0, 0.0, 0.0, 0.0, 0.0, 0.0, 0.0, 0.0, 0.0, 0.0, 0.0], "grad": [388.4347049632946, -9458.144084342834, 4021.490415929751, 13725.857917707894, -7934.661292333212, -10869.02254771892, -3145.0207094747884, -3538.3916714121456, 154.1912354604234, -9314.779673973037, -437.3356148058469, 11784.91520530064, 1027.3005226131804, -6085.204187516807, 4026.507228587649, 7888.488843465552, -9667.631647416463, 182.96156360811887, -3268.4069209712134, 3478.067941386495, 5399.187363135148, -3409.81845882632, 16964.181098103323, 6013.795532116876, -6206.777111091895, 7834.113983879901, -8036.070440977459, 11901.122098351803, 3669.6545850136918, -6774.366031605579], "optimality": 16964.181098103323, "nfev": 266, "njev": null, "status": 2, "message": "`ftol` termination condition is satisfied.", "success": true, "res_time": 1218.9329890000008, "tension_error": [0.3102649685343049, 0.22914430894654864, -0.21979421006250707, -0.5350756475371878, 0.4628662298945212, 0.27238504185022383, 0.14687438448463, -0.4362416502348282, -0.4985046428178261, 0.14251024321620093, 0.1996197264225845, -0.3758847522865291, 0.08338855540314508, 0.10017430760342727, 0.17866477952370008, -0.3234979236644131, -0.04838380229457026, 0.1826679677278302, 0.2223531642489114, -0.2581364021863808, -0.542220130727229, -0.46812954194704937, -0.06857354551461775, -0.2704634651270074, 0.2606728510638108, -0.7093468330821978, -0.2667645628703, 0.07483687854888538, 0.17172152163702076, 0.05478097343294394], "git_revision": "ec36e56dd006ef5715c6882890a8a7f5f3c70256"}