{"x": [0.09492374665461097, 0.12640466124019367, 0.1815609646715244, 0.18148849609447332, 0.12721819748973645, 0.0951619406576615, 0.12971946767282305, 0.17984298040506763, 0.1809751535072572, 0.12918032161032172, 0.003175332765286448, -0.0002148560704539949, -0.004191836496278313, 0.0029656792602879433, -0.001919251610510843, 0.0026255224085348335, -0.0027703277538025234, -0.0015660550085696081, 9.56740559053754e-06, -0.0011310796934590021, 0.05538189971377902, 0.05512765278040254, 0.0562060116100837, 0.05322998249949455, 0.05475113244673761, 0.05345666577972943, 0.05653352883381195, 0.05572073299910041, 0.05562890516361801, 0.05478276776496838], "cost": 0.29285929228476815, "fun": [0.20369537818953315, 0.11482417536698576, 0.1855755735738117, 0.14186927853969492, 0.18676667130607782, 0.1885806325550256, 0.2521409487763145, 0.13567814597621042, 0.20749809658581211, 0.04474312349197937, 0.20163236981690272, 0.14480949468143267, 0.056702276890796405, 0.056205427025649665, 0.20498616161315647, 0.1726645191032425, 0.1285974816328057, 0.2735013693492593, 0.20605355673366754, 0.07322009869039456, 0.0, 0.0, 0.0, 0.0, 0.0, 0.0, 0.0, 0.0, 0.0, 0.0, 0.0, 0.0, 0.0, 0.0, 0.0, 0.0, 0.0, 0.0, 0.0, 0.0, 0.0, 0.0, 0.0, 0.0, 0.0, 0.0, 0.0, 0.0, 0.0, 0.0, 0.0, 9.918428928861808e-09, 7.36568265382016e-05, 0.0, 7.069614636642476e-06, 0.0, 2.1261478359170785e-05, 3.840794212003235e-06, 0.0, 1.447036934843742e-06, 0.0, 0.0, 0.0, 0.0, 0.0, 0.0, 0.0, 0.0, 0.0, 0.0], "grad": [-713.1065612602291, 713.4980090566818, -714.0383030739558, -713.4919340704228, 714.7197280164603, -712.5915151190695, 712.3150631309236, 712.0679325434674, -714.2436501354529, 715.0059800435572, -0.6793190872590864, -715.2934237818995, 715.273869734806, 0.22242727877875812, 1.0564883227127853, 713.206180596502, -712.2020277436196, 713.90071013365, -0.8324114118568319, -0.1416165822701091, 0.302914787313755, -713.1977168653334, -712.136375178264, 713.631774187877, -713.9955178583735, -0.24864606958497792, 0.3764726206512774, -712.4604335922386, 716.3616956208721, -714.5978843014857], "optimality": 716.3616956208721, "nfev": 446, "njev": null, "status": 2, "message": "`ftol` termination condition is satisfied.", "success": true, "res_time": 415.1364010000034, "tension_error": [0.0027594341364742636, 0.023652283459954935, -0.006544837915667545, -0.005445515231163927, 0.011311226271018764, -0.0008538846497018938, -0.026632157802894487, 0.019516375821214377, 0.0023417102672830567, -0.01845350271007214, -0.048168675055753965, 0.0032592906024200724, 0.06358867715644456, -0.044988305531345446, 0.029114368165627364, -0.0398282463907074, 0.04202489226631105, 0.023756500626295918, -0.00014513415918335516, 0.017158078930185318, -0.004202482187602672, -0.00034564612568876177, -0.016703968197715458, 0.02844134090235341, 0.005366034175180065, 0.025002635710388712, -0.021672288651368953, -0.00934246329356628, -0.007949467505288323, 0.004886137585820281], "git_revision": "018ef57f2e70e762a509d3bbb7a77c8182022b6e", "linregress": [-0.11268425622931472, 0.0258767905239801, -0.4308268042972688, 0.017465998111174805, 0.04460640926605675]}