{"x": [0.09230612704708403, 0.12769948902369524, 0.18075423100639199, 0.18356651142582434, 0.12485229166107589, 0.09491535205557437, 0.12371152541586607, 0.1839428143937598, 0.18063207078072532, 0.13316699833810958, 0.004978755859466663, -0.004664062390818759, 0.001884929348763089, -0.0009752634556260054, -0.0002960335395207813, 0.0017305212410118464, 0.00032308970370160294, 0.000117491822212407, 0.0010917307464335447, -0.004187293511449047, 0.05881675567845261, 0.05675283546477048, 0.05478218652996244, 0.05651625283395017, 0.05536851773663027, 0.05506467361311619, 0.055112394159499124, 0.053694816176419455, 0.05573148182582308, 0.05583732824509469], "cost": 0.23672642305167166, "fun": [0.26641035670965824, 0.09566647476030506, 0.18598203752279438, 0.027814588763121394, 0.09664727664792921, 0.10359020218684599, 0.07720700601713229, 0.11861731627879957, 0.14699727754599298, 0.2110349652385772, 0.014043230167349272, 0.27771226403144, 0.028329903493971298, 0.21822186910875077, 0.14632992154768393, 0.07085190426594322, 0.08409662106386546, 0.25296478275271245, 0.16799565183365628, 0.015926540922022128, 0.0, 0.0, 0.0, 0.0, 0.0, 0.0, 0.0, 0.0, 0.0, 0.0, 0.0, 0.0, 0.0, 0.0, 0.0, 0.0, 0.0, 0.0, 0.0, 0.0, 0.0, 0.0, 0.0, 0.0, 0.0, 0.0, 0.0, 0.0, 0.0, 0.0, 0.0, 0.00010145957854144119, 0.0, 9.27610920552636e-07, 2.5943152794906773e-08, 0.0, 0.0, 0.0, 0.0, 7.341760490548568e-05, 0.0, 0.0, 0.0, 0.0, 0.0, 0.0, 0.0, 0.0, 0.0, 0.0], "grad": [-0.6452843289909197, 1.770280601433959, -1.7365995375268561, 1.417970391592125, 0.634832673142161, -0.5153504831810629, 0.3655345301564854, -2.3195553925499106, 1.5230685500339523, -0.418264762045783, 0.6462626877961812, -1.5728220231200793, 2.1727115399293595, -0.36222308503514866, 0.5847146141589383, -0.3948839557982031, -0.05713136098289806, -0.2846542194160189, -1.082867547338748, 37.31027031628073, -32.34286675661535, -40.526746557313665, -33.71864294174172, -2.643726242669776, -1.3980031678221945, 36.77920117118508, 36.693946600919325, 0.1767660668483515, -34.104650411497104, -7.116717473639499], "optimality": 40.526746557313665, "nfev": 1223, "njev": null, "status": 2, "message": "`ftol` termination condition is satisfied.", "success": true, "res_time": 1122.1722089999967, "tension_error": [0.04246779783081, 0.004010203915254768, 0.005693026473577252, -0.03696827289328646, 0.04720118096147911, 0.002886777235011061, 0.06450620145596189, -0.04267665583291347, 0.007546153893545218, -0.07892997873567263, -0.0755259655927578, 0.07075217696840191, -0.028593711593384, 0.014794401708497143, 0.004490724098800037, -0.02625139520703433, -0.004901156540693591, -0.0017823093906025027, -0.01656116932002534, 0.06351976168326441, -0.05630803239463902, -0.024999092682649965, 0.004894954715299891, -0.021410217843325533, -0.003999482326949156, 0.0006097255687246454, -0.00011417824297402442, 0.021389978417279465, -0.009505519193500723, -0.01111117194002455], "git_revision": "018ef57f2e70e762a509d3bbb7a77c8182022b6e", "linregress": [0.019008902207465508, 0.025226957794407312, 0.04742538512643679, 0.8034676816993666, 0.07566206741213823]}