{"x": [0.0945142838158856, 0.12883878693976497, 0.18312050321893839, 0.17957198479474673, 0.12162624131329469, 0.09611621583178429, 0.13132948049983353, 0.18059207252251258, 0.1828871796617285, 0.12767223351077195, 0.0007653646360377188, -0.005333213736872613, -0.0055242285655237, 0.003884498072799924, 0.008903346534223184, 0.0034304895163947014, -0.004002961899479715, 0.001261561164704153, -0.0020949897238987506, 0.001098661416572317, 0.05611795627433174, 0.05447244274507908, 0.05022671051151275, 0.05544110726160594, 0.05376663443096329, 0.05216360930906395, 0.056426406483672815, 0.05252741956376878, 0.05432868265386213, 0.05494212491686681], "cost": 0.22622256764462584, "fun": [0.20979843983686042, 0.10397688727941806, 0.13524022467623156, 0.13834097274956259, 0.1280889531233459, 0.20075104827931492, 0.15178432969311115, 0.1003290767922351, 0.09172278002578328, 0.19491483535748644, 0.2026843019319635, 0.10789667311647495, 0.15144403722248778, 0.09394982289015358, 0.06564228743582214, 0.11392081391026496, 0.17090746592312644, 0.09792946812429942, 0.12077856208744567, 0.2623260902150434, 0.0, 0.0, 0.0, 0.0, 0.0, 0.0, 0.0, 0.0, 0.0, 0.0, 0.0, 0.0, 0.0, 0.0, 0.0, 0.0, 0.0, 0.0, 0.0, 0.0, 0.0, 0.0, 0.0, 0.0, 0.0, 0.0, 0.0, 0.0, 0.0, 0.0, 0.0, 0.0001516934983679069, 0.00016858344242990143, 0.0, 0.0, 0.0, 6.414227647519296e-05, 0.0, 9.194872069467826e-06, 0.0, 0.0, 0.0, 0.0, 0.0, 0.0, 0.0, 0.0, 0.0, 0.0, 0.0], "grad": [-0.5080405200709289, 0.1785010137099874, -0.13920612639079155, -0.09610135577953127, 1.6900290480133984, -0.5704367442133672, -0.6719033850389062, 0.39918102932330873, 0.24611406381583129, -0.41364585488048716, -0.36509237211010137, 0.5773135754028522, 0.28249834061026297, 0.7481585904497379, -0.8967961306677816, -0.663811318645027, -0.8097895846081997, 1.2340716921706574, 0.23064502204066217, 0.37336909336759483, 0.2232177707333669, 0.31883826412937233, 0.31092036928694133, 0.7523820087002613, -835.9180968010762, 838.1012793668591, -836.0748557273647, 836.7258117573765, -0.8009735401109164, -0.26773230067583764], "optimality": 838.1012793668591, "nfev": 600, "njev": null, "status": 2, "message": "`ftol` termination condition is satisfied.", "success": true, "res_time": 460.91647999999986, "tension_error": [0.008970840588607011, -0.013272542545464583, -0.030202486130855348, 0.02362728338900929, 0.09613922380681111, -0.015329901550546957, -0.051055482988740866, 0.008152913324779796, -0.02666305028559134, 0.004423660407069563, -0.011610310848520008, 0.08090296623482414, 0.08380059363082863, -0.0589264619661123, -0.1350606181513332, -0.05203931273089118, 0.060723516320724244, -0.01913743670267295, 0.0317802531938788, -0.016666305134917805, -0.015368199896159595, 0.00959365838746133, 0.07399991481770603, -0.005100639748693976, 0.020300520895216834, 0.044617845065810964, -0.020047280484832692, 0.039098972167698406, 0.011774448128781608, 0.0024687459500453385], "git_revision": "018ef57f2e70e762a509d3bbb7a77c8182022b6e", "linregress": [-0.15475415933341405, 0.045896746242057515, -0.3019568622712411, 0.10486311270975711, 0.09233318983693556]}