{"x": [0.0958190585672615, 0.1310239371820119, 0.18025345854436117, 0.178529652676821, 0.1267173190331585, 0.09486463990584228, 0.13004509021541996, 0.18223670045414544, 0.18092605315051932, 0.12506963784345315, -0.0037790011922463384, -0.00017654084753259116, -0.00840387726220013, 0.0029980784810673105, 0.0027584449699540325, 0.002090452936645473, -0.003235354500961492, -0.0019155396023618546, -0.0054053284301428415, 0.0028697002260804285, 0.05400969232292717, 0.05574673885822849, 0.059360472059617246, 0.0557947674210996, 0.0543613984235516, 0.05528631881655344, 0.05353771816828727, 0.0565132701999472, 0.05171997164142758, 0.05980356090476308], "cost": 0.2934935454747459, "fun": [0.2672986658640178, 0.176552441531389, 0.2913693302732598, 0.06827901834592694, 0.1816207608172215, 0.1943983409307851, 0.06603983087963752, 0.08696277287606413, 0.08272374549229164, 0.10941414923918838, 0.03221546633170757, 0.09369955057410671, 0.09742610630080488, 0.015611336679787117, 0.14613361704533948, 0.3003880923772716, 0.20326133340689775, 0.23014335649979145, 0.18065341310852612, 0.18771295185760734, 0.0, 0.0, 0.0, 0.0, 0.0, 0.0, 0.0, 0.0, 0.0, 0.0, 0.0, 0.0, 0.0, 0.0, 0.0, 0.0, 0.0, 0.0, 0.0, 0.0, 0.0, 0.0, 0.0, 0.0, 0.0, 0.0, 0.0, 0.0, 0.0, 0.0, 5.396734921785729e-05, 5.50219048619147e-09, 0.0005935251177564977, 0.0, 0.0, 0.0, 3.386613389165514e-05, 7.028674077747196e-06, 0.0001579305911732996, 0.0, 0.0, 0.0, 0.0, 0.0, 0.0, 0.0, 0.0, 0.0, 0.0, 0.0], "grad": [-0.5403794601977299, -0.5483920488791512, 0.32595957336687764, 0.27957452850965714, -0.5828840814888783, 0.13534695062206814, -0.2970829715070722, -0.09273264976034346, 0.9171840642562161, 0.5916435878253435, -0.870485582683174, 0.1295891367492248, 1.3695482973233233, -0.8665437027765996, -0.6517497672318034, -0.16532470164524482, 0.35096752553555877, 0.9147178777380061, 1.2269329552785022, 1.2753196798972295, 1.217613322074063, -0.7936056290443253, -0.3883497280017715, -0.3821900059965566, 0.9355808090890863, 0.05316936268835626, 0.027058519974874073, -0.2536138919708044, 0.0749017785163737, -2.293844520204324], "optimality": 2.293844520204324, "nfev": 2060, "njev": null, "status": 2, "message": "`ftol` termination condition is satisfied.", "success": true, "res_time": 2037.3284570000033, "tension_error": [-0.010822130940885041, -0.046420498916361616, 0.013289567618535364, 0.03943909298497494, 0.018909375315770766, 0.0036560626115009548, -0.03157173661386172, -0.016795510756150742, 0.0030865453140802557, 0.043904116241840374, 0.05732611159832244, 0.002678062221329947, 0.12748384593790435, -0.04547979025220436, -0.041844634637815195, -0.031711431735734555, 0.04907918355855422, 0.02905805831480239, 0.08199692062752717, -0.04353233752652759, 0.016613418634396415, -0.009736962979262489, -0.06455601760523696, -0.010465539292153153, 0.011278161472907599, -0.002752553779994906, 0.02377309964109322, -0.021364972340343992, 0.051347671586194875, -0.07127751868253705], "git_revision": "018ef57f2e70e762a509d3bbb7a77c8182022b6e", "linregress": [-0.16697001358509084, 0.0450485471165219, -0.3764368429246519, 0.04033207198324091, 0.07765791252964833]}