{"x": [0.09438582221475068, 0.12875993748139106, 0.18110839419394154, 0.18074874384745357, 0.12692636292097337, 0.09638602018503746, 0.12686808562290885, 0.18170962650510813, 0.18264621431420322, 0.1268769451095691, 0.0020633594033064046, -0.0018057501816826842, -0.0013480310713654797, 0.0005033406930992687, 0.001307735979426636, -0.0022658766563369223, 0.0014384953386026938, 9.981110458351991e-05, 0.0008817528485646178, -0.0012184534943267724, 0.056384771160674155, 0.05648418897701882, 0.055727337727629576, 0.05418961426419337, 0.056128943043958816, 0.05282957106993387, 0.05396725873409841, 0.05650594155763026, 0.051107955331338474, 0.054733071670360296], "cost": 0.2227016431388611, "fun": [0.1412353615000621, 0.05822420865891472, 0.15788011497031446, 0.20002974657855863, 0.07324105383636552, 0.17758863849191683, 0.11502549496394042, 0.15107151235388114, 0.1155820502152933, 0.1357368218909659, 0.19115716356777937, 0.11251597010074496, 0.15002704677919734, 0.17287799162211656, 0.05952455099756143, 0.20962363521688787, 0.09456139973336973, 0.13737339768784018, 0.18006070490015957, 0.2075389261210072, 0.0, 0.0, 0.0, 0.0, 0.0, 0.0, 0.0, 0.0, 0.0, 0.0, 0.0, 0.0, 0.0, 0.0, 0.0, 0.0, 0.0, 0.0, 0.0, 0.0, 0.0, 0.0, 0.0, 0.0, 0.0, 0.0, 0.0, 0.0, 0.0, 0.0, 0.0, 5.888070504865759e-06, 2.4496255756117237e-06, 0.0, 0.0, 1.163345718057843e-05, 0.0, 0.0, 0.0, 1.8089512927172161e-06, 0.0, 0.0, 0.0, 0.0, 0.0, 0.0, 0.0, 0.0, 0.0, 0.0], "grad": [0.37108666254155137, -1.2733554264224511, 0.2390034403071537, -1.3723646507468346, 2.21064904685068, 1.1419211159517486, -1.7412134962501045, 0.054477762349533165, -0.3155361120769795, 0.9792118691208802, -1.571811231761603, 0.4277278320166995, 1.5507252907811786, 0.5660147770331116, -1.8139159962587894, 2.434246677496571, -2.6440687931956948, 0.9805673081770763, -0.294778198100325, 0.3393549728627475, -0.6727554271692797, 0.8742045959863385, 0.1410965676312732, -0.4031415667162985, 3.7021812044607456, 241.96909368265318, -242.8013683568291, -0.34359254100002956, 0.5336900713544965, 1.2026989768252525], "optimality": 242.8013683568291, "nfev": 288, "njev": null, "status": 2, "message": "`ftol` termination condition is satisfied.", "success": true, "res_time": 313.1874979999993, "tension_error": [0.010919557645873114, -0.01207642414796723, 0.00032049617241199216, 0.0057762647340749715, 0.015738253468439732, -0.01942273816992649, 0.01662229946962903, -0.008799985355133154, -0.02300769118385184, 0.016487904190254466, -0.03130043241692644, 0.02739259163141453, 0.020449154605629516, -0.007635500301981574, -0.019837892311748706, 0.03437254752279973, -0.021821465545869872, -0.0015140991571652603, -0.013375878870497852, 0.018483508588580857, -0.019415687359762877, -0.02092382047343567, -0.009442654689514118, 0.013884066416890987, -0.015534865305802498, 0.034515440678594814, 0.01725712116979274, -0.02125379942825619, 0.060631742563506875, 0.0056400097654187575], "git_revision": "018ef57f2e70e762a509d3bbb7a77c8182022b6e", "linregress": [-0.05455192648774958, 0.021724586928054474, -0.292759286207875, 0.11641610749887182, 0.03367153047508862]}