{"x": [0.09421490878837013, 0.12453499243286204, 0.18139194257497246, 0.18181627608469197, 0.13005212188703022, 0.09621726148383301, 0.12376992259909372, 0.18260356551015583, 0.1810373310002483, 0.1298896383114225, 0.004140874207912756, -0.000848987480072049, -3.584544034598128e-05, -0.0050682549087413585, 0.000571350256283646, -0.0012215656895780173, 0.0026300249812445634, 0.0021686050603339957, 0.00013218446981946277, -0.0008441615803282153, 0.05722708066726173, 0.05417404584162154, 0.05325146617701057, 0.0536209481972247, 0.05836951878222209, 0.05592635376944178, 0.0530313218478017, 0.05411991897398568, 0.054853197125633364, 0.05402624798539961], "cost": 0.24495766280182732, "fun": [0.21819616736951122, 0.013152396221437103, 0.10510395576169204, 0.05741707731271123, 0.12104957687047709, 0.24070399270720402, 0.16826350415880897, 0.11103811360584337, 0.1863918666971708, 0.24892362386810732, 0.13562248982743239, 0.016878751202996065, 0.2705772329217991, 0.11847886927658968, 0.03673414132381522, 0.03387730642892904, 0.2707961010162759, 0.13538008008879435, 0.12510398728857175, 0.04600878958102267, 0.0, 0.0, 0.0, 0.0, 0.0, 0.0, 0.0, 0.0, 0.0, 0.0, 0.0, 0.0, 0.0, 0.0, 0.0, 0.0, 0.0, 0.0, 0.0, 0.0, 0.0, 0.0, 0.0, 0.0, 0.0, 0.0, 0.0, 0.0, 0.0, 0.0, 0.0, 6.119329762694757e-07, 4.6057648351106304e-11, 0.0001301893171254775, 0.0, 1.8228480930067771e-06, 0.0, 0.0, 0.0, 6.01556948564226e-07, 0.0, 0.0, 0.0, 0.0, 0.0, 0.0, 0.0, 0.0, 0.0, 0.0], "grad": [0.421090748766082, -0.6314826057989329, 0.672395594409007, 0.42797332718865594, -1.3280751129335426, -0.06016758263347155, 1.4603681250889449, -0.9887090020662659, -0.8325631025680686, 1.4594477671640662, -1.1432913745504516, 0.4438072918551472, 0.2412660881974984, 0.5222970578761872, 0.7003910389851462, -0.24137490577704046, -0.8193789556131511, -0.5527662531332409, -0.13354784740893022, -0.42973083760476644, -4.6990643184526135, 3.862647043623739, -0.36158357850853395, -0.4905566500308751, 79.50240636834434, 0.15307649216700714, 80.6348062504416, -79.4644534100194, 0.5024709715731079, 1.6277665575639286], "optimality": 80.6348062504416, "nfev": 630, "njev": null, "status": 2, "message": "`ftol` termination condition is satisfied.", "success": true, "res_time": 613.9838049999962, "tension_error": [0.013512253878530039, 0.05201449803689311, -0.003980832487619507, -0.010417821759546446, -0.03167840458535628, -0.016862728356147254, 0.06362033683924649, -0.022360723909702243, 0.0013984996884072376, -0.029213586207607695, -0.06281559726534952, 0.012878839818322099, 0.0005437626528885156, 0.0768836345178674, -0.008667181323109611, 0.01853071948987792, -0.0398965488263264, -0.032896971812675105, -0.002005191658574542, 0.012805632625944138, -0.03219322468206911, 0.014120233881350606, 0.028115441112389714, 0.022510529537387403, -0.049523606849391104, -0.012461657659449949, 0.03145495272986652, 0.014941319320785606, 0.0038177490927012218, 0.016362275089793543], "git_revision": "018ef57f2e70e762a509d3bbb7a77c8182022b6e", "linregress": [-0.0336717207140098, 0.026835835894887958, -0.10665544724917633, 0.574826498075326, 0.059322434228206065]}