{"x": [0.09402380396066366, 0.12620835264272925, 0.17789205463079957, 0.18097100109541528, 0.12763953903791617, 0.09626221087744416, 0.13252929199583563, 0.18284303460972573, 0.17782579840161858, 0.12958911484193195, -0.000843192170589513, 0.0012115711713948161, 0.0009327240751069668, -0.005313138170929645, 0.0026312973715761604, -0.0028318817847864746, 0.00110944078351119, -0.003592242935804092, 0.0005406123743221805, 0.0021005782045225986, 0.05559690983399132, 0.05280107257524929, 0.05416799843427461, 0.05471933892310675, 0.05408095875112015, 0.052463977755239984, 0.05468929446847814, 0.05793830739805301, 0.05347539893108043, 0.05701654652474368], "cost": 0.2996141078997034, "fun": [0.1944968178475641, 0.13945857452246999, 0.26916295359458675, 0.28124390535052973, 0.0721188808319263, 0.15151869133234658, 0.11399371263177603, 0.13249272836170967, 0.2026102074540119, 0.1151019278796211, 0.20665677754583736, 0.10352269750296683, 0.02109021362112539, 0.22740491435410318, 0.2090857919121538, 0.1870333995710852, 0.027458493278981654, 0.1319895258506501, 0.06007993545103403, 0.26707946399977306, 0.0, 0.0, 0.0, 0.0, 0.0, 0.0, 0.0, 0.0, 0.0, 0.0, 0.0, 0.0, 0.0, 0.0, 0.0, 0.0, 0.0, 0.0, 0.0, 0.0, 0.0, 0.0, 0.0, 0.0, 0.0, 0.0, 0.0, 0.0, 0.0, 0.0, 5.994868979136924e-07, 0.0, 0.0, 0.0001499869004554535, 0.0, 2.2710430149250516e-05, 0.0, 4.635505473539003e-05, 0.0, 0.0, 0.0, 0.0, 0.0, 0.0, 0.0, 0.0, 0.0, 0.0, 0.0, 0.0], "grad": [-0.26597369211640554, 0.5038969228658481, 0.25586662365361446, -0.06258119713493171, 0.090476085739293, 0.39142850535826335, -0.7314262207309754, -0.480803340576498, 0.4238876139601413, 0.13715972580382396, -0.24209723802855931, -1.095437545308711, 0.8516994425698969, 0.31829545771590306, 0.12538341050958468, 0.8287743081466843, -0.5136327154669281, 0.19204005826446302, 0.36575762576214477, -0.08332142337401086, -0.7335055395182977, 1.3889335992018097, -0.5724784825341489, -38.42642706103773, 0.06292629609469191, 0.48805282319197674, -0.6198569722771172, 0.2861344164979198, 0.1956380301243441, -0.27595809423855666], "optimality": 38.42642706103773, "nfev": 785, "njev": null, "status": 2, "message": "`ftol` termination condition is satisfied.", "success": true, "res_time": 719.2972870000012, "tension_error": [0.016411246528375483, 0.026630215456654283, 0.049111229849099526, 0.002404700886376012, 0.0049196239975083335, -0.01754459476034857, -0.06925619905569753, -0.02599338545912443, 0.05011631341348336, -0.024654751459082545, 0.012790927023051136, -0.01837910618371723, -0.01414909435057373, 0.08059842699942844, -0.039915850537660974, 0.042958645147033236, -0.016829824319131076, 0.05449305489733941, -0.008200898524566326, -0.031865028468510914, -0.007464109670374731, 0.03494775276413329, 0.014211970912067048, 0.0058483306845080645, 0.015532332122916326, 0.040061361966141254, 0.006304094435650671, -0.04298228265450518, 0.02471846042959252, -0.02899949619793684], "git_revision": "018ef57f2e70e762a509d3bbb7a77c8182022b6e", "linregress": [-0.00016868335286017487, 0.027620896766513477, -0.0005420039732354303, 0.9977319940567815, 0.05881534855164125]}