{"x": [0.09534453508864216, 0.1273306064320138, 0.1802411851230453, 0.18247967396844053, 0.1284830621850743, 0.09453250132434124, 0.12657486377495536, 0.1827535655410684, 0.1798187449839083, 0.12869344256205537, -0.004272727688996767, 0.0013408512316629548, -0.0001957519346018404, -0.000587114600242659, -0.0018506109894154688, 0.0047108745625378985, -0.0010454560354298409, -0.0006901685236637275, 0.0019838594990390515, 0.0005686964003966059, 0.05553420131944652, 0.054190711110347914, 0.05606360476881555, 0.05391814658887119, 0.05447074075339775, 0.056124474018171305, 0.05439387568184785, 0.05389935572529206, 0.055168994681678594, 0.05785046577687313], "cost": 0.40270972112616926, "fun": [0.20093022416808953, 0.31008282766855083, 0.20053848484803785, 0.11539830994790515, 0.13400618143289067, 0.15737010859825262, 0.2879483750216759, 0.19385360956909561, 0.16115777093289807, 0.1373739345730937, 0.09306011180054811, 0.011330256684116599, 0.23647014089673113, 0.14486348318528078, 0.006216020717078442, 0.17913304899096938, 0.1749369584253254, 0.35645931598010233, 0.2565992773690498, 0.2568539853571603, 0.0, 0.0, 0.0, 0.0, 0.0, 0.0, 0.0, 0.0, 0.0, 0.0, 0.0, 0.0, 0.0, 0.0, 0.0, 0.0, 0.0, 0.0, 0.0, 0.0, 0.0, 0.0, 0.0, 0.0, 0.0, 0.0, 0.0, 0.0, 0.0, 0.0, 7.80037793725021e-05, 0.0, 7.500983127155597e-09, 2.0238048920213607e-07, 6.337900405911178e-06, 0.0, 1.1426607833463188e-06, 3.287497611421543e-07, 0.0, 0.0, 0.0, 0.0, 0.0, 0.0, 0.0, 0.0, 0.0, 0.0, 0.0, 0.0], "grad": [0.09832792724048289, 0.01599697914539311, 0.8870843550388674, -0.6376651410755021, 0.04308255718043075, -0.7647119418764321, 1.0601063261206742, -0.8015820133868956, -0.4264301338048445, 0.37695100828569883, 1.1588553517386764, 0.6934848151334578, 0.8786909476983245, 1.1685988673062302, -1.0676494283912232, -1.6938405926307891, 0.30086975273854394, -0.2112742248604224, -0.4976055434402399, -0.42795685402707395, -2.293389190774793, 2.595243579376131, -2.810712110738433, 0.6442396463574154, 0.5340934639496093, 1.4597056039638776, -1.065824171951558, 0.9969171282375058, 0.3310672772794563, 0.46023561883679687], "optimality": 2.810712110738433, "nfev": 914, "njev": null, "status": 2, "message": "`ftol` termination condition is satisfied.", "success": true, "res_time": 890.8171399999992, "tension_error": [-0.0036237775910183535, 0.009606022371411059, 0.013475751079257966, -0.02048133303757667, -0.007876323823035008, 0.008694487428170299, 0.02107037120174101, -0.024636171329377145, 0.01988401858906089, -0.011067719738352215, 0.0648157679418653, -0.02034023897657666, 0.0029694876179443977, 0.008906320845722867, 0.02807311421917053, -0.07146230105770818, 0.015859198319692954, 0.010469612417792859, -0.030094446985263427, -0.008626923267870446, -0.0065128436823311524, 0.013867427648639092, -0.014543706779525779, 0.018002135043804053, 0.00961947699933776, -0.015467071765129294, 0.010785492950516479, 0.018287185798690347, -0.0009727881469986657, -0.041649756327425125], "git_revision": "018ef57f2e70e762a509d3bbb7a77c8182022b6e", "linregress": [-0.05561874508739967, 0.022057825454253426, -0.21771714112659277, 0.24778560911401992, 0.04711993297214061]}