{"x": [0.09442706522076248, 0.12620780947727253, 0.18086443611967976, 0.18113756206096893, 0.12913625637049442, 0.09495009554933379, 0.12939236515770597, 0.18130078695887608, 0.18165708827690863, 0.12795616630410736, 0.004560105373935543, -0.0019486367207269103, 0.0006225429299899405, 0.0009062524981245851, -0.0019553906128914294, 0.003948411330102859, -0.002582856722358639, 0.003040812071595729, -0.003842615045449703, -0.0011498122577758539, 0.05515694681669456, 0.05592788673475445, 0.05247578827144659, 0.05648587454857743, 0.05446761932725586, 0.055737099606500105, 0.055540632767319124, 0.05139149649225018, 0.05576187765477719, 0.05313995583314841], "cost": 0.23000049513007223, "fun": [0.1906642132476688, 0.13647629056337313, 0.19778996605155, 0.17446441641261795, 0.16557516185893262, 0.14892192872300888, 0.14099997829808233, 0.07585522012877395, 0.1852041749888711, 0.14491774317583764, 0.11266750122213232, 0.0672665853831628, 0.1884199632236476, 0.052625597621898154, 0.053636109319524214, 0.16128765489670374, 0.16906717528123233, 0.08490265566346097, 0.17019796221453667, 0.2362068772834918, 0.0, 0.0, 0.0, 0.0, 0.0, 0.0, 0.0, 0.0, 0.0, 0.0, 0.0, 0.0, 0.0, 0.0, 0.0, 0.0, 0.0, 0.0, 0.0, 0.0, 0.0, 0.0, 0.0, 0.0, 0.0, 0.0, 0.0, 0.0, 0.0, 0.0, 0.0, 7.399334261561236e-06, 0.0, 0.0, 7.476538566641194e-06, 0.0, 1.7230621648514243e-05, 0.0, 5.673886403952267e-05, 1.5201302543217253e-06, 0.0, 0.0, 0.0, 0.0, 0.0, 0.0, 0.0, 0.0, 0.0, 0.0], "grad": [-0.19451226198169286, 0.6843197468746887, -0.7879414128585724, 0.043706178924950434, 0.21080812993497072, 0.07985650300506467, 0.22567491326170153, -0.38027488839870327, 0.133951331170502, -0.07943028731697033, -2.544010222547354, 1.197080087435917, 0.8684299713789274, -1.5175042992526468, 0.44058954517662013, -0.30501609203971175, 0.06778750607535322, 0.178708691564005, 0.9145998910272459, 0.720587676352495, 0.6601924116352978, -0.5263140619628045, 0.6378209616095227, 0.994657347983328, -0.8632069208291608, 0.33810178672688007, -0.9557639429252012, 1.4884635063519682, -0.31436428505343295, 0.28854291341308436], "optimality": 2.544010222547354, "nfev": 286, "njev": null, "status": 2, "message": "`ftol` termination condition is satisfied.", "success": true, "res_time": 240.21274300000368, "tension_error": [0.010293915830746497, 0.026638455084535946, 0.004021253880331492, -0.00012197005483556087, -0.017785048606080323, 0.002359730722124477, -0.021670128332205833, -0.002598034029689263, -0.008002999014106706, 0.0001165003483308929, -0.06917518578790073, 0.02956012989521654, -0.00944375607834516, -0.013747529889734397, 0.029662584050759187, -0.05989600347572543, 0.039181023020634406, -0.04612804370728542, 0.058291111253632864, 0.017442245305881076, -0.0007900262960594557, -0.012484912201091984, 0.03988220061221449, -0.020949389997857712, 0.009666827929981262, -0.009590738939577188, -0.00661040647200161, 0.05633052343013043, -0.009966613168893468, 0.02980701359183893], "git_revision": "018ef57f2e70e762a509d3bbb7a77c8182022b6e", "linregress": [-0.17856419166577617, 0.033844960638148215, -0.5661448988616598, 0.0011098418715370702, 0.04913331673718092]}