{"x": [0.09516066297087089, 0.12811077491630546, 0.18109918378070275, 0.18121000121281913, 0.12828076970383037, 0.09496125221510489, 0.127820512912936, 0.18170056726161649, 0.18113724472148066, 0.12718625702873124, -0.00012908014934252267, 0.0006286570469922736, 0.0011153727244258996, 0.0010123172539687835, -0.0007029084913554392, 0.00039398726632397117, -0.0003293626301231097, -0.0011868869040533411, -4.494974350163053e-05, 9.165802657692206e-05, 0.05503148685089989, 0.05516627120900247, 0.05505156593914437, 0.05479194097002861, 0.05498104689106286, 0.05552953415534853, 0.05485837600413905, 0.05453421295597048, 0.05485585902845049, 0.05479537194152967], "cost": 0.20665511802531994, "fun": [0.20121173191709027, 0.037674097918829495, 0.20526723802607708, 0.0474192192480703, 0.13441146020650646, 0.25451202771501424, 0.04056810258025966, 0.17964027730216073, 0.09108170784686291, 0.053621910322682396, 0.10986485667311717, 0.06013189181791007, 0.1262839354424019, 0.2247889178346837, 0.17574343884406224, 0.13688574138705864, 0.09023287811789044, 0.11714731565598926, 0.1903554585409693, 0.09593313355463069, 0.0, 0.0, 0.0, 0.0, 0.0, 0.0, 0.0, 0.0, 0.0, 0.0, 0.0, 0.0, 0.0, 0.0, 0.0, 0.0, 0.0, 0.0, 0.0, 0.0, 0.0, 0.0, 0.0, 0.0, 0.0, 0.0, 0.0, 0.0, 0.0, 0.0, 2.1506927821975527e-09, 0.0, 0.0, 0.0, 3.4729327147248624e-07, 0.0, 3.5729173180250935e-08, 1.6719682024976078e-06, 9.082003261708167e-11, 0.0, 0.0, 0.0, 0.0, 0.0, 0.0, 0.0, 0.0, 0.0, 0.0, 0.0], "grad": [-1.3515624158850104, 0.30948837054766587, 0.6311998759194452, 0.07756143269843502, -0.09935552733847741, 0.3383230582104706, 0.5670448673671258, -0.5190604293698553, 0.13550810785107947, -0.2544389238112268, 0.08626290116680857, -1.439200921810614, -1.2157440897351672, -1.0846092989574307, 1.0456294841405938, -1.2243248788430965, 0.9872737787839236, 2.2503287754038186, -0.5762382957921086, -0.7344084614330386, 1.2117642870429215, -0.08062317818537468, -1.5909621253665636, 0.08718508693935068, -0.39036359420974476, -0.6147306784328563, 0.22894769179968977, -168.89207419087444, -0.6920318949239532, 1.6258438332711302], "optimality": 168.89207419087444, "nfev": 351, "njev": null, "status": 2, "message": "`ftol` termination condition is satisfied.", "success": true, "res_time": 331.24782500000583, "tension_error": [-0.0008345025929573296, -0.0022288576195668287, 0.0004602148838738053, -0.0012208463694482901, -0.004807618425671128, 0.002190488048062427, 0.0021743143169890102, -0.008662559835272452, -0.00011715612702932593, 0.011795751768349547, 0.0019581002148186745, -0.009536505070941429, -0.016919809764906805, -0.0153564947248471, 0.010662873222037263, -0.005976647491921108, 0.004996314616013913, 0.018004654578027458, 0.0006818717119162183, -0.0013904198472367468, 0.0011131570146585943, -0.0009314740296898973, 0.000808564347194674, 0.0047469833092681005, 0.0018783133667034599, -0.006442044453561888, 0.00373918733734103, 0.008656626133997643, 0.0037773689683785194, 0.004694936685000313], "git_revision": "018ef57f2e70e762a509d3bbb7a77c8182022b6e", "linregress": [-0.029928468459078015, 0.007198406572058034, -0.3706991647073146, 0.04373492971791605, 0.014170464882678839]}