{"x": [0.09492641465747335, 0.12819413171037647, 0.18493199205849742, 0.1794933033804045, 0.12464240476303429, 0.09487567553746247, 0.12659465491386898, 0.1823749418257429, 0.18223957458513376, 0.12756978062652155, 0.000668471239430457, -0.007180905064599092, -0.005779114663521465, 0.004007213360695764, 0.0025447751513282637, 0.001802783899159733, -0.0035001924118982447, -0.0023570429475377403, 0.003542303222705058, 0.002091366433708223, 0.056895340883467246, 0.0540376514633967, 0.052517961643603464, 0.05922432920553108, 0.055763251723727564, 0.055514686788176504, 0.054312855361167874, 0.05529402918796089, 0.05602171783769809, 0.05500877029827472], "cost": 0.20899645592497673, "fun": [0.12320422634843926, 0.1827834361122073, 0.1855013884786283, 0.13202254068460095, 0.0890480843439478, 0.20849182442446546, 0.0992644321137332, 0.17285723064790087, 0.06967827781287053, 0.1790400219684333, 0.20132137993785745, 0.10738423193331954, 0.1311506942895823, 0.14950712146673067, 0.04737290359614598, 0.11407762698767451, 0.16507200564105987, 0.04115263954667768, 0.20358324183806398, 0.11072585103998331, 0.0, 0.0, 0.0, 0.0, 0.0, 0.0, 0.0, 0.0, 0.0, 0.0, 0.0, 0.0, 0.0, 0.0, 0.0, 0.0, 0.0, 0.0, 0.0, 0.0, 0.0, 0.0, 0.0, 0.0, 0.0, 0.0, 0.0, 0.0, 0.0, 0.0, 0.0, 0.0003702862244017732, 0.0001930118325651282, 0.0, 0.0, 0.0, 4.288207152600217e-05, 1.309490908460925e-05, 0.0, 0.0, 0.0, 0.0, 0.0, 0.0, 0.0, 0.0, 0.0, 0.0, 0.0, 0.0], "grad": [-671.3684841172399, -670.6405698880083, -1.5183326847976948, 671.8508330629234, 0.4986002293248464, -0.8855428554151835, 3.147043890857121, 670.6812948647848, -1.162036190965677, -1.0443184981981708, 671.2252731113477, -0.1218520267916155, -668.7463942290938, -2.3697621709222223, -0.4468769971256116, 0.09566788899911804, -0.8592661018815204, 0.29155537456371644, -0.6001712379395232, -669.8416756646859, 0.4862376989345254, 671.015852035571, 670.2968609613542, -667.3271914911281, 670.3883100504366, -670.5245617549668, -0.6176470967069294, -669.323508132238, -671.8642814655565, -671.8519764688681], "optimality": 671.8642814655565, "nfev": 754, "njev": null, "status": 3, "message": "`xtol` termination condition is satisfied.", "success": true, "res_time": 635.7578910000011, "tension_error": [0.002718961476622311, -0.0034933507055170407, -0.05768213117271049, 0.02482085261797665, 0.05038509097580929, 0.003488655982703064, 0.02077014662378956, -0.018892583472603187, -0.01683911030677341, 0.005977834427485028, -0.010140472289472967, 0.10893179021874526, 0.08766712559399938, -0.06078800948379263, -0.038603339056097453, -0.027347594174601933, 0.05309668100443415, 0.03575550791828896, -0.053735487111391804, -0.03172528916310753, -0.02716084948556868, 0.016189288361551257, 0.03924244547170196, -0.06249077865726548, -0.00998745730891502, -0.006216815144507617, 0.01201454256144591, -0.0028695173873827906, -0.013908296848277955, 0.001457759084007344], "git_revision": "018ef57f2e70e762a509d3bbb7a77c8182022b6e", "linregress": [-0.14580245817982837, 0.0397580527417225, -0.3420053418986943, 0.06433190313577539, 0.07570790824759087]}