{"x": [0.0957723305007446, 0.1233686972071977, 0.1828286266268351, 0.18135359456807792, 0.12660566370757395, 0.09575985934148716, 0.12905455157964266, 0.18231406485439386, 0.18103191569214597, 0.1287075974226656, -0.0007539217819744576, 0.0008219998127739909, 0.0033430659705599164, -0.0026223715076002696, 0.002431076768422075, 0.0026187410699863582, -0.0011075065118844607, 0.004013755057754261, -0.008371955274385636, 0.002813243816253838, 0.057194304470231896, 0.05180831485790233, 0.05132598592430402, 0.05281478485242322, 0.05577253345510946, 0.055044883118360824, 0.055435147079017394, 0.05313875071409416, 0.05293011058923792, 0.05609701444273868], "cost": 0.24792193522462413, "fun": [0.1161010691608331, 0.21740156380691403, 0.30281849753629353, 0.07764976511865737, 0.18040402750299228, 0.17268497112832548, 0.1163165989699885, 0.12844068356038663, 0.1950698202148419, 0.23255682885937315, 0.19680947583708464, 0.17896485105008866, 0.10954465113256164, 0.19413803259197954, 0.0029792505986732556, 0.03828950660542382, 0.1382872583389455, 0.10836170841295165, 0.004839641716415996, 0.005376699841513174, 0.0, 0.0, 0.0, 0.0, 0.0, 0.0, 0.0, 0.0, 0.0, 0.0, 0.0, 0.0, 0.0, 0.0, 0.0, 0.0, 0.0, 0.0, 0.0, 0.0, 0.0, 0.0, 0.0, 0.0, 0.0, 0.0, 0.0, 0.0, 0.0, 0.0, 4.2852767324154427e-07, 0.0, 0.0, 1.803360914867097e-05, 0.0, 0.0, 1.3584350085936432e-06, 0.0, 0.0005867872903917852, 0.0, 0.0, 0.0, 0.0, 0.0, 0.0, 0.0, 0.0, 0.0, 0.0, 0.0], "grad": [-0.6643694862604561, 1.1494307684090472, -0.9511941851660164, 0.7384098845837581, 0.8317508296611504, -0.23726076454526834, -0.2440297003184504, 0.013170430329182636, 0.707254777970929, -0.2785965459303488, -0.24265220631441176, 0.04861842429818508, 0.04784763734663533, -0.6849866719944381, 0.10560349229145849, -0.3253511585006332, -0.09622433120722507, -0.7674842224366278, 0.6872527334001878, 0.03229521501068622, -0.10879316906321312, 0.1048819078707196, 0.4500847715743803, 0.9686692997643886, -0.7179922611333356, 0.18574984426770413, -0.5075079115497809, 1.3525369371683835, -1.773723116316686, 1.2676754852142913], "optimality": 1.773723116316686, "nfev": 788, "njev": null, "status": 2, "message": "`ftol` termination condition is satisfied.", "success": true, "res_time": 732.4337930000002, "tension_error": [-0.010113282697751972, 0.06970678413624766, -0.025774821454225647, -0.00339910678525143, 0.02060314711667407, -0.00992409962238821, -0.016545615824715823, -0.017969101347092467, 0.0014806479971324166, -0.011282443967777204, 0.011436726799279763, -0.012469446449915343, -0.05071312845893892, 0.0397804483378831, -0.03687857479817602, -0.039725375883226874, 0.01680048210263142, -0.060887244714622216, 0.12699960067234353, -0.04267591375592911, -0.031696021364812664, 0.05000753623588671, 0.05732429557729366, 0.0347397423689123, -0.010128257891385365, 0.0009099403750231895, -0.005010225886714122, 0.02982529482168742, 0.03299029172773155, -0.01505051971721699], "git_revision": "018ef57f2e70e762a509d3bbb7a77c8182022b6e", "linregress": [-0.15917925281090553, 0.040254877784989554, -0.38174691683988465, 0.037375034870316806, 0.07283318556029333]}