{"x": [0.0959041973716572, 0.1265758757967015, 0.1794272229537911, 0.1834181270911877, 0.12998253758554038, 0.0936917093173127, 0.12957785655793455, 0.1804003255311525, 0.1804849805949705, 0.12698624066764103, -0.004621302806804542, 0.0007899688409312814, 0.006534313019923109, -0.0024124121285298518, -0.005091846498939526, 0.003617153125651928, -0.0029662703820782627, -0.001180400319303257, 0.0015154448727591383, 0.0007468058341479821, 0.0535849800684035, 0.05531896468016998, 0.055305495050472955, 0.052620208547850295, 0.05442721055874023, 0.054998285889853844, 0.05691679381357992, 0.05446554753794143, 0.05404841703977105, 0.058749296000809026], "cost": 0.36385218479291837, "fun": [0.17848184033263906, 0.2769121611300143, 0.1697700867333576, 0.08796248961216528, 0.2010925776035278, 0.2473279569786298, 0.17291880671288387, 0.12812788721893814, 0.2714992372925088, 0.1392074212733235, 0.13674144345473616, 0.2422344923046703, 0.2046709751679215, 0.36118969116999905, 0.1676635037474413, 0.07306954239899027, 0.22029812296098644, 0.05277277984438846, 0.03594190519769408, 0.07621785879945622, 0.0, 0.0, 0.0, 0.0, 0.0, 0.0, 0.0, 0.0, 0.0, 0.0, 0.0, 0.0, 0.0, 0.0, 0.0, 0.0, 0.0, 0.0, 0.0, 0.0, 0.0, 0.0, 0.0, 0.0, 0.0, 0.0, 0.0, 0.0, 0.0, 0.0, 9.869457441554307e-05, 0.0, 0.0, 1.403959273194938e-05, 0.00013201579890777688, 0.0, 2.6099501126487365e-05, 1.6447047811623468e-06, 0.0, 0.0, 0.0, 0.0, 0.0, 0.0, 0.0, 0.0, 0.0, 0.0, 0.0, 0.0], "grad": [-252.95835786584647, -2.6369607293037163, 254.01459079488887, 4.29780062576542, -250.3170316585588, -4.357573968400576, 2.5829284645683828, 0.5327887970926122, -3.3310252825558777, 252.0409492094073, 258.0184530752984, 253.23263873586635, -254.0706305048698, 0.6581038576436944, -251.11581915442505, 250.58473320418395, 255.11535244076742, -252.2048653033477, -2.6436148571084734, -258.82204217941734, 251.86407102065223, -252.5084393010808, 1.5505617731132793, -1.024314790326505, 246.3652401361418, 2.8484726110534133, 1.089229285065577, -4.322687337194989, 258.6989597339978, -249.67449937054556], "optimality": 258.82204217941734, "nfev": 446, "njev": null, "status": 2, "message": "`ftol` termination condition is satisfied.", "success": true, "res_time": 501.35499900000286, "tension_error": [-0.012113656493231987, 0.02105501918976561, 0.025823269319584827, -0.03471733501470759, -0.030622835341058953, 0.021449004818847404, -0.02448396727246612, 0.011061647370141646, 0.009777459991277973, 0.014829929227958123, 0.0701035292013342, -0.011983547935189975, -0.09912321757586405, 0.03659543881197961, 0.07724151059773127, -0.05487093366755054, 0.044997272639847444, 0.017906255381425387, -0.022988762764918676, -0.011328780387390465, 0.023056153331054787, -0.003247779985465664, -0.0030434504666541646, 0.03769139609509337, 0.010279814657328894, 0.0016168038518181759, -0.0274862828482978, 0.009698256241168634, 0.01602597837532465, -0.05528469294269132], "git_revision": "018ef57f2e70e762a509d3bbb7a77c8182022b6e", "linregress": [-0.135019258289604, 0.03691741943926284, -0.3640422589560654, 0.047965931373655825, 0.0652819236657389]}