{"x": [0.09555179129921229, 0.12965779797042284, 0.1815038207554847, 0.17933602663104228, 0.12928763518105243, 0.0971242178056996, 0.12856048158036823, 0.1791741539026372, 0.1806883262814739, 0.12590871890579916, 5.2884812723636014e-05, -0.0005026704346841097, -0.0011320790033882218, 0.0032137370410702027, 0.0019752208292674006, -0.0027668649048058864, 0.000660948290990162, 0.0022058834610230982, -0.0024552946138810547, -0.0012106978713046742, 0.05395085607612146, 0.05613814935950065, 0.05745008407060167, 0.05513405622146151, 0.05735734002272354, 0.05285638335620426, 0.05501944838950413, 0.056998015015043445, 0.05602076874012032, 0.05535834735050304], "cost": 0.3406863036863931, "fun": [0.09815179132025643, 0.17062508037348414, 0.2804937635482616, 0.289295846565267, 0.22185777224361, 0.10202098370249296, 0.1312288458546027, 0.21159894349562272, 0.17387337305029144, 0.08610018826413876, 0.034121428976677394, 0.13482403146759997, 0.16469649547434395, 0.25430767196257914, 0.0655325172868487, 0.13361064073780393, 0.23311193056164017, 0.01981966917118638, 0.16511145996509727, 0.325125191402818, 0.0, 0.0, 0.0, 0.0, 0.0, 0.0, 0.0, 0.0, 0.0, 0.0, 0.0, 0.0, 0.0, 0.0, 0.0, 0.0, 0.0, 0.0, 0.0, 0.0, 0.0, 0.0, 0.0, 0.0, 0.0, 0.0, 0.0, 0.0, 0.0, 0.0, 0.0, 1.2701354188864636e-07, 1.4508756997099934e-06, 0.0, 0.0, 2.1181848830950755e-05, 0.0, 0.0, 1.4801673949967364e-05, 1.77462802836982e-06, 0.0, 0.0, 0.0, 0.0, 0.0, 0.0, 0.0, 0.0, 0.0, 0.0], "grad": [-202.74120917368353, 1.1678551223236373, -2.773736437473942, -3.0607817784123683, -0.3920772474825496, 2.4925656786812205, -2.5187607984743203, 0.7693377094561282, 0.8377748709508389, -0.9102106646263453, 2.2767855813936944, 3.4163230530887043, -1.0304139410298303, -2.1881096717222315, 1.090298030195986, 0.031410873391103156, 0.5646072493516097, 1.036469210395986, -0.6276742776783748, -3.349619293736291, -0.6265185182521873, -4.300917349246849, 2.1678441787798866, -202.5096429287339, 2.6386255807413765, -3.366758741835282, 0.8061097993455544, 2.168022618164569, -5.582937714116053, 5.216547080769746], "optimality": 202.74120917368353, "nfev": 320, "njev": null, "status": 2, "message": "`ftol` termination condition is satisfied.", "success": true, "res_time": 373.36082400000305, "tension_error": [-0.006767781006779755, -0.025696650227696245, -0.005677984918960853, 0.02720668528303617, -0.020081411625355212, -0.030620935003132344, -0.009050748669367593, 0.02966223732475419, 0.00669277784260621, 0.03117555327690159, -0.0008022439056838268, 0.007625332718868353, 0.017173238108393912, -0.04875125433727137, -0.029963401419994276, 0.04197236207170919, -0.010026351822212563, -0.033462471967185554, 0.03724595094886391, 0.01836585853020259, 0.01750594369031086, -0.01567452185665074, -0.03557610744296918, -0.0004427840619013572, -0.034169213036677255, 0.03410870777835222, 0.001295776216489345, -0.02871837974966983, -0.01389389937368263, -0.00384520116627529], "git_revision": "018ef57f2e70e762a509d3bbb7a77c8182022b6e", "linregress": [-0.03288382148439516, 0.02294279702209699, -0.15208691711510194, 0.4223785164249697, 0.04038589392060698]}