{"x": [0.09383304229533398, 0.12599042517097522, 0.17992755255699294, 0.18095782426923612, 0.12898619267255348, 0.09697847147108836, 0.12791856566689763, 0.18320321372300302, 0.18074484003808622, 0.1282213042992913, 0.000442496309785389, -0.00043635369451269784, 0.002714217723928054, -0.003510027701913164, 0.0002678462693776052, 0.0007158593358358418, -0.0002965942743736529, -0.0015768296144503785, 0.0029183387545313054, -0.0005192316995558324, 0.056213276558585074, 0.05442908714447737, 0.053512191155558865, 0.05597075325492685, 0.056968268127874776, 0.05427366291364838, 0.05441935956491914, 0.05600864956738352, 0.053507954519544744, 0.0547969776537108], "cost": 0.2191133828524489, "fun": [0.14197884649260883, 0.17812452108940163, 0.07958435170596148, 0.2873790264347394, 0.18125502254664363, 0.15589216651526994, 0.1305037183231688, 0.20081039970741282, 0.21323042498245834, 0.00593148875885856, 0.1716226481679661, 0.18037504543910673, 0.009638270332532093, 0.00386303625873284, 0.0995086632922362, 0.1442213756403786, 0.05982073824378575, 0.17670091322625794, 0.0071801549835983376, 0.09875976128277578, 0.0, 0.0, 0.0, 0.0, 0.0, 0.0, 0.0, 0.0, 0.0, 0.0, 0.0, 0.0, 0.0, 0.0, 0.0, 0.0, 0.0, 0.0, 0.0, 0.0, 0.0, 0.0, 0.0, 0.0, 0.0, 0.0, 0.0, 0.0, 0.0, 0.0, 0.0, 8.308372741105382e-08, 0.0, 4.3244574879101816e-05, 0.0, 0.0, 2.6090853648324747e-08, 3.920615960048225e-06, 0.0, 1.399856750716677e-07, 0.0, 0.0, 0.0, 0.0, 0.0, 0.0, 0.0, 0.0, 0.0, 0.0], "grad": [0.9925120024504335, -0.1228498989583775, 0.08777921467632321, 0.09163618188535683, -0.33685720020244925, -0.16172122792265986, -0.19784659830735762, -0.5848272076490812, 0.30454896249316565, 0.39352520166734495, -0.40845295940664195, -0.3009978340760141, 0.04652047264599046, -0.25433182060402293, 0.1765486830312213, -0.14910173904260615, 0.08768509483101694, 0.49036352726812593, 0.3047380833409359, -0.06468434752119279, -0.5147054269805196, 0.2019281488099427, 0.9370665857170684, 0.8309237726633949, -0.48295741020368865, -0.03930988883922382, 0.111693786396722, -0.13922879862064352, 0.2851474292764977, 0.5604732748315779], "optimality": 0.9925120024504335, "nfev": 909, "njev": null, "status": 2, "message": "`ftol` termination condition is satisfied.", "success": true, "res_time": 805.5470730000015, "tension_error": [0.01930503352632838, 0.029936098130558846, 0.01823344618643997, 0.00260458867937483, -0.015508635380101613, -0.02841001465197889, 0.0006868887168965104, -0.031457175225976915, 0.00583548414154975, -0.0039055492694504623, -0.00671251252543916, 0.006619331224160307, -0.04117372295708492, 0.05324587887559491, -0.004063133179486445, -0.010859332952587059, 0.004499230248207648, 0.023919947586941576, -0.04427016680154185, 0.007876561249886999, -0.01681417489714714, 0.010251347515373058, 0.024160335396255957, -0.013135182151860129, -0.028267129991656346, 0.012609078129448307, 0.01039891145699889, -0.013710055809352901, 0.024224603666254202, 0.004670578599091525], "git_revision": "018ef57f2e70e762a509d3bbb7a77c8182022b6e", "linregress": [-0.034099442731623936, 0.01949334425477224, -0.16104442544245945, 0.3952332222120294, 0.03949266765648976]}