{"x": [0.09726278793197914, 0.12420298446671867, 0.18133724329921985, 0.18294726125723737, 0.12650031479898338, 0.09426298960023174, 0.12734503887981494, 0.18382823564613593, 0.18136718596221185, 0.12787500682786895, -0.0012492080504740355, 0.004376589232888285, 0.0012267262932735429, 0.00017431454935176027, -0.0004728951874403276, 0.00514196684816774, -0.003788747328987116, 0.0008108317584141802, -0.009326761866327688, 0.002677971689779666, 0.05462965779146954, 0.053790094517522195, 0.05502917497049019, 0.05545948424130232, 0.051280223856014974, 0.05585242949726107, 0.05613606845928414, 0.05274451606916862, 0.05549570366364498, 0.05428692747836849], "cost": 0.22996841675434945, "fun": [0.1775530485149799, 0.1251291821363083, 0.18210043339243406, 0.21044817916767247, 0.14867121382460965, 0.23238700141668414, 0.13502825412873884, 0.11962091204418612, 0.12758067336882647, 0.2360517702524166, 0.17821203837348526, 0.14365585186070787, 0.06181473497840733, 0.03975081728561528, 0.21033462315275986, 0.1634850458368078, 0.10333385476146867, 0.05076649138620567, 0.09467123006321829, 0.060624773365401126, 0.0, 0.0, 0.0, 0.0, 0.0, 0.0, 0.0, 0.0, 0.0, 0.0, 0.0, 0.0, 0.0, 0.0, 0.0, 0.0, 0.0, 0.0, 0.0, 0.0, 0.0, 0.0, 0.0, 0.0, 0.0, 0.0, 0.0, 0.0, 0.0, 0.0, 1.949415088040537e-06, 0.0, 0.0, 0.0, 1.0575348376002924e-07, 0.0, 5.438597636457549e-05, 0.0, 0.0008113209025327792, 0.0, 0.0, 0.0, 0.0, 0.0, 0.0, 0.0, 0.0, 0.0, 0.0, 0.0], "grad": [0.2544995037870358, -2466.2163809326676, 2468.6249048564796, -0.4316968329929213, 1.1260897890330437, -0.28770440391646024, 0.39874516592905795, -0.37811116395964006, -0.34043058886830924, 2470.3810127879065, 0.38444853726789296, 0.7155692933101357, -0.2701369939873832, -1.0532450725718263, -0.5476755685562154, -1.2778245512491782, 0.1541470719450314, 0.2987075172220808, 0.7608304782140928, 1.6393098225396736, -2470.33812017292, 2474.7164945542686, -2475.0815138435655, -2463.32961695759, 2466.1373999096722, -0.3140977743335438, 0.948893954709185, -0.1672503131701204, 2466.939914542433, 0.39456772354633496], "optimality": 2475.0815138435655, "nfev": 509, "njev": null, "status": 2, "message": "`ftol` termination condition is satisfied.", "success": true, "res_time": 377.3683860000019, "tension_error": [-0.03272299481184392, 0.05705094146478027, -0.003151063819492309, -0.027574466840900782, 0.02220125280211698, 0.012782884966931923, 0.00938708724247208, -0.0409385367535759, -0.0036052834275073042, 0.001347660899867719, 0.018950044328625668, -0.06639131083084758, -0.018609004022831076, -0.002644290065283182, 0.007173652748545278, -0.07800181856987445, 0.05747395704584457, -0.012300031014990309, 0.14148367899356468, -0.040623883437888586, 0.007208761734661429, 0.019944639679052707, 0.0011482274228501663, -0.005379412031453849, 0.05801848996894679, -0.011340252594653667, -0.015642955336301074, 0.03580569495950594, -0.005928847858968834, 0.01240785937381299], "git_revision": "018ef57f2e70e762a509d3bbb7a77c8182022b6e", "linregress": [-0.13527938493100555, 0.036492400719186024, -0.28006364116093513, 0.13388046169586976, 0.0876311897652447]}