{"x": [0.0943250580620354, 0.12683214360503753, 0.17996318638757045, 0.18137644487696233, 0.13031903016834523, 0.09637815238618536, 0.12597455070684033, 0.18095412537477676, 0.18189796121953614, 0.12860892809764374, -0.0019455929117098935, 0.002071075899436985, 0.004044807773618115, -0.003103652819727968, -0.003466962550940211, 0.000822058644548773, 0.0031380242371971683, 0.000877592013755474, -0.0008021485549902128, -0.002608850843650454, 0.05546981071828556, 0.055483450965670714, 0.05366175773246823, 0.05574374246111695, 0.05483426078741636, 0.05507684971835701, 0.053775775525615147, 0.05645356582748731, 0.05209506903254609, 0.05629426648711647], "cost": 0.205585153204413, "fun": [0.08043481137171406, 0.12098143819777189, 0.09431554530938534, 0.1389497445397516, 0.14932989928438015, 0.10162796528192987, 0.20164522941666563, 0.1495638023811996, 0.13381856430450842, 0.17052718259389563, 0.12450631311951212, 0.18258992985132505, 0.14851905296561868, 0.13450953171527438, 0.2174221591139585, 0.12458620649046893, 0.1119933654374881, 0.11808337531671186, 0.14277698106844833, 0.14338637708629243, 0.0, 0.0, 0.0, 0.0, 0.0, 0.0, 0.0, 0.0, 0.0, 0.0, 0.0, 0.0, 0.0, 0.0, 0.0, 0.0, 0.0, 0.0, 0.0, 0.0, 0.0, 0.0, 0.0, 0.0, 0.0, 0.0, 0.0, 0.0, 0.0, 0.0, 7.36471467593336e-06, 0.0, 0.0, 2.98964349322525e-05, 4.1672298154491754e-05, 0.0, 0.0, 0.0, 5.161363145920687e-07, 1.7756106834563515e-05, 0.0, 0.0, 0.0, 0.0, 0.0, 0.0, 0.0, 0.0, 0.0, 0.0], "grad": [-0.3211772772020807, 0.8072119626491561, -0.8604858008334424, 0.3374257257557988, 0.514227180331563, -0.8002155620095974, 0.45622857873372236, -0.35849684272298493, 0.7049414812612532, -0.4074652831843638, 0.41661171655825424, -0.24383025724228735, -0.5623175878031081, 0.6302176585582296, 1.2117871129318343, 0.46488528395874007, -2.281141486877414, 0.7712791365462359, -0.5119422529381605, 0.9149609689699166, 1.1298665251919848, -0.7167198932909337, 0.5790200272378943, 1.9462353981684783, -1.965894624992834, 44.64525549190574, -0.30950965559150295, 0.5348705607521671, 0.7652511904771271, -1.2731579569316975], "optimality": 44.64525549190574, "nfev": 380, "njev": null, "status": 2, "message": "`ftol` termination condition is satisfied.", "success": true, "res_time": 335.3651600000012, "tension_error": [0.011841328352609407, 0.01716752716942126, 0.017692893578900998, -0.003745737889748414, -0.03572730881766361, -0.01930338644387933, 0.030176908137294962, 0.0026606996001660136, -0.01165695636622724, -0.009785665202758509, 0.029513956388907123, -0.03141748893419806, -0.06135830343212003, 0.04708131563208453, 0.0525925957658305, -0.012470338907132242, -0.04760271787923774, -0.013312760477971128, 0.012168309889965364, 0.039575344647505645, -0.005536061035209941, -0.005742978764009436, 0.021891463320513466, -0.00969150869479133, 0.004105006646395311, 0.00042501835844372564, 0.020161853722203357, -0.020459278125278407, 0.045657576820514884, -0.018042763469931115], "git_revision": "018ef57f2e70e762a509d3bbb7a77c8182022b6e", "linregress": [-0.11959962193170386, 0.029836308840901632, -0.45563196374944703, 0.011397435811700586, 0.044157930125662374]}