{"x": [0.09685250457770415, 0.12801117760659336, 0.17990929506269493, 0.18227654537198756, 0.12984846236765307, 0.09245401281000439, 0.12974137311139275, 0.17988740864958472, 0.18060299801725763, 0.12796389314873863, -0.0035239431451671455, 0.004656904404645736, 0.0008356283091385664, -0.000747125864297567, -0.0027275052244873114, 0.004981960180193125, -0.0061908098674656985, 0.00016073769613592466, 0.0037472892963468685, -0.0010143453444688812, 0.05322923334503355, 0.0543726763119036, 0.060577636222470206, 0.05217684919063372, 0.05820565591540826, 0.05609725792719978, 0.05530496433879284, 0.05328825739062642, 0.057032271925754045, 0.0541167227289659], "cost": 0.3215182462809103, "fun": [0.17852836418889262, 0.2646409236423262, 0.19552015172640452, 0.10071876506854371, 0.10208590582529231, 0.1989064688189565, 0.10271993299787054, 0.2070991295535262, 0.22120948299002516, 0.2095443656741511, 0.25712281437676476, 0.1717575673146374, 0.10091890785197245, 0.028913334577753438, 0.251836740873008, 0.3047175850988008, 0.14297619527213037, 0.06283962980309438, 0.041556511746204644, 0.08638111349658925, 0.0, 0.0, 0.0, 0.0, 0.0, 0.0, 0.0, 0.0, 0.0, 0.0, 0.0, 0.0, 0.0, 0.0, 0.0, 0.0, 0.0, 0.0, 0.0, 0.0, 0.0, 0.0, 0.0, 0.0, 0.0, 0.0, 0.0, 0.0, 0.0, 0.0, 4.37609436899852e-05, 0.0, 0.0, 4.170434587359788e-07, 2.0290688020997997e-05, 0.0, 0.00023726976406872877, 0.0, 0.0, 1.0436563522432083e-06, 0.0, 0.0, 0.0, 0.0, 0.0, 0.0, 0.0, 0.0, 0.0, 0.0], "grad": [56.613194725474045, 56.277353254946206, -55.738443597196806, -56.70855104236398, -1.388916894985178, -56.377790668798184, -55.27360324672952, -56.69650079581527, 56.10493838367415, -56.48112530318065, 58.144939081132065, 55.68617562137024, 1.4783821713197782, -2.239175289636936, -56.778832746553235, -57.70888348455321, -56.99085704506365, 0.32356687935232076, -56.910524382310655, 58.06983646146182, 55.96194708720873, -55.982818641086965, 54.210143593367434, 56.80080968726986, 56.70760707900183, -56.3829711173089, 56.17669823079211, 56.62477156379214, 0.1474977119629597, -56.47138755521746], "optimality": 58.144939081132065, "nfev": 631, "njev": null, "status": 2, "message": "`ftol` termination condition is satisfied.", "success": true, "res_time": 642.9366070000033, "tension_error": [-0.02649914142900844, -0.0007180016549900055, 0.018510405917964025, -0.017399944068193583, -0.02858896170298049, 0.04022442310884126, -0.02696445555888175, 0.018842415064459467, 0.007987177433426699, -7.13152036283492e-07, 0.05345697122839824, -0.07064359284966285, -0.012676185919888512, 0.011333635131577254, 0.04137528964128858, -0.07557457400493266, 0.09391239623700022, -0.002438334003612191, -0.05684505335281107, 0.015387260140475612, 0.028452705310579536, 0.011107079895165128, -0.08301996749134728, 0.04441700074483676, -0.04703786511184832, -0.015054213290380748, -0.0030353997581592062, 0.02755733141348111, -0.029238044969791738, 0.01498980522734615], "git_revision": "018ef57f2e70e762a509d3bbb7a77c8182022b6e", "linregress": [-0.16727860530972058, 0.04180347032955885, -0.41725666279391654, 0.021786707655300292, 0.06885270627437286]}