{"x": [0.09422841798937018, 0.12870061515867065, 0.1818000324279084, 0.18151507844160986, 0.1268859672052496, 0.09604917300460625, 0.12760743205517883, 0.1809924460104125, 0.18097059902225435, 0.1277288591320336, 0.002844878124461812, -0.0005372691091786767, -0.0020589468029945197, -0.00071458535118783, 0.0009597984623802432, 0.0011792527535692727, -0.0016224260531327338, -0.0019692002400467645, 0.00047502702780077865, -0.0008124153035938211, 0.055776405378487964, 0.05526062421983125, 0.054992679729104495, 0.053624988493232134, 0.057608131956965694, 0.05348683793859191, 0.05589757661774916, 0.05610909037136271, 0.05624555034964222, 0.0540320724772987], "cost": 0.2513493591267688, "fun": [0.11635177414552658, 0.11493968756474264, 0.1227934401358985, 0.27604083252502293, 0.13355233179196907, 0.18021275560970326, 0.1244706750283569, 0.1448424770355692, 0.22400043744057294, 0.20014822416336828, 0.09985938028497195, 0.11312432742538607, 0.1684378375017054, 0.14363232562423286, 0.2549148610975505, 0.14645510528948363, 0.11363513554428872, 0.13875228191319727, 0.09149120143726441, 0.09442137027507828, 0.0, 0.0, 0.0, 0.0, 0.0, 0.0, 0.0, 0.0, 0.0, 0.0, 0.0, 0.0, 0.0, 0.0, 0.0, 0.0, 0.0, 0.0, 0.0, 0.0, 0.0, 0.0, 0.0, 0.0, 0.0, 0.0, 0.0, 0.0, 0.0, 0.0, 0.0, 1.5508707792194357e-07, 8.728414813398302e-06, 3.648903072093554e-07, 0.0, 0.0, 4.270657420470025e-06, 7.636065414411385e-06, 0.0, 5.362092320240784e-07, 0.0, 0.0, 0.0, 0.0, 0.0, 0.0, 0.0, 0.0, 0.0, 0.0], "grad": [-0.4485368895403421, -0.657145788470344, 1.0519214589337667, -0.7814074037696233, 1.0007735294844835, 0.6608873509669326, -0.9480439850032634, -0.3423055623268083, -0.3710393882108648, 0.9218135648354184, -1.6068970360465684, 0.14670843184333712, 1.4506883678733837, -0.8859811148020702, -0.8622996351749819, -0.2850832898895737, 0.6725950952485872, 1.1982179816247713, -0.22549110473171385, 0.43952282874190274, -0.415881904362289, 0.5944497024483706, -1.3970552772283582, -1.1769136232821946, 2.190349061820538, -2.8179549152281034, 2.247133979795799, -1.502982001784507, 1.579118143490311, 0.5798257112696842], "optimality": 2.8179549152281034, "nfev": 225, "njev": null, "status": 2, "message": "`ftol` termination condition is satisfied.", "success": true, "res_time": 212.20919399999912, "tension_error": [0.013307324077046595, -0.01117652549233324, -0.010171411230899239, -0.005848760036066662, 0.016351042189550892, -0.014312885572737575, 0.0054066755706231005, 0.0020793891101135737, 0.002410800194029469, 0.00356466975884472, -0.04315579502360028, 0.008150182374724268, 0.031233494830762952, 0.01084000705603632, -0.014559803230335013, -0.017888847215090917, 0.024611629436038063, 0.029872071210769156, -0.007205992012862996, 0.012324052835326152, -0.010186993599686153, -0.0023627758349145794, 0.0017018473277013665, 0.02244923967585271, -0.0379736379836244, 0.024544934731182425, -0.012025118445649852, -0.015233707283649893, -0.017303756893479703, 0.016273919607584123], "git_revision": "018ef57f2e70e762a509d3bbb7a77c8182022b6e", "linregress": [-0.08249078606034672, 0.020255460918146236, -0.49148155850183695, 0.005811825644242047, 0.02762367763444345]}