{"x": [0.09566273776325543, 0.1247196862689856, 0.18241387054504285, 0.17862697816952242, 0.12780916859225933, 0.09377770493523789, 0.13276455024670375, 0.18265979442752553, 0.18199681635150058, 0.1249789530085211, 4.301760997195312e-05, -0.002786221640572287, 0.0004261297574940768, -0.004267111562811662, -0.0005898483934825578, 0.002315753384652612, -0.0042519361291548175, -0.00011421422691995683, 0.003978643472041162, 0.002537754001992526, 0.05603658575445686, 0.053139086170117866, 0.05138204985322702, 0.05443861717214225, 0.05513865279932353, 0.05585385539742114, 0.05615474366479622, 0.05620335422167911, 0.05167474322279041, 0.05817150086716544], "cost": 0.291968187478583, "fun": [0.09864023711227811, 0.14865534097601485, 0.1437544255599549, 0.23407668553356026, 0.2817747105300416, 0.16840473688685356, 0.19420844793809958, 0.052078015224069116, 0.24473006503769565, 0.155886445454221, 0.07432797025134145, 0.05805921610845194, 0.08232006081989748, 0.2536170700135924, 0.07106362623173383, 0.23043126077541146, 0.19067133773610814, 0.2128781155171924, 0.02904024006204918, 0.15366499876444245, 0.0, 0.0, 0.0, 0.0, 0.0, 0.0, 0.0, 0.0, 0.0, 0.0, 0.0, 0.0, 0.0, 0.0, 0.0, 0.0, 0.0, 0.0, 0.0, 0.0, 0.0, 0.0, 0.0, 0.0, 0.0, 0.0, 0.0, 0.0, 0.0, 0.0, 0.0, 2.162952505331606e-05, 0.0, 7.769659609138674e-05, 2.052207179929794e-07, 0.0, 7.687058680043476e-05, 1.489911984452076e-09, 0.0, 0.0, 0.0, 0.0, 0.0, 0.0, 0.0, 0.0, 0.0, 0.0, 0.0, 0.0], "grad": [0.21510054811558987, 370.58199136374947, -0.315831523146779, -369.2627625848377, -370.4117896764815, -0.5879149371790864, -368.9846534082508, 370.1601249941743, 369.03311823264085, -0.3243981450148876, -0.19040983108968224, 368.86761879383005, 1.6699226663169648, 370.6772989167291, -371.035731759253, -369.83691055994086, -370.93322704894706, 369.1004701816761, 0.5820578001155314, -368.4739342493558, -370.65951442391804, 370.34786958509153, -369.58801608828526, 369.6757495491388, 369.5119995226936, 371.1919205490376, -0.8221834353496613, 369.7024918617713, -368.8221115103411, -0.3556263135050095], "optimality": 371.1919205490376, "nfev": 350, "njev": null, "status": 2, "message": "`ftol` termination condition is satisfied.", "success": true, "res_time": 353.62435800000094, "tension_error": [-0.008450799628797061, 0.04921275786203813, -0.019483118376785624, 0.037962699680995415, 0.002346403649602245, 0.02014448170828028, -0.0728249835195297, -0.023213696700185058, -0.013156553756852101, 0.04527977311600501, -0.0006525619295926757, 0.04226599690754906, -0.0064642377154029585, 0.0647305732938461, 0.008947791522334119, -0.03512915985185931, 0.06450036733224171, 0.0017325894291760162, -0.06035461437697823, -0.03849683070378605, -0.014133837887295478, 0.02982020607244571, 0.056473825603197136, 0.010106780366102817, -0.0005125125224345418, -0.01136188299579564, -0.01592625159921399, -0.016663656555434385, 0.05203377070136047, -0.04651974510933778], "git_revision": "018ef57f2e70e762a509d3bbb7a77c8182022b6e", "linregress": [-0.016406458168381672, 0.030044947363970658, -0.046721471159297104, 0.8063294674483056, 0.06628950600235944]}