{"x": [0.09511986351991815, 0.12713024485013827, 0.1808381419463838, 0.18127287633990669, 0.12822502807636676, 0.09408984802657942, 0.12980022423355322, 0.18027858921430484, 0.1810200086979179, 0.12814164118243962, 0.0017885400272691979, -0.0004724132044849044, 0.0008041074471011639, -0.0015904002818798878, -0.0008026676984463156, -0.00017902207233288776, -0.0021789198424655505, 0.003253834227045964, 0.0011495825914605846, -0.0023827906149295505, 0.055323891174853215, 0.05472502983894616, 0.056317774619059784, 0.05425536828341742, 0.056111471043329295, 0.055508707873719254, 0.05545582750282598, 0.053845875390375275, 0.05545235387821824, 0.05569189799930304], "cost": 0.32768025432852277, "fun": [0.1183662956771496, 0.22658542613618446, 0.20275436431132896, 0.1418689494871173, 0.13820448022034898, 0.07292351036078813, 0.07100687344622224, 0.10622090979736652, 0.28439137763544253, 0.23363625356730883, 0.28375695401941153, 0.16750611500516097, 0.13829656332796064, 0.12461645389049186, 0.16950073298275498, 0.3215867191771157, 0.14872674400234265, 0.1715487256466297, 0.03316383248268251, 0.15664239356653498, 0.0, 0.0, 0.0, 0.0, 0.0, 0.0, 0.0, 0.0, 0.0, 0.0, 0.0, 0.0, 0.0, 0.0, 0.0, 0.0, 0.0, 0.0, 0.0, 0.0, 0.0, 0.0, 0.0, 0.0, 0.0, 0.0, 0.0, 0.0, 0.0, 0.0, 0.0, 1.0543045587937654e-07, 0.0, 4.022715622201801e-06, 5.171390798779098e-07, 5.737460920484815e-09, 1.0344839607221141e-05, 0.0, 0.0, 1.352874910232907e-05, 0.0, 0.0, 0.0, 0.0, 0.0, 0.0, 0.0, 0.0, 0.0, 0.0], "grad": [1.4442611564397103, 1.091128765762323, 0.233733992141127, 0.292860777394216, -0.17935981192477568, 2.158473013544862, 0.38894146671803065, 1.6088458001169346, 0.5398604907916797, 0.23994595876435354, -1.1497414574203921, -0.7897124585677522, -0.8325169821854266, 1.0377049572617543, 0.12250503122073009, 0.2727333757691093, 0.3058744890524753, -2.6880893198187668, 0.5329605704356308, 1.4683324113733267, 87.48208532988059, 87.40581532864488, 89.02575199460571, -0.7490414687046374, -2.524601305989223, 89.41834537476352, 85.29748444804126, 91.3138556679191, -2.4125111605418006, 89.93963972988344], "optimality": 91.3138556679191, "nfev": 354, "njev": null, "status": 2, "message": "`ftol` termination condition is satisfied.", "success": true, "res_time": 400.12236400000256, "tension_error": [-0.00021558935120816409, 0.012645436708241553, 0.004420127189988445, -0.0021746398108409906, -0.003962037650727952, 0.015409381405691225, -0.027857206268667174, 0.012908344243245828, 0.0016612728885241556, -0.002697087960605334, -0.02713151967553472, 0.007166341237570428, -0.012198025590503344, 0.024125809812421673, 0.012176185112593278, 0.0027157015240362207, 0.03305344340966722, -0.04935951446768399, -0.017438761349102626, 0.03614609092665843, -0.0033225131674977527, 0.005762001503883335, -0.01839937351758488, 0.012886601199941606, -0.015269821235430416, -0.0061261171267042985, -0.005323940602016179, 0.01909846356543082, -0.005271246945204744, -0.008905046544475773], "git_revision": "018ef57f2e70e762a509d3bbb7a77c8182022b6e", "linregress": [-0.08593990166879886, 0.019192842202995254, -0.45852712399011714, 0.010821738036122089, 0.03147722320845391]}