{"x": [0.0952453881529418, 0.1266575846064569, 0.1818193673506721, 0.18026058414863227, 0.12944469304517778, 0.09496974411503935, 0.12542536266263699, 0.18129180176995388, 0.18079455945611458, 0.1298388666538037, -0.006619692139324839, 0.0026268374849206656, -0.0002321910870473546, 0.004476488275484533, -0.0023386755217975883, 0.0023790231510383455, 0.000950755684597968, 0.003765604531368102, -0.0030452277542546216, -0.0030306709736110317, 0.05573940210959585, 0.05373410193765744, 0.057893400030697456, 0.05486666954834931, 0.05557609259677222, 0.05585334369862255, 0.05465819975043488, 0.054730906986695624, 0.05562119909122807, 0.057696825761932045], "cost": 0.24848774283638797, "fun": [0.2674620578630176, 0.1696869488894231, 0.13209720233005812, 0.08128926511337815, 0.07905005889834908, 0.31338961072289356, 0.03568467718036529, 0.05321096338955008, 0.1566215233609019, 0.07140710852469778, 0.16202035027272543, 0.16700798926846597, 0.006229305571438108, 0.12931956033111613, 0.24164238244132516, 0.23323715690935026, 0.06940864964691679, 0.20862089710860562, 0.006553807928906426, 0.04810106447436643, 0.0, 0.0, 0.0, 0.0, 0.0, 0.0, 0.0, 0.0, 0.0, 0.0, 0.0, 0.0, 0.0, 0.0, 0.0, 0.0, 0.0, 0.0, 0.0, 0.0, 0.0, 0.0, 0.0, 0.0, 0.0, 0.0, 0.0, 0.0, 0.0, 0.0, 0.0002900770544541482, 0.0, 1.2518048628612572e-08, 0.0, 1.2791159373923579e-05, 0.0, 0.0, 0.0, 2.8239651828290665e-05, 2.783661151754742e-05, 0.0, 0.0, 0.0, 0.0, 0.0, 0.0, 0.0, 0.0, 0.0, 0.0], "grad": [0.33743112651642726, -0.11866991749746392, -0.22902042153204727, 0.1953028687640979, -0.12732070725832634, 0.43708399445731494, 0.7304851102176857, -0.4746358847912471, 0.387290568335386, -0.8423486953511268, 0.897137952456964, 0.9864338981322065, -0.9462142515348544, -0.5594136610112095, -0.09357664178620728, -0.22155030434870715, 0.44449389469929756, 1.6961479938082071, -1.1380312755791149, -0.15327765764003365, 0.37327678606358194, -0.24856845496417979, 0.3931441260319266, -0.7226180918538598, 0.17431084341862757, -0.3811789775049981, -0.11757493489064874, -0.3207655298084213, -0.6111272483880177, 0.27463407717830135], "optimality": 1.6961479938082071, "nfev": 972, "njev": null, "status": 2, "message": "`ftol` termination condition is satisfied.", "success": true, "res_time": 840.0522459999993, "tension_error": [-0.0021197536409195386, 0.019815525443054004, -0.010464715171202692, 0.013181474721796194, -0.02246392387878259, 0.002061668929316595, 0.03850789654107235, -0.002461731891456836, 0.00508125815391425, -0.0284433981175222, 0.10041838862186224, -0.039848195634388295, 0.0035222566734095864, -0.0679067439765656, 0.0354768805656662, -0.0360889398318366, -0.014422627489462226, -0.0571228889906857, 0.046195028051562906, 0.0459742068373757, -0.009625667097232383, 0.020794027313169088, -0.04230105377373814, 0.003613377204780485, -0.007148319544020897, -0.011354120705989306, 0.006775790311355503, 0.0056728472510460945, -0.007832569112475775, -0.0393190916373605], "git_revision": "018ef57f2e70e762a509d3bbb7a77c8182022b6e", "linregress": [-0.1797910980319479, 0.03671917521058654, -0.4857485736103614, 0.006503736332189962, 0.0611417758563905]}