{"x": [0.09562448512384741, 0.12778932161623527, 0.18086370414849448, 0.18080952944931702, 0.12772693735179697, 0.09465895840893611, 0.12684715644174363, 0.1827358814184765, 0.18189514335145673, 0.12741887710765082, -0.0014956990408892103, -0.00027918899553993666, 0.00083801256570596, 0.0016046100672163146, 0.00019729257330860207, -8.103147307754567e-05, 0.000445188380551202, -0.0008343285952611508, 0.00018245307655096252, 0.00038327001569792593, 0.05421442875940171, 0.05534285355555183, 0.05493432210820567, 0.0566295875060577, 0.05273272465227598, 0.05600157946984974, 0.054821606365651476, 0.05580519470264781, 0.05163459244877457, 0.055916319371622385], "cost": 0.4342891410806243, "fun": [0.23205491205628243, 0.054530622386981475, 0.27882283657878126, 0.21031777389417727, 0.23933270209643767, 0.1487056680955816, 0.09372884652435547, 0.1313584911185577, 0.20439662267165343, 0.21411937867820965, 0.23087221586723342, 0.30717671852314293, 0.03240725918944112, 0.3000430197059255, 0.0354073499605894, 0.24200834828926598, 0.12175286663978412, 0.20321864471885062, 0.23478021593031062, 0.2948221596848305, 0.0, 0.0, 0.0, 0.0, 0.0, 0.0, 0.0, 0.0, 0.0, 0.0, 0.0, 0.0, 0.0, 0.0, 0.0, 0.0, 0.0, 0.0, 0.0, 0.0, 0.0, 0.0, 0.0, 0.0, 0.0, 0.0, 0.0, 0.0, 0.0, 0.0, 3.3460516885636828e-06, 2.1761803709289333e-08, 0.0, 0.0, 0.0, 5.320607253212775e-10, 0.0, 5.807796434049388e-07, 0.0, 0.0, 0.0, 0.0, 0.0, 0.0, 0.0, 0.0, 0.0, 0.0, 0.0, 0.0], "grad": [-1.8719695591817906, 71.66352255591606, 71.35502806998898, -0.6057849053574369, -68.8893992912413, -70.02792896677944, -1.146953896785175, -71.46682025986917, 71.17021471537815, 71.07895062805463, 1.0940142063263418, 69.08221159860334, -70.57723750713852, -69.40062674317457, 68.03494864131355, -71.32958162099266, -70.75831302141606, 2.0124484772434243, 70.53691115633211, 70.7142050156948, 70.20766715746177, -67.73791993331221, -74.5746297579891, 68.59746231800149, 3.8453595929142828, -2.3555718233000547, 70.5053680308119, -70.33949181751528, 70.4207297055135, -69.23796826311293], "optimality": 74.5746297579891, "nfev": 259, "njev": null, "status": 3, "message": "`xtol` termination condition is satisfied.", "success": true, "res_time": 326.66656299999886, "tension_error": [-0.007870520617471649, 0.0026474752567715518, 0.004032357624341926, 0.004854168651346744, 0.003593822485374466, 0.00677617817789594, 0.016939787746055316, -0.02436790944385522, -0.011614210304034776, 0.008266987439956274, 0.022689225478796694, 0.00423519832388099, -0.0127123542487956, -0.02434136723051817, -0.0029928585622610404, 0.0012292187888563756, -0.006753350286874171, 0.012656469720027161, -0.002767748644609568, -0.005814070590205272, 0.013507639300517515, -0.003610165776427617, 0.0025871117978801036, -0.023129464737061886, 0.03598456658359457, -0.013602804930188232, 0.0042969697491840085, -0.010623717465509172, 0.05264284374338904, -0.012309439393312107], "git_revision": "018ef57f2e70e762a509d3bbb7a77c8182022b6e", "linregress": [-0.005720601554686973, 0.012358775202629797, -0.031609795592076904, 0.8682998549733327, 0.03418408181353756]}