{"x": [0.09537569731736026, 0.13005444234619434, 0.17777058501447252, 0.17993227623984734, 0.13390820563298042, 0.09470025666760683, 0.1265095428626577, 0.1798234201017815, 0.1818980537691037, 0.12806267228094123, 0.0004581930817772461, -0.0036150667163197276, 0.007447653868941179, -0.003309198552891871, -0.005478073202250399, -0.002898707366324529, 0.0007655038048723617, 0.004079113784205895, 0.004700374072115075, 0.0010719497239679336, 0.05501941290247323, 0.05359484556026167, 0.05052749734331813, 0.05502978792815914, 0.05652354278960956, 0.05526639301212091, 0.053589876142939454, 0.05834649710042207, 0.05271879483036699, 0.058598903927273724], "cost": 0.31676720693570065, "fun": [0.2890723958355405, 0.15504102161605735, 0.20772946395659309, 0.09152087546830522, 0.19706485956380812, 0.08604283185905286, 0.23027690601128095, 0.07170683299337086, 0.08767688888910022, 0.03399187628069975, 0.08772476981901955, 0.15274398628466995, 0.1276094905083487, 0.10835137839094715, 0.20090618083408193, 0.1909373540171734, 0.21490843030367718, 0.14581729926138304, 0.02522815593628866, 0.3964852699399873, 0.0, 0.0, 0.0, 0.0, 0.0, 0.0, 0.0, 0.0, 0.0, 0.0, 0.0, 0.0, 0.0, 0.0, 0.0, 0.0, 0.0, 0.0, 0.0, 0.0, 0.0, 0.0, 0.0, 0.0, 0.0, 0.0, 0.0, 0.0, 0.0, 0.0, 0.0, 4.724424901490424e-05, 0.0, 3.623835517371355e-05, 0.00016439306550574269, 2.435640138705382e-05, 0.0, 0.0, 0.0, 0.0, 0.0, 0.0, 0.0, 0.0, 0.0, 0.0, 0.0, 0.0, 0.0, 0.0], "grad": [-0.39367465441448424, -0.29492698051951804, 0.17595092514361355, 0.10329410814806206, -0.9357243955639509, -0.01461277444416098, 0.9851185892075756, 0.12749441353036373, -0.23952697640627107, 0.39722286088724124, -0.3112735233029076, -0.10331760753428876, -0.5671688737514282, 0.7967165681790258, 0.19825584422768405, -0.16113879103932027, 0.1813104720050941, -0.05389696928814558, -319.5497760446826, 0.6072385431528124, 0.5808121239257535, -0.20196819125555399, 1.4074042585917685, 319.6316244176611, 0.15880156645636134, 0.3139842391605221, 319.26954660116974, -2.093275509554723, -319.04776313291893, -2.7424911982470856], "optimality": 319.6316244176611, "nfev": 660, "njev": null, "status": 2, "message": "`ftol` termination condition is satisfied.", "success": true, "res_time": 761.9683309999964, "tension_error": [-0.0040964975797846, -0.03171360513021845, 0.05095388096962778, 0.018161789588124574, -0.09017383126221792, 0.0061496981994742525, 0.022061266339790466, 0.019813098704334352, -0.011658360310435966, -0.0014991576531521635, -0.00695062700520828, 0.05483928357586417, -0.11297827524177426, 0.05019937171052379, 0.08310043309335773, 0.04397236558531553, -0.01161242199052285, -0.06187871348001401, -0.07130301233161543, -0.01626109820501241, 0.0012963145421976507, 0.022906497308613147, 0.06943708495600616, 0.00113892907179178, -0.021520803892500273, -0.0024502863737477392, 0.02298188161189854, -0.049174376078372384, 0.03619587705550917, -0.05300329837507991], "git_revision": "018ef57f2e70e762a509d3bbb7a77c8182022b6e", "linregress": [-0.13884554085098263, 0.044135590765982335, -0.29292306152710645, 0.11620245962405437, 0.0856483564884232]}