{"x": [0.09481233849959816, 0.1278667862101667, 0.18202581027138007, 0.18192032719557602, 0.1260889152590989, 0.09570478064817597, 0.12708705796520567, 0.18221600582414663, 0.18218006631359573, 0.1266118362845946, 0.0012957994263373925, -0.0021451876020241547, -0.001645285850895653, 0.0028516440269439466, 0.0005583452113988666, 0.0017626798182774463, 0.00021338573712056884, -0.006423767011461481, 0.0044974186760519674, -0.0008143283377963176, 0.05609857046566874, 0.05423157203413165, 0.05377501801376905, 0.0562079162104058, 0.05372291807460218, 0.05425005321743411, 0.055880308012546724, 0.05665912336461311, 0.05261833013757239, 0.054137334945361874], "cost": 0.2693851466250338, "fun": [0.08893576266111781, 0.15669535870890128, 0.16918214372572316, 0.3097472288499453, 0.17839101945347263, 0.1963896585128969, 0.16962479767897723, 0.16366001296104787, 0.18677487550333285, 0.16031437063495063, 0.07631207104927906, 0.15915047958102987, 0.1438829520281308, 0.23427586506863174, 0.2455597565980987, 0.03655315832153882, 0.12640381593637232, 0.05380823938352242, 0.07888081279537774, 0.04165625139428455, 0.0, 0.0, 0.0, 0.0, 0.0, 0.0, 0.0, 0.0, 0.0, 0.0, 0.0, 0.0, 0.0, 0.0, 0.0, 0.0, 0.0, 0.0, 0.0, 0.0, 0.0, 0.0, 0.0, 0.0, 0.0, 0.0, 0.0, 0.0, 0.0, 0.0, 0.0, 9.871788336292895e-06, 4.45373208727556e-06, 0.0, 0.0, 0.0, 0.0, 0.0002650753493136875, 0.0, 5.400060732284035e-07, 0.0, 0.0, 0.0, 0.0, 0.0, 0.0, 0.0, 0.0, 0.0, 0.0], "grad": [-0.0076526906336233935, 0.3149401745036008, -0.14424788009629008, -0.721942814017555, 0.9333000793809949, -0.0716460288611353, -0.0648308123389878, -0.047438698805138735, -0.5628097322974585, 0.7620685623482154, -0.30882703247358095, 0.40026295375497933, 0.20233598144641535, -0.5729150534558586, 0.6138384850193705, -1.084529474037227, -1.4307777721309813, 1.6589755048304595, 0.29835089130092807, 0.08252233884839066, -0.1147026860020186, -0.1235808968324299, 0.4122341681716417, -0.5090286301214646, 1.254637552461484, -0.49177972103240997, 0.6470900148633625, -0.25970488041362283, 0.6691823934909339, -0.2161344055332335], "optimality": 1.6589755048304595, "nfev": 476, "njev": null, "status": 2, "message": "`ftol` termination condition is satisfied.", "success": true, "res_time": 403.0264070000012, "tension_error": [0.004449456447218946, 0.0014723647630931268, -0.01359638126738434, -0.01199624031276277, 0.028442038325896382, -0.009088575324082823, 0.01330056647912117, -0.016481580537967062, -0.015936390873339083, 0.02050951130627497, -0.019656819022886757, 0.03254173725197335, 0.02495840448346619, -0.04325843137141357, -0.008469899391594028, -0.026739229450895793, -0.003236986165752612, 0.09744627372339244, -0.06822425075089217, 0.01235307288761106, -0.015074124034760264, 0.01324758188578436, 0.02017334490900571, -0.016732860311017516, 0.020963682560413116, 0.012967228871173018, -0.01176315981197346, -0.023577513265644993, 0.0377198909146874, 0.014677125194371095], "git_revision": "018ef57f2e70e762a509d3bbb7a77c8182022b6e", "linregress": [-0.11494069886174495, 0.029545509751833357, -0.3720865441801151, 0.0428918355921019, 0.05418654995293408]}