{"x": [0.09327830259139087, 0.12809249222670083, 0.1816961019709241, 0.17929984704812385, 0.12568888287446744, 0.09511429030949387, 0.12865414743050957, 0.18084474827079347, 0.18078041796929048, 0.13129068189486862, -0.00041067493834323176, 0.0016531325849461701, 0.0014577100546245409, -0.005888900916670866, 0.004701281199934717, -0.0012661665547783715, -0.003698858790063281, -0.004554522975202893, -0.007388914735026465, 0.00180296178732618, 0.056624357678619425, 0.05455446166565421, 0.057061663960788676, 0.05297573658745501, 0.06059896135415333, 0.054636302177754406, 0.054782035500041175, 0.055090300175003375, 0.0563299736340169, 0.05806878709496783], "cost": 0.2980286174314705, "fun": [0.11136849787942603, 0.23491001601405012, 0.2604545936425597, 0.10408445064310634, 0.1705418110387179, 0.03023085499533325, 0.22022560009587583, 0.029524620255554693, 0.1525626848058096, 0.2257240141177459, 0.08342939099096357, 0.010917108019430063, 0.19182473839480094, 0.1683121842033771, 0.2603291083848682, 0.1809781389313157, 0.18660323197522852, 0.2669271796761705, 0.13084538243755361, 0.01685106104404018, 0.0, 0.0, 0.0, 0.0, 0.0, 0.0, 0.0, 0.0, 0.0, 0.0, 0.0, 0.0, 0.0, 0.0, 0.0, 0.0, 0.0, 0.0, 0.0, 0.0, 0.0, 0.0, 0.0, 0.0, 0.0, 0.0, 0.0, 0.0, 0.0, 0.0, 6.9261932030328e-08, 0.0, 0.0, 0.00020422210181746456, 0.0, 2.0298900413741078e-06, 5.0606144962610014e-05, 9.447756501715054e-05, 0.00040340563931276556, 0.0, 0.0, 0.0, 0.0, 0.0, 0.0, 0.0, 0.0, 0.0, 0.0, 0.0], "grad": [0.8432716012506842, 0.21938325027743555, -0.5336367642632656, 0.6238641013234276, 0.41343765330901155, 185.03914253433396, -0.28881839349081184, 0.02893654981569571, 0.6049267333546657, -1.7084648533441853, -0.28533050444866614, -0.0015764971242155923, -0.3796883229092587, 1.057393968298607, -0.5611931058560151, 184.64049214798467, 1.1013435104016884, 0.6911393304024427, -0.0626230742205598, 0.9127842889444038, -186.166654579998, 185.63095808288602, 1.068805039039538, 0.09739780602490278, 185.17443039687012, -0.18575368098782707, 0.38351802527554657, 184.1469246408791, 0.1323531237844704, -1.856192580324656], "optimality": 186.166654579998, "nfev": 1190, "njev": null, "status": 2, "message": "`ftol` termination condition is satisfied.", "success": true, "res_time": 1180.7216630000003, "tension_error": [0.027720238644948547, -0.0019515156841519827, -0.008594822954671186, 0.02775551676057534, 0.034510388124615175, -0.000131045720102951, -0.010471626489986214, 0.004319911585097973, 0.005295779507733382, -0.050466921873004354, 0.006229793574662533, -0.02507743666392309, -0.02211294599241181, 0.08933254422708087, -0.07131677313982301, 0.019207298841348676, 0.056110379700505114, 0.06909050277340716, 0.11208722335407108, -0.0273502926751747, -0.02305013010441304, 0.008349460369288932, -0.02968391174642948, 0.03229816147094717, -0.08334346219709758, 0.0071079687445850925, 0.004897245785791961, 0.0002209796880299799, -0.018584428260159748, -0.04496161351102921], "git_revision": "018ef57f2e70e762a509d3bbb7a77c8182022b6e", "linregress": [-0.20382362282734467, 0.04415729114187103, -0.43737075090976285, 0.01565152058062672, 0.07919929562593356]}