{"x": [0.09607003823877228, 0.1286711906306461, 0.18053517466375707, 0.18106264575796951, 0.12784691981633972, 0.09606616750621148, 0.12652519782024857, 0.1804952981316323, 0.1812897333650215, 0.12816368634983993, 0.00250686099203277, -0.0011465373647981684, 0.0010930001690944277, -0.0018767589125347082, 0.00022711495869465775, 0.0007447484893458785, -4.7997242322790605e-05, -0.0002547125034110718, -0.0020676605953385344, -9.14766740260647e-05, 0.05443612525910884, 0.054682324293428626, 0.055916600302791324, 0.05453901856514205, 0.05688515371147616, 0.05427370102829027, 0.055052253387829264, 0.05643354375355755, 0.05519517254287768, 0.05547019019912222], "cost": 0.2431841603215968, "fun": [0.09606077142634879, 0.21670957992057524, 0.23120047274846361, 0.12649937638335698, 0.17136501780601326, 0.040084672024413875, 0.08885846542532204, 0.14152600078813884, 0.1864012904843768, 0.1530927217934954, 0.0647812109441186, 0.1526493280576425, 0.18291499414686163, 0.20950320991169644, 0.12331776576748406, 0.1704728039220895, 0.06089852362362761, 0.050640876997536666, 0.17056357303725883, 0.24322751753525534, 0.0, 0.0, 0.0, 0.0, 0.0, 0.0, 0.0, 0.0, 0.0, 0.0, 0.0, 0.0, 0.0, 0.0, 0.0, 0.0, 0.0, 0.0, 0.0, 0.0, 0.0, 0.0, 0.0, 0.0, 0.0, 0.0, 0.0, 0.0, 0.0, 0.0, 0.0, 1.5071783182770487e-06, 0.0, 6.610365313556017e-06, 0.0, 0.0, 1.1057294003019653e-10, 1.6525354809682822e-08, 8.839704628271126e-06, 7.654751516872098e-10, 0.0, 0.0, 0.0, 0.0, 0.0, 0.0, 0.0, 0.0, 0.0, 0.0], "grad": [-1095.0041792854126, 1092.2742864418278, 1095.4105250931516, -1094.6777713168988, 1093.0898216946564, -1091.990919593114, 1095.7992868160507, -1094.859487412595, 0.22853103881989456, 1093.8091480462965, -2.0878026066624544, 1095.348805441591, -1096.5276695883472, 1097.924712865726, -1096.4507969898052, 1096.9183656754908, -1096.1097077486477, 0.37476374157160386, 1097.4815797167485, -1094.6513920005418, -1094.0981327681723, 1095.3526609464452, -1093.9815833864895, 1093.1580187291186, -1094.1021304957496, 1094.511885946926, -1096.7638407178433, -1090.5111133486757, 1092.0307723934516, -1093.4534846151118], "optimality": 1097.924712865726, "nfev": 384, "njev": null, "status": 2, "message": "`ftol` termination condition is satisfied.", "success": true, "res_time": 351.0215239999998, "tension_error": [-0.014629403795801665, -0.010730165808530092, 0.009016033719506418, 0.0010144837666370766, 0.0017737309314654133, -0.014570686151784366, 0.021823786169696144, 0.009620946609036509, -0.002430354920148165, -0.00303150535353632, -0.03802819466837153, 0.017392566337613866, -0.016580426012844734, 0.028469768965369978, -0.00344525360153145, -0.011297571194346651, 0.0007281011912495474, 0.0038638985946843705, 0.03136567997888688, 0.0013876687931776955, 0.010144581805525342, 0.006409829526067678, -0.01231370101979031, 0.008583726742424908, -0.027006313689276598, 0.01260849994381057, 0.0007981359937691148, -0.02015555034480502, -0.0013698970432814387, -0.005541817625294288], "git_revision": "018ef57f2e70e762a509d3bbb7a77c8182022b6e", "linregress": [-0.04770811269945622, 0.014682714657864615, -0.30075514491381466, 0.10632166605361074, 0.02858989572715903]}