{"x": [0.09763184592639762, 0.12764395366692463, 0.18138192524137323, 0.18255515511725842, 0.127577467317102, 0.0959409331453825, 0.12425901084212028, 0.18172608726786865, 0.18216105012396713, 0.12620748272604718, 0.000807921536783727, -0.0002667046224561817, 0.002118990480561994, 0.001266192462229296, -0.0023104867646994245, 0.003165419119310272, 0.000996716260808386, -0.0009725560953444474, 0.0013471870180458098, 0.002674745793823853, 0.05367086767843803, 0.054928895339469944, 0.052892393375453824, 0.05396365488441508, 0.05510753165707975, 0.05592466720227828, 0.05570828667445994, 0.055048148828563855, 0.0542246141838377, 0.05316122308655271], "cost": 0.2838280490541172, "fun": [0.08383537943995052, 0.18686317254633608, 0.24189462470610357, 0.24096565375041393, 0.20521917334407988, 0.07665841253201153, 0.12045602082910224, 0.09465956825766288, 0.17305004818824374, 0.1969465590811964, 0.1697576004888379, 0.07076676044250235, 0.19718020755948273, 0.004760980897326016, 0.2717630501739573, 0.27197438420522035, 0.1666047426611075, 0.05137399300904339, 0.1339902957137609, 0.005772804705882975, 0.0, 0.0, 0.0, 0.0, 0.0, 0.0, 0.0, 0.0, 0.0, 0.0, 0.0, 0.0, 0.0, 0.0, 0.0, 0.0, 0.0, 0.0, 0.0, 0.0, 0.0, 0.0, 0.0, 0.0, 0.0, 0.0, 0.0, 0.0, 0.0, 0.0, 0.0, 1.897106135062775e-08, 0.0, 0.0, 1.2334184917446448e-05, 0.0, 0.0, 9.199071198734589e-07, 0.0, 0.0, 0.0, 0.0, 0.0, 0.0, 0.0, 0.0, 0.0, 0.0, 0.0, 0.0], "grad": [0.33257535504714364, 0.023739497097838846, -0.018745279934127446, -0.09013705130129868, -0.393970125949342, -0.3251174403646062, 0.4899821700669209, 0.8784531722869476, -0.8375680033471609, -0.2246738552718801, -0.1540307194437497, 0.4205143889266546, 0.4502123083919921, -1.0628808120788353, 0.02810620611156378, -0.6671264198233413, -0.43096100484117805, -0.5135148275561339, 0.1251754472571056, -0.6846127449569639, -1.124535649232481, 1.249100269479995, -0.39724113113029524, 1.3218412478509305, 0.5606288356315741, 0.22440057434108773, -0.1906421806359342, 0.27698839688735033, -1.892552731759817, 3.0281077685557056], "optimality": 3.0281077685557056, "nfev": 971, "njev": null, "status": 2, "message": "`ftol` termination condition is satisfied.", "success": true, "res_time": 802.1013690000036, "tension_error": [-0.03832147406548792, 0.004852655636735206, -0.00382887307966656, -0.021626355370351295, 0.005861230049867637, -0.012670925188607966, 0.05620104116432199, -0.00904968930466856, -0.0156479220019715, 0.02664341178506518, -0.012255883982090316, 0.004045814799445262, -0.03214433618431137, -0.01920769184821673, 0.03504926708977132, -0.04801828855237245, -0.015119833176077919, 0.014753332010515596, -0.020436350615279472, -0.040574947737114814, 0.021753268661990705, 0.0026694339603606774, 0.03356244852170162, 0.017311790294945163, -4.041580095312182e-05, -0.012436073032053933, -0.00915365695055896, 0.0008604007061998963, 0.013353130014018267, 0.02948439687910903], "git_revision": "018ef57f2e70e762a509d3bbb7a77c8182022b6e", "linregress": [-0.03812211987617917, 0.021744197261914268, -0.16572056824663114, 0.38146843321476964, 0.0428720856031933]}