{"x": [0.048336613712148216, 0.11269910314478707, 0.14086188632597513, 0.1445306049678119, 0.11570267800091502, 0.0514034859532726, 0.0869551782486722, 0.1423674550831249, 0.14347499916838344, 0.07946351037341125, 0.1265859833061327, 0.0882778331565225, 0.08490264089596468, 0.0879263035459104, 0.09232576703461727, 0.09669337929203634, 0.11879848110744554, 0.08378969971928699, 0.07393473634530162, 0.12883817772936212, 0.12182033171906359, 0.13146999882155463, 0.08559204391308359, 0.06912773544141147, 0.08362395693622303, 0.108166344450418, 0.10412604278417846, 0.0974690709211269, 0.06158090318039494, 0.09680071494033289], "cost": 0.491298882542824, "fun": [0.14882420015970846, 0.24400695322456076, 0.3685708369629837, 0.3246076038608603, 0.17187367158878122, 0.09777972423192903, 0.13284539561311484, 0.2867196845016727, 0.15361779673182094, 0.11853565011451807, 0.41584592152701255, 0.16875667914317027, 0.25310251179900617, 0.001866332219187495, 0.3664544091459554, 0.027072399478480943, 0.14428412605119093, 0.05698443008072051, 0.1283992713569644, 0.20504698293124587, 0.0, 0.0, 0.0, 0.0, 0.0, 0.0, 0.0, 0.0, 0.0, 0.0, 0.0, 0.0, 0.0, 0.0, 0.0, 0.0, 0.0, 0.0, 0.0, 0.0, 0.0, 0.0, 0.0, 0.0, 0.0, 0.0, 0.0, 0.0, 0.0, 0.0, 0.0, 0.0, 0.0, 0.0, 0.0, 0.0, 0.0, 0.0, 0.0, 0.0, 0.0, 0.0, 0.0, 0.0, 0.0, 0.0, 0.0, 0.0, 0.0, 0.0], "grad": [0.1494808032819337, 178.17755818657125, 0.251980512948182, 0.4919068826726598, 0.6320854280493293, 0.07744097900878355, 177.5639070192741, 0.15966245386067568, 0.10361234532379582, -0.06724616018192187, 0.9455053645734142, -0.2201866447032379, 0.6408779587722524, 0.5999879051162851, 0.21637341649252806, 1.1665204690638533, 0.02870689938762938, -1.213862931866857, -0.9705995094682693, 0.07974272052022902, 0.44024080977924296, -182.92234671495504, 0.1396630419806726, -179.97235083285238, -1.522523524047518, -181.10784915919643, -181.92468480777995, -178.63608836438863, -0.5054933765519625, -181.39768142861112], "optimality": 182.92234671495504, "nfev": 822, "njev": null, "status": 2, "message": "`ftol` termination condition is satisfied.", "success": true, "res_time": 1158.2689869999995, "tension_error": [0.5166338628785179, -0.1269910314478706, -0.4086188632597512, -0.4453060496781189, -0.15702678000915016, 0.48596514046727407, 0.13044821751327804, -0.42367455083124894, -0.4347499916838343, 0.20536489626588758, -0.2658598330613268, 0.11722166843477502, 0.15097359104035327, 0.12073696454089608, 0.07674232965382735, 0.0330662070796367, -0.1879848110744553, 0.1621030028071302, 0.26065263654698384, -0.2883817772936212, -0.21820331719063585, -0.3146999882155463, 0.14407956086916418, 0.3087226455858853, 0.16376043063776977, -0.08166344450418, -0.04126042784178455, 0.025309290788731037, 0.38419096819605064, 0.031992850596671146], "git_revision": "ec36e56dd006ef5715c6882890a8a7f5f3c70256"}