{"x": [0.0632151082942203, 0.07318734327979864, 0.12151146437767292, 0.14756714870506552, 0.1041101287741863, 0.07401100548393816, 0.10920375347181902, 0.1456986936923887, 0.1300539243555604, 0.0765093924458142, 0.10473743414903976, 0.12948816270424204, 0.10025856961842262, 0.07845752156249093, 0.09092762192958892, 0.10145590528306321, 0.09090233642412444, 0.10134734255454403, 0.09847631382485521, 0.1109524109559419, 0.12364650507336171, 0.12682503452695057, 0.09205222097066049, 0.07288445157150979, 0.07211662964792694, 0.155749898105653, 0.0919886585331013, 0.11337898604384762, 0.05730941006794169, 0.08550285536864528], "cost": 0.9724275490710774, "fun": [0.31767067983766195, 0.12703062013449595, 0.18725038695200086, 0.14042094223637613, 0.3021654533316326, 0.5408434742143662, 0.6047121000267333, 0.47129277415155746, 0.3646067741651064, 0.13867019217913973, 0.18643371333459582, 0.22948881046772243, 0.3013472374107858, 0.36282522969822223, 0.2598871106962812, 0.26823902558782436, 0.387055575346539, 0.11817500367538743, 0.12337303120434726, 0.14449730961128662, 9.944547060759259e-08, 2.3352206798820178e-06, 6.788986857687321e-07, 1.888512581272834e-06, 9.059572228415579e-07, 1.2385295109384922e-06, 1.3318806617029543e-06, 2.447588076025627e-07, 2.867016897433829e-06, 1.7673799110332057e-07, 6.125985640133059e-07, 8.543691119625824e-07, 4.752856963370431e-07, 1.555034031654974e-07, 1.1084475037104387e-07, 1.113778156603621e-07, 1.090981530645027e-07, 8.242805966698604e-09, 1.5565299962430952e-07, 3.862593671033151e-08, 0.0, 0.0, 0.0, 0.0, 0.0, 0.0, 0.0, 0.0, 0.0, 0.0, 0.0, 0.0, 0.0, 0.0, 0.0, 0.0, 0.0, 0.0, 0.0, 0.0, 0.0, 0.0, 0.0, 0.0, 0.0, 0.0, 0.0, 0.0, 0.0, 0.0], "grad": [-0.6535127022105462, -1.2402133791425909, -1.0608550722147418, 109.32751833012628, 33.59655155117144, 93.40415369686154, -2.474452445538114, -1.463364064304137, 0.7983219180747341, 1.7256523679598068, -1.5786058010360824, -1.2867079953184473, 1.069339684291304, -0.0967350454858456, -1.895517629575238, 1.0881206135558208, -2880.80387980431, 1.2747313184057179, -0.544212887239943, 0.23508746679963333, -1.3668107948851231, -0.5203382907470959, 0.8994796741402373, -0.12121893809745066, 88.49608227972884, -30.79141381051175, 32.30271672398357, -1809.6125392854747, -2.7944575223546595, -0.2699712355701065], "optimality": 2880.80387980431, "nfev": 380, "njev": null, "status": 2, "message": "`ftol` termination condition is satisfied.", "success": true, "res_time": 1455.0189069999979, "tension_error": [0.367848917057797, 0.2681265672020136, -0.21511464377672915, -0.4756714870506551, -0.04110128774186289, 0.2598899451606185, -0.0920375347181901, -0.45698693692388687, -0.30053924355560396, 0.23490607554185805, -0.047374341490397515, -0.2948816270424204, -0.0025856961842261883, 0.21542478437509074, 0.09072378070411086, -0.014559052830632052, 0.09097663575875561, -0.013473425545440232, 0.015236861751447978, -0.10952410955941891, -0.23646505073361704, -0.26825034526950564, 0.07947779029339519, 0.27115548428490216, 0.27883370352073067, -0.5574989810565301, 0.08011341466898705, -0.13378986043847615, 0.4269058993205831, 0.14497144631354722], "git_revision": "ec36e56dd006ef5715c6882890a8a7f5f3c70256"}