{"x": [0.061324586803506935, 0.07328463347931344, 0.15888527199924737, 0.13679082386506453, 0.10237855773072499, 0.0674163264453337, 0.07049716119211574, 0.15620082761255014, 0.14915846998604917, 0.09171318239864527, 0.12429944264781181, 0.10677108909114062, 0.07084447122401777, 0.09393150774996557, 0.09810145951330168, 0.09677773323297355, 0.10793688515002489, 0.10429460527972961, 0.08231467713638722, 0.1026535762703929, 0.14069281606064768, 0.12906793336675298, 0.08385470763736555, 0.07078893604681187, 0.07931024625177462, 0.11601571274569411, 0.09899099460150959, 0.08311054841080583, 0.0852123853616314, 0.08001139099524233], "cost": 0.6693711269233455, "fun": [0.18138908476695798, 0.06323732330925162, 0.26036839004442924, 0.17584131457851065, 0.1630572140427562, 0.20814589514311171, 0.2198820042363776, 0.2140369250599911, 0.2287207380637223, 0.23803368331758168, 0.2987777442071414, 0.34546375260712997, 0.3485897638647742, 0.3190387700618165, 0.23179257154841468, 0.252708937123851, 0.3280370509636099, 0.32034336901889016, 0.39813808790006705, 0.1088040529810042, 0.0, 0.0, 0.0, 0.0, 0.0, 0.0, 0.0, 0.0, 0.0, 0.0, 0.0, 0.0, 0.0, 0.0, 0.0, 0.0, 0.0, 0.0, 0.0, 0.0, 0.0, 0.0, 0.0, 0.0, 0.0, 0.0, 0.0, 0.0, 0.0, 0.0, 0.0, 0.0, 0.0, 0.0, 0.0, 0.0, 0.0, 0.0, 0.0, 0.0, 0.0, 0.0, 0.0, 0.0, 0.0, 0.0, 0.0, 0.0, 0.0, 0.0], "grad": [213.41767740187538, 217.00097138819575, -0.6007679410289735, -1.2160007826470556, -1.9107186268107572, 214.75350557004867, 215.7408300629648, -1.2139867046505053, -1.1435484152770696, 212.3262079533618, -0.2535263048389873, 2.7125179795175756, 0.26221141710243445, 0.31203711026894865, 0.24461677773501522, 0.22050824445660083, 1.1703175803283252, -0.597529348434284, 0.984499347682034, -0.367252816707484, -204.4507845106818, -210.86860499965644, -213.06005751681676, -215.2638560884393, -212.8545399045467, -209.76800231684678, -209.3675375399016, -212.4512815317163, -215.12143483436046, -210.58889703086933], "optimality": 217.00097138819575, "nfev": 694, "njev": null, "status": 2, "message": "`ftol` termination condition is satisfied.", "success": true, "res_time": 1087.4723440000016, "tension_error": [0.3867541319649307, 0.2671536652068657, -0.5888527199924737, -0.3679082386506452, -0.02378557730724984, 0.32583673554666304, 0.29502838807884263, -0.5620082761255013, -0.4915846998604917, 0.08286817601354732, -0.2429944264781181, -0.06771089091140617, 0.29155528775982237, 0.060684922500344324, 0.018985404866983246, 0.032222667670264576, -0.07936885150024886, -0.042946052797296075, 0.17685322863612782, -0.026535762703928933, -0.40692816060647674, -0.2906793336675298, 0.16145292362634456, 0.2921106395318813, 0.2068975374822539, -0.16015712745694105, 0.010090053984904146, 0.1688945158919418, 0.14787614638368612, 0.1998860900475767], "git_revision": "ec36e56dd006ef5715c6882890a8a7f5f3c70256"}