{"x": [0.06735288364664076, 0.09538073967145934, 0.13269084654406468, 0.14375403694014158, 0.09148420830380481, 0.05780269368976485, 0.0825511147702332, 0.14181712997294985, 0.1343512685188938, 0.08954805915932587, 0.09277894555376204, 0.10949050583058766, 0.0762643594214769, 0.08078324610433761, 0.10277088902868216, 0.09291284276525058, 0.10807850954365218, 0.07646124371070194, 0.07333378542851104, 0.12405782165281319, 0.13678302234249318, 0.1375730799066507, 0.09407982169081094, 0.06157400577083478, 0.09536651237740641, 0.11733749763605175, 0.11185640499059808, 0.09269689368812543, 0.07163742296462455, 0.10446401318935429], "cost": 0.36566101766279513, "fun": [0.05620087348715498, 0.08173920346771053, 0.16283051843830432, 0.2833926038606018, 0.19106159473069037, 0.2640816165533794, 0.013019361318287508, 0.17792549206362895, 0.22730920289965328, 0.03976326264742813, 0.2410733590810104, 0.21935357430087005, 0.23906783541844184, 0.0016855188883019882, 0.15372039066491594, 0.11861457988337279, 0.3401704830716705, 0.30440568010275376, 0.004235704035749693, 0.11769080608129161, 0.0, 0.0, 0.0, 0.0, 0.0, 0.0, 0.0, 0.0, 0.0, 0.0, 0.0, 0.0, 0.0, 0.0, 0.0, 0.0, 0.0, 0.0, 0.0, 0.0, 0.0, 0.0, 0.0, 0.0, 0.0, 0.0, 0.0, 0.0, 0.0, 0.0, 0.0, 0.0, 0.0, 0.0, 0.0, 0.0, 0.0, 0.0, 0.0, 0.0, 0.0, 0.0, 0.0, 0.0, 0.0, 0.0, 0.0, 0.0, 0.0, 0.0], "grad": [0.03719914602380214, 0.11960563928913334, 0.04290611284690238, -0.37698262731474397, -0.004417742768833222, 0.25723615864473626, 0.42374831460589435, 0.3501866078772884, -0.24325550899864537, -0.06587237168661764, -0.01675244961979505, -0.06797505053599551, -0.20824431710414687, 0.7486452616347651, 0.5315816335592805, -0.6018656635058115, 0.5350762573973069, -0.06345731969641397, 0.02070850186943879, 0.31578353633793355, 0.028840478578241235, -0.016296373114644602, 0.05172236718306156, 0.25814029414925954, -0.21728442829031813, -0.1554954456939583, 0.01906765331408744, -0.30210327296038075, 0.0010493917131935149, -0.14043404868108467], "optimality": 0.7486452616347651, "nfev": 3863, "njev": null, "status": 2, "message": "`ftol` termination condition is satisfied.", "success": true, "res_time": 3953.2526560000006, "tension_error": [0.32647116353359246, 0.04619260328540667, -0.3269084654406468, -0.4375403694014157, 0.08515791696195193, 0.4219730631023515, 0.174488852297668, -0.4181712997294984, -0.34351268518893807, 0.10451940840674134, 0.07221054446237968, -0.0949050583058765, 0.23735640578523107, 0.19216753895662395, -0.027708890286821525, 0.07087157234749425, -0.08078509543652176, 0.23538756289298066, 0.2666621457148896, -0.24057821652813186, -0.3678302234249317, -0.3757307990665071, 0.059201783091890614, 0.3842599422916522, 0.046334876225935934, -0.17337497636051746, -0.11856404990598077, 0.07303106311874571, 0.2836257703537545, -0.04464013189354285], "git_revision": "ec36e56dd006ef5715c6882890a8a7f5f3c70256"}