{"x": [0.05830168037605854, 0.08018689417545882, 0.1314138488850104, 0.1405757908449755, 0.09336752279571223, 0.06528573095772909, 0.08485150140212978, 0.13265520368313624, 0.12943516525005164, 0.08839899141724093, 0.08075773971534801, 0.10419878326833976, 0.08598844191853071, 0.08664587307762857, 0.10526115747158926, 0.08797181303391828, 0.09300045233208454, 0.08870564168656883, 0.10575719974644306, 0.11091191356677002, 0.12844123488879902, 0.11833653045537793, 0.1022072818284755, 0.06338676384137866, 0.1038286359789676, 0.13633986822835178, 0.1259124817786199, 0.08954484580113738, 0.07487651010184078, 0.10476135719734689], "cost": 0.7194412274459767, "fun": [0.1448902399883299, 0.27489819498152224, 0.21387333389539337, 0.11787147423371724, 0.2539574429655208, 0.06930957765059756, 0.13050649535070138, 0.2492294899419798, 0.2992210957479544, 0.3355619927256255, 0.34404099776701136, 0.13867697993364825, 0.34880848345943904, 0.045758653103811345, 0.2383535932054921, 0.4215939425530264, 0.41359364653850256, 0.3251066340252059, 0.14351450996855866, 0.3726165765131442, 0.0, 0.0, 0.0, 0.0, 0.0, 0.0, 0.0, 0.0, 0.0, 0.0, 0.0, 0.0, 0.0, 0.0, 0.0, 0.0, 0.0, 0.0, 0.0, 0.0, 0.0, 0.0, 0.0, 0.0, 0.0, 0.0, 0.0, 0.0, 0.0, 0.0, 0.0, 0.0, 0.0, 0.0, 0.0, 0.0, 0.0, 0.0, 0.0, 0.0, 0.0, 0.0, 0.0, 0.0, 0.0, 0.0, 0.0, 0.0, 0.0, 0.0], "grad": [69.9246409967252, 0.5723947967995568, -0.5314042106692439, -0.08451007233519187, -69.61559244195345, -69.51153970231977, -0.12454644495827139, 69.6165750340731, -0.14361836389169164, -69.84317328615248, 69.1855652413679, -0.23880106212433216, 0.08787420034609728, 71.36219230586596, -68.98248410348708, 69.36396453677645, -69.76834597529364, 0.713688419633393, -70.15218578750336, -0.6981091872250846, 0.5562282383743815, -0.45907138808658576, -69.94656569179278, 1.5397174912910387, -71.83412258338797, 69.64912574219784, -70.34038975208992, -68.91875492035871, -70.56880800382777, -0.21442332672436426], "optimality": 71.83412258338797, "nfev": 601, "njev": null, "status": 2, "message": "`ftol` termination condition is satisfied.", "success": true, "res_time": 1021.350594, "tension_error": [0.41698319623941466, 0.19813105824541183, -0.3141384888501039, -0.40575790844975507, 0.06632477204287779, 0.3471426904227091, 0.15148498597870222, -0.32655203683136236, -0.2943516525005163, 0.11601008582759073, 0.19242260284651994, -0.04198783268339751, 0.14011558081469297, 0.13354126922371437, -0.05261157471589256, 0.12028186966081725, 0.06999547667915468, 0.11294358313431174, -0.05757199746443051, -0.10911913566770015, -0.28441234888799016, -0.1833653045537792, -0.02207281828475488, 0.36613236158621343, -0.03828635978967598, -0.3633986822835178, -0.25912481778619906, 0.10455154198862629, 0.25123489898159224, -0.04761357197346883], "git_revision": "ec36e56dd006ef5715c6882890a8a7f5f3c70256"}