{"x": [0.02180029383471885, 0.18930683366416784, 0.2513131261583273, 0.07864694745403548, 0.21907759829920664, 0.013392928901499073, 0.19512837545838418, 0.3577944730106791, 0.18069687189854194, 0.14141577720805365, -2.0284126686540421e-07, -2.6621976462586513e-07, -5.010307568577797e-09, 1.0841061564533975e-07, -3.2794399900605137e-07, -1.4979019327903484e-07, 1.7352562848133136e-07, -1.8227525988200188e-07, -4.2277958473115884e-07, 3.471739786515938e-07, 0.03152771311985602, 0.0774157565382275, 0.10108909865429715, 0.011803183834227097, 0.08601563720012628, 0.06905556383540436, 0.06504982615552503, 0.05087232156983667, 0.11873369328121003, 0.0358991023819711], "cost": 5.687014118637724, "fun": [0.8148993966793038, 0.62240406438277, 0.5122085780775704, 0.9414847255472498, 0.5697088981524188, 0.6434198670441725, 0.970435501815506, 0.6686978955222879, 0.5556113885584569, 0.5339262539448564, 0.7005094611032796, 0.5472197624029087, 0.6847380071382563, 0.9092323569086002, 0.605745398504248, 0.8932239665303578, 1.125187690308716, 1.104897975489168, 0.5547628277916692, 0.6383344893390038, 0.0, 0.0, 0.0, 0.0, 0.0, 0.0, 0.0, 0.0, 0.0, 0.0, 0.0, 0.0, 0.0, 0.0, 0.0, 0.0, 0.0, 0.0, 0.0, 0.0, 0.0, 0.0, 0.0, 0.0, 0.0, 0.0, 0.0, 0.0, 0.0, 0.0, 8.345818639260537e-18, 1.8867783548816644e-17, 1.2577466242802218e-22, 0.0, 3.526948065295901e-17, 3.360857845586472e-18, 0.0, 6.0559625151796234e-18, 7.556871259006451e-17, 0.0, 0.0, 0.0, 0.0, 0.0, 0.0, 0.0, 0.0, 0.0, 0.0, 0.0], "grad": [-58354.07200555093, -13249.000114341306, 42782.69953968675, 178326.57764612228, 34269.42479192129, 59993.858635982186, -2172.2845633043, 1514.967011052027, -27364.35117644567, 29578.528803459194, 46724.244055287745, -35025.86155460842, 194076.2256660874, 280.88441970652775, 25235.492214572667, -23059.45852189188, 5471.712263810151, -42229.000856081715, 316.1066333122053, 50923.56108812962, -4115.33672402478, 90151.83942411479, 1142.6455646019026, 10078.282349900785, -8653.428989665115, -54299.451596550294, 69921.04520383046, -7746.954383442664, -32451.844695212923, 80163.64485879369], "optimality": 194076.2256660874, "nfev": 35, "njev": null, "status": 3, "message": "`xtol` termination condition is satisfied.", "success": true, "res_time": 578.5159639999911, "tension_error": [1.112016352448277, -0.9305514261213588, -1.0646604590011917, 1.5546244065254893, -1.3821633968551261, 1.2395531051220936, -1.0188621562831475, -2.679944832375291, 0.006563143853941745, -0.2040610369154165, 3.077030281157232e-06, 4.038459677635013e-06, 7.600459386134205e-08, -1.6445506986552098e-06, 4.974794483683656e-06, 2.2722642569858424e-06, -2.6323224146898863e-06, 2.7650512286283838e-06, 6.413416779417348e-06, -5.266506473998894e-06, 0.3576570921295935, -0.33844829768282436, -0.6975645252287538, 0.6568712255816676, -0.46890544587525806, -0.21162713106111247, -0.15086150713341334, 0.0642062233908483, -0.9652267855013704, 0.2913446630163448], "git_revision": "018ef57f2e70e762a509d3bbb7a77c8182022b6e", "linregress": [7.436108230912442, 0.022995000287691858, 0.7295326613795425, 4.787349908972104e-06, 1.3174791293537724]}