{"x": [0.15041641979298634, 0.2419246044107673, 0.22015885262762508, 0.172114344302363, 0.03746221009358785, 0.03667216916918948, 0.24905031195185862, 0.03171647857788403, 0.18132843082965516, 0.08805543580269326, -0.0006415414143872795, -0.0011421812824376288, 0.007565441213781586, -0.005874845085219796, 0.008236301165871072, -0.0012428435608449232, -0.010906004151927912, -0.0016262758186343658, -0.005704194539879836, -0.008318389756149312, 0.08523215362504667, 0.10132808042493041, 0.02619263211982832, 0.012406743035140977, 0.04584373868978608, 0.030809564442746004, 0.060672102516426234, 0.015658768778684617, -0.016295694069109315, 0.03185134919549837], "cost": 7.0711279472673505, "fun": [0.7087849856953494, 0.8255998894631599, 0.3896335285593837, 0.9677765751101873, 1.0116915945595333, 1.073088725871715, 0.7404268989563254, 0.8957731051940981, 0.9133801751642731, 0.4066162711135242, 0.714667364279151, 0.6918054427794845, 0.8499563447519249, 0.5382308156145122, 0.9655116751226798, 0.8152632018844052, 0.706696696167718, 1.190124235229213, 1.3094381989558805, 0.34026970496546005, 0.0, 0.0, 0.0, 0.0, 0.0, 0.0, 0.0, 0.0, 0.0, 0.0, 0.0, 0.0, 0.0, 0.0, 0.0, 0.0, 0.0, 0.0, 0.0, 0.0, 0.0, 0.0, 0.0, 0.0, 0.0, 0.0, 0.0, 0.0, 0.0, 0.0, 2.6404265550138694e-07, 1.4900646666826625e-06, 0.0, 0.00020276325635658994, 0.0, 1.919770879776432e-06, 0.0012971702389178946, 4.3011304379225734e-06, 0.0001856021427361052, 0.0005755960378824513, 0.0, 0.0, 0.0, 0.0, 0.0, 0.0, 0.0, 0.0, 0.004327315778242022, 0.0], "grad": [12656.058268791705, -54305.87180623555, -8773.146541973352, -13870.89260883279, 98918.0510902691, 7079.622511662849, 6671.3808748477095, -59310.03523697559, 4581.261741696066, -7560.599026391445, -65669.2491986969, -1758.280422614307, 15816.580571774648, -5529.883602511396, -14386.940528761734, -819.1479436702709, -3753.268443697759, -7898.345869723729, 22106.879494887653, 16521.18849251603, 33277.5753089827, 6684.815810724493, -6874.718363809713, -9431.144862606045, 1400.9571669216666, 13631.013098214296, -6181.292085004916, -2749.091009349165, 16491.071492803087, 4997.120516927755], "optimality": 98918.0510902691, "nfev": 139, "njev": null, "status": 3, "message": "`xtol` termination condition is satisfied.", "success": true, "res_time": 1904.0438660000218, "tension_error": [-0.8390447917385537, -1.7287443994560654, -0.5920611476143435, 0.13675705217652068, 1.372877811813877, 0.8864152632373402, -1.8368388627644487, 2.266543021866451, -0.003017381772829095, 0.6053964706938785, 0.009731956367616158, 0.01732648610878405, -0.11476506760612849, 0.08911932223497764, -0.1249417758218427, 0.018853497271828373, 0.16544022594857996, 0.024670029017183136, 0.08653061381473552, 0.12618703070477172, -0.4570202771294477, -0.7011897941705568, 0.43858838408610085, 0.647715445959588, 0.1404880472639546, 0.36855115357965745, -0.08445298776154839, 0.598383365547043, 1.0831212658778437, 0.3527476473197897], "git_revision": "018ef57f2e70e762a509d3bbb7a77c8182022b6e", "linregress": [5.5373833706206925, 0.16555353353340946, 0.5822725820589142, 0.0007361175728870995, 1.4611216567770702]}