{"x": [0.035170147853958056, 0.10636385556813623, 0.08534190976125548, 0.0999338873389328, 0.22949513717710773, 0.0788228258353724, 0.019999883444574134, 0.056306389324059736, 0.12835494336864514, 0.09691502481367455, 1.8841248250234336e-06, -9.315798083200695e-07, 1.965993882422844e-06, -1.0224148555018962e-06, -3.02172186029629e-06, 5.857929188011035e-07, -1.273033117091503e-06, 2.1930116700152866e-05, -9.08190389072743e-07, 8.952415855279648e-06, 0.030368659812415953, 0.06637989017083047, 0.07825796492125614, 0.04361318379218972, 0.01851612596345458, 0.03551714093412273, 0.00573702307553138, 0.05679540627507969, 0.046598454232714026, 0.07608786454679799], "cost": 5.815961448260284, "fun": [0.32332599730654177, 0.7007537859657181, 0.6019426705546589, 0.8429404413624939, 0.9757902656475502, 0.6901899535843545, 1.4856908817726582, 0.9189981316223793, 0.6806289775979648, 0.7549818958974853, 0.6692220001819996, 0.5158615199185542, 0.3000799701305748, 1.0905825134753235, 0.7843278743700524, 0.542150823343239, 0.6535927280859468, 0.6967789986532001, 0.5077395962249339, 0.6138855440802914, 0.0, 0.0, 0.0, 0.0, 0.0, 0.0, 0.0, 0.0, 0.0, 0.0, 0.0, 0.0, 0.0, 0.0, 0.0, 0.0, 0.0, 0.0, 0.0, 0.0, 0.0, 0.0, 0.0, 0.0, 0.0, 0.0, 0.0, 0.0, 0.0, 0.0, 0.0, 8.084630958571366e-16, 0.0, 1.0687631055477245e-15, 2.7590747030157916e-14, 0.0, 2.0630944228100213e-15, 0.0, 7.490843175558605e-16, 0.0, 0.0, 0.0, 0.0, 0.0, 0.0, 0.0, 0.0, 0.0, 0.0, 0.0], "grad": [7912.901549012648, 4617.495075554406, -19294.365546963025, -19869.240825504196, 15440.042527631242, -16878.283057231252, -1975.5413828143091, -17396.99056372037, -20155.21942167513, 1769.2712914665747, -5965.047963911571, 7898.074485094888, -4931.137845985008, 15512.983087296743, 24034.552510076042, 2193.275264015131, 16511.10479541415, 23235.068799375586, -15138.819459692793, -23433.28510258731, 141054.19339144928, -6046.53914843982, -12903.164468692457, 2531.9793757260386, -24286.429532579416, -14562.120212592872, -6340.250163569252, -9436.428379052344, -559.2051381760343, -16321.03800108337], "optimality": 141054.19339144928, "nfev": 97, "njev": null, "status": 3, "message": "`xtol` termination condition is satisfied.", "success": true, "res_time": 1064.3867220000247, "tension_error": [0.9092003953819618, 0.32766421783929944, 1.4530641960768345, 1.2317090568473308, -1.5401937773481873, 0.24700470868500277, 1.6377751313229694, 1.893522772357049, 0.8005716883161015, 0.470999638694764, -2.8581507252782675e-05, 1.4131736228099856e-05, -2.9823431899580226e-05, 1.5509671768969312e-05, 4.583845195334986e-05, -8.886271405682602e-06, 1.9311462163198657e-05, -0.00033267211449856775, 1.3776927010060111e-05, -0.00013580498239781935, 0.3752395208906752, -0.17103810785287202, -0.3512243009965049, 0.1743247761986138, 0.5550382675919339, 0.2971388830950627, 0.7488927389222452, -0.02564487681937472, 0.12903927939173324, -0.31830464579740175], "git_revision": "018ef57f2e70e762a509d3bbb7a77c8182022b6e", "linregress": [7.543092987625827, -0.04197458934142145, 0.8377924847507565, 7.700760609788457e-09, 0.9290042632909946]}