{"x": [0.08414870251644066, 0.0477393429410612, 0.19996298072094604, 0.06722140250666066, 0.05692689933788848, 0.09873957784704902, 0.15144861548918867, 0.3081536015319454, 0.2830985112869018, 0.14634967681479316, -7.493187648574747e-09, -2.4736964497658616e-07, -1.0700874027287516e-07, -1.5647891460195708e-07, 6.420385384053441e-09, -2.2935425707067242e-07, -7.636377805467162e-08, 7.941536071206272e-08, -1.0962032877747014e-07, -6.193000381576873e-08, 0.030589278977267365, 0.07642936094516568, 0.05829090300289896, 0.04521654369872699, 0.0317733240088673, 0.0443342149738846, 0.05589716914367934, 0.07754014361817828, 0.05714286124367954, 0.08033932227578777], "cost": 4.897005165610961, "fun": [0.7678553821897457, 0.8005634299086278, 0.5473969470447914, 0.6619578458206626, 0.7625644840058327, 0.8260421137588347, 0.6460320153362034, 0.8195365647577709, 0.5806394850265673, 0.8028803875235357, 0.47111675018572047, 0.6793649474022185, 0.46022786223704076, 0.7099135018622121, 0.49885646451865706, 0.8641227836645025, 0.6714097209193913, 0.6523029379782178, 0.7511123130367673, 0.8097949128066938, 0.0, 0.0, 0.0, 0.0, 0.0, 0.0, 0.0, 0.0, 0.0, 0.0, 0.0, 0.0, 0.0, 0.0, 0.0, 0.0, 0.0, 0.0, 0.0, 0.0, 0.0, 0.0, 0.0, 0.0, 0.0, 0.0, 0.0, 0.0, 0.0, 0.0, 4.2072645956380874e-22, 1.5136979309956828e-17, 1.2253432266750615e-18, 3.831488047206863e-18, 0.0, 1.2064808046763523e-17, 4.453097665315847e-19, 0.0, 1.317265449470751e-18, 2.375217149611412e-19, 0.0, 0.0, 0.0, 0.0, 0.0, 0.0, 0.0, 0.0, 0.0, 0.0], "grad": [1672.138263991425, 11640.245543000863, -72874.87509253864, -2386.4722004314494, -959.9306086146863, 75229.73944976222, -1998.24252148666, -11536.145722635818, -3098.4595187674727, -19419.304152839053, -20599.92297385538, -90994.93013520967, -1908.0966511717847, 12360.522459864324, -49057.587732597836, -473.72944118508633, -9370.167753374668, -7399.710496380069, -89234.63599048546, -4330.44475390172, 89171.17287813465, -89752.38579090801, -90858.37414501708, 23537.45849540342, 34969.272625100624, -2936.5210879602464, 20691.607101659218, -6092.376857477936, -16120.926711380082, -10895.561721244498], "optimality": 90994.93013520967, "nfev": 63, "njev": null, "status": 3, "message": "`xtol` termination condition is satisfied.", "success": true, "res_time": 718.500956999982, "tension_error": [0.16621304299189482, 1.2169773411461666, -0.28569691329678026, 1.7279458825993086, 1.0776053598932778, -0.0551253755393954, -0.3562556454094104, -1.9269103681187973, -1.5468335101277502, -0.2789065490182428, 1.1366900657526075e-07, 3.752510029121153e-06, 1.623284745044575e-06, 2.3737297939098974e-06, -9.739497563156463e-08, 3.4792229659414816e-06, 1.1584115061444177e-06, -1.204702935829075e-06, 1.662901619040403e-06, 9.394562556136576e-07, 0.3718928061844322, -0.3234850253864367, -0.0483310332804508, 0.1500023734634628, 0.3539312618064614, 0.16338698817342903, -0.012018937208118677, -0.34033520569472914, -0.030915645811513275, -0.3827977559683317], "git_revision": "018ef57f2e70e762a509d3bbb7a77c8182022b6e", "linregress": [6.940288295647481, -0.0969920949691247, 0.791201292866925, 1.94145303671141e-07, 1.0137890752400398]}