{"x": [0.12027948433646295, -0.0001076326933327336, 0.07376113149070394, 0.16062103470557018, 0.024352147773004342, 0.02235850557961194, 0.2805177576959002, 0.27188382846914033, 0.060127861193540036, 0.14502860852670665, -0.00011516422924546717, -8.851995187751561e-05, -0.00022207896978557765, -0.00018937795604380967, 6.32904182879005e-05, -0.00022953538967330776, -0.00022234503732230127, -0.0002320320142294539, -0.00038134600555605975, -8.775261674341866e-05, 0.03390778270309113, 0.027528166169316817, 0.06256118009620341, 0.04826560822072076, 0.02414691650027573, 0.0491696309359125, 0.03941257081183175, 0.0023341739005218595, 0.12443440366608534, -0.0028920164796214665], "cost": 8.351082404044282, "fun": [0.5478599839470059, 1.2923140380147664, 0.932648458445002, 0.7271118171032612, 0.8443270400392325, 0.8772745749294646, 1.141192161549924, 0.7475480848765503, 0.6523580430403215, 1.0888415514793148, 0.8276667125867239, 0.9080514139178151, 0.3385480151351035, 0.7818631140843815, 0.8019260163270462, 0.5198747092865396, 1.008911794556147, 1.6254341334300701, 1.2426688450176788, 0.1599568300216824, 0.0, 0.0, 0.0, 0.0, 0.0, 0.0, 0.0, 0.0, 0.0, 0.0, 0.0, 0.0, 0.0, 0.0, 0.0, 0.0, 0.0, 0.0, 0.0, 0.0, 0.0, 1.2469028677409864e-09, 0.0, 0.0, 0.0, 0.0, 0.0, 0.0, 0.0, 0.0, 1.5274001048229253e-09, 6.936230349755113e-10, 1.0952727994556903e-08, 6.791852953901275e-09, 0.0, 1.2093415186163288e-08, 1.0992141787055858e-08, 1.2492338115029168e-08, 5.545715741877593e-08, 6.757409334411922e-10, 0.0, 0.0, 0.0, 0.0, 0.0, 0.0, 0.0, 0.0, 0.0, 2.4188129780406595e-05], "grad": [36168.91926602484, -21925.350783888796, 5834.692030462064, -26097.42775694942, -40096.756244553064, -20999.27953464471, -34334.73288100869, -12680.800083553298, -31870.595491474385, 35101.32185757305, 17688.931685885265, 41524.824240535, 15094.421984855067, 20793.118279996004, 2278.673034965371, 17002.94055340356, 62271.04248814839, -27811.22072178337, 10363.57313917118, -23560.433630117797, -34990.383292426304, 26762.240844658467, 22204.023814361022, -8630.781084338725, 81363.05591898215, -35108.41375970865, 2832.710530631448, -23712.039373925487, -16997.996608770634, -2671.490960053452], "optimality": 81363.05591898215, "nfev": 107, "njev": null, "status": 3, "message": "`xtol` termination condition is satisfied.", "success": true, "res_time": 1571.4471769999946, "tension_error": [-0.3818781391434669, 1.9427990398763115, 1.6287405067631606, 0.31110649401624857, 1.5717528206899634, 1.1035484776963733, -2.314188885870632, -1.3767107379863028, 1.83555239560534, -0.25886641029925106, 0.0017470006284745535, 0.0013428163638636408, 0.003368859430817195, 0.0028727966174512797, -0.000960093262029377, 0.003481970683463792, 0.0033728955812513902, 0.003519843595019999, 0.0057848840368018946, 0.001331176161256452, 0.321552278291415, 0.4183288048826269, -0.11310962655234565, 0.10374914300221486, 0.46962116654341274, 0.09003543813098291, 0.2380465895146404, 0.8005127574496538, -1.0517045459168999, 0.8797922172129589], "git_revision": "018ef57f2e70e762a509d3bbb7a77c8182022b6e", "linregress": [8.398056261265799, 0.02103672824727676, 0.7539174613924331, 1.5066396184683853e-06, 1.3829960417581302]}