{"x": [0.13847360747341553, 0.12131099290195435, 0.11695084265957584, 0.04087528591906733, 0.1840190991845653, -0.023103801612369492, 0.1186492935977618, 0.28152734274608376, 0.10246097587519323, 0.08944361982009119, 0.01035122704928529, 0.020937759090751268, -0.0002765014378305753, 0.01393648493960893, -0.022261395532604554, -0.026636686668903273, -0.001479516948123995, 0.004847495534203642, -0.011961259319285978, 0.010816625798180293, 0.0646869557193783, 0.0819633324484649, 0.10154729939695963, 0.13445750058602735, 0.022346679688632427, 0.03853611013117434, 0.07906311559481441, 0.09341688872527006, 0.033817927094830974, 0.058483229731081755], "cost": 4.427519930891266, "fun": [0.7448645567021782, 0.4866646820617953, 0.7844452805288566, 0.8200682419336706, 0.8838586903068786, 0.7522270393477521, 0.5788291645326363, 0.5503497145733678, 0.6371727774334042, 0.27672795829252456, 0.5325965661212654, 0.5755100311999304, 0.7719349669661179, 0.7884255386812079, 0.9314915175078705, 0.22633938301895618, 0.5874493246113449, 0.5000463968048195, 0.6073730009970253, 0.7694194834383243, 0.0, 0.0, 0.0, 0.0, 0.0, 0.0, 0.0, 0.0, 0.0, 0.0, 0.0, 0.0, 0.0, 0.0, 0.0, 0.0, 0.0, 0.0, 0.0, 0.0, 0.0, 0.0, 0.0, 0.0, 0.0, 0.012332477736725779, 0.0, 0.0, 0.0, 0.0, 0.0, 0.0, 2.1139376902862678e-08, 0.0, 0.011032073797092331, 0.0188990775114763, 3.2386188054253517e-06, 0.0, 0.0017113179980402847, 0.0, 0.0, 0.0, 0.0, 0.0, 0.0, 0.0, 0.0, 0.0, 0.0, 0.0], "grad": [49482.00907058413, -75166.89848978407, -50483.77006549899, -24499.90974963807, -84620.96535225185, -65426.444776865224, -47331.66440658115, -51240.59412061382, 11454.95147518974, 55609.84445514369, 26000.727858443617, 4644.770313057744, -1826.922490149072, 56708.45545883617, 28088.352033481817, -86.85244233140202, -47874.61019190276, 54550.62383804709, 57199.966382127124, -76323.75961340222, 18197.758389223505, 3291.7248682482027, 58095.28426105081, -9402.98675297619, 11668.053445035686, 63026.35915315787, 8367.02241470696, 17960.917767381812, -1867.9562718933819, -27264.39636979651], "optimality": 84620.96535225185, "nfev": 108, "njev": null, "status": 3, "message": "`xtol` termination condition is satisfied.", "success": true, "res_time": 1148.310850000009, "tension_error": [-0.6578765525661888, 0.10092143071554928, 0.9735678628788321, 2.1276071536202408, -0.8503383641350494, 1.7931955995210596, 0.14129846781900116, -1.5229994390257064, 1.1933740174867336, 0.5843382100974965, -0.15702445350491473, -0.3176184005228426, 0.004194429023916255, -0.21141154773265886, 0.3376974972262188, 0.40406911639088966, 0.02244374885453511, -0.07353479288026993, 0.18144807363404628, -0.16408438793193075, -0.14535689095044935, -0.4074334159376159, -0.7045152684468817, -1.203751381406742, 0.49693012230119776, 0.25134218806962305, -0.36343815196341334, -0.5811798139723583, 0.3229153560902328, -0.05124856172838271], "git_revision": "018ef57f2e70e762a509d3bbb7a77c8182022b6e", "linregress": [5.864224127366727, 0.15832896376159245, 0.6781315420879174, 3.824337746739845e-05, 1.2010741205350868]}