{"x": [0.08478305936448126, 0.07553394737103507, 0.24011279154694334, 0.21135872027242072, 0.21556469814041582, 0.15814579550728364, 0.07739784925119478, 0.1835421485686892, 0.4048850590111931, 0.17326998631885468, 0.020564173551455088, 0.004939605343744312, -0.012218233661879253, 0.020072847911305924, -0.004498642577173433, 0.04488115136759313, 0.00036936856262953337, 0.003884217228974287, 0.03720875849823015, -0.011169686589188599, 0.06147190275265807, 0.03294327521253198, 0.052371254534244974, 0.05667952076095323, 0.04774623181204323, 0.031545641109743776, -0.02312201200547413, 0.03828113101109149, 0.028490260152180515, 0.06106312077385816], "cost": 5.398268028072514, "fun": [0.7030396530273723, 0.8579057888087732, 0.9387978082096152, 0.4935927516323867, 0.5867909511422507, 0.5732431322036048, 0.9145497064132814, 0.5422536111222932, 0.8036485145634711, 0.37677564922108475, 0.5601958718624572, 0.6625854634910161, 0.3963052369487103, 0.6967436795123143, 0.4957524952416128, 0.8118927623675501, 1.154086878116846, 1.0809355278117285, 0.7831626819303318, 0.6602898149445083, 0.0, 0.0, 0.0, 0.0, 0.0, 0.0, 0.0, 0.0, 0.0, 0.0, 0.0, 0.0, 0.0, 0.0, 0.0, 0.0, 0.0, 0.0, 0.0, 0.0, 0.0, 0.0, 0.0, 0.0, 0.0, 0.0, 0.0, 0.0, 0.0, 0.0, 0.0, 0.0, 0.0018240018690355787, 0.0, 9.104256143584072e-05, 0.0, 0.0, 0.0, 0.0, 0.0013935513045249738, 0.0, 0.0, 0.0, 0.0, 0.0, 0.0, 0.01236166206720567, 0.0, 0.0, 0.0], "grad": [-93570.21627794186, 6286.201558273446, -100313.40341409837, 7139.325449649155, -59482.65039925447, -9134.120221244693, 84806.02989548483, -15385.314298627089, 20793.147046952654, 2364.1784408557787, 80124.86003759387, -8522.659644108975, -98010.40727145199, 7437.195150028395, 54162.92320904034, -112315.00781477026, 9421.671440406963, 9082.353093993173, -124392.68958115202, -22055.583976261274, 18403.873363451952, -11887.68542597551, -8941.588522493099, 4606.363347090735, 20748.230240217723, 3194.652359094126, 26504.085877993428, -109063.69802366395, 85587.51191644015, -111780.04361639087], "optimality": 124392.68958115202, "nfev": 108, "njev": null, "status": 3, "message": "`xtol` termination condition is satisfied.", "success": true, "res_time": 1591.9252470000065, "tension_error": [0.15659007395485175, 0.7953430218310208, -0.8947553440760796, -0.458566252055822, -1.3288739438245751, -0.9562966877401484, 0.7670682894997394, -0.03659869696675629, -3.3942923678655346, -0.687278123511944, -0.31195124001462327, -0.0749320661152884, 0.18534628352919874, -0.30449800381663056, 0.06824281689805782, -0.6808311935012828, -0.0056031904635695335, -0.0589222016646011, -0.5644437071046909, 0.16944019526744078, -0.09658567448645962, 0.33618351581382105, 0.041467940435981905, -0.023886934554346363, 0.11162789943829995, 0.35738513086344, 1.186674094765168, 0.2552101311449262, 0.4037341794183956, -0.09038459643860192], "git_revision": "018ef57f2e70e762a509d3bbb7a77c8182022b6e", "linregress": [5.351725148726649, 0.14064210453126164, 0.511165003950492, 0.003891957094242212, 1.7005553073226913]}