{"x": [0.18116525372653383, 0.041847441605755424, 0.1423092957539015, 0.059172062344916856, 0.1314695920575893, 0.10070100174052812, 0.1304697668400958, 0.12032394945587517, 0.060453335110160836, 0.1187406628645966, -0.000496121162452717, -0.0027111400575928904, -0.0035172727709313245, -0.0019386405919369284, -0.0005622214518294524, -0.002645912574252155, 0.00024176747911456849, -0.003932545936106754, 0.00023264284542096032, -5.3850552015211415e-05, 0.035272112248556725, 0.15365429211854378, 0.060347905824292274, 0.11177229724289973, 0.05988120270046326, 0.02525332836456152, 0.07939400854090652, 0.07427275617867973, -0.0020728938538608337, -0.0031680838315406024], "cost": 6.324292794141141, "fun": [0.6780441976712462, 0.971894735973561, 0.7870943953566599, 0.8844147410117275, 1.0379148892220842, 0.4340368284249304, 0.721955827918957, 0.3471182421217563, 0.5165602183160322, 1.035457611016305, 0.936578479449413, 1.0439381385532351, 0.9131733755871767, 0.553845540948683, 0.8639659054703928, 0.8696192440600911, 0.7403351278774958, 0.44393503916750093, 0.6944704505012257, 0.8708770418909286, 0.0, 0.0, 0.0, 0.0, 0.0, 0.0, 0.0, 0.0, 0.0, 0.0, 0.0, 0.0, 0.0, 0.0, 0.0, 0.0, 0.0, 0.0, 0.0, 0.0, 0.0, 0.0, 0.0, 0.0, 0.0, 0.0, 0.0, 0.0, 0.0, 0.0, 1.2211338155202747e-07, 1.99276396592012e-05, 4.351291214549775e-05, 7.28604594823274e-06, 1.7771424338870385e-07, 1.8523645910809947e-05, 0.0, 6.08164986225397e-05, 0.0, 1.56160243912619e-10, 0.0, 0.0, 0.0, 0.0, 0.0, 0.0, 0.0, 0.0, 8.906994652422064e-06, 3.1797281755151356e-05], "grad": [-27335.954489345633, -2634.2820094618946, -7564.328093664186, -15255.95617825145, -25259.52224571545, 12021.86871370695, -12366.71138256683, -29405.14916389084, 619.2313186726782, 32581.471599445948, 16820.27458515299, -59360.0660365005, -29875.228415425885, -9743.035654966076, 30005.25409059201, -2579.558643821919, 29002.58203950952, -17098.682194974444, 641.5357065216667, -476.1152510240056, -18877.048244687965, -49688.38183641824, -16527.80848909579, -19779.285039857445, 18009.807610412965, -10114.37211807675, 21768.744520435903, 20310.261534049634, 59304.563669874835, 4330.536660849734], "optimality": 59360.0660365005, "nfev": 78, "njev": null, "status": 3, "message": "`xtol` termination condition is satisfied.", "success": true, "res_time": 872.2992540000123, "tension_error": [-1.3054937278250294, 1.3063554006628058, 0.5888890977520026, 1.8500515261094905, -0.053180925767801444, -0.08487948232292918, -0.038013930818329655, 0.9223990257177163, 1.830615071397867, 0.13991242835492917, 0.007525982575344998, 0.041127035847233255, 0.05335578401029685, 0.0294084921567206, 0.008528700588048162, 0.04013755799341813, -0.0036675271542659493, 0.059655331059787015, -0.003529109688167543, 0.0008168938291920085, 0.3008558815978331, -1.49495991978474, -0.07953503859783537, -0.859624869579487, -0.07245531726437784, 0.45283728985771826, -0.36845768093146275, -0.29077009378739194, 0.8673664166724853, 0.8839800613071181], "git_revision": "018ef57f2e70e762a509d3bbb7a77c8182022b6e", "linregress": [5.717316104570031, 0.09105433457185053, 0.6160281249547012, 0.00028982636547208757, 1.3816142794305613]}