{"x": [0.14497591375237295, 0.01384361897581298, 0.2714808798988694, 0.2993983721818619, 0.11980116195976852, 0.041356704941701426, 0.04137450717746932, 0.2211345654480369, 0.03709649742202381, 0.12583058479684062, 7.194791235590969e-07, -7.058903603259373e-07, -1.636091160656162e-05, 1.227486254631931e-06, 9.886130921688173e-07, -9.839614711740243e-07, 8.200556090065983e-07, 1.0443854272820534e-06, 1.0186263531722512e-06, 1.0528737709090043e-06, 0.04267201160914487, 0.10920431654505121, 0.08578237682201073, 0.06146533996466249, 0.04719697123685136, 0.05617391183422165, 0.030986397679410454, 0.07392105454684109, 0.08883024552986174, 0.07858966285106145], "cost": 4.274766392418716, "fun": [0.6301691221639399, 0.7835273998076304, 0.9705484911554446, 0.42907573285806305, 0.725969552253032, 0.5706514192958955, 0.4893116246797269, 0.36077334389206156, 0.6492401640678853, 0.8367882781405261, 0.9197212029244359, 0.7548416742010532, 0.7243805307412031, 0.7138076769235284, 0.17438614912282904, 0.6435534010072008, 0.3423440020028994, 0.5841204295373387, 0.35052295878163364, 0.7698656098658547, 0.0, 0.0, 0.0, 0.0, 0.0, 0.0, 0.0, 0.0, 0.0, 0.0, 0.0, 0.0, 0.0, 0.0, 0.0, 0.0, 0.0, 0.0, 0.0, 0.0, 0.0, 0.0, 0.0, 0.0, 0.0, 0.0, 0.0, 0.0, 0.0, 0.0, 0.0, 3.5173189637711616e-16, 4.379479470182264e-12, 0.0, 0.0, 9.526519910813278e-16, 0.0, 0.0, 0.0, 0.0, 0.0, 0.0, 0.0, 0.0, 0.0, 0.0, 0.0, 0.0, 0.0, 0.0], "grad": [-4783.354512942495, 79582.19405809211, -14504.89268280965, 13542.80599675639, 81852.49573241174, 6649.019077783321, -78354.15587834443, -11886.585080972443, -12818.470488290664, 2747.2332191566707, -83398.35787030589, -4535.067895472715, -36507.713095932835, 76100.7921989115, 16703.68391484557, 2591.262001172843, -87591.19554728424, -27589.53260879359, 27596.225201238532, 87871.26948224497, -79650.84619049198, 76356.97970909002, 24782.04197436005, -78988.11818448448, -97136.72668972187, -1226.8879891402948, -111136.1741958725, -104578.29177203472, -95629.79591036431, -4420.2076082338335], "optimality": 111136.1741958725, "nfev": 96, "njev": null, "status": 3, "message": "`xtol` termination condition is satisfied.", "success": true, "res_time": 949.2587270000076, "tension_error": [-0.7565142392011626, 1.7311634860790068, -1.370598150682776, -1.7940966352674854, 0.12382503213910326, 0.815352512309304, 1.3135296486811034, -0.6068623660277181, 2.1849300387075585, 0.032360820076759486, -1.0914243852168495e-05, 1.0708107119746816e-05, 0.0002481892428434306, -1.8620532367868584e-05, -1.4996910973596203e-05, 1.4926347528205467e-05, -1.2439953566354442e-05, -1.5842957572724132e-05, -1.5452201528476843e-05, -1.597172274354279e-05, 0.18860202535883291, -0.8206695105895906, -0.46536696843451125, -0.09648611931357355, 0.11995998811152188, -0.01621702595035006, 0.36586865591860407, -0.28543490441580305, -0.5116020588181271, -0.3562560412827917], "git_revision": "018ef57f2e70e762a509d3bbb7a77c8182022b6e", "linregress": [7.801706797323821, -0.04909473426445249, 0.7872423642538352, 2.459468461570732e-07, 1.1548789220350257]}