{"x": [0.006979880494070973, 0.02404224398282317, 0.15284375328274755, 0.32854769853911236, 0.0918285154180104, 0.17998710415657582, 0.11146242420255045, 0.14797632379777872, 0.05635244684266004, 0.14181600094710958, 0.0, 0.0, 0.0, 0.0, 0.0, 1.1941950368402117e-06, 1.6779904191157976e-06, 0.0, 0.0, 0.0, 0.062138192352011304, 0.08038354918336865, 0.033639176227462785, 0.027278729560675147, 0.00032839489733808516, 0.05985512076814378, 0.09281695449294039, 0.05453735518827248, 0.05649906347144522, 0.07796474810056056], "cost": 3.163281144944624, "fun": [0.47246399297542185, 0.7432835720722819, 0.8780353816138344, 0.49820612817738186, 0.7293930473958824, 0.5056425548223128, 0.5336484167697754, 0.5580772969071182, 0.4642960632106431, 0.5932471780479415, 0.5943347327361743, 0.24770020364112394, 0.5221700734080607, 0.44817824122361255, 0.8120222408432117, 0.5674585960856987, 0.4757402931106975, 0.48621501677909373, 0.39207606514435406, 0.307115911454934, 0.0, 0.0, 0.0, 0.0, 0.0, 0.0, 0.0, 0.0, 0.0, 0.0, 0.0, 0.0, 0.0, 0.0, 0.0, 0.0, 0.0, 0.0, 0.0, 0.0, 0.0, 0.0, 0.0, 0.0, 0.0, 0.0, 0.0, 0.0, 0.0, 0.0, 0.0, 0.0, 0.0, 0.0, 0.0, 0.0, 0.0, 0.0, 0.0, 0.0, 0.0, 0.0, 0.0, 0.0, 0.0, 0.0, 0.0, 0.0, 0.0, 0.0], "grad": [29212.143142938578, -6545.112366441392, -71715.34223792909, 46024.68528356801, 7640.3924019151, 1781.8120060384917, 78339.90619372026, 700.8190758966193, 5048.778156522336, -58715.2793961494, -519.9020844696759, 67270.7278961066, -74126.44384194369, 3787.09789442654, -56733.01138203029, 4339.233944369342, -21304.822780385817, 22943.553456740992, 7020.960423939991, -2063.1475414261686, -122893.39354023305, 83166.44073676024, -165621.53658649823, 2790.528035035203, 70656.40338294211, 98923.77137389836, 949.1874607481684, -11063.664451271638, 3626.8414592705717, 2289.278849815326], "optimality": 165621.53658649823, "nfev": 65, "njev": null, "status": 3, "message": "`xtol` termination condition is satisfied.", "success": true, "res_time": 736.3644360000035, "tension_error": [1.3368367814130595, 1.5764539515859048, 0.42908510267375743, -2.236281607106133, 0.5481601873233369, -1.2876216155151674, 0.2503207348237789, 0.5029222865372599, 1.8928240960886635, -0.2101322894930798, 0.0, 0.0, 0.0, 0.0, 0.0, -1.8115516367797484e-05, -2.5454521217012e-05, 0.0, 0.0, 0.0, -0.1066930520675237, -0.3834686625149696, 0.32562694353086935, 0.4221126700195415, 0.8309397155607031, -0.0720596635752724, -0.5720790238416886, 0.008608959581263658, -0.021149461293344912, -0.3467763055261176], "git_revision": "018ef57f2e70e762a509d3bbb7a77c8182022b6e", "linregress": [6.851175177331882, -0.006297217062960714, 0.7001242337634267, 1.6566001058929105e-05, 1.3204499983011306]}