{"x": [0.10704611123569718, 0.06402442795719587, 0.1022733305441226, 0.3895730384262392, 0.1252345934762668, 0.19286567069421962, 0.08910445932035053, 0.0600955113253175, 0.08015401225737243, 0.07534567227022335, -1.5923836077582773e-07, 3.131108536088451e-07, -1.4795952668033124e-07, -1.8019779259090874e-07, -9.885009546994473e-08, 2.624190923345407e-07, 1.6747771711463384e-08, -2.6699028376106355e-07, -1.7403341986862442e-07, 1.1635012675700012e-07, 0.010571076507497541, 0.04226514930674403, 0.057578699625174534, 0.029600388803202232, 0.06820350992483573, 0.043339619561165915, 0.04229059102694065, 0.0667520999845394, 0.06347614981904476, 0.06212965117181056], "cost": 7.810836127242403, "fun": [0.8734161769674501, 0.9749560130702385, 0.6425357598706088, 1.0441377243411665, 0.7610305673620091, 0.6860177648642213, 1.1556393775808664, 1.1057104270819345, 0.6261160011733489, 1.1146493934621005, 1.049411038850149, 0.7315345817892999, 1.1384195056417203, 0.3649629121925829, 0.7819683649211969, 0.5113282054646724, 0.9330105879107359, 1.0486156835316174, 0.6035267489225987, 0.9433814763036983, 0.0, 0.0, 0.0, 0.0, 0.0, 0.0, 0.0, 0.0, 0.0, 0.0, 0.0, 0.0, 0.0, 0.0, 0.0, 0.0, 0.0, 0.0, 0.0, 0.0, 0.0, 0.0, 0.0, 0.0, 0.0, 0.0, 0.0, 0.0, 0.0, 0.0, 4.037784111028734e-18, 0.0, 3.239133144463412e-18, 5.8512465734052226e-18, 9.6589802773056e-19, 0.0, 0.0, 1.9032085092745106e-17, 5.271060042880082e-18, 0.0, 0.0, 0.0, 0.0, 0.0, 0.0, 0.0, 0.0, 0.0, 0.0, 0.0], "grad": [-2165.260528593863, 172963.60414098072, 36425.65329333367, -71388.8678402118, 23950.44425273447, 25682.907489885874, -20473.20656346152, -6941.400713079065, -193800.41547180625, 9735.962907084591, 176883.03500021435, -54705.521744072896, 4566.716980892395, 46663.19735370262, -15895.191498419488, -7719.053598763889, -19792.681631184725, 29430.72546080149, 219064.21217936734, 16149.969644018609, 33561.68146803091, -12554.317313166317, -175586.33189192, 165104.68383461685, -10302.093941241274, 33600.7106565115, -28742.859918740625, 7505.318034236014, 12901.896992150794, -37670.04157284891], "optimality": 219064.21217936734, "nfev": 33, "njev": null, "status": 3, "message": "`xtol` termination condition is satisfied.", "success": true, "res_time": 721.5791750000208, "tension_error": [-0.18113254934231796, 0.9699383608625505, 1.196220530796105, -3.162014430867292, 0.041401797630549714, -1.4829849152352548, 0.5894831549304773, 1.8360431316653658, 1.5317627664499955, 0.798199088524639, 2.41558961645704e-06, -4.749780913923724e-06, 2.2444936921202036e-06, 2.7335367845431525e-06, 1.4995209887844591e-06, -3.980804823127914e-06, -2.5405777381718097e-07, 4.050148180412852e-06, 2.6400254304487473e-06, -1.7649902743179568e-06, 0.6755618579789608, 0.19477398259463277, -0.037527159919441534, 0.3868939203924022, -0.19870177457663638, 0.178474648834049, 0.19438804069701254, -0.1766843990904743, -0.12698939365808462, -0.10656348538456688], "git_revision": "018ef57f2e70e762a509d3bbb7a77c8182022b6e", "linregress": [9.257117485098794, -0.14138064841800346, 0.7961179108754493, 1.4370846084747407e-07, 1.3297693680788898]}