{"x": [0.08885173687854267, 0.15444929174961844, 0.17963446175774556, 0.1582170903321967, -0.0018463190402157588, 0.11169538528138327, 0.112284797317849, 0.18451862116167275, 0.1262436917858062, 0.1820765742285792, 1.1533954178546255e-05, -3.1888719675557196e-05, 4.260383431876135e-05, 8.78854943874353e-06, -2.0486802070400697e-05, 1.0791761706053028e-05, -0.00014101005498803383, -0.0011751084637077374, 0.00174185361075881, -0.004556584630786879, -0.006154868228802318, 0.10175205331113615, 0.0791079856739278, 0.08349725968625323, 0.07966459879205498, 0.030738013837395675, 0.07486191112301072, 0.09682380752041836, 0.09697761337880606, 0.006870612952309566], "cost": 4.568471334477376, "fun": [0.9136699676254649, 0.6589562938139507, 0.38475075871864245, 0.7138474623191114, 0.6333101273617592, 0.8675894281828398, 0.4846595940304561, 0.5826493495347866, 0.5240710653435942, 0.7846196349671024, 0.6700112755003316, 0.8441610143635668, 0.6427843199121519, 0.6165740195033912, 0.6792482640445431, 0.7984608095956109, 0.5033316273350602, 0.31595643728497874, 0.901489044140155, 0.6101135847176945, 0.0, 0.0, 0.0, 0.0, 0.0, 0.0, 0.0, 0.0, 0.0, 0.0, 0.0, 0.0, 0.0, 0.0, 0.0, 0.0, 0.0, 0.0, 0.0, 0.0, 0.0, 0.0, 0.0, 0.0, 6.293905895070647e-06, 0.0, 0.0, 0.0, 0.0, 0.0, 0.0, 3.242733426311126e-11, 0.0, 0.0, 8.598496420357552e-12, 0.0, 2.803820752418796e-09, 1.6226836595901857e-06, 0.0, 9.460592207008781e-05, 0.00023316119812557572, 0.0, 0.0, 0.0, 0.0, 0.0, 0.0, 0.0, 0.0, 0.0], "grad": [144845.18126521597, 15025.090051227635, -106652.78906461189, -140534.52977523577, -101351.7061552079, -164301.05869775912, 157191.54315389058, 7523.34421595673, -6878.1460023177715, 172901.71438729714, 2838.088444601894, 154885.44940820016, 66464.77209154674, 12341.038535383173, -21993.236031702596, 140074.4509356355, -11928.799157323236, -142124.4347901217, 38957.61273113151, 170909.0639068018, -14568.878409349552, -30100.50284402952, 8013.250298028625, 188786.89593832503, 4363.283621095834, 91890.44226895458, 173528.0962662391, 151649.7455582061, -143487.24020796866, 25796.775073671073], "optimality": 188786.89593832503, "nfev": 169, "njev": null, "status": 3, "message": "`xtol` termination condition is satisfied.", "success": true, "res_time": 1685.6588320000155, "tension_error": [0.09486967500202033, -0.40177484305580813, 0.02267952995602719, 0.347573479977227, 1.9691742968517265, -0.2516603923451288, 0.23784562550658886, -0.0514114408613419, 0.8325986281589062, -0.8208709475494538, -0.00017496600577049493, 0.0004837405996588128, -0.000646285099270365, -0.00013331918681224486, 0.0003107775420103591, -0.00016370720844783768, 0.002139072664310151, 0.017825979803568096, -0.026423303248270413, 0.06912177735948757, 0.9292885243022767, -0.7076213129113186, -0.3641188151947341, -0.4307025496435223, -0.3725624393439718, 0.36963655095811193, -0.29970736593134306, -0.6328615671980035, -0.6351947476745007, 0.7316965813988635], "git_revision": "018ef57f2e70e762a509d3bbb7a77c8182022b6e", "linregress": [2.6168150966784802, 0.18153903929646364, 0.38547176212794837, 0.03540679284159919, 1.183780585242594]}