{"x": [0.1971578754887857, 0.20235119117374267, 0.32360033246330316, 0.2650649971879252, 0.03273497701327093, 0.05338599153495371, 0.2501677313865319, 0.1523426256927723, 0.39815079349866667, 0.2075320917355444, 0.003655650050366119, 0.0024192570145995305, -0.007014646133054543, -0.02288417163379291, 0.0034212693752366827, -0.022243715858669317, -0.01688002914621441, 0.00539599989155382, -0.024663365744466762, 0.009888558721547888, 0.0628627952136073, 0.04478964121304052, 0.06977112754809396, 0.024369153901473203, -0.0005040059534710626, 0.03866318140252938, 0.008283910437293264, 0.09619138163001675, 0.06090271157644122, 0.030370662247748908], "cost": 6.559110440590411, "fun": [0.7699224211628535, 0.7025775740277047, 0.4509625422507502, 0.9186797603724446, 1.2327747184029185, 1.3965887339272838, 1.1452136114794031, 0.38211978934885416, 0.7998766797069495, 0.6090932582479429, 0.9675687036086996, 0.4526353689306741, 0.649119492982112, 0.36959338125322905, 0.40656651270986616, 0.4103019858580161, 1.0869688417382477, 0.521152565449237, 0.7592057592589364, 0.9916096094547165, 0.0, 0.0, 0.0, 0.0, 0.0, 0.0, 0.0, 0.0, 0.0, 0.0, 0.0, 0.0, 0.0, 0.0, 0.0, 0.0, 0.0, 0.0, 0.0, 0.0, 0.0, 0.0, 0.0, 0.0, 0.0, 0.0, 0.0, 0.0, 0.0, 0.0, 0.0, 0.0, 0.00034515748939423083, 0.011984104547370469, 0.0, 0.011005810132585626, 0.004809717586320364, 0.0, 0.015002271819248568, 0.0, 0.0, 0.0, 0.0, 0.0, 1.2802860088430758e-07, 0.0, 0.0, 0.0, 0.0, 0.0], "grad": [-13319.449485012454, 60241.482407165866, 86222.00462785311, -92048.38413341684, 25310.694340307553, 20276.62927378618, 64355.86951315717, -31719.256675322526, 3222.2417383989805, -96229.85267153851, 54920.28778279918, 133071.11405402783, -13752.850227522236, 1291.9836111795582, -21909.807684758136, 56133.959680959466, 20777.97775305313, 43634.382881872196, -2890.311565341423, -4399.63559591319, 184920.57397248648, -53177.39659588656, -172244.58398834654, -92284.97795257246, -13100.434062693776, 63328.056712281745, -75874.62379391624, 45145.437092087435, -8346.034208417399, 147533.89880172885], "optimality": 184920.57397248648, "nfev": 168, "njev": null, "status": 3, "message": "`xtol` termination condition is satisfied.", "success": true, "res_time": 2225.4013080000295, "tension_error": [-1.5480961439802998, -1.12842971625172, -2.161231813430094, -1.2732714790098558, 1.4445882658009113, 0.6328724889878314, -1.8537897203999658, 0.43668703098403755, -3.29213594169242, -1.207022145488058, -0.055454918400576286, -0.03669927331288247, 0.10640970102663384, 0.3471447904291801, -0.051899446450335, 0.3374293028252451, 0.25606407232796247, -0.0818554099962787, 0.3741345358552564, -0.15000593860121403, -0.11768502121364192, 0.15647833319225998, -0.2224819795151217, 0.46624990376410824, 0.8435669420791628, 0.24941456182341123, 0.7102573583808777, -0.623267890105438, -0.08795124564437934, 0.375209144654859], "git_revision": "018ef57f2e70e762a509d3bbb7a77c8182022b6e", "linregress": [9.391586531238929, 0.06848896190914855, 0.7764943467000357, 4.5623537457999746e-07, 1.4402829568756765]}