{"x": [0.20670224050432967, -0.03350745896576016, 0.10167421978749276, 0.1955105748533487, 0.021350251209492202, 0.09974156022154587, 0.2258625052779396, -0.024484804412864023, 0.2578263983345987, 0.17817258381145215, -0.0004851430403554847, -0.0005804035394146236, 0.0009171293720784264, 0.000655573402672893, 0.0006752189976628123, -0.0006053955695936129, -0.00011383991020680915, -0.0006133268430206482, 0.000414207633500861, -0.0005767525589414258, 0.09554352447852668, 0.062272517540275456, 0.04922167644170096, 0.0501610470540184, 0.07510983939328078, 0.06779635815429559, 0.050917528046355374, -0.017017625318765068, 0.10195608161108541, 0.06629080093707802], "cost": 10.43690778816637, "fun": [0.8935982872872503, 1.6378626788286443, 0.9190999643759465, 0.6534774002861574, 0.7074068909061189, 0.9390971028945507, 0.8547229268910476, 1.4616528905300687, 1.252607047069818, 0.905979879210729, 0.8188387185090669, 1.1408327323736605, 0.7142778835932488, 1.0211139709091883, 0.43051229872166463, 0.8187427811648285, 0.9969736273234597, 1.3669380631842176, 1.092069488067702, 1.02200953247652, 0.0, 0.0, 0.0, 0.0, 0.0, 0.0, 0.0, 0.0, 0.0, 0.0, 0.0, 0.0, 0.0, 0.0, 0.0, 0.0, 0.0, 0.0, 0.0, 0.0, 0.0, 0.037620493064823124, 0.0, 0.0, 0.0, 0.0, 0.0, 0.014678778514537468, 0.0, 0.0, 1.1418509477587384e-07, 1.9551953539161504e-07, 0.0, 0.0, 0.0, 2.2187977414607906e-07, 1.4753111800698997e-09, 2.307150459136696e-07, 0.0, 1.9185299805635092e-07, 0.0, 0.0, 0.0, 0.0, 0.0, 0.0, 0.0, 0.004928297000089592, 0.0, 0.0], "grad": [-10669.654240384705, 10338.99448214229, 13307.71123013825, -12868.840260023602, 1412.490195901597, -3680.0782548908646, -18215.04714711048, -15028.827754722506, 12166.28883199185, 2212.6046198519452, -43310.736013539616, 18951.895587741143, -2778.468843656102, 17387.758397198882, -4027.5698473232337, -6550.818988885716, 14890.66712370584, 23995.86091670241, 6144.754710132661, -242.8694020635803, -2889.498175959741, -2325.183810900238, 19577.98005163692, -3168.3687530137913, 2050.1190606172822, 21407.48534111368, -13446.227245380158, -3401.74316398754, -16586.364993721014, 4951.413087446652], "optimality": 43310.736013539616, "nfev": 80, "njev": null, "status": 3, "message": "`xtol` termination condition is satisfied.", "success": true, "res_time": 1190.0766839999997, "tension_error": [-1.6928807857895722, 2.4494625921890907, 1.20530882909164, -0.21815549093083753, 1.6172905299025462, -0.07032509379770449, -1.4850880361606458, 3.1190966085937943, -1.1634644944202002, -0.7616487936135949, 0.0073594483456715055, 0.008804516426406873, -0.01391252822088024, -0.009944816667331829, -0.010242833395434026, 0.00918363668549781, 0.0017269111770190579, 0.009303951298398146, -0.00628338331082473, 0.00874913234384049, -0.613440126239607, -0.10873071766781402, 0.08924592621467496, 0.07499600624524409, -0.3034683501086019, -0.19252542621153718, 0.06352045712985971, 1.0940727076156755, -0.7107163500645497, -0.16968665568429886], "git_revision": "018ef57f2e70e762a509d3bbb7a77c8182022b6e", "linregress": [9.213796843673133, -0.031095922996138836, 0.7132940522550326, 9.680960743477814e-06, 1.7109027276767832]}