{"x": [0.03091691488039417, 0.1926752458640961, 0.2470532687932304, 0.18935325329009778, 0.13594118585536652, 0.047810170465224816, 0.07168647485004331, 0.17036690337356675, 0.06747573729861873, 0.051876761572022145, 1.238689914543083e-06, -2.8539044342897493e-06, 5.958902074530145e-07, 8.128380896325049e-07, 1.0406609678112916e-06, -2.8112397098584833e-07, 1.857131961167535e-06, -8.522395048567807e-09, 2.4447578877842624e-06, -5.365164358471487e-08, 0.08393474064170478, 0.024397811164461703, 0.08012869572327404, 0.09542036261784169, 0.03868545629198461, 0.006064687718190266, 0.02137818618878514, 0.0451089251896131, 0.046475361483159, 0.05169717218603566], "cost": 4.277428374702783, "fun": [0.9098931134423812, 1.1479720560364766, 0.47494234018038006, 0.4999153148680778, 0.5365379158813665, 0.9571712503484588, 0.6291846251305415, 0.4773654086776356, 0.6794245471501397, 0.6239639608217008, 0.744059673676707, 0.4265072053701667, 0.542795455644886, 0.7703686189620266, 0.4520545336726858, 0.3948010361285393, 0.6260927882715523, 0.6350725519698293, 0.3658774688014347, 0.5846808195979593, 0.0, 0.0, 0.0, 0.0, 0.0, 0.0, 0.0, 0.0, 0.0, 0.0, 0.0, 0.0, 0.0, 0.0, 0.0, 0.0, 0.0, 0.0, 0.0, 0.0, 0.0, 0.0, 0.0, 0.0, 0.0, 0.0, 0.0, 0.0, 0.0, 0.0, 0.0, 2.3244396703467935e-14, 0.0, 0.0, 0.0, 2.221742057684889e-17, 0.0, 6.189919272331537e-22, 0.0, 1.5443619486038644e-19, 0.0, 0.0, 0.0, 0.0, 0.0, 0.0, 0.0, 0.0, 0.0, 0.0], "grad": [34202.94280256983, -58915.76255466457, -17374.227632771734, 63269.01883663742, -15436.822186069498, -7917.623906084163, -7528.1860681136895, -95156.35962053773, 12922.274230580551, -2368.5781210374403, 42875.94847291351, -25460.87974575891, 67100.02468767311, 9098.222172886988, 17002.384066767187, 9468.196259350501, 55601.400094976154, -8171.986863005567, 24350.795699933966, 55942.50579786273, -1235.165164541941, -75229.44632558391, 25191.72159158105, -47212.72399179797, -20633.502429505053, 2402.059133446609, -22992.011418063048, 39998.410823599566, 25321.925605640165, 65.78414338167454], "optimality": 95156.35962053773, "nfev": 96, "njev": null, "status": 3, "message": "`xtol` termination condition is satisfied.", "success": true, "res_time": 1131.5229730000137, "tension_error": [0.973720435385245, -0.9816490479158244, -1.0000399293211464, -0.12475110042524441, -0.12101342224853665, 0.7174557226611592, 0.8537078192707235, 0.16326511306339858, 1.7240877137537842, 1.1542141637610708, -1.8790487926415144e-05, 4.329272095142985e-05, -9.039443703507639e-06, -1.2330466350009747e-05, -1.5786458839751412e-05, 4.264551217068729e-06, -2.8172035054431303e-05, 1.2928171884189806e-07, -3.708611254041222e-05, 8.138764586476732e-07, -0.437338981017456, 0.46581518321954957, -0.37960262565724684, -0.611571804370651, 0.2490766596281511, 0.7439221821755504, 0.511621826174806, 0.15163490818617373, 0.1309065528692897, 0.051693531261195774], "git_revision": "018ef57f2e70e762a509d3bbb7a77c8182022b6e", "linregress": [4.78128300899466, 0.06972110742088472, 0.6659428424500394, 5.9035747983957155e-05, 1.0122060267781092]}