{"x": [0.07898755376399781, -0.007560189257077592, 0.048039876786715875, 0.07577168318714811, 0.08300245218138827, -0.020565152773369275, 0.09114827784555488, 0.220381487592744, -0.024227649940114053, 0.13036608767150612, -0.0052493319372967214, -0.0058880179461413724, -0.0031988756391357364, 0.010703218816521561, -0.012342929257829713, 0.0015795526336093017, 0.001504684358882133, -0.011836248059386312, -0.016191581653166188, 0.01519389960022316, 0.06929024738555628, 0.05821427505149004, 0.06185004450974777, 0.0010408407177518353, 0.08267914281972238, 0.025764559293722938, 0.07912922174361717, 0.021881109429727805, 0.05867767952772674, 0.021684344931270392], "cost": 6.815070692285935, "fun": [0.32620391248106206, 1.1164439139818538, 0.8060567580440618, 0.5582140897435977, 0.6269193361484042, 0.37571515745609013, 0.6618468668052817, 0.5454234812094106, 0.9103668751352755, 0.9142524570194368, 0.86014693909442, 0.9977955387114618, 0.7890205255246833, 1.033081782106288, 0.5151496561807473, 0.7283307839851356, 0.9627780395569473, 1.3178822834615505, 1.1172623426463646, 0.4981705773111932, 0.0, 0.0, 0.0, 0.0, 0.0, 0.0, 0.0, 0.0, 0.0, 0.0, 0.0, 0.0, 0.0, 0.0, 0.0, 0.0, 0.0, 0.0, 0.0, 0.0, 0.0, 0.0004321136669822941, 0.0, 0.0, 0.0, 0.00869752769594975, 0.0, 0.0, 0.014221122258017162, 0.0, 0.00014464789159427196, 0.00020413025357746435, 3.273347176902701e-05, 0.0, 0.0018804193851578715, 0.0, 0.0, 0.0016582200998260144, 0.004244903510786388, 0.0, 0.0, 0.0, 0.0, 0.0, 0.0, 0.0, 0.0, 0.0, 0.0, 0.0], "grad": [-56472.21602031432, 3857.5363916902825, 5353.8338402339405, -172219.9112450993, 42007.29346987112, -64181.1399312523, -65387.2129082419, -61075.76195080194, 36267.24260288724, 60802.59569327781, -8651.479474063066, 23547.30308415908, -17114.262837256043, 41551.06843262202, -174660.1427202623, -10007.675221826948, -16364.12643735973, 8825.21903195474, 67097.17122001373, -123236.73608617937, -33719.29413088744, -37563.990540027895, -24606.499422091598, 131807.88300343885, 32415.193974983566, 2942.256750482915, 2599.831078380763, -11466.392378762814, 170630.11003911233, -168960.26709177656], "optimality": 174660.1427202623, "nfev": 260, "njev": null, "status": 3, "message": "`xtol` termination condition is satisfied.", "success": true, "res_time": 2499.2916960000002, "tension_error": [0.24450584426571748, 2.0558516872643624, 2.0189228439995284, 1.5982411485832702, 0.682048445182206, 1.7546851944563364, 0.5584791507234986, -0.5954384412977333, 3.11519566618787, -0.036441154498176906, 0.07963050900103921, 0.08931914987642132, 0.048525812125834455, -0.16236404412787578, 0.1872378716197085, -0.023961254824554808, -0.022825529574986334, 0.1795516970330653, 0.24562056733594415, -0.2304860834347474, -0.21518719751832957, -0.04716861435795044, -0.1023219512072469, 0.8201321644298394, -0.4182920061148661, 0.4450820974651483, -0.364440958861537, 0.5039926584744032, -0.05419829637403797, 0.5069775063279316], "git_revision": "018ef57f2e70e762a509d3bbb7a77c8182022b6e", "linregress": [8.605253294569529, 0.012969626622442276, 0.7133329873328053, 9.665178960709224e-06, 1.5977251931004637]}