{"x": [0.1569992820939599, 0.19452411810138542, 0.20292966310222096, 0.23773363354380436, 0.1302298859765747, 0.07451840560170629, 0.13974223959642412, 0.16342944724721717, 0.09072270623855046, 0.05005419989739814, 0.0, 0.0, 0.0, 0.0, 0.0, 0.0, 0.0, 0.0, 0.0, 0.0, 0.06419044405439236, 0.038561416960555386, 0.05877177640457476, 0.04671352935954413, 0.0625820236293496, 0.03430133584766364, 0.11663562208077928, 0.028517149654580146, 0.03395855862843594, 0.019853117507766162], "cost": 4.633029389779898, "fun": [1.0103502792667385, 0.6163756734579502, 0.547849293519737, 0.5511378617375129, 0.5969504685232816, 0.5908248625734567, 0.5145459434573871, 0.5337313806625019, 0.8756587995632849, 0.6547337973377831, 1.0250088492529015, 0.8909604693622227, 0.709054870962571, 0.5422605026090075, 0.5729556032724434, 0.5148831212549325, 0.6297093804773074, 0.9680102898205275, 0.3843418085973455, 0.30821565987019306, 0.0, 0.0, 0.0, 0.0, 0.0, 0.0, 0.0, 0.0, 0.0, 0.0, 0.0, 0.0, 0.0, 0.0, 0.0, 0.0, 0.0, 0.0, 0.0, 0.0, 0.0, 0.0, 0.0, 0.0, 0.0, 0.0, 0.0, 0.0, 0.0, 0.0, 0.0, 0.0, 0.0, 0.0, 0.0, 0.0, 0.0, 0.0, 0.0, 0.0, 0.0, 0.0, 0.0, 0.0, 0.0, 0.0, 0.0, 0.0, 0.0, 0.0], "grad": [-59590.81590494106, -9770.635896259506, 35244.36481306189, 24642.041937061298, -31462.756461398378, -6951.936280979133, 815.8755553649589, 10273.130368436316, -23873.178877137187, 18273.699860670597, 7676.543423522275, -2959.574325658139, 62312.286851651064, -59723.76000815467, 725.8677900924883, -6400.324512382232, -55089.530737574605, -1823.9999007944875, -24424.474674995778, -33139.93038530764, -19344.961512507758, -65240.13166903395, -28810.249532351718, -3790.9553697360247, -4494.417620960312, -14635.944472985568, -42351.263270248, -1525.85573214621, 53457.538080002785, 16799.403234603193], "optimality": 65240.13166903395, "nfev": 64, "njev": null, "status": 3, "message": "`xtol` termination condition is satisfied.", "success": true, "res_time": 750.83452699997, "tension_error": [-0.9389044847379311, -1.0096957858801714, -0.33070043581873276, -0.8586643585855683, -0.0343750229553927, 0.31230124132106213, -0.17867406321318366, 0.2685038689874685, 1.3714394164979968, 1.1818617797948234, 0.0, 0.0, 0.0, 0.0, 0.0, 0.0, 0.0, 0.0, 0.0, 0.0, -0.13782498458978126, 0.25095829241796935, -0.05562571271735929, 0.1272936304153877, -0.11342581557861356, 0.3155822162729313, -0.9333997873983017, 0.4033262751767808, 0.3207820254614352, 0.534756578707454], "git_revision": "018ef57f2e70e762a509d3bbb7a77c8182022b6e", "linregress": [4.155502620421254, 0.04866782663971059, 0.6465926100591963, 0.00011313301810609411, 0.9264984612867128]}