{"x": [0.1430352918431458, 0.16666783540310226, 0.3258329661250984, 0.25547195710608456, 0.10164688868560337, 0.0312400719374047, 0.20758299463512395, 0.17610158375025226, 0.023255520008825067, 0.07980768166552951, 0.0, 0.0, 0.0, 0.0, 2.811852556439693e-06, 0.0, 0.0, -4.376729896405729e-07, 0.0, 4.984079423505774e-06, 0.027765844107289293, 0.04555745323855342, 0.028564449937964007, 0.07710047581122997, 0.10626630561743425, 0.00987773609279286, 0.031946088576418265, 0.12408843952884181, 0.12317489267257775, 0.019136883496919083], "cost": 6.161101858472122, "fun": [0.8872098345538812, 0.7734377073318568, 0.6350442703073123, 0.7287712302010487, 0.5758533874381937, 0.7316113518802754, 0.9123792686958744, 0.8782001010862159, 0.8504844519020163, 1.120122385037491, 0.8065681140004614, 0.7674094128492157, 0.6936983107144769, 0.6133182756562929, 0.868693602495998, 0.3826510599526441, 0.7827988038291055, 0.9510981662307509, 0.7040324219055865, 0.7368965153221871, 0.0, 0.0, 0.0, 0.0, 0.0, 0.0, 0.0, 0.0, 0.0, 0.0, 0.0, 0.0, 0.0, 0.0, 0.0, 0.0, 0.0, 0.0, 0.0, 0.0, 0.0, 0.0, 0.0, 0.0, 0.0, 0.0, 0.0, 0.0, 0.0, 0.0, 0.0, 0.0, 0.0, 0.0, 0.0, 0.0, 0.0, 8.383960755245768e-17, 0.0, 0.0, 0.0, 0.0, 0.0, 0.0, 0.0, 0.0, 0.0, 0.0, 0.0, 0.0], "grad": [-93422.121181804, 29483.838980673216, -5836.670095196793, -98073.55507751023, -21729.43500920728, 69256.67332186573, 75373.98754391962, 120.52432106110473, 12953.181800193519, 5091.443731076631, 91022.47852391642, -103998.79501757832, 13035.628711004836, 597.2719614656935, 115491.7465298426, -25762.804295648893, -111962.7757195738, -115539.64820005617, -110815.6940720471, 65300.44340088046, -12239.081728294064, 84470.62393178538, 19337.159172349136, 4817.259590391875, -17912.25413470575, 86140.08049693078, 78724.50114090895, 97464.244950913, 6371.848577021504, 31379.226904704396], "optimality": 115539.64820005617, "nfev": 95, "njev": null, "status": 3, "message": "`xtol` termination condition is satisfied.", "success": true, "res_time": 1258.524792000011, "tension_error": [-0.7270756911618654, -0.587125829048016, -2.1951000764824706, -1.127748453659371, 0.39921893723671076, 0.9688182571186751, -1.2077943244722729, 0.07627203988599444, 2.3948927710419303, 0.7305119840397536, 0.0, 0.0, 0.0, 0.0, -4.2654808836583866e-05, 0.0, 0.0, 6.63934446466599e-06, 0.0, -7.560672217649031e-05, 0.41472331462117235, 0.14483089631094948, 0.40260874660614715, -0.3336656005569954, -0.7761009238796339, 0.6860795868620685, 0.3513104844169271, -1.0464563923091867, -1.0325982095862114, 0.5456215953474532], "git_revision": "018ef57f2e70e762a509d3bbb7a77c8182022b6e", "linregress": [7.284873270949384, 0.05806233223490431, 0.7367879726401652, 3.4387101148155515e-06, 1.2633588420082285]}