{"x": [0.07637219342951294, 0.11446877835136414, 0.26202984037364563, 0.16439070007547743, 0.07629162811152192, 0.09512932519625489, 0.15392133129176888, 0.26092800910142194, 0.2895297548617496, 0.05283947716884685, -3.811676367183148e-08, -1.882278871562546e-08, -1.4944227168516045e-07, -1.3369858002207895e-08, 3.761361241316214e-08, -4.5867859188457345e-07, 1.3983675711802457e-07, -1.798507461769631e-07, 3.085209404521838e-08, 4.1242249984614377e-07, 0.06578487003899731, 0.09210762203891469, 0.03702999539549055, 0.053078651378183676, 0.1003100774401156, 0.060915742916955645, 0.11742058125183398, 0.03664830130206878, 0.09284489468868472, 0.07367799064631331], "cost": 3.814696666964838, "fun": [0.5120490152030593, 0.5281940626887803, 0.5932666218483101, 0.6439366800639247, 0.4955719518541928, 0.5555966605628663, 0.5103447007677699, 0.7340391385048122, 0.48481748766402943, 0.9370232597593715, 0.49418863213050035, 0.6171950951525466, 0.5489005238996609, 0.6048783811602103, 0.765778849899816, 0.7529897834105177, 0.7743026500885427, 0.5547314938595305, 0.38643080528185014, 0.5938454273992694, 0.0, 0.0, 0.0, 0.0, 0.0, 0.0, 0.0, 0.0, 0.0, 0.0, 0.0, 0.0, 0.0, 0.0, 0.0, 0.0, 0.0, 0.0, 0.0, 0.0, 0.0, 0.0, 0.0, 0.0, 0.0, 0.0, 0.0, 0.0, 0.0, 0.0, 5.537937606637806e-20, 6.668864632748328e-21, 3.337493142653802e-18, 2.3899036045533797e-21, 0.0, 9.649957746577324e-17, 0.0, 5.817504554495923e-18, 0.0, 0.0, 0.0, 0.0, 0.0, 0.0, 0.0, 0.0, 0.0, 0.0, 0.0, 0.0], "grad": [7257.956531292557, 4707.404334111656, -8566.137116784, -10034.764067300315, -8228.040335068406, 17994.492474997638, 57623.58961494149, -349.2672023587073, 62831.04379615886, -16267.783366353005, -2328.847813277831, 18068.807420884506, 10588.000635400032, -11998.357076454147, 1974.185657916787, -62589.305326789974, -62478.81547522056, 66068.5772880444, 3057.3855515127966, -2775.1078808548964, -8571.569868126799, 1272.585065616754, 4438.696418493479, -13817.680350421957, -4830.831096712508, 62714.03510558409, 10071.132666522848, -3734.8899847227103, 5351.045306614966, -13815.438887016826], "optimality": 66068.5772880444, "nfev": 64, "njev": null, "status": 3, "message": "`xtol` termination condition is satisfied.", "success": true, "res_time": 865.5411090000416, "tension_error": [0.2841799355870234, 0.20471540561864893, -1.2272292235560085, 0.2539220035410871, 0.7838492729605078, -0.00035911963500378325, -0.393765869629633, -1.2105148328319162, -1.644393200673539, 1.139610108632892, 5.782178244615533e-07, 2.855350479162408e-07, 2.2669864094533166e-06, 2.0281601748654138e-07, -5.705851978128781e-07, 6.957992021830098e-06, -2.121274150572651e-06, 2.7282722131806278e-06, -4.6801535546137447e-07, -6.256303464616104e-06, -0.16201186288880517, -0.5613187013778532, 0.274189415954821, 0.03073698049261502, -0.6857470489196008, -0.0881489264712969, -0.9453073404131923, 0.2799795803614404, -0.5725028667297525, -0.2817477110071933], "git_revision": "018ef57f2e70e762a509d3bbb7a77c8182022b6e", "linregress": [5.420174271760568, 0.010171130230899328, 0.7403398065781857, 2.9130695707832167e-06, 0.9300854461153234]}