{"x": [0.09482067140372699, 0.021224306371468327, 0.17737626609304374, 0.11571899198134049, -0.021221834595936344, 0.156846885239597, 0.1872010824753369, 0.07284582221385624, 0.1116839710209663, -0.02494388875022599, 0.001132520993554796, -0.011001731203747134, -0.007020430160683673, 0.001031911240009712, 0.008576649987127524, -0.01757846825340078, -0.016142167479915634, 0.0043272575701745865, -0.009883608034645086, -0.009221520036873041, 0.07984443554908204, 0.09029235672584376, 0.08887392112218671, 0.014105209417959792, 0.02463789639212053, 0.059618200306032224, 0.05465541017072994, 0.011128533106877173, 0.047941586644527905, 0.004080435874124129], "cost": 11.798160802605155, "fun": [1.3664677378679544, 0.9587630768673016, 0.47650627319934474, 0.5320269632380229, 0.9732195123677457, 1.4755721831507698, 0.6594939639011638, 1.2289310532515472, 1.2479828601612661, 1.4666061122786107, 1.313245279855703, 0.8777450622401135, 0.6999662358763751, 1.2144362356595355, 1.091269297061716, 1.0890181906134606, 1.010559638025193, 1.0276127375955144, 1.236141464882646, 1.0389165981896884, 0.0, 0.0, 0.0, 0.0, 0.0, 0.0, 0.0, 0.0, 0.0, 0.0, 0.0, 0.0, 0.0, 0.0, 0.0, 0.0, 0.0, 0.0, 0.0, 0.0, 0.0, 0.0, 0.0, 0.0, 0.009557598354075795, 0.0, 0.0, 0.0, 0.0, 0.01552002736543535, 0.0, 0.00133162852586859, 0.00034601200736865146, 0.0, 0.0, 0.005431791447468505, 0.0042061576544389434, 0.0, 0.000965487246309118, 0.0007841651596198313, 0.0, 0.0, 0.0, 0.0, 0.0, 0.0, 0.0, 0.0, 0.0, 0.0], "grad": [13512.925684716412, 57338.21382971569, -35162.17247842385, 5686.189236429722, -18467.16464949055, -5991.963883512742, 19055.951894538885, -13484.67075195469, -6975.505721328405, 8774.370825050899, 13902.746498853741, 17088.256432555572, -9999.235983718969, -34895.77733989875, 1563.5816134838212, 235.67045350842182, -33486.502446000726, -39930.33506226296, 68170.9771333281, 7989.703102831697, -9302.553862140001, -14358.46650516017, 2356.1812104038963, -45792.823965496624, 33294.31179777776, 36655.336822634454, 27734.820637895617, 13787.044715513719, 64381.25857424379, 10446.540504017219], "optimality": 68170.9771333281, "nfev": 169, "njev": null, "status": 3, "message": "`xtol` termination condition is satisfied.", "success": true, "res_time": 2295.043199000007, "tension_error": [0.00432304923861383, 1.6192010685535008, 0.056935559552194995, 0.992254602009235, 2.2630940154538863, -0.9365926783541791, -0.8986079253103768, 1.642625424783089, 1.0534644429456659, 2.3195562606263933, -0.017179942942905844, 0.16689237146968397, 0.10649744268017859, -0.015653728563445216, -0.13010474707195419, 0.266659146572805, 0.24487097180363468, -0.06564296695420137, 0.14993083843176697, 0.1398871976607439, -0.3752904993466958, -0.5337817685684167, -0.512264602107312, 0.6219503116147658, 0.4621731752249193, -0.06846566395473774, 0.0068181072489118906, 0.6671054385174305, 0.10866443571903316, 0.7740225808961173], "git_revision": "018ef57f2e70e762a509d3bbb7a77c8182022b6e", "linregress": [6.696543812508294, 0.1325733977145389, 0.646925998191015, 0.00011191485619637465, 1.4917189505003834]}