{"x": [0.10471699881566796, 0.18320979842037757, 0.29388991397023756, 0.06301330103595086, 0.2657096365803175, 0.03285568488211563, 0.22123117680107354, 0.15812596542306528, 0.2716362182357532, 0.07890158067826218, 1.0746126977262238e-07, 1.191462929921231e-08, 8.485552858678874e-08, 2.5232375957363717e-09, 1.4624633966721387e-07, 2.155417269694122e-08, 9.472028393863166e-08, -2.5570612534681476e-07, -1.3224597616240258e-07, 2.944147334294496e-07, 0.1486780607692889, 0.08774584678621486, 0.10236690645427449, 0.04766470232127207, 0.07062494847111102, 0.017650901742517787, 0.07909696878538085, 0.027681116511757933, 0.03535173085005901, 0.03677508469526103], "cost": 4.268801147462928, "fun": [0.6795966635597162, 0.6846636913116348, 0.503172605717156, 0.9628048211723493, 0.6160427279294456, 0.6457778975613742, 0.3941567227357418, 0.4405881768126333, 0.5366641771685262, 1.0022931688130585, 0.3960326091938206, 0.6841440712147552, 0.6160595519512597, 0.8837963002812432, 0.43026384476623253, 0.4120335228447036, 0.7974091622418662, 0.7949022430750846, 0.5943546255119959, 0.47622273315906744, 0.0, 0.0, 0.0, 0.0, 0.0, 0.0, 0.0, 0.0, 0.0, 0.0, 0.0, 0.0, 0.0, 0.0, 0.0, 0.0, 0.0, 0.0, 0.0, 0.0, 0.0, 0.0, 0.0, 0.0, 0.0, 0.0, 0.0, 0.0, 0.0, 0.0, 0.0, 0.0, 0.0, 0.0, 0.0, 0.0, 0.0, 1.6719504193062313e-17, 2.3128496405356144e-18, 0.0, 0.0, 0.0, 0.0, 0.0, 0.0, 0.0, 0.0, 0.0, 0.0, 0.0], "grad": [-12878.596594206883, 143125.48156539546, -2703.4934967771646, 8049.438880080859, 7660.93151737616, -413.0927983459597, -6515.259017590733, -17628.019665968888, -6164.254435284493, 130293.19779703137, -3637.066218052066, -2206.9402305033796, -7467.731360864928, -145287.67934271152, 11859.03720254503, -505.9841603371491, -149303.51638064647, -15402.711657719297, 6253.94888227762, -12445.102410514539, -9790.884213522364, -2358.667523555596, 8792.990698420368, -12872.36764579911, 2476.605279897205, -507.73812356766774, 4387.421293396137, 2899.5494977685976, 13150.740901333626, -10377.904564783494], "optimality": 149303.51638064647, "nfev": 33, "njev": null, "status": 3, "message": "`xtol` termination condition is satisfied.", "success": true, "res_time": 762.477275000012, "tension_error": [-0.14580073764837478, -0.8380615577610203, -1.71053527232794, 1.79178129366558, -2.0895549256127985, 0.9443099801278603, -1.414832421090174, 0.3489558126213585, -1.3729545783160804, 0.744257215563367, -1.63014945751338e-06, -1.8074071272078174e-07, -1.2872283585095512e-06, -3.8276621954777365e-08, -2.2185052510198757e-06, -3.269691769268492e-07, -1.4368732084106816e-06, 3.87897148804355e-06, 2.0061246880445e-06, -4.466167382904279e-06, -1.4194722501190726, -0.49515211338732684, -0.7169484176427081, 0.11286467297943871, -0.23543414095351584, 0.5681634130268605, -0.36395169289172863, 0.4160086022804761, 0.2996480955710949, 0.27805632112514667], "git_revision": "018ef57f2e70e762a509d3bbb7a77c8182022b6e", "linregress": [7.805541009565964, 0.029008733360677663, 0.7814873166625775, 3.438609267114415e-07, 1.177692075264694]}