{"x": [0.1592469621218867, 0.11151505482462959, 0.12368610118141123, 0.13074898291573328, 0.03523146426898541, 0.08316533012205218, 0.06309864890204661, 0.3014478544724024, 0.2961968488616293, 0.11785609603956204, -0.0014702036409670707, 0.012031380850814037, -0.007291682881236857, 0.0006079019693477042, 0.0064960374333010345, -0.005364273789914394, -0.004281414496336873, -0.0002705366788023126, 0.0039146663031870005, -0.00666637108664679, 0.018066751943892696, 0.07451455181308102, 0.11073231983410765, 0.048223598933315015, 0.05860951762526816, 0.04101880665507687, 0.010302500193080958, 0.0826582358159757, 0.04954079482736229, 0.036618191981696635], "cost": 4.621025024819666, "fun": [0.5971066438314827, 0.9502882807506762, 0.7715666654898515, 0.5463138366933307, 0.49644003532483344, 0.8033407441620014, 0.1290353830567453, 0.9254398138802817, 0.5242125299564604, 0.7443772539002841, 0.17876283005690838, 0.732867366918125, 0.6679118534418762, 0.7794239521265462, 0.2120629693539958, 0.5369444078467108, 0.6867960928682523, 0.8670848136675336, 0.8265803255652776, 0.7951092577094027, 0.0, 0.0, 0.0, 0.0, 0.0, 0.0, 0.0, 0.0, 0.0, 0.0, 0.0, 0.0, 0.0, 0.0, 0.0, 0.0, 0.0, 0.0, 0.0, 0.0, 0.0, 0.0, 0.0, 0.0, 0.0, 0.0, 0.0, 0.0, 0.0, 0.0, 3.177843326186802e-06, 0.0, 0.00038768885656877703, 0.0, 0.0, 0.0001543593026079418, 7.848051162219282e-05, 1.980060510819306e-08, 0.0, 0.00029625688737430463, 0.0, 0.0, 0.0, 0.0, 0.0, 0.0, 0.0, 0.0, 0.0, 0.0], "grad": [-151579.68014884304, -71911.52622824625, 78.14314129332894, -51720.82469346267, -86755.9442932682, -119969.19818242821, 183856.03624780313, 124580.37443919698, 45377.81659147696, -136402.0334029393, -100591.956247269, 66502.29596978845, -87435.81794013374, -51828.235128271444, -171233.7358041084, 194202.75463004434, 46744.55628582432, 92617.53690890153, 50431.035312529246, -75383.3914026032, 36513.86550862822, 188862.27019213344, -781.2959898643235, 133814.31489720292, 51753.359743691675, 6491.807595201431, 49371.05142113508, -139128.8098936521, -61022.31472345324, 28372.396447989948], "optimality": 194202.75463004434, "nfev": 108, "njev": null, "status": 3, "message": "`xtol` termination condition is satisfied.", "success": true, "res_time": 995.147564999992, "tension_error": [-0.9730009958431998, 0.24952234690027467, 0.8713963731056903, 0.7642549550669139, 1.4067174370436948, 0.18113045443359746, 0.9839821017165535, -1.825186556791557, -1.7455306587557948, 0.15333099425328026, 0.022302469278724778, -0.1825117924680256, 0.11061225051926718, -0.009221657883349731, -0.09854259046341692, 0.08137413625471622, 0.06494754373702351, 0.004103945738964436, -0.05938410335173606, 0.10112649174417952, 0.5618551125422998, -0.29443804804739987, -0.8438487800883083, 0.10438640903508328, -0.05316430441999678, 0.21368055983673992, 0.6796360656834995, -0.41797485426203573, 0.08440501316414915, 0.28043632810297187], "git_revision": "018ef57f2e70e762a509d3bbb7a77c8182022b6e", "linregress": [6.272535380247069, 0.033907651862121524, 0.7656750665956654, 8.221281944422809e-07, 0.9958277912693526]}