{"x": [0.1252932874605877, 0.10529803299860457, 0.2667230340847528, 0.2678967502668969, 0.16229166411600135, 0.07702256200346455, 0.12925456890473383, 0.33040945329047494, 0.19755643854092172, 0.2078837411130304, -5.1883750405959294e-06, 0.0, 0.0, 0.0, -4.480833003939082e-06, 0.0, 2.1378704959886793e-05, 0.0, 0.0, 0.0, 0.06044573150963771, 0.051365839387849686, 0.059871943541032376, 0.0721173614031812, 0.0933383167578225, 0.11031839179531613, 0.03178532313877774, 0.03380736555714763, 0.04496720540509348, 0.07357737467450942], "cost": 2.3837131836545895, "fun": [0.4763952918797774, 0.5057783094790601, 0.6437665319122522, 0.19332839268654473, 0.5541028318914762, 0.5472138561110365, 0.7316102645431886, 0.7024713075852648, 0.4322567116703384, 0.32338406221734656, 0.44315520071324627, 0.45278376661454955, 0.27467214063305573, 0.4021596621371067, 0.44631879851134937, 0.4751040271730345, 0.4120718136523698, 0.5019921944954924, 0.349444936177715, 0.5466471720575099, 0.0, 0.0, 0.0, 0.0, 0.0, 0.0, 0.0, 0.0, 0.0, 0.0, 0.0, 0.0, 0.0, 0.0, 0.0, 0.0, 0.0, 0.0, 0.0, 0.0, 0.0, 0.0, 0.0, 0.0, 0.0, 0.0, 0.0, 0.0, 0.0, 0.0, 1.396670899011744e-13, 0.0, 0.0, 0.0, 8.99655574933112e-14, 0.0, 0.0, 0.0, 0.0, 0.0, 0.0, 0.0, 0.0, 0.0, 0.0, 0.0, 0.0, 0.0, 0.0, 0.0], "grad": [-1369.2873194061863, 27472.444437753005, 2973.9509108540547, 555.4418682196925, 39668.92668051276, -23225.61016265216, -4919.8849561239, 4088.961281489461, 15233.404401607499, -4369.248159271694, 53749.61034826614, 41459.216271081576, 42316.23835304633, 41143.14880006878, -45.04772913732529, 2318.997767185564, -38974.28889912881, -30054.20978479755, 39603.932620407184, 42303.348256863086, 2719.6154649491205, 23549.35822203647, 1689.369811833959, 9408.189049665263, -10562.271754794194, 2834.227720498844, -23517.46301414613, 31859.072472064567, 23516.106025981204, 15664.902028088263], "optimality": 53749.61034826614, "nfev": 64, "njev": null, "status": 3, "message": "`xtol` termination condition is satisfied.", "success": true, "res_time": 555.1177640000242, "tension_error": [-0.4579357593462123, 0.34383236927845345, -1.2984233123505526, -1.3162281717351976, -0.5207408583069515, 0.27431407433064486, -0.019579807907878066, -2.264523768252919, -0.24919051952765364, -1.2123565421795977, 7.870581443620902e-05, 0.0, 0.0, 0.0, 6.797265197065698e-05, 0.0, -0.00032430739341195484, 0.0, 0.0, 0.0, -0.08101901964732568, 0.05671973262995029, -0.07231485909042158, -0.25807351732369876, -0.5799879050140759, -0.8375696381303424, 0.353749239249353, 0.3230755708816775, 0.15378474719647378, -0.2802214022989458], "git_revision": "018ef57f2e70e762a509d3bbb7a77c8182022b6e", "linregress": [6.182215670410759, -0.042401489830084904, 0.7313468040046741, 4.411545269326735e-06, 1.0895064574214952]}