{"x": [0.10249491523985432, 0.1343464571348434, 0.2411977939761004, 0.18137325860741368, 0.17909478488118338, 0.031663581499683936, 0.18871852396151959, 0.08315097238297242, 0.2403433456290854, 0.16951930867610834, 0.0, 0.0, 0.0, 2.202712083254239e-06, 0.0, 0.0, 0.0, 0.0, 0.0, 0.0, 0.039355513267959864, 0.1178286468315074, 0.08205476236459304, 0.015057403469837867, 0.08003526848388248, 0.08108094501246674, 0.0845499159621008, 0.020823336983984093, 0.09148567638191632, 0.03833373368890431], "cost": 5.767069053259477, "fun": [0.8516884565955698, 0.5599324834096048, 0.7458535439071622, 0.44088571266314536, 0.5923750371617059, 0.6563839317316567, 0.7820542280302588, 0.6345563491256209, 0.5730072679857552, 0.8076652549470883, 0.38443413790634773, 0.7841985803580738, 0.5756858095950409, 0.9776316392318277, 0.767628887327322, 0.7246319749135973, 0.6895384126079381, 1.0398933580917042, 1.1027200360192468, 1.0152686126872446, 0.0, 0.0, 0.0, 0.0, 0.0, 0.0, 0.0, 0.0, 0.0, 0.0, 0.0, 0.0, 0.0, 0.0, 0.0, 0.0, 0.0, 0.0, 0.0, 0.0, 0.0, 0.0, 0.0, 0.0, 0.0, 0.0, 0.0, 0.0, 0.0, 0.0, 0.0, 0.0, 0.0, 0.0, 0.0, 0.0, 0.0, 0.0, 0.0, 0.0, 0.0, 0.0, 0.0, 0.0, 0.0, 0.0, 0.0, 0.0, 0.0, 0.0], "grad": [6441.014379962625, -9397.297459995996, -9237.405588018632, -3731.583111737501, 21130.357750258336, 1705.9054091492787, -18445.44124314726, -1936.5852257124943, 14738.973911974408, 149318.34434523917, 12145.705504262522, 5511.919424276308, -16543.81537666072, 5986.280352234187, 3838.5860641867625, 1036.8761672210771, 10812.98378006828, -12844.818129426108, -16678.38055468017, 8393.33238533721, -1192.2917924099072, 1040.0821201845406, -11895.129432799593, 3979.0631376280535, 14736.805462408889, 11860.484904313807, -14363.985999097611, 9215.474036508178, 8466.513878951151, 5942.6725376901595], "optimality": 149318.34434523917, "nfev": 65, "njev": null, "status": 3, "message": "`xtol` termination condition is satisfied.", "success": true, "res_time": 734.891547999985, "tension_error": [-0.11209251566917726, -0.09682195155270003, -0.9112144472025687, -0.003697403307556964, -0.7756382576942029, 0.9623937668380187, -0.921626975994805, 1.4862999412547109, -0.8982527679640219, -0.6303816701425813, 0.0, 0.0, 0.0, -3.341436328802687e-05, 0.0, 0.0, 0.0, 0.0, 0.0, 0.0, 0.23891213227610789, -0.951497550939664, -0.4088203754300185, 0.6075058646023598, -0.37818536747731496, -0.39404791060018035, -0.44667097306390297, 0.5200386923827148, -0.5518840057195576, 0.25441216712605913], "git_revision": "018ef57f2e70e762a509d3bbb7a77c8182022b6e", "linregress": [4.446188353627622, 0.0919165781761147, 0.685384934648664, 2.9251093074884017e-05, 0.8927165748709104]}