{"x": [0.048297823896783394, 0.11154721371321351, 0.1296978428547331, 0.1473989070900004, 0.10149041676396622, 0.025386885193065433, 0.3224932524408377, 0.0917203916552768, 0.07136595811306329, 0.07206130895610777, 0.002488370363532443, -0.044974306672612284, 0.0014576186808335863, -0.0013328245062069304, -0.002607538240692793, -0.0001975685852596305, -0.000587281542439792, -0.0006884280851453393, -0.002585684668122533, 0.003354159211953271, 0.0602393144573804, 0.04294072298454772, -0.02150591337464585, 0.02106083603191831, 0.0973184463587889, 0.049147634852463463, 0.10147279889976958, 0.05697059618538425, 0.03886216271357489, 0.024598334660034346], "cost": 6.99336009261124, "fun": [0.6455260880129731, 1.0130228875860827, 0.6430091929841869, 0.9696646318100702, 0.42851026585472995, 0.8284828649391635, 0.9614617721283943, 0.7387509387698612, 0.5670398264317213, 0.6199749279455447, 0.3071879072214527, 0.8831461560018051, 1.3757621545602667, 0.7780809984301204, 1.0034259049710401, 0.7952384953743288, 0.490380873162795, 1.125157554378826, 0.9632689863460729, 0.8304189518029098, 0.0, 0.0, 0.0, 0.0, 0.0, 0.0, 0.0, 0.0, 0.0, 0.0, 0.0, 0.0, 0.0, 0.0, 0.0, 0.0, 0.0, 0.0, 0.0, 0.0, 0.0, 0.0, 0.0, 0.0, 0.0, 0.0, 0.0, 0.0, 0.0, 0.0, 0.0, 0.090969002139013, 0.0, 2.3676576611846615e-06, 1.7729319185178307e-05, 7.711762923756174e-09, 2.0255317500080892e-07, 3.2626894492578033e-07, 1.728728057997098e-05, 0.0, 0.0, 0.0, 0.009946577627932893, 0.0, 0.0, 0.0, 0.0, 0.0, 0.0, 0.0], "grad": [-11292.95418130756, -35143.07351044493, -16154.239211063965, -3041.9219419204665, -830.3971314252104, 4884.510177594426, -51754.28510801511, 35445.06669280648, 20492.498246615633, 12281.178665086827, 10733.248212370223, -3545.686843417215, -18451.136005612214, 40776.96367433252, 23941.31479424837, 37158.548980726875, 17049.8428851338, -1433.0425641809898, -330.21728508233446, -25697.610511535575, -2339.1005129352275, -4807.005622421463, -39798.66451599369, -22230.89456123107, -49992.741324359784, -11184.195736775675, -7617.300204975199, -11146.24943267993, 20115.07405551322, -28918.013611849918], "optimality": 51754.28510801511, "nfev": 106, "njev": null, "status": 3, "message": "`xtol` termination condition is satisfied.", "success": true, "res_time": 1541.651429999998, "tension_error": [0.710058192568766, 0.2490345079338244, 0.7802003780442867, 0.5116814937840722, 0.40159256094981766, 1.0576090299822212, -2.950942296025743, 1.3563048815693968, 1.6650744398208375, 0.8480217184461997, -0.03774769837344902, 0.6822443265329582, -0.022111559884318444, 0.020218476390154286, 0.03955543292485534, 0.0029970455659432804, 0.008908853299812312, 0.010443210580995387, 0.039223921957736524, -0.050881409007621295, -0.07788774596639164, 0.18452576882689833, 1.1621584500877216, 0.5164359158198741, -0.6403650634412632, 0.09036911093773212, -0.7033851222524826, -0.02830244580073022, 0.24639608570692317, 0.4627733127091966], "git_revision": "018ef57f2e70e762a509d3bbb7a77c8182022b6e", "linregress": [6.269207918756273, 0.10530850598887026, 0.6130388057431494, 0.0003161135871113785, 1.5268691010643272]}