{"x": [0.18858119173145726, 0.18630640800963058, 0.44457591817883024, 0.20868171218338036, 0.07510457401547738, 0.05650520338308732, 0.05166425468028723, 0.06382103197793328, 0.2703563444408152, 0.07434835003990077, 0.0, 0.0, -0.0, 0.0, 0.0, 0.0, 0.0, 0.0, 0.0, -0.0, 0.07082934381167565, 0.033304384629772574, 0.0034725264213416895, 0.010949691952352663, 0.05583819677545366, 0.06309517738013719, 0.1227658308387298, 0.07873992393259796, 0.07212061495609698, 0.046404826360907404], "cost": 8.48153980057945, "fun": [1.0178056442996923, 1.0529863854487507, 0.8975274725323071, 1.0201438718454905, 1.1940935599141722, 0.6543711524074106, 1.1917283745189122, 0.9558434900427951, 0.8894429087093867, 0.3749001870844187, 1.2159561499770764, 0.4843298572909003, 0.5125996470986813, 0.830973669798823, 1.1295025607896456, 0.8970295661222487, 0.9857083095430013, 0.9174800856469908, 0.7073463531494771, 0.889933011044509, 0.0, 0.0, 0.0, 0.0, 0.0, 0.0, 0.0, 0.0, 0.0, 0.0, 0.0, 0.0, 0.0, 0.0, 0.0, 0.0, 0.0, 0.0, 0.0, 0.0, 0.0, 0.0, 0.0, 0.0, 0.0, 0.0, 0.0, 0.0, 0.0, 0.0, 0.0, 0.0, 0.0, 0.0, 0.0, 0.0, 0.0, 0.0, 0.0, 0.0, 0.0, 0.0, 0.0, 0.0, 0.0, 0.0, 0.0, 0.0, 0.0, 0.0], "grad": [35955.64792774616, -45662.96824352077, 28575.064875534466, 5611.505544763126, 15488.262151616123, -15718.491835953764, 341.2436923513279, -14917.676442674208, -4732.514966347695, -3508.09721283501, 7001.111538383579, 16214.120824779999, -10161.07670143147, -89477.53889431918, -5636.7161215521655, -38881.71899442697, -3811.8873796514936, 3869.946188521125, 8051.556647372818, 18018.115823547494, -9766.856677284677, -38253.59985199263, 4394.39355458756, -4004.4762183196704, -25613.26579821158, -8246.971358759707, 3432.2398509019604, 19959.797927148607, -13437.797750818514, 9299.695245871944], "optimality": 89477.53889431918, "nfev": 33, "njev": null, "status": 3, "message": "`xtol` termination condition is satisfied.", "success": true, "res_time": 856.3458849999879, "tension_error": [-1.4179908846263414, -0.8850360300777207, -3.996388664301142, -0.4179569861003599, 0.8018564637819123, 0.5855551483974659, 1.1574378181531368, 1.7795283009392195, -1.3535393454892364, 0.813328114043939, 0.0, 0.0, 0.0, 0.0, 0.0, 0.0, 0.0, 0.0, 0.0, 0.0, -0.23853474598307392, 0.3307056136648582, 0.7832443523005254, 0.6698183955822974, -0.01112434723840413, -0.12121017649522407, -1.026392886236249, -0.35853544874810833, -0.258122872570774, 0.13197654572827386], "git_revision": "018ef57f2e70e762a509d3bbb7a77c8182022b6e", "linregress": [9.688557013877857, -0.06740437591884707, 0.7407093084539109, 2.8627940781239208e-06, 1.6606911452823059]}