{"x": [0.028130572748962083, 0.18714740381424486, 0.07185012170023247, 0.11594968965650275, -0.041837653031370575, 0.09626069027430462, 0.15946093917439041, 0.12607312828079673, 0.061386390448504545, 0.08647273054545451, -0.0008356679403312228, -0.0013501016175419894, 0.000684733444627599, -0.00031262236056882526, -0.00018156744008612636, 0.0008296861896908514, 0.001006272208872306, -0.0015267706485778394, 0.00047270885591084124, -0.0001416738320475015, 0.04612344832913758, 0.18008015742339814, 0.04759431929513183, 0.09314094196978563, 0.06221763814495845, 0.027489528716264183, 0.06456187389244457, 0.006944343874675051, 0.05688072334943722, 0.013261183227229289], "cost": 5.9239626659995235, "fun": [0.6716152333134441, 0.5235711168267142, 0.5962172777745172, 0.6867261242678045, 0.5324293425335997, 0.9532189272750483, 0.7939118103412429, 0.8789674311171051, 0.6918947565768989, 0.717378796031316, 0.4905941522402227, 0.5994167765371557, 1.0130555836015736, 0.7070155663079596, 0.23814755693181328, 0.9870453838718286, 0.5698957220759175, 1.0561048671591575, 1.212850675827207, 0.796058508966713, 0.0, 0.0, 0.0, 0.0, 0.0, 0.0, 0.0, 0.0, 0.0, 0.0, 0.0, 0.0, 0.0, 0.0, 0.0, 0.0, 0.0, 0.0, 0.0, 0.0, 0.0, 0.0, 0.0, 0.0, 0.07323217648692512, 0.0, 0.0, 0.0, 0.0, 0.0, 5.835811069817448e-07, 2.460930635732682e-06, 0.0, 3.055343998608202e-08, 5.9856857363142775e-09, 0.0, 0.0, 3.5589460678713117e-06, 0.0, 2.843602733755068e-09, 0.0, 0.0, 0.0, 0.0, 0.0, 0.0, 0.0, 0.0, 0.0, 0.0], "grad": [13803.74321863884, -10741.077999145109, 2808.75886983908, 3854.853506694598, -74504.38958827584, 15077.622936015672, -74960.11726706958, -16222.887774723164, 53754.33424275341, -11574.461659684792, -50727.82360965599, 31461.896754939327, 11689.20773449666, -1463.8608678353485, 27340.249402291192, 1633.9557009780817, 33715.533880661824, -3243.9793040441145, -40669.47739807272, -1502.9811481878623, 24571.054847919906, -2354.8509465212437, 3182.2403957452325, -66499.05390475463, 34006.35185169907, 606.1107306724048, -5062.628518630379, -50981.72657317435, 31498.500635773948, 11679.248422356846], "optimality": 74960.11726706958, "nfev": 195, "njev": null, "status": 3, "message": "`xtol` termination condition is satisfied.", "success": true, "res_time": 1658.5524910000095, "tension_error": [1.0159882600965242, -0.8977936390056981, 1.657729849433607, 0.9887549998659597, 2.575828690093655, -0.017521527748500815, -0.47779976206176, 0.8351860162081175, 1.816460951901147, 0.6294055497039297, 0.012676787111065076, 0.02048056405885425, -0.01038716419099418, 0.00474237064726791, 0.002754313852653717, -0.01258604606936685, -0.015264793528634574, 0.023160570778595038, -0.007170826165141299, 0.00214914192754974, 0.1362449509575839, -1.8958309506424535, 0.11393235859420414, -0.5769937992834633, -0.10789821664959623, 0.41891492138084735, -0.1434594438725185, 0.7305781093823838, -0.02693910666399543, 0.6347538904283947], "git_revision": "018ef57f2e70e762a509d3bbb7a77c8182022b6e", "linregress": [7.539342186825959, 0.02997774280665605, 0.6928693600165255, 2.2006301348590672e-05, 1.482778832283101]}