{"x": [0.060232380572922774, 0.08625407770301903, 0.1385810657685773, 0.1349966793107462, 0.07944320457731209, 0.0603702726508042, 0.09544023939406167, 0.1427779354738617, 0.13019161390165898, 0.0782283437497274, 0.09657061419562388, 0.09592814150449859, 0.08641312319174316, 0.09447042960072402, 0.09891859281442644, 0.09341223889224001, 0.09821211896679818, 0.06828650702445571, 0.09352907233917836, 0.1127132139248433, 0.1254631452212948, 0.12325386557307204, 0.09783254762697338, 0.05657435613471189, 0.09791910797161657, 0.12941305929318433, 0.13583498266704616, 0.08022206248145326, 0.07064230360559896, 0.09207621666429786], "cost": 0.5470339282058527, "fun": [0.13204586363862644, 0.19954362210999715, 0.27666719341390894, 0.18240660362156863, 0.30756690572156964, 0.1330531345421273, 0.18405207008606933, 0.08373336814912821, 0.2597730616619461, 0.1750662778367216, 0.36375074161499626, 0.12823112036400827, 0.277979460760912, 0.2628296340663925, 0.3316361188567906, 0.37638889748007726, 0.16362674697697271, 0.2376324233572865, 0.11474677389335577, 0.18030340952231844, 6.771287215304598e-07, 2.7381136800130767e-06, 1.2847826279082989e-08, 3.086188554958301e-06, 3.6377673227320407e-07, 1.229902567373185e-06, 2.2408574701435146e-06, 1.584154907188954e-07, 2.700181444882624e-06, 3.23854690660908e-07, 4.1277115884176853e-10, 9.053557349207124e-08, 6.492018656820409e-08, 1.9786155975735457e-08, 3.031993351637788e-08, 2.303884873014056e-08, 8.955422501236704e-07, 6.371871036680388e-07, 3.6803128837883925e-07, 2.605835260177952e-07, 0.0, 0.0, 0.0, 0.0, 0.0, 0.0, 0.0, 0.0, 0.0, 0.0, 0.0, 0.0, 0.0, 0.0, 0.0, 0.0, 0.0, 0.0, 0.0, 0.0, 0.0, 0.0, 0.0, 0.0, 0.0, 0.0, 0.0, 0.0, 0.0, 0.0], "grad": [300.0046031045132, -298.11578530438055, 0.016161515164963558, 298.7041061963647, 0.9419610245187537, 300.1505632840555, -300.383418046731, -300.5420397289529, -1.1384560477294472, 300.1586373382056, 299.0099695709847, 298.33948754186395, -299.0482363295147, -298.61575021018996, -299.5911502339502, 298.14101245255654, -298.88676231889417, 0.736024052949295, 1.1533629497706919, -298.21791897212586, -0.8176819084921045, -0.21716090668340005, 0.12133654105924774, 0.38935457640431725, -0.31443603751218263, -298.9176225769716, 298.28438639510694, 300.46970245015274, 299.3831989957843, -298.32388391561796], "optimality": 300.5420397289529, "nfev": 571, "njev": null, "status": 2, "message": "`ftol` termination condition is satisfied.", "success": true, "res_time": 816.8235390000045, "tension_error": [0.3976761942707723, 0.13745922296980975, -0.38581065768577283, -0.3499667931074618, 0.20556795422687915, 0.39629727349195804, 0.04559760605938337, -0.4277793547386169, -0.30191613901658976, 0.21771656250272609, 0.03429385804376128, 0.04071858495501415, 0.13586876808256848, 0.05529570399275985, 0.01081407185573563, 0.06587761107759993, 0.017878810332018213, 0.31713492975544294, 0.06470927660821649, -0.127132139248433, -0.2546314522129478, -0.23253865573072033, 0.021674523730266237, 0.43425643865288116, 0.020808920283834353, -0.2941305929318433, -0.35834982667046156, 0.19777937518546743, 0.2935769639440104, 0.0792378333570215], "git_revision": "ec36e56dd006ef5715c6882890a8a7f5f3c70256"}