{"x": [0.06413648288897264, 0.07867197068380032, 0.1484830078805199, 0.14018620234655135, 0.0827640336822493, 0.0634927896311485, 0.0824482996716724, 0.13711927796176518, 0.13597380284245275, 0.0815586495304159, 0.09189367349920936, 0.10059066599031806, 0.08455237619699575, 0.10089318625169322, 0.11553816296717233, 0.09178797037364847, 0.11586252770111298, 0.07506411818173135, 0.09943913591977521, 0.09695527880103663, 0.13743861919560924, 0.12996250201281478, 0.09463630678220727, 0.07760245049519579, 0.10116168115310258, 0.127384280632925, 0.13107119747504284, 0.10759757161770624, 0.06278800389452818, 0.10007745021060847], "cost": 0.6663774701271792, "fun": [0.1696761186229141, 0.08308011847925793, 0.3172798260979654, 0.36674750245433085, 0.20839911058262153, 0.2610379278484655, 0.39065150943057825, 0.24865381480633306, 0.08444630573586236, 0.151696466304009, 0.1443372885562075, 0.17527318387395385, 0.2406190485857632, 0.2986514878656483, 0.2053031723096573, 0.3777056489840222, 0.32961509024082325, 0.3103646721200633, 0.022783292767504428, 0.341752217329479, 2.1128040543358432e-07, 4.873580914481766e-06, 6.883698206849123e-08, 3.297305454111553e-06, 3.713808472770879e-07, 3.593113608964024e-07, 2.9889158671957963e-06, 1.3121132489638212e-09, 2.961008909972475e-06, 3.035318904822184e-07, 7.563767839040105e-08, 2.572267394945865e-07, 2.6702207324370183e-07, 2.1447534299692532e-07, 5.640716482294755e-07, 5.795843105133752e-07, 1.6645102193111696e-06, 5.941414897299529e-07, 6.169546186308323e-09, 2.561984823148591e-08, 0.0, 0.0, 0.0, 0.0, 0.0, 0.0, 0.0, 0.0, 0.0, 0.0, 0.0, 0.0, 0.0, 0.0, 0.0, 0.0, 0.0, 0.0, 0.0, 0.0, 0.0, 0.0, 0.0, 0.0, 0.0, 0.0, 0.0, 0.0, 0.0, 0.0], "grad": [0.6603794669103245, -335.08721524215684, -0.37925576703902686, -0.41795386491255837, -0.2602320712257171, 335.9226650839815, 0.09280736162807024, -0.41826147719832796, -0.029147329049213022, 0.7883930924752143, 0.11804816176859667, -0.18046118335919986, 0.0761871979355303, -0.38900141055650067, -0.032902257947961644, 336.2865458846754, -0.4627506742574957, 0.20879381404531494, 1.0464147992084407, 0.2135091631567726, 0.08055255068937917, 335.32210376913224, 334.7367195125688, 0.3676191601894927, 334.132706331284, -335.060916616176, -335.3694808074592, -0.5256303708403611, -334.2012237422602, -0.9129466192631854], "optimality": 336.2865458846754, "nfev": 1160, "njev": null, "status": 2, "message": "`ftol` termination condition is satisfied.", "success": true, "res_time": 1476.726502000005, "tension_error": [0.35863517111027365, 0.2132802931619969, -0.484830078805199, -0.4018620234655135, 0.17235966317750706, 0.365072103688515, 0.17551700328327605, -0.37119277961765174, -0.35973802842452746, 0.18441350469584103, 0.08106326500790642, -0.005906659903180539, 0.15447623803004254, -0.00893186251693212, -0.15538162967172323, 0.08212029626351536, -0.15862527701112974, 0.24935881818268654, 0.005608640802247933, 0.030447211989633738, -0.3743861919560923, -0.2996250201281478, 0.05363693217792731, 0.22397549504804215, -0.0116168115310257, -0.27384280632925, -0.31071197475042833, -0.07597571617706231, 0.37211996105471823, -0.0007745021060846791], "git_revision": "ec36e56dd006ef5715c6882890a8a7f5f3c70256"}