{"x": [0.07076704610373213, 0.0750971474037543, 0.13677264474661535, 0.13277045661794395, 0.08072926602664113, 0.07110428872950177, 0.07488066906931742, 0.1345827013215215, 0.1275940134194711, 0.08440241342017764, 0.10658650131403008, 0.09582184608998487, 0.09718162087731722, 0.07198613714553537, 0.10503754123241259, 0.07568442763256457, 0.11815765902196754, 0.08207691878541101, 0.08680906580091018, 0.1255929585962841, 0.16715389560858163, 0.14207650847010092, 0.110832213539097, 0.0676641298461481, 0.09600834253036884, 0.12735260195803466, 0.13360422464786337, 0.08866076226201229, 0.07988113281649492, 0.10180783702051474], "cost": 0.7441402838572287, "fun": [0.2849111455153214, 0.245620452182589, 0.3785975649662678, 0.29990506787501836, 0.03411148239035008, 0.17909014956579353, 0.2675975976703586, 0.11421742927279524, 0.17766257037773842, 0.2564796136831822, 0.4254273921527243, 0.2553375211604049, 0.2363343825746182, 0.24391370381504018, 0.4623575466084118, 0.24427400602250193, 0.04444041620581578, 0.40421672013140963, 0.13954713545801295, 0.2800777222770086, 1.8749777268453624e-08, 3.803866972489261e-06, 1.601750981727826e-08, 2.708285518160306e-06, 9.264018797044814e-08, 1.4261048470946222e-08, 3.5643326550432164e-06, 4.884175859226562e-08, 1.8655143104989672e-06, 1.859232418543903e-07, 1.1587780209256385e-07, 1.8489874722647276e-09, 6.348124004784838e-07, 1.0923953121140441e-06, 8.616052780055827e-07, 1.8039753846577656e-06, 1.301819816017869e-06, 2.2393215376297642e-08, 1.5041903403630583e-06, 3.6124541842214723e-07, 0.0, 0.0, 0.0, 0.0, 0.0, 0.0, 0.0, 0.0, 0.0, 0.0, 0.0, 0.0, 0.0, 0.0, 0.0, 0.0, 0.0, 0.0, 0.0, 0.0, 0.0, 0.0, 0.0, 0.0, 0.0, 0.0, 0.0, 0.0, 0.0, 0.0], "grad": [-0.02229389963929651, 142.26184977888215, -1.0024178241750863, -0.8127850320206913, 0.5721445150201694, 0.19469288051163347, 0.43202248684219047, 0.1845795103183021, -0.25748946301759357, 0.27935094181735853, -0.6003037583241715, 141.04419327086907, 0.24034855072995165, 0.385154121696184, -0.24096513051671398, 0.5836296696471176, -0.12041863578561693, -0.19090394578556524, -0.259614273242506, 0.28164206497533173, 141.37449530733926, -142.01956916691728, 0.06892113697820099, 0.48802660844204215, 0.24646758092863985, -0.36973079436752876, 0.5646560452221125, -0.552004196678479, -0.658380371737536, 0.35916548221076416], "optimality": 142.26184977888215, "nfev": 758, "njev": null, "status": 2, "message": "`ftol` termination condition is satisfied.", "success": true, "res_time": 894.6176300000079, "tension_error": [0.2923295389626787, 0.2490285259624571, -0.36772644746615346, -0.3277045661794395, 0.19270733973358878, 0.28895711270498237, 0.2511933093068258, -0.345827013215215, -0.275940134194711, 0.15597586579822367, -0.06586501314030074, 0.041781539100151366, 0.028183791226827903, 0.2801386285446464, -0.05037541232412582, 0.24315572367435437, -0.18157659021967532, 0.17923081214588993, 0.1319093419908983, -0.25592958596284104, -0.6715389560858162, -0.42076508470100915, -0.10832213539096996, 0.32335870153851903, 0.03991657469631163, -0.27352601958034656, -0.3360422464786336, 0.11339237737987715, 0.20118867183505085, -0.018078370205147354], "git_revision": "ec36e56dd006ef5715c6882890a8a7f5f3c70256"}