{"x": [0.062373769555131665, 0.08612689274519045, 0.13370993218518168, 0.13446154815705225, 0.07879667176270114, 0.06968066996846485, 0.07956963691115285, 0.14630333099062906, 0.14723934318765397, 0.07739569932305258, 0.12058533541172817, 0.09750076864497552, 0.0877439912665197, 0.09034746860180906, 0.09297947939121375, 0.1018814940699842, 0.10489833260688039, 0.08271094164742461, 0.08228159799002639, 0.09699584015543682, 0.13306208874973527, 0.1331597828384796, 0.09315394649953798, 0.0619358509919775, 0.08621756794122658, 0.12805784748869994, 0.13876581011098219, 0.09197960344394543, 0.06217024572656033, 0.0811840119701944], "cost": 0.7265439860090267, "fun": [0.1391317544627627, 0.37588017697266146, 0.21672235333613046, 0.2041851722544747, 0.3277472942822623, 0.1463313904216079, 0.22915517104133373, 0.0921396403453467, 0.21120553539073, 0.13847882963797445, 0.2551797174242595, 0.31369869409000856, 0.32387756013448143, 0.3954483455477706, 0.5023777358652672, 0.19945301612325353, 0.24551283802408483, 0.19052781136967623, 0.28696357061401445, 0.2329744796299955, 5.642108612821084e-07, 2.264145642347761e-06, 5.649265691709374e-10, 3.0985784639983873e-06, 8.31014887125192e-08, 9.779166719357596e-08, 4.453385925493119e-06, 8.761188329793994e-10, 4.878134588285271e-06, 2.256583739523486e-07, 5.328972228086608e-07, 9.519470481274716e-08, 6.77809423536538e-09, 6.927480795542671e-09, 7.924586534104468e-08, 9.101314757701933e-09, 4.922803175877401e-07, 1.8433597614807832e-10, 2.1650892250234203e-07, 5.564642864465921e-07, 0.0, 0.0, 0.0, 0.0, 0.0, 0.0, 0.0, 0.0, 0.0, 0.0, 0.0, 0.0, 0.0, 0.0, 0.0, 0.0, 0.0, 0.0, 0.0, 0.0, 0.0, 0.0, 0.0, 0.0, 0.0, 0.0, 0.0, 0.0, 0.0, 0.0], "grad": [0.8814956634437611, 96.76391608168058, 0.33953894973421017, 96.89033118225267, 97.42813020489787, -0.2619877307749787, -97.06822584333784, -0.025826928322663374, -0.213546713282255, -97.01590198413125, -97.7776784907523, -0.28550506788777086, 0.4084025776909215, 97.75105986164976, 96.41110490595281, -97.21805906992469, -97.01788357168431, 0.4788474209479624, 0.8339290210962813, 0.3578387918430226, 97.2078887136612, -97.66839190201148, 0.20871097119892545, 0.1960536541853961, -96.84692383703205, -96.94302800660094, 97.19172160004075, -96.14588236035584, 96.16827442596757, -96.09393339270756], "optimality": 97.7776784907523, "nfev": 1066, "njev": null, "status": 2, "message": "`ftol` termination condition is satisfied.", "success": true, "res_time": 1407.62434200001, "tension_error": [0.37626230444868336, 0.13873107254809558, -0.33709932185181674, -0.3446154815705224, 0.21203328237298869, 0.3031933003153515, 0.2043036308884716, -0.46303330990629055, -0.47239343187653965, 0.22604300676947423, -0.20585335411728162, 0.024992313550244866, 0.12256008733480303, 0.09652531398190944, 0.0702052060878626, -0.018814940699841964, -0.048983326068803845, 0.17289058352575395, 0.17718402009973613, 0.030041598445631895, -0.33062088749735263, -0.3315978283847959, 0.06846053500462024, 0.380641490080225, 0.13782432058773428, -0.2805784748869994, -0.3876581011098218, 0.08020396556054576, 0.3782975427343967, 0.18815988029805608], "git_revision": "ec36e56dd006ef5715c6882890a8a7f5f3c70256"}