{"x": [0.06773188324328422, 0.0966398372595513, 0.149194760623046, 0.1391888628096234, 0.09954991843115348, 0.05891370779477282, 0.09366432847632722, 0.1284688117288827, 0.1358472801634024, 0.07907893449343534, 0.10510572048718692, 0.11104142818238198, 0.07990416653461231, 0.09210657700838383, 0.09404275337845615, 0.09110384732720725, 0.10359633344331791, 0.07219059105827574, 0.10929222882914294, 0.1055735003218772, 0.12743261155509972, 0.14210408866850574, 0.1090158114945195, 0.053034633599165805, 0.10250511023256106, 0.12168619078014527, 0.1169085269433424, 0.08544789269028624, 0.07005088782270207, 0.0881148980255074], "cost": 0.7062235085287031, "fun": [0.3557661483823562, 0.2566573880719617, 0.26269152656872397, 0.41159739544742396, 0.24155391228298523, 0.1944583880007058, 0.1553448760224168, 0.24698826455639886, 0.37485358373395217, 0.3380004961513444, 0.10275486719318053, 0.36125714681318166, 0.2259792803071521, 0.3276895105132934, 0.14442073034549233, 0.0042691792688327335, 0.355813666025883, 0.22343686115518654, 0.1174753298801733, 0.18658054314881237, 8.356698054066122e-07, 2.7620199697428025e-06, 1.0011799105265558e-07, 1.5712459114394319e-06, 1.6513016148842964e-06, 1.2076056377532762e-06, 1.2113520544774145e-06, 5.444179643920355e-08, 3.222645070104867e-06, 1.2875557207355608e-07, 3.523262584279793e-08, 9.69529062921668e-07, 1.4889882137040889e-07, 3.748778936026417e-09, 8.637168778067396e-09, 1.560622093612176e-07, 9.86320654755634e-07, 1.3765315252806394e-06, 1.3828941710750834e-08, 2.1881797374287562e-10, 0.0, 0.0, 0.0, 0.0, 0.0, 0.0, 0.0, 0.0, 0.0, 0.0, 0.0, 0.0, 0.0, 0.0, 0.0, 0.0, 0.0, 0.0, 0.0, 0.0, 0.0, 0.0, 0.0, 0.0, 0.0, 0.0, 0.0, 0.0, 0.0, 0.0], "grad": [-0.0069629429605309046, -0.25434543940863985, -0.2910723110878498, 0.02392494343621754, -0.5776730704606243, 0.8742734271301109, 0.27861893345059086, -0.10640699358392469, -0.0528626564754448, 0.11300093831585817, -0.5644830034373604, -0.42843594519247125, -0.03875396197371177, -0.39724686838796364, -0.26656641598638564, 0.5192194520307802, 0.39762989569449736, 0.1671206115544206, -0.17673673686937508, -0.2581903084082975, 0.3584077212247361, -0.22871209398532777, 0.05359702287997692, -0.2292739358906859, 0.25079635749241724, 0.8988242971596312, -0.5793950203190086, 0.6543126640414401, -0.05922664886738649, 0.41848891929957244], "optimality": 0.8988242971596312, "nfev": 1256, "njev": null, "status": 2, "message": "`ftol` termination condition is satisfied.", "success": true, "res_time": 1633.1332019999973, "tension_error": [0.32268116756715787, 0.03360162740448702, -0.4919476062304601, -0.39188862809623387, 0.004500815688465304, 0.4108629220522718, 0.06335671523672787, -0.28468811728882687, -0.35847280163402384, 0.20921065506564668, -0.0510572048718691, -0.11041428182381977, 0.20095833465387694, 0.07893422991616175, 0.059572466215438574, 0.08896152672792756, -0.035963334433179034, 0.2780940894172426, -0.09292228829142934, -0.055735003218772006, -0.2743261155509971, -0.42104088668505735, -0.09015811494519493, 0.46965366400834196, -0.025051102325610586, -0.21686190780145262, -0.16908526943342397, 0.14552107309713763, 0.2994911217729794, 0.11885101974492607], "git_revision": "ec36e56dd006ef5715c6882890a8a7f5f3c70256"}