{"x": [0.09127015388386897, 0.13163308880937266, 0.1807264259166218, 0.17900257408811898, 0.12722866697149185, 0.09459253211867452, 0.12957794041466617, 0.18009150509382554, 0.17874344210968937, 0.1332834564840539, 0.002060464291346652, 0.00022020629694967294, 0.00015037277511274747, -0.005166913981825607, -0.004006447792699829, 0.0019441510177369797, 0.0033977016136557715, -0.002286841726267874, 0.002965715055201625, -0.002741809130890803, 0.05548865202489338, 0.05556130864201108, 0.04800087252585517, 0.06031884160600203, 0.05433831000776458, 0.058582264263701334, 0.05236348828968846, 0.05166585794069342, 0.05979026456178091, 0.052758049134755], "cost": 1.8525225243657657, "fun": [0.19362314612321596, 0.24861287805276963, 0.3208530125092574, 0.3581828767359386, 0.3679598176161154, 0.6177368526020164, 0.4457136117895077, 0.4128356250986009, 0.3700742077882913, 0.4993269340799361, 0.08249231445682285, 0.4600668780099567, 0.6955988524142879, 0.7190064580267648, 0.47395112675370543, 0.3473804087655275, 0.17258366078904983, 0.2755672757745724, 0.5464137386447654, 0.36503134099486617, 0.0, 0.0, 0.0, 0.0, 0.0, 0.0, 0.0, 0.0, 0.0, 0.0, 0.0, 0.0, 0.0, 0.0, 0.0, 0.0, 0.0, 0.0, 0.0, 0.0, 0.0, 0.0, 0.0, 0.0, 0.0, 0.0, 0.0, 0.0, 0.0, 0.0, 0.0, 0.0, 0.0, 0.00013794110306667747, 6.430999320602094e-05, 0.0, 0.0, 1.1959370584801946e-05, 0.0, 2.061159760283523e-05, 0.0, 0.0, 0.0, 0.0, 0.0, 0.0, 0.0, 0.0, 0.0, 0.0], "grad": [-0.6869115661146307, -0.8528872887300389, 2.4151399264825013, -2.1933580886937682, -2.58565339452835, 0.6323013180624564, 3.028465284029119, 0.4426797670418101, 2.2572351918417546, -2.1121384323866255, -4.044031243847669, 0.20307839841809733, 0.35068022325560744, 2.4405910900093195, 0.618549242599534, -1.6556507136860423, 2.418958670508406, 2.7097943481682982, -1.207063047212828, 1.6335657597271058, -1.5645157821040154, -0.5165536437220961, -3.365907140433867, 5.0068589616670485, 1.7482082705323698, 0.3699028223745717, -1.6893269914136055, -1.0257339644232584, 1.0561846139897821, -0.10210005066482619], "optimality": 5.0068589616670485, "nfev": 227, "njev": null, "status": 2, "message": "`ftol` termination condition is satisfied.", "success": true, "res_time": 515.4714549999917, "tension_error": [0.05818314433273363, -0.05566111366981303, 0.00611481985179511, 0.032265042429783404, 0.011152407935444274, 0.007783841508728271, -0.02448523934942779, 0.01574634418642528, 0.03619598289749988, -0.08069660762286007, -0.031256514592387256, -0.003340451646189213, -0.002281101817366371, 0.07838025776461816, 0.06077639608804639, -0.02949208336728072, -0.05154193184216763, 0.03469058021910961, -0.0449888485275267, 0.04159227484268543, -0.00582187699300172, -0.006924052178813207, 0.10776508986644517, -0.07909414468527377, 0.011628404574907901, -0.052750880563498755, 0.04158575161928082, 0.0521685572883877, -0.07107581786190498, 0.035600403140687784], "git_revision": "018ef57f2e70e762a509d3bbb7a77c8182022b6e", "linregress": [-0.06063222754199703, 0.043031609483540026, -0.13960308033904265, 0.4618758531945719, 0.08127476787508162]}