{"x": [0.09587321912556539, 0.12792662546928432, 0.18333322291537882, 0.18038723054479683, 0.12175041785236516, 0.09132789106074278, 0.13322113483482234, 0.1871600169633978, 0.17800869435499, 0.12452596848869726, 0.006035716198039325, -0.006722010630742815, -0.003486050496398244, 0.0030853467652912116, -0.0007236748757142657, -0.00219245553058389, -0.005887404547289955, -0.006247041914200511, 0.0045753447105796145, 0.005924967468116118, 0.05478585846343919, 0.05976467054221858, 0.05648920756930881, 0.04874208013685368, 0.06318924291107673, 0.05338112685238301, 0.061058375254259736, 0.05105763910194234, 0.05374740956561181, 0.05948058189557617], "cost": 1.6012960531707334, "fun": [0.1251385021025565, 0.42958667723994004, 0.24539021305695916, 0.48455400119556075, 0.6278586723979602, 0.2468076669002302, 0.23449032326770472, 0.481413985596566, 0.4482534441835504, 0.47508088830820455, 0.16883771860617047, 0.2325102248967137, 0.574482141597847, 0.263318206282885, 0.26153289875217794, 0.2305772853679207, 0.6322302895146277, 0.6090371212902606, 0.28330111084635207, 0.2906550149560393, 0.0, 0.0, 0.0, 0.0, 0.0, 0.0, 0.0, 0.0, 0.0, 0.0, 0.0, 0.0, 0.0, 0.0, 0.0, 0.0, 0.0, 0.0, 0.0, 0.0, 0.0, 0.0, 0.0, 0.0, 0.0, 0.0, 0.0, 0.0, 0.0, 0.0, 0.0, 0.00030373692010967875, 4.236439620905311e-05, 0.0, 3.7899238651583555e-07, 1.0538829540178173e-05, 0.0002040664628993718, 0.00024379413836208083, 0.0, 0.0, 0.0, 0.0, 0.0, 0.0, 0.0, 0.0, 0.0, 0.0, 0.0, 0.0], "grad": [-36.51612355463392, -13.331225973709731, -9.528420774368012, -26.58411009746383, -12.484642837608448, -47.89603224604267, -51.87440922512329, 49.21840626183889, -9.335844368248786, -24.235777907559925, 14.955925568108547, 19.096374595565347, -3.2471857124508343, 5.381978208539559, -13.33485459884295, 20.045215296368077, -21.859757819961555, -0.510921354096261, -7.703555537835114, 22.699540735390766, -39.207146816894905, -40.374602248152456, 41.39397949097286, 37.075155809364155, 28.87557878617388, -54.217853446549576, 1.0291339521028484, -42.9232769869277, -196.09078227955118, 47.50036111263109], "optimality": 196.09078227955118, "nfev": 232, "njev": null, "status": 2, "message": "`ftol` termination condition is satisfied.", "success": true, "res_time": 517.0602739999886, "tension_error": [-0.011643727455838897, 0.0005646243651339896, -0.03342936869504339, 0.01126029368196198, 0.0942555096256002, 0.05730729177898712, -0.07975121024479882, -0.0914804810129332, 0.04734184648413594, 0.05215138807844909, -0.09155968012249574, 0.10197052395053946, 0.052882153147753276, -0.0468036192604296, 0.01097789192848549, 0.03325877501136772, 0.08930984483278102, 0.09476541649884507, -0.0694063611352213, -0.08987966105714679, 0.004839252783079882, -0.0706875656367694, -0.020999950743590852, 0.09652123254435499, -0.1226371173321997, 0.026148534523006993, -0.0903126085846025, 0.06139502196852211, 0.020592155303499816, -0.06637804133848295], "git_revision": "018ef57f2e70e762a509d3bbb7a77c8182022b6e", "linregress": [-0.1213920441830949, 0.06601933720267734, -0.22189573354211153, 0.2386004463895745, 0.10080874999583746]}