{"x": [0.09590107759166536, 0.12841053950737302, 0.18474656483659882, 0.17657825773986327, 0.13092719251561902, 0.09386660333097475, 0.1347499101272686, 0.1788979734320614, 0.17238064098308475, 0.13399245754013447, -0.0034693410867892675, -0.006819734870053472, -0.0005622588226179666, 0.00422298003694548, 0.005221932196263269, -0.013269971414006931, -0.013133607794976545, -0.012306722177909287, 0.013660163701150975, 0.005302825487910224, 0.05768776111873675, 0.05414228003547684, 0.05784645761157451, 0.05565181480027431, 0.0685236654065594, 0.0472510674142483, 0.05328984028950431, 0.05372793928494999, 0.06739033314049687, 0.05885976492989374], "cost": 1.3712081603156305, "fun": [0.44484645681202195, 0.29050589101630103, 0.4362258815496307, 0.3541031805196065, 0.2753284067748591, 0.3642215580509476, 0.4537821258072702, 0.22951373472526435, 0.32124599998931325, 0.48243520176773697, 0.255697805822914, 0.20601599040705643, 0.09449835761285225, 0.2822780448858903, 0.2999085814521772, 0.174530825827104, 0.3956146925164024, 0.3913028807288585, 0.6761385401124685, 0.5077442775507961, 0.0, 0.0, 0.0, 0.0, 0.0, 0.0, 0.0, 0.0, 0.0, 0.0, 0.0, 0.0, 0.0, 0.0, 0.0, 0.0, 0.0, 0.0, 0.0, 0.0, 0.0, 0.0, 0.0, 0.0, 0.0, 0.0, 0.0, 0.0, 0.0, 0.0, 4.17581257951511e-05, 0.0003171775739478197, 1.7774968367388827e-07, 0.0, 0.0, 0.0023367376816612745, 0.002265437727763847, 0.0018639196626166865, 0.0, 0.0, 0.0, 0.0, 0.0, 0.0, 0.0, 0.0, 0.0, 0.0, 0.0, 0.0], "grad": [-37.74513436412197, 0.8210928188538733, 37.81044390802299, 38.307323451276076, 37.3278438100117, -38.33391693607257, 0.24096418614019033, 0.8467726851386366, 0.36017930515920504, 37.363959739638986, -36.16343242148803, 0.21050961877286034, 37.995429396207584, 37.660352534281174, 36.88604067657636, -37.86429901739607, 40.91407555546282, -36.18829640781273, 36.68395213486345, 37.76135686642753, 37.82009904210139, -0.5004795434067404, -0.5676840224598196, -36.10604793909375, -0.7294517666513674, -37.01667209740639, 38.52827996272402, -39.85891881263457, 37.60734013207826, -37.79192897222715], "optimality": 40.91407555546282, "nfev": 629, "njev": null, "status": 2, "message": "`ftol` termination condition is satisfied.", "success": true, "res_time": 1204.0135499999742, "tension_error": [-0.012066330534102453, -0.0067761804508014575, -0.054869265795018635, 0.0690410640449375, -0.04495291654206633, 0.018795924484911433, -0.10294219076191219, 0.03385179738892914, 0.1327174257089133, -0.09145190289707068, 0.05262867731346361, 0.10345296609955974, 0.008529267489693305, -0.06406111365408738, -0.07921486461980123, 0.20130077326959517, 0.199232185395496, 0.18668862302237374, -0.20721985226949563, -0.08044198724522503, -0.039181584205905104, 0.014602109926216167, -0.04158895387737965, -0.008296998591103017, -0.20355842000764662, 0.11913936823215733, 0.027533319397314276, 0.020887512575246726, -0.18636617034771463, -0.056960467528275174], "git_revision": "018ef57f2e70e762a509d3bbb7a77c8182022b6e", "linregress": [-0.3144121028291669, 0.10300473682780652, -0.29354492772139684, 0.11539387513193866, 0.1934989851538733]}