{"x": [0.09201212517117169, 0.12794639679318281, 0.1795500628587204, 0.17748077567764112, 0.12983683044937644, 0.094368392950378, 0.12853142373252938, 0.1848496083682825, 0.18078094485127832, 0.13028744994954045, -0.0018738520953600001, -0.0016161713423827678, -0.0029127235582144867, 0.007179603865141355, -0.0007024468029051962, 0.0017024388732511922, -0.00032183096340933506, 0.004756234025059665, 0.010750743820369005, -0.008734841447302043, 0.05720573990613183, 0.05272327248349894, 0.05290207765457361, 0.06261415285767459, 0.048676104823527494, 0.058168826458737624, 0.05613362672464078, 0.05305253457600915, 0.0492229479864276, 0.05162845877524347], "cost": 1.47890618277617, "fun": [0.42234400402697775, 0.3214851969850156, 0.5881856525590766, 0.12198358908036903, 0.44860345691415754, 0.3363036437132044, 0.38942822936236826, 0.30195207333978963, 0.4702876893627689, 0.5612382136436178, 0.10148997488427886, 0.12656067701602403, 0.35425627844713564, 0.6296653039094843, 0.16436331749650343, 0.10897180845084757, 0.2268161350792695, 0.29230514951366227, 0.6430741429442769, 0.29033228112465415, 0.0, 0.0, 0.0, 0.0, 0.0, 0.0, 0.0, 0.0, 0.0, 0.0, 0.0, 0.0, 0.0, 0.0, 0.0, 0.0, 0.0, 0.0, 0.0, 0.0, 0.0, 0.0, 0.0, 0.0, 0.0, 0.0, 0.0, 0.0, 0.0, 0.0, 6.5796974787159015e-06, 4.221455397614242e-06, 2.4711425867277418e-05, 0.0, 3.466093872926263e-07, 0.0, 3.333369642744499e-08, 0.0, 0.0, 0.000666446173214177, 0.0, 0.0, 0.0, 0.0, 0.0, 0.0, 0.0, 0.0, 0.0, 0.0], "grad": [-2.330221677550818, 2.270683355176113, 0.16823942041029794, 56.575365713328885, -0.7268759201836219, -55.72155593975617, 0.4075053029429485, 2.5495071526613904, 1.4206237561479242, -5.357008029755125, -3.3361591840702527, 1.1071461695104023, 2.2967964750484926, -3.521656198090207, -54.6295573930449, -55.012809010222284, 56.51494600077365, -56.75299309330467, -58.60328956930789, 4.195231121044989, -0.9042092550729722, -52.38056539389228, -2.722678406896545, 0.6845938630836066, -0.34194038186560505, 57.43932715849495, -54.997525916980656, 0.7628090334809694, -56.943171621715365, 56.9843959356505], "optimality": 58.60328956930789, "nfev": 601, "njev": null, "status": 2, "message": "`ftol` termination condition is satisfied.", "success": true, "res_time": 1152.2892379999976, "tension_error": [0.04692770231119169, 0.0002647003739542288, 0.023959831405579005, 0.05535018611489209, -0.028412509616488165, 0.011183953422343233, -0.008609951394300576, -0.056432399728107395, 0.005287786894315769, -0.03524824806710949, 0.02842567357685961, 0.024516747686012825, 0.04418498625929569, -0.10891205148315582, 0.010655869571528608, -0.025825395619763637, 0.004882061895628142, -0.07215038806225793, -0.163084981628467, 0.13250445557653803, -0.031869492883138714, 0.036127952641072034, 0.033415541432413265, -0.11391320460942556, 0.09752205471457058, -0.04647917527932373, -0.015605915085309284, 0.031133163145089477, 0.08922663733086848, 0.05273588940161038], "git_revision": "018ef57f2e70e762a509d3bbb7a77c8182022b6e", "linregress": [-0.20932512807822723, 0.06162724273675785, -0.3234029280691826, 0.08128517117786965, 0.11574693639188552]}