{"x": [0.09950763813062212, 0.12828314644277086, 0.17902478064808308, 0.19107514328907693, 0.12297356268717023, 0.09511083394660819, 0.12454225237549242, 0.1852949138392531, 0.1790584921219983, 0.125222791651196, 0.005836511133013173, -0.002611318941033504, 0.017409000016306037, -0.003132163298173787, -0.0022257601378159603, -0.0028283886901190325, 0.0028893816604832097, -0.009792894041650254, 0.003404408674853572, -0.0025426278021541816, 0.058463474888288784, 0.0526328289680453, 0.055524336093087164, 0.037838812612819905, 0.06814525918666951, 0.05808765625772752, 0.055689529179261704, 0.0604553666539798, 0.044403560888414476, 0.06546092639455543], "cost": 1.4100185364012874, "fun": [0.4036764091248756, 0.13365535510769835, 0.04491572930680819, 0.3467123060517267, 0.5865117997178034, 0.3899890659762904, 0.223434790195918, 0.2775706313763804, 0.23850963585055004, 0.4049194891092383, 0.48327691335569006, 0.3602484714483185, 0.6517832983523433, 0.35632226989685917, 0.17513245163523333, 0.3345352112897171, 0.3737237069192087, 0.1984821468304247, 0.5018902686027114, 0.4294438519027807, 0.0, 0.0, 0.0, 0.0, 0.0, 0.0, 0.0, 0.0, 0.0, 0.0, 0.0, 0.0, 0.0, 0.0, 0.0, 0.0, 0.0, 0.0, 0.0, 0.0, 0.0, 0.0, 0.0, 0.0, 0.0, 0.0, 0.0, 0.0, 0.0, 0.0, 0.0, 1.7806548898048103e-05, 0.0, 3.072792180163616e-05, 1.1026433954143037e-05, 2.2626494579452313e-05, 0.0, 0.0009391461154639941, 0.0, 1.6437977222002146e-05, 0.0, 0.0, 0.0, 0.0, 0.0, 0.0, 0.0, 0.0, 0.0, 0.0], "grad": [1.5383666309526411, 5.097836340645618, 0.9406190108705315, -9.989660884008336, 7.021647501922624, -8.176235977347682, -1.8433949595761163, 3.909007342819283, 0.5523739847435492, -2.2395237619174333, 1.5409467398580547, -0.7930531195685231, 1.4694149056662051, 0.7206005119085663, 5.476124442273852, -16.656184883710843, 2.6776302528158755, 3.8670043395459617, -5.23612496218339, 1.5512229355368412, -1.0447379813014468, -4.8965388672839705, 1.6414945449901754, 9.196836156135248, -1.118017819082592, -4.256850515208791, 8.842907086353023, -7.553667142905276, -2.997407191992135, 1.9041384497986602], "optimality": 16.656184883710843, "nfev": 350, "njev": null, "status": 2, "message": "`ftol` termination condition is satisfied.", "success": true, "res_time": 645.8298959999811, "tension_error": [-0.06677657840767975, -0.004843672714836792, 0.03192817676873816, -0.1508715627431827, 0.07570083506111114, -7.861391751044115e-05, 0.05190436727475394, -0.06318752623523348, 0.0314167856319023, 0.041580827143019944, -0.08853780973725457, 0.03961278481193495, -0.26408837335050567, 0.047513809507042815, 0.033763994124513606, 0.042905656136302, -0.04383089792584787, 0.14855473924010199, -0.05164367558850748, 0.03857076452856183, -0.05094888774974499, 0.037499948784094586, -0.006363191687412571, 0.2619199448156214, -0.19781813147971097, -0.04524785203679322, -0.008869112382209672, -0.08116518137941345, 0.16233503517500614, -0.1570977523690877], "git_revision": "018ef57f2e70e762a509d3bbb7a77c8182022b6e", "linregress": [-0.1644441594841181, 0.08839289196361526, -0.14532254767138728, 0.44354319635606543, 0.211578465718857]}