{"x": [0.09444848296721067, 0.12928218941593608, 0.1795475575186084, 0.17485728545174778, 0.12729243060436493, 0.1005988468138153, 0.1282313479592252, 0.1814799896201266, 0.17938287409419132, 0.12620169915752036, -0.009499598179788842, 0.0009979560984916048, -0.0009585098797923091, 0.005096384504480113, 0.0068200861867652235, 0.0006233657024134326, 0.0022468775493461723, 0.0010673866950054653, -0.003598365508654693, 0.00476107252242799, 0.05076832240484183, 0.05773166458207643, 0.04654147273789458, 0.06362004376322049, 0.05462850143781755, 0.04797270500926639, 0.0546551988651233, 0.052865440988572224, 0.056634109148249456, 0.06125241048479113], "cost": 2.287614510464487, "fun": [0.42331623735834106, 0.38101061419763865, 0.4894067579498485, 0.6001161034667828, 0.564435233295116, 0.4050305665657546, 0.453682074106586, 0.39179463430888506, 0.0710117441835516, 0.2840159737767588, 0.251012932883912, 0.8615592610953297, 0.5128644310224418, 0.3636039560662468, 0.16904524015941524, 0.6389967007717297, 0.2609144757656991, 0.7990614513402939, 0.3801010128763854, 0.484823798173123, 0.0, 0.0, 0.0, 0.0, 0.0, 0.0, 0.0, 0.0, 0.0, 0.0, 0.0, 0.0, 0.0, 0.0, 0.0, 0.0, 0.0, 0.0, 0.0, 0.0, 0.0, 0.0, 0.0, 0.0, 0.0, 0.0, 0.0, 0.0, 0.0, 0.0, 0.0008572662117793592, 0.0, 8.806225072607384e-07, 0.0, 0.0, 0.0, 0.0, 0.0, 4.659247982499697e-05, 0.0, 0.0, 0.0, 0.0, 0.0, 0.0, 0.0, 0.0, 0.0, 0.0, 0.0], "grad": [717.8537622954666, 12.342968562891713, -708.0347536868451, -694.8606432210404, 159.4035165575719, 712.8416198325916, -182.24578273372325, 181.4992944156338, 182.65451488579535, -32.22329917167235, -162.32157269801766, 198.5462370021562, 173.48139675754302, -168.98900780250244, -715.8640226107127, 708.4153288236491, 11.067327260832737, -11.637476263644157, 132.3803562424505, -56.97563242445718, -383.14945703374315, -58.56155662140554, -47.81579429436687, 691.8180928472975, -171.7167175487786, -57.43519940566733, -730.3786573861335, 341.6579495743456, 12.815948856777617, 351.39913471709235], "optimality": 730.3786573861335, "nfev": 382, "njev": null, "status": 3, "message": "`xtol` termination condition is satisfied.", "success": true, "res_time": 1079.1256900000153, "tension_error": [0.009969016191764452, -0.0199988012944988, 0.023997836529035275, 0.09514760501363322, 0.010185136175515582, -0.08332982821298253, -0.004057908038589703, -0.0053164750237385166, 0.026496025835219605, 0.026731146474190226, 0.1441055447431828, -0.015138641075249221, 0.014540255888198385, -0.07731035053686314, -0.10345829544982975, -0.009456237245026426, -0.03408433778900687, -0.01619187866942043, 0.0545859321621634, -0.07222378635614411, 0.06578385394329662, -0.03984758421779383, 0.1299036685159709, -0.1291722139014509, 0.007226303210604125, 0.10819238113132466, 0.006821312680233872, 0.03397130669866804, -0.023198056449979115, -0.09325605440893074], "git_revision": "018ef57f2e70e762a509d3bbb7a77c8182022b6e", "linregress": [-0.16257098739861747, 0.06017345320974354, -0.23591396357504796, 0.20945918566207034, 0.12655392865256684]}