{"x": [0.09243478511333292, 0.13462629182793998, 0.18416971308494348, 0.18243788516598294, 0.1143883617230971, 0.09712058699113857, 0.11627593418889448, 0.1813279739033919, 0.18276083776010985, 0.13592322516366426, 0.0006340825854579396, -0.007167601497787885, -0.011716183154729441, -0.0018167454301113016, 0.013556769457218447, -0.009073038596956363, 0.008571155204125505, 0.0012405312541953323, -0.0014495574080856278, -0.004414916176057175, 0.05242449005696831, 0.05163666282454789, 0.05813362997163637, 0.05557693306029871, 0.05763320698018494, 0.050562981784766, 0.058249059027178036, 0.05376076341959891, 0.04999022557670021, 0.05638199169564096], "cost": 1.4393912689788122, "fun": [0.5782154479742208, 0.37828428606465764, 0.47702398944115554, 0.3327726059737053, 0.23053521839520785, 0.2583239780129911, 0.3136667986940181, 0.5588579766285997, 0.1871151016865432, 0.3819202095796244, 0.24658450349581618, 0.4128593781409069, 0.5593520254930173, 0.6211871413863813, 0.1013131595343497, 0.06069169075143941, 0.4813673150556019, 0.2562261782480005, 0.10400543306851602, 0.3153718912023521, 0.0, 0.0, 0.0, 0.0, 0.0, 0.0, 0.0, 0.0, 0.0, 0.0, 0.0, 0.0, 0.0, 0.0, 0.0, 0.0, 0.0, 0.0, 0.0, 0.0, 0.0, 0.0, 0.0, 0.0, 0.0, 0.0, 0.0, 0.0, 0.0, 0.0, 0.0, 0.00036823202364808926, 0.0016082681328878632, 5.9962844871782655e-06, 0.0, 0.0007468928038841967, 0.0, 0.0, 3.0458342035244703e-06, 8.6053271722603e-05, 0.0, 0.0, 0.0, 0.0, 0.0, 0.0, 0.0, 0.0, 0.0, 0.0], "grad": [-651.6635150128187, 644.9624449732978, -3.821094371998538, 6.41461865398532, -644.6621617375647, -1.012956573349281, 2.215156566480212, 620.5627109808167, 6.40783830490535, -1.9201165321581448, 650.997291530052, 3.0910584246796082, 647.402941860084, 1.2216408069550349, -644.2017361055662, -3.377511734862083, 628.8689050107354, -641.6852656728757, 644.0359320406321, -620.2236435202838, 582.5393154068754, -2.360950486850225, 0.42055287506494876, -5.341612393491889, 647.8270172412701, 651.5008222567799, -638.499772474751, -653.4729352012008, -4.123627183670941, 655.9104325305196], "optimality": 655.9104325305196, "nfev": 571, "njev": null, "status": 2, "message": "`ftol` termination condition is satisfied.", "success": true, "res_time": 998.2294009999605, "tension_error": [0.04051610046724717, -0.10106694488015688, -0.046118628732788755, -0.019847411683394742, 0.20593529742917693, -0.03056585683032157, 0.1773014906851521, -0.0030104503630126113, -0.024746488320330527, -0.12074096490742242, -0.009618808570660326, 0.10872997981518154, 0.17773035489178104, 0.027559385661478204, -0.20565139815562514, 0.13763478672940904, -0.13002139315710795, -0.018818420397728422, 0.021989273227695484, 0.06697271700394707, 0.04066037638363534, 0.05261143687512051, -0.045945257017647775, -0.007161069078477976, -0.03835401721778456, 0.06889879852873045, -0.04769627496737678, 0.0203895820612625, 0.07758730764314394, -0.019373523858199702], "git_revision": "018ef57f2e70e762a509d3bbb7a77c8182022b6e", "linregress": [-0.1198266439450064, 0.07767423248747264, -0.12360096535196408, 0.515223056326815, 0.1818065454073326]}