{"x": [0.09545578510223557, 0.13405668167583865, 0.17857506250456345, 0.18255306099023386, 0.1189042138021219, 0.09442841944308328, 0.13455189728656858, 0.17466197170685877, 0.18289094181562393, 0.14146996521572155, 0.004024256481657041, -0.011126370062104679, -0.007129881731493543, 0.007461681994747559, 0.0026173232973999093, -0.0006468957980322404, 0.0034381558093908326, 0.004539791454374123, -0.005211756412791078, 0.004710292291735677, 0.06023710051036708, 0.06297519657145012, 0.04969525805722828, 0.0875505914275629, 0.05519592282776031, 0.05529181513842872, 0.0537248499729402, 0.04652284291113623, 0.07718113906399982, 0.03515690012287165], "cost": 1.9527502775088763, "fun": [0.5394764974115877, 0.2873490383252246, 0.4537585575191623, 0.4147917138219124, 0.4960663942112338, 0.3086018398949109, 0.5256362946988976, 0.6117047365299305, 0.3812746697765416, 0.5158969197625811, 0.5065650474870103, 0.17240141042505677, 0.28213785333933056, 0.6636387301974479, 0.31192421649382396, 0.21223515659104755, 0.21198886824705734, 0.453591321562079, 0.6354187564649941, 0.3840593902202563, 0.0, 0.0, 0.0, 0.0, 0.0, 0.0, 0.0, 0.0, 0.0, 0.0, 0.0, 0.0, 0.0, 0.0, 0.0, 0.0, 0.0, 0.0, 0.0, 0.0, 0.0, 0.0, 0.0, 0.0, 0.0, 0.0, 0.0, 0.0, 0.0, 0.0, 0.0, 0.001377401340552812, 0.00036244906008648194, 0.0, 0.0, 2.7070918442977814e-07, 0.0, 0.0, 0.00014156383795707492, 0.0, 0.0, 0.0, 0.0, 0.0, 0.0, 0.0, 0.0, 0.0, 0.0, 0.0], "grad": [6.511022459722585, 4383.281316393255, 4402.065245463548, -13.655883589416975, -453.74340381823765, -55.64900053686475, -3934.521591665195, 4004.7792588168472, -3987.9498537858567, -409.42336419125445, -4302.795073112204, -70.58340126200888, 324.7484352089109, 3980.3263225450605, -3859.803542429659, -12.09515409730328, -66.79559622067364, -3900.6474907054226, -294.6101176353633, -32.01883955737488, 4133.969053827397, 19.092613093738272, -3911.8005549246823, -4109.957266535035, 5.233542461687509, 2.8660519480357673, 5.468871209243574, -3877.8290545082673, 203.0845000469468, -274.9278383881515], "optimality": 4402.065245463548, "nfev": 136, "njev": null, "status": 3, "message": "`xtol` termination condition is satisfied.", "success": true, "res_time": 443.048981000029, "tension_error": [-0.005311400952359453, -0.09242616032208478, 0.038750241957839604, -0.021594588204001196, 0.13743141847437584, 0.010273372757076618, -0.0999384059980541, 0.09811044544860496, -0.02672012082965539, -0.2048830498275147, -0.06104654760127576, 0.16878309887097512, 0.10815778430053373, -0.11319107694904597, -0.039703868774502334, 0.009813180473869696, -0.05215560768436814, -0.06886703081240968, 0.07906050158331317, -0.07145346821556536, -0.07785416117318783, -0.1193901100600602, 0.0820618605948134, -0.4921901586509222, -0.0013812785996039274, -0.002835931039004327, 0.02093437634586386, 0.1301862763992385, -0.3348892335740093, 0.3026036087983574], "git_revision": "018ef57f2e70e762a509d3bbb7a77c8182022b6e", "linregress": [-0.11204654967004361, 0.1097861789895092, -0.06464866709855642, 0.7343049491921694, 0.3268514671638744]}