{"x": [0.09577863624353102, 0.1266454321839821, 0.17454015901965417, 0.17706787062376658, 0.13211254520133725, 0.09673400515653469, 0.13337199518862963, 0.18229086942161712, 0.17976406887757734, 0.12745410471145127, -0.002894212215599945, -0.0021573648333368346, 0.00012957129521015708, 0.0013096960048995427, -0.0019748800008580463, 0.0016483375850905714, 0.0005838207410073412, 0.008062323894662061, 0.005100910396463418, -0.0033727497367232804, 0.05015628112630202, 0.060928739831686805, 0.054825847382230036, 0.06610399119067359, 0.05167905496844934, 0.05374235066728548, 0.05561704854095459, 0.04939514882533632, 0.05362802722913779, 0.05593472729532691], "cost": 1.5397958428714054, "fun": [0.4439870994548318, 0.48023467364249695, 0.2525159007633069, 0.5157514907868317, 0.38204964944822567, 0.4458675016249122, 0.2879669010599508, 0.40049791495256803, 0.5268874345607767, 0.554047390524012, 0.29405658815307767, 0.26314282015867885, 0.17031768890669702, 0.16848677952120408, 0.5522730942387271, 0.28373752322045775, 0.44373835772622494, 0.1980266591862177, 0.4381631400862632, 0.35026939466569645, 0.0, 0.0, 0.0, 0.0, 0.0, 0.0, 0.0, 0.0, 0.0, 0.0, 0.0, 0.0, 0.0, 0.0, 0.0, 0.0, 0.0, 0.0, 0.0, 0.0, 0.0, 0.0, 0.0, 0.0, 0.0, 0.0, 0.0, 0.0, 0.0, 0.0, 2.4243265442204697e-05, 1.0040857078739796e-05, 0.0, 0.0, 7.702330245357804e-06, 0.0, 0.0, 0.0, 0.0, 3.836651491800497e-05, 0.0, 0.0, 0.0, 0.0, 0.0, 0.0, 0.0, 0.0, 0.0, 0.0], "grad": [-188.49183328544245, -185.68886319588307, 192.72217728833175, 186.2379861362612, -194.7665938708513, 182.38201473617812, -187.70108863714302, -184.4485329773687, 183.81468608749822, 186.53360423962448, 189.98592575004938, -179.31651961401855, 185.11764063135638, 190.01084891180744, -181.74335152849795, 2978.498096387449, 194.22753012112412, -193.61453505495558, -179.28273188420047, 181.53336258420416, -195.30852167038995, 3003.988204951538, -200.90643568155258, 193.9109943255604, -185.47096763075933, 191.26384649109957, -2987.2809254330573, 2981.532305686753, 188.73974432808387, -175.99497496891559], "optimality": 3003.988204951538, "nfev": 414, "njev": null, "status": 3, "message": "`xtol` termination condition is satisfied.", "success": true, "res_time": 915.490168999997, "tension_error": [-0.010208938585722043, 0.01999987339415, 0.09995830083301446, 0.061613809753458, -0.06293429757054449, -0.024701547118576493, -0.08203970845852351, -0.01761723483520601, 0.020713435785255658, 0.00773259714895829, 0.04390417573858633, 0.03272646154436616, -0.001965550723931197, -0.019867625204986725, 0.029958231173562333, -0.025004698211921545, -0.008856354166035014, -0.12230260214670266, -0.07737900671761515, 0.05116342069362541, 0.0750683036831754, -0.08834608507125741, 0.004232635027572464, -0.16685281789879947, 0.05196836304461398, 0.020668897001971602, -0.007769606732717809, 0.0866144115054678, 0.022403143126848518, -0.012588681085731865], "git_revision": "018ef57f2e70e762a509d3bbb7a77c8182022b6e", "linregress": [0.0150462364452935, 0.04424682911717144, 0.023718139650773733, 0.9009931919553974, 0.11985221210929307]}