{"x": [0.09569662060515785, 0.12824958516044954, 0.18131883620810973, 0.18229224605393873, 0.1288801126305877, 0.09486869368693145, 0.12740831169530628, 0.18035034358292976, 0.1820172943587745, 0.12771315201401148, -0.00014719929287670353, 0.0007090630645453504, 0.000422677958619186, 0.001090668931577892, -0.000704336077237633, 5.801826858181948e-05, -0.001007182785427423, 0.00032885989942942024, -0.0012954816996575303, -0.00022803296712058666, 0.056953026181364795, 0.053072478048458736, 0.05669080724725842, 0.05368702036802163, 0.054976812805020314, 0.05522822569569373, 0.05523921786837615, 0.056238354392716405, 0.055416382250933205, 0.053869608588049595], "cost": 1.126457857960922, "fun": [0.41047595916733653, 0.16590687579931573, 0.5558290425307029, 0.10472290280442201, 0.3263611864280128, 0.25843318408326255, 0.22644810275405164, 0.33863491572782956, 0.2986138892525046, 0.31745434924991556, 0.39391991789831254, 0.3185510774825125, 0.31127583090147554, 0.32098959309235403, 0.4876506823416954, 0.38591173113556576, 0.009862119539620363, 0.2406141672488778, 0.3707697556688784, 0.41112010715778124, 0.0, 0.0, 0.0, 0.0, 0.0, 0.0, 0.0, 0.0, 0.0, 0.0, 0.0, 0.0, 0.0, 0.0, 0.0, 0.0, 0.0, 0.0, 0.0, 0.0, 0.0, 0.0, 0.0, 0.0, 0.0, 0.0, 0.0, 0.0, 0.0, 0.0, 3.1894600827174655e-09, 0.0, 0.0, 0.0, 3.494135983525646e-07, 0.0, 1.021703504078944e-06, 0.0, 2.1741717436705464e-06, 1.185749403181799e-08, 0.0, 0.0, 0.0, 0.0, 0.0, 0.0, 0.0, 0.0, 0.0, 0.0], "grad": [-4.004327605175073, 1.900670666772893, 2.8391867180378214, -1.8250574681998886, -4.074423875564517, 5.9780124184360535, -0.030771403248261664, -0.34504117797144884, -1.1694047032919965, 0.5119869715701819, 0.9108595607559691, -1.5444758312717823, -2.366538419525209, -4.502426729106997, 3.0484438134644773, 7.824098600293055, -2.124042317699521, -2.1634041248893743, 3.1598627879002867, -3.378699985671333, -0.6929806793691786, 4.497281536894942, -5.477248621344849, 1.6298779064126419, 3.9763318027368464, 0.48416002798092705, -5.504522878515182, 3.4008414287079543, -1.9516702438577234, 3.2359854200097624], "optimality": 7.824098600293055, "nfev": 1005, "njev": null, "status": 2, "message": "`ftol` termination condition is satisfied.", "success": true, "res_time": 1734.826499000017, "tension_error": [-0.008964790357392716, -0.004334559931363129, -0.002871834757235294, -0.01763811786066267, -0.013899438659930746, 0.0035945681860454393, 0.008427261008641026, 0.011819855847979151, -0.01346719788491026, 0.0038029411842339877, 0.0022329612141847644, -0.010756235920691287, -0.006411875147239985, -0.016545061964188354, 0.010684529194987667, -0.0008801166155456512, 0.01527860665293963, -0.004988688369187245, 0.01965199922152101, 0.0034591794646883544, -0.028035915053592927, 0.03083062772127196, -0.024058146559997953, 0.02150823807359549, 0.0019425429545347516, -0.001871301681866097, -0.002038049053947706, -0.01719459677184954, -0.004725570081078316, 0.01873843935023486], "git_revision": "018ef57f2e70e762a509d3bbb7a77c8182022b6e", "linregress": [-0.0007955256491827197, 0.011074216829282503, -0.005950409323127392, 0.9751044066717318, 0.025265077848601464]}