{"x": [0.09506739262521897, 0.12322756275495876, 0.18196677297303543, 0.18262649615667598, 0.12587149293759584, 0.0935402424306576, 0.13060828467837182, 0.18123960696086086, 0.1809586987205987, 0.1271967044968256, 0.008422488328948487, -0.006891847161357407, -0.008667120350777551, -0.006480753858679761, 0.00597464441103637, -1.4372963053725618e-06, -0.0020340433301732895, -0.002104148255573384, -0.0022917494038922474, 0.0024779872837975944, 0.0600410844879478, 0.0528388226218025, 0.05827062854210576, 0.059848495836248905, 0.05215757867087045, 0.057226020306832596, 0.05822196912930181, 0.05609578600285747, 0.05504357785789626, 0.05353820461958086], "cost": 1.4053506502466067, "fun": [0.34667884160535006, 0.3855825170265233, 0.26761169166856585, 0.488617294518939, 0.3370374319567772, 0.4521622157864907, 0.5060669390649237, 0.45447706868926296, 0.485665621392736, 0.10862282617157806, 0.3541397718928194, 0.5170703181975512, 0.18321989615925677, 0.20366014462943066, 0.4022971527029977, 0.15489503388008086, 0.4503071010642909, 0.21371420801996996, 0.31802056590064626, 0.44706059740274046, 0.0, 0.0, 0.0, 0.0, 0.0, 0.0, 0.0, 0.0, 0.0, 0.0, 0.0, 0.0, 0.0, 0.0, 0.0, 0.0, 0.0, 0.0, 0.0, 0.0, 0.0, 0.0, 0.0, 0.0, 0.0, 0.0, 0.0, 0.0, 0.0, 0.0, 0.0, 0.00032734590541847245, 0.0006510651984676034, 0.00027219276753075687, 0.0, 2.969196415744958e-15, 8.415513106515826e-06, 9.31598990317226e-06, 1.2036532177251934e-05, 0.0, 0.0, 0.0, 0.0, 0.0, 0.0, 0.0, 0.0, 0.0, 0.0, 0.0], "grad": [2376.0843343443194, 2374.6749309664547, -2375.7208030607035, -2373.832497054946, 2375.838366031692, -1.22294390694412, 0.054800831446722764, 2373.2822347115425, -2377.6683110368444, -2372.9696936266823, 2372.473516339281, 2376.859274354337, 2.072635157454561, -2372.193164428487, 2374.3593510787045, 2374.169232867749, 0.509457625498358, 0.7382881288054866, 1.551806220832226, -2375.9522061347566, 2371.200666925159, -2371.60579850971, 2374.4617982555583, 2375.144401044605, -2377.8710953450586, -2372.3676095713245, 2373.0107768062308, -2375.620968807257, 2378.055892729469, 2377.701601259045], "optimality": 2378.055892729469, "nfev": 352, "njev": null, "status": 3, "message": "`xtol` termination condition is satisfied.", "success": true, "res_time": 600.7424869999522, "tension_error": [0.0005803755644315453, 0.07184774386285954, -0.01270080633072854, -0.02270857370772103, 0.03174025804914615, 0.023746703921365887, -0.04011519743652003, -0.001669955096821581, 0.0025913235614646105, 0.011637267372227538, -0.1277661692384551, 0.1045468840552836, 0.13147715049262085, 0.09831074404162744, -0.09063324271241403, 2.1803276635820924e-05, 0.030855717955469875, 0.03191918488036095, 0.03476502795301366, -0.03759019072596918, -0.0748806674364507, 0.03437509790866744, -0.048023476880518653, -0.07195916570141189, 0.04470932771440042, -0.03217713938936802, -0.04728533079725426, -0.015031884718671243, 0.0009297407146500069, 0.023765720347008707], "git_revision": "018ef57f2e70e762a509d3bbb7a77c8182022b6e", "linregress": [-0.3020453939266003, 0.06325656486093838, -0.51079680164896, 0.0039221101790499965, 0.09607108700743422]}