{"x": [0.09510974568193539, 0.1289557165813897, 0.18162151475847851, 0.18046090550014257, 0.12785792113182864, 0.09230792320823189, 0.12961727515476656, 0.17981180451476286, 0.17856071966126094, 0.12853740890729065, -0.00027846689718935216, 0.0054864320823203895, 0.004845219851164373, -0.002330841054596254, -0.004287161030753183, -0.0071182853436604, 0.0034888742840879445, -0.00237011469671983, 0.004594489695366631, -0.000636204098732742, 0.06245578424400607, 0.06560325261918513, 0.051637145935107036, 0.05571770141518042, 0.0547842170355832, 0.052406150496492755, 0.05134397059347325, 0.05588062114575141, 0.058502358631871504, 0.05587391399952908], "cost": 1.5329609061163225, "fun": [0.4932395549522076, 0.2856641563722305, 0.12836771390888047, 0.5609674094284681, 0.39540429645524316, 0.4534591713588016, 0.5470587923297869, 0.30682352613464625, 0.2800506084120766, 0.42265577824209977, 0.6007413988255963, 0.45272097845963444, 0.0939703253040454, 0.13640640302712342, 0.23764281174214885, 0.10605113074828218, 0.43869684845192686, 0.4580552442501449, 0.3926848171686897, 0.42419828975117846, 0.0, 0.0, 0.0, 0.0, 0.0, 0.0, 0.0, 0.0, 0.0, 0.0, 0.0, 0.0, 0.0, 0.0, 0.0, 0.0, 0.0, 0.0, 0.0, 0.0, 0.0, 0.0, 0.0, 0.0, 0.0, 0.0, 0.0, 0.0, 0.0, 0.0, 2.159338495507583e-08, 0.0, 0.0, 1.2663039949023856e-05, 7.879694668430858e-05, 0.00036068342037132243, 0.0, 1.3313985813552795e-05, 0.0, 2.5750720685170604e-07, 0.0, 0.0, 0.0, 0.0, 0.0, 0.0, 0.0, 0.0, 0.0, 0.0], "grad": [9.652246864810087, -125.83801677620355, -0.2074556117385007, -14.232071172081628, 392.74438281956805, -382.33451384890094, -24.274946353341072, -5.256972617138563, -3.8514472175309216, -390.5901951875615, 17.978870555850854, 388.490881215817, -3.710995123914146, -381.52070996457473, 385.46474419697904, 8.724618377646026, -673.8050428152391, 7.369475528373974, 7.734127123112619, 395.6739361286977, -128.11886980556764, -36.13964037896954, 126.6910148170627, -123.6154428037608, -140.55970841500869, 124.54759750875337, 2.148487412889587, -1.119442589257721, -379.0908992525129, 119.91413617374607], "optimality": 673.8050428152391, "nfev": 323, "njev": null, "status": 3, "message": "`xtol` termination condition is satisfied.", "success": true, "res_time": 619.7618810000131, "tension_error": [-6.210532730171194e-05, -0.015046323855373947, -0.007463361320513504, 0.010142670665378354, 0.0016068448662425853, 0.04244055070143044, -0.025081933445559087, 0.01998930305141879, 0.0389678178182241, -0.008700744378701927, 0.004224244347281167, -0.0832272343478036, -0.07350027157338619, 0.035358034468973086, 0.0650347166317897, 0.1079818711983034, -0.052924989008340424, 0.03595380173040398, -0.06969678378359213, 0.009650991176741048, -0.11151080874899015, -0.15925679086138314, 0.05260410825879595, -0.00929647523765522, 0.00486415266314506, 0.04093858103004902, 0.0570514745064854, -0.011767909931945306, -0.05153874038820328, -0.011666164895813454], "git_revision": "018ef57f2e70e762a509d3bbb7a77c8182022b6e", "linregress": [-0.2418376094962166, 0.056527198195207504, -0.3976624202085702, 0.029541838539255686, 0.10545116890965815]}