{"x": [0.09784989012007715, 0.1260515028182076, 0.18557465147648083, 0.1845286625651563, 0.12484279056359604, 0.09668639293706857, 0.12207626752028336, 0.19301745498400213, 0.18758859144727152, 0.1172729162034947, 0.005483267541391354, 0.013458906332854279, 0.005954393895215603, 0.003997479694189199, 0.00023838580009501238, -0.009403376712024727, 0.006741156022321229, -0.0018282075650374837, -0.0010422287535327014, 0.0006999416462268893, 0.05691149506861818, 0.06812926126291105, 0.06606577686221096, 0.04679188317301849, 0.06436222495846831, 0.06094010668652598, 0.0580141666691288, 0.06013322445378666, 0.03706130004345482, 0.058326510166080134], "cost": 1.387058132915308, "fun": [0.14231133947730032, 0.612332173843692, 0.2520046975466527, 0.3273211124557527, 0.6507902468764564, 0.2073635839904655, 0.07533310216647217, 0.4384072497607575, 0.2535844002846416, 0.303949975131664, 0.12594145263928205, 0.36327698550154186, 0.5470512857672509, 0.6232378452323659, 0.08921338610251897, 0.15227222217878061, 0.06662591148914467, 0.3607803872660994, 0.4635529183264853, 0.41354812701781707, 0.0, 0.0, 0.0, 0.0, 0.0, 0.0, 0.0, 0.0, 0.0, 0.0, 0.0, 0.0, 0.0, 0.0, 0.0, 0.0, 0.0, 0.0, 0.0, 0.0, 0.0, 0.0, 0.0, 0.0, 0.0, 0.0, 0.0, 0.0, 0.0, 0.0, 0.0, 0.0, 0.0, 0.0, 0.0, 0.0008314794204036081, 0.0, 6.1104965763021016e-06, 1.132111368641897e-06, 0.0, 0.0, 0.0, 0.0, 0.0, 0.0, 0.0, 0.0, 0.0, 0.0, 0.0], "grad": [-0.3621266683553298, -1.667901812973564, 0.7258329942156259, 0.41369652654328526, 1.0790498351400692, 4.445287170974464, -1.106867117526337, -2.402290656234385, -0.7437095127557258, 0.2430983871778576, -3.5724435797495575, 0.6805899131976721, 0.4972259101857589, -1.2191779881566314, 3.298686845406073, 2.1638463899048754, -3.0203960449555822, -0.5229178553592901, -0.9959805008963719, 0.1647704300388, -4.4106442937829975, 5.493451056731294, -1.9274777151582483, -0.8445972577023326, -0.5645034003963314, 0.4624828297994087, -4.702282855885536, 7.372259801596639, -2.1217658594023785, 4.274365797416658], "optimality": 7.372259801596639, "nfev": 381, "njev": null, "status": 2, "message": "`ftol` termination condition is satisfied.", "success": true, "res_time": 816.532865999965, "tension_error": [-0.04162912736972224, 0.02900957182286943, -0.06743104725948496, -0.051563765400927206, 0.04734530925007401, -0.02397928658789488, 0.08931248540383459, -0.18033574423390683, -0.09798180436290942, 0.16217762611803904, -0.08317922938108711, -0.2041668491694614, -0.09032604954924521, -0.06064035320531326, -0.0036162282795096953, 0.14264589910705078, -0.10226095276979191, 0.027733262194590054, 0.01581024159467941, -0.010617867230696706, -0.027405902761191467, -0.1975754486341483, -0.16627312005096648, 0.12610503077572593, -0.14043084015228374, -0.08851851623914632, -0.044133040968204786, -0.07627839813184756, 0.27371453551645863, -0.04887118135301874], "git_revision": "018ef57f2e70e762a509d3bbb7a77c8182022b6e", "linregress": [0.05502341196362908, 0.08707508583086772, 0.05160272760887396, 0.7865369368293598, 0.20124117457830495]}