{"x": [0.08848527674357948, 0.1281197266301966, 0.18888778625930802, 0.18328777551440856, 0.12383656630288896, 0.10259184336092794, 0.12966281104687802, 0.1835320555386811, 0.1835508008645217, 0.12357652363522578, 0.00918750374611768, -0.019525367588807536, -0.0019174207517247855, -0.00660376093350004, 0.0073528909388975595, -0.00026770099513502056, 0.004621184069564294, 0.007490614080987787, -0.020396068785812835, 0.00313130993084396, 0.053220362777510515, 0.05199364964459214, 0.04692440996936568, 0.049321723061567235, 0.053592239362963985, 0.04780526139880347, 0.044161161602772746, 0.05281082385410191, 0.04140969578570511, 0.06106117351252841], "cost": 1.5320170148578935, "fun": [0.449423462061069, 0.5147532220165584, 0.07017537970162809, 0.5616991815693031, 0.35916298505480665, 0.34999101273932304, 0.344550426887014, 0.25914936958099877, 0.39015250363337806, 0.2936687479392906, 0.609643093938859, 0.2455915509242269, 0.5496251252274376, 0.6567781655148619, 0.2048755679958271, 0.21881975960162436, 0.3088267827050911, 0.22454602908100313, 0.24420777802179927, 0.3741450619633114, 0.0, 0.0, 0.0, 0.0, 0.0, 0.0, 0.0, 0.0, 0.0, 0.0, 0.0, 0.0, 0.0, 0.0, 0.0, 0.0, 0.0, 0.0, 0.0, 0.0, 0.0, 0.0, 0.0, 0.0, 0.0, 0.0, 0.0, 0.0, 0.0, 0.0, 0.0, 0.0074438507388584815, 7.049401878841034e-06, 0.00028798775890647387, 0.0, 1.918447667774401e-08, 0.0, 0.0, 0.008484756903462887, 0.0, 0.0, 0.0, 0.0, 0.0, 0.0, 0.0, 0.0, 0.0, 0.0, 0.0], "grad": [7.769004120395177, 7.122694817996013, -0.25819625413823966, 6.679948368448928, 6.850792934079694, 5.097390911419157, 2.8981792053996984, 0.3950856831768075, 4.445808710216582, 1.2245407574977634, -8.257100194620373, 3.286112477110687, -0.7203304981926095, 2.358649375328552, 2.0605696732063525, -0.8489558929975614, -5.449941100584808, 0.32918639577568354, 4.068942565301646, -3.9104742744854595, -27.884869527906496, -6.220382627711238, -9.412897709652958, -4.994027289910932, -20.08244629808038, -22.52095717615736, -21.740378816566174, -9.029614674570619, -1.8659538975567997, -14.005490304449024], "optimality": 27.884869527906496, "nfev": 443, "njev": null, "status": 2, "message": "`ftol` termination condition is satisfied.", "success": true, "res_time": 958.602848999959, "tension_error": [0.100428745646491, -0.002364651953417024, -0.11769013018603365, -0.032739947695330444, 0.06260937542199956, -0.11356288098609822, -0.025772696824587996, -0.03644558927105181, -0.03672994923454944, 0.0665541307233133, -0.1393711825602449, 0.2961929209471615, 0.029086594685347536, 0.10017671786375765, -0.11154075510703321, 0.004060929420604374, -0.07010172799939245, -0.1136299664651389, 0.30940115017205055, -0.047500864226452694, 0.028587268682723852, 0.047196073067621344, 0.12409464614479354, 0.08772825437396303, 0.022946032399906852, 0.11073244148365219, 0.16601214661084335, 0.03479982931259313, 0.20775090996763113, -0.09035505717290147], "git_revision": "018ef57f2e70e762a509d3bbb7a77c8182022b6e", "linregress": [-0.4239832709241126, 0.11915490215922082, -0.3532769477268539, 0.055489403409949935, 0.21218120847262262]}