{"x": [0.09510507981154162, 0.12796606832077373, 0.18112896449688037, 0.18112827479357096, 0.12796467879300877, 0.09510420144380664, 0.12796635770371667, 0.18112598314939055, 0.18112479355078778, 0.12796595085800866, -5.744195470601534e-06, 7.660615422503316e-06, 4.982557756427062e-06, 5.2734882559812875e-06, 8.489995405912152e-06, 1.1389996345483176e-07, 8.353764698010812e-06, -4.5000907617838555e-06, -5.592712844088552e-06, -4.142765419173666e-06, 0.05510222877626736, 0.05510404257973919, 0.05510085853098954, 0.05510395883200232, 0.05510293882459027, 0.05510568778600222, 0.055102824467172656, 0.05510200095696141, 0.05511096020123374, 0.0551073868519135], "cost": 2.1586285026861463, "fun": [0.5819694476836318, 0.7809782754958589, 0.3820076882563792, 0.5422235978145284, 0.3856534168177226, 0.3246489968642841, 0.3895423980848464, 0.44686708425401406, 0.2979404395578116, 0.3957208554518104, 0.6962627070364639, 0.4265239718895708, 0.2599382919884832, 0.2131521469355749, 0.4967054154400381, 0.33800243930620166, 0.4093508341481503, 0.5631785798016283, 0.4015942550055733, 0.5395353593448292, 0.0, 0.0, 0.0, 0.0, 0.0, 0.0, 0.0, 0.0, 0.0, 0.0, 0.0, 0.0, 0.0, 0.0, 0.0, 0.0, 0.0, 0.0, 0.0, 0.0, 0.0, 0.0, 0.0, 0.0, 0.0, 0.0, 0.0, 0.0, 0.0, 0.0, 1.895342192414067e-13, 0.0, 0.0, 0.0, 0.0, 0.0, 0.0, 9.113051388957893e-14, 1.749313161092572e-13, 7.110023353904217e-14, 0.0, 0.0, 0.0, 0.0, 0.0, 0.0, 0.0, 0.0, 0.0, 0.0], "grad": [-391.6753501745518, 358.81083519373874, -350.0594943956107, -389.0904191438085, -399.2436477191051, 406.5186561705344, 372.71495219337584, -369.99751837414806, -373.5793448198858, -389.40428480716844, -349.50443617869695, 392.3266307081978, -393.6512872520302, 388.2312033100312, 384.47684274750264, 403.3523069312047, -384.3300370045157, 386.2178871276853, 395.7178677474958, -396.7776800433835, 389.38241862750226, -352.6610901602654, -354.01271887823697, 397.64604357836475, -381.86877034821873, -394.1378013891897, -360.08628188582696, -371.89461825296485, 343.9477019567367, -396.7376939475577], "optimality": 406.5186561705344, "nfev": 138, "njev": null, "status": 3, "message": "`xtol` termination condition is satisfied.", "success": true, "res_time": 447.9138240000466, "tension_error": [8.674276432067158e-06, -3.37097425336946e-05, 8.451951758496538e-06, 1.8914507040571732e-05, -1.2631097762010694e-05, 2.1998804326628686e-05, -3.809957943445267e-05, 5.3677938790707134e-05, 7.172372887913976e-05, -3.192787392966318e-05, 8.713741378698578e-05, -0.00011620882669296294, -7.558363902506165e-05, -7.999695181231891e-05, -0.00012879022772132508, -1.727822163553026e-06, -0.00012672365606204795, 6.826478534643047e-05, 8.483947591638981e-05, 6.28442862713285e-05, 4.002702554495503e-05, 1.2512268350085185e-05, 6.08131618061765e-05, 1.3782691900040115e-05, 2.925584360333288e-05, -1.2444928813591028e-05, 3.099060518466375e-05, 4.3482963845218287e-05, -9.2425603224266e-05, -3.821915779309788e-05], "git_revision": "018ef57f2e70e762a509d3bbb7a77c8182022b6e", "linregress": [-0.0002890102990238499, 6.924790900174188e-05, -0.4999491365278711, 0.004904992334699025, 9.461365892272392e-05]}