{"x": [0.08945893232437899, 0.13563559166445133, 0.16882530488964487, 0.17890436641231425, 0.14502752651149234, 0.0931645001128217, 0.12174474626702471, 0.1852726453763259, 0.1815333299530929, 0.1275074291212971, -0.004122613810188707, 0.0038838999921567085, 0.027283312694236294, 0.010747022418459188, -0.014263823270487601, 0.017541730420130054, -0.001531699009801114, 0.006842184278412829, 0.004952437410473771, -0.019622407772329452, 0.0759533295336624, 0.041468420259431586, 0.05538303744267286, 0.07285623495332857, 0.03989382324694768, 0.06172964761924025, 0.05064292047664254, 0.049892977450006, 0.05176912760566841, 0.044614284470407065], "cost": 1.1889758332008424, "fun": [0.3899154086361683, 0.4574285191891761, 0.5085023400893972, 0.49112703654254575, 0.12687423879758902, 0.14586670268190607, 0.35977639128051264, 0.12524159739792712, 0.461993738764027, 0.32751402500782323, 0.3660536388765229, 0.17221036133692869, 0.34818753183719975, 0.35957594485725525, 0.30388390436563767, 0.24705609828241948, 0.2861787897163548, 0.3937916883812824, 0.29544496957591654, 0.3490091637213558, 0.0, 0.0, 0.0, 0.0, 0.0, 0.0, 0.0, 0.0, 0.0, 0.0, 0.0, 0.0, 0.0, 0.0, 0.0, 0.0, 0.0, 0.0, 0.0, 0.0, 0.0, 0.0, 0.0, 0.0, 0.0, 0.0, 0.0, 0.0, 0.0, 0.0, 7.006771604042487e-05, 0.0, 0.0, 0.0, 0.002902069760021553, 0.0, 3.5935218906861598e-06, 0.0, 0.0, 0.0075553900446711075, 0.0, 0.0, 0.0, 0.0, 0.0, 0.0, 0.0, 0.0, 0.0, 0.0], "grad": [5685.96132514837, -100.67760941124214, -36.43878473752571, -275.28118857460044, 1605.6942123655995, -6295.973121288509, 206.1523219457312, 6099.467225559348, -5906.472001697384, 1157.599793313466, 4720.106256687146, 4588.720340474696, 5965.881569196326, 253.12238706793596, 608.2610483243111, 5450.70289530404, 5448.016350756337, -149.40407029054668, 33.24674047510291, 5729.689116670246, -610.2358314539356, 48.027576343010125, 645.5807586884928, 175.93325543644877, 2352.340458727194, 190.82450418014005, 206.67671532027853, -135.77589489893197, 1681.0744249246359, 4785.4725401806645], "optimality": 6295.973121288509, "nfev": 201, "njev": null, "status": 3, "message": "`xtol` termination condition is satisfied.", "success": true, "res_time": 497.8558999999659, "tension_error": [0.08565873483046803, -0.1163776664493198, 0.186650616860125, 0.033754818139445864, -0.25884999651111723, 0.029446581997262918, 0.0943415455693923, -0.06284972152813088, -0.0061256290104035795, 0.006923684710399645, 0.06253859348987933, -0.05891738929427295, -0.4138782045083205, -0.16302852927761244, 0.2163771544450518, -0.2661018466348533, 0.023235332275379415, -0.10379351568487485, -0.07512672402936352, 0.29766498621179094, -0.3162637972280189, 0.20686008046979873, -0.0042197411325510595, -0.26928196776814517, 0.23074616027449477, -0.1004955729580189, 0.0676861568442185, 0.07906252733215545, 0.050601992993244284, 0.15913843296104263], "git_revision": "018ef57f2e70e762a509d3bbb7a77c8182022b6e", "linregress": [-0.5276590390697286, 0.16965046221564545, -0.30760888171245343, 0.0982037402906071, 0.3084538325421058]}