{"x": [0.09140935798277905, 0.12968391940063415, 0.183108515829626, 0.18316406126277635, 0.12170627550689135, 0.09697612800384353, 0.12885793664427364, 0.18298344627887922, 0.18551095939022977, 0.12449715008492813, -0.0011412226822653426, -0.0007224570664180284, 0.0023789504305155073, -0.0018358816428735833, -0.0010818557644779831, 0.0010756676980372098, 0.0015800504764872474, -0.0006490319177374547, -0.0005042897423110058, -0.0019272327793729766, 0.058875348864256646, 0.04894098570961736, 0.05863797656350388, 0.047194757636065045, 0.06212352502187824, 0.054742172549389886, 0.05399047177869525, 0.05301559568506351, 0.05364043326683482, 0.05163768177249177], "cost": 1.7319561295578751, "fun": [0.3513546305457036, 0.322451964039205, 0.443578980416872, 0.5009429716724967, 0.4828197228851345, 0.5678355329976073, 0.32564715860969734, 0.6109232461494951, 0.5030728246852852, 0.31324506608948904, 0.40338966316031283, 0.15582229946638773, 0.3495022114818912, 0.6420177465930036, 0.15192478597012618, 0.3242775494086784, 0.32374659398826056, 0.3291833495992774, 0.3619028229032509, 0.4571914158168344, 0.0, 0.0, 0.0, 0.0, 0.0, 0.0, 0.0, 0.0, 0.0, 0.0, 0.0, 0.0, 0.0, 0.0, 0.0, 0.0, 0.0, 0.0, 0.0, 0.0, 0.0, 0.0, 0.0, 0.0, 0.0, 0.0, 0.0, 0.0, 0.0, 0.0, 1.4863161081795422e-06, 3.7708228482588514e-07, 0.0, 6.187768224464632e-06, 1.2662168555645797e-06, 0.0, 0.0, 2.733997823323241e-07, 1.282449885062589e-07, 7.158178455452074e-06, 0.0, 0.0, 0.0, 0.0, 0.0, 0.0, 0.0, 0.0, 0.0, 0.0], "grad": [-6.728997729194128, -5.023951318702838, -6.314529844940871, 6.827646548558395, 5.62967551721558, 1.178070027798681, 10.180888267967116, 4.35538410608497, -0.6897441855627887, -9.260833022382364, -8.132289763980555, -6.658270826150788, -4.406723877272063, -3.1476907920908364, 7.728529970188131, 6.52241335631624, 9.906352283016664, 0.6825565810674932, 4.676872222879085, -6.655680203636457, 19.101778280455598, -13.121581200809723, -50.99313947268715, 0.03362358213972616, -6.360807528171109, -0.6559859834797517, 1.503844084214717, 51.93142448588685, -58.215746201751635, -9.557932780295754], "optimality": 58.215746201751635, "nfev": 388, "njev": null, "status": 2, "message": "`ftol` termination condition is satisfied.", "success": true, "res_time": 808.4477179999813, "tension_error": [0.05607146738342854, -0.02609290308585179, -0.03002064167446726, -0.030863246251064583, 0.09492513339498021, -0.0283744650826695, -0.013563036790343704, -0.028123380821950705, -0.06646486083650895, 0.05258855307166058, 0.017311944483190653, 0.010959418192154097, -0.03608783668722361, 0.027849675241336132, 0.016411369336162555, -0.016317498556738235, -0.023968806924945275, 0.00984558465433403, 0.007649897042881251, 0.02923543967463204, -0.05719687030111945, 0.09350390535081664, -0.053596016448195664, 0.11999356765258445, -0.10647055385667831, 0.0055019526491723895, 0.016904987492823896, 0.03169351305686315, 0.022214947922525142, 0.052595979795174705], "git_revision": "018ef57f2e70e762a509d3bbb7a77c8182022b6e", "linregress": [0.11355783427776056, 0.03192738941031049, 0.23474009325673442, 0.21180132407136343, 0.08886752156320488]}