{"x": [0.09432228953617423, 0.13119613090516918, 0.18026392762869278, 0.17972615390392635, 0.1289490419686593, 0.09684815136082355, 0.12072719868310618, 0.17673672151447195, 0.18658539406298494, 0.13135484588975657, 0.004589327074847343, -0.0024427000741881087, 0.00693439605967855, 0.005700931431933012, -0.003595870957578562, -0.008980775229524524, 0.006515347894735794, 0.012024904044421572, -0.004490322765564905, -0.008385334173127902, 0.05459436301913506, 0.05717526551966547, 0.04949233453974801, 0.05607177668462313, 0.06028594780175601, 0.053970663838201975, 0.0528173563573864, 0.059204199328901995, 0.053093739320526946, 0.05084366090923083], "cost": 1.4913278079170316, "fun": [0.5045799826902183, 0.4708996718617809, 0.30522241722143956, 0.49989819755724474, 0.21739958156619996, 0.3513326421852712, 0.4325901758055777, 0.5890764180245169, 0.3081575555057202, 0.35731799926558067, 0.21518290235169424, 0.2067001584245141, 0.47913008453941225, 0.4175056845767083, 0.37526626542912017, 0.07945061625980569, 0.07733572789126068, 0.6889369374329075, 0.22937917534423308, 0.24999290588092626, 0.0, 0.0, 0.0, 0.0, 0.0, 0.0, 0.0, 0.0, 0.0, 0.0, 0.0, 0.0, 0.0, 0.0, 0.0, 0.0, 0.0, 0.0, 0.0, 0.0, 0.0, 0.0, 0.0, 0.0, 0.0, 0.0, 0.0, 0.0, 0.0, 0.0, 0.0, 1.4575062870476142e-05, 0.0, 0.0, 4.649564688936472e-05, 0.0007243383526477374, 0.0, 0.0, 9.053837136150113e-05, 0.0005896049547925348, 0.0, 0.0, 0.0, 0.0, 0.0, 0.0, 0.0, 0.0, 0.0, 0.0], "grad": [0.1622400882329469, -0.9479814843430985, 0.8875995044736626, 0.025424913869606325, 1.3682458097092436, -4.908279430722217, 1.7791162034224683, 7.404286548580789, -1.261244454959039, -1.534348132858188, -2.5543810267567544, 2.3800852202846, -0.9639920397152402, -0.73341039484876, 2.0448361230421206, -0.9482780489401001, 0.8514132181209888, -3.4907660045732047, 0.7419239803345683, 2.6982662549643592, -3.6693168352709122, 2.939091584073891, -3.4216234816888402, 4.243233830580902, -4.798322413976977, 2.5263285145672825, 5.0846914762977775, -8.154293552206433, -2.0537987225293364, 5.320778765137675], "optimality": 8.154293552206433, "nfev": 1003, "njev": null, "status": 2, "message": "`ftol` termination condition is satisfied.", "success": true, "res_time": 1830.8737320000073, "tension_error": [0.011883325910801597, -0.04903261679832943, 0.01313075531173919, 0.0212885925264665, -0.01494507234080869, -0.026433104668495758, 0.10977738254980961, 0.06663722462669461, -0.08276365483579247, -0.05144026698310596, -0.06961846865613579, 0.03705489623592846, -0.10519233579489885, -0.08648111362121856, 0.05454809070456571, 0.1362351840754891, -0.09883552333401124, -0.18241354160565038, 0.06811660829835532, 0.1272025538346594, 0.007744170948565656, -0.031407207218067994, 0.08514013858870921, -0.014667671852233041, -0.07859515730814093, 0.017205466944796643, 0.03470073354806369, -0.06218541554796905, 0.03050810174329523, 0.06464099547606043], "git_revision": "018ef57f2e70e762a509d3bbb7a77c8182022b6e", "linregress": [-0.2787759246124182, 0.0797047321676557, -0.41197195382750207, 0.023691152814507448, 0.11652541367957721]}