{"x": [0.09433603068676526, 0.12834610583027095, 0.1804461796081422, 0.18047389085558907, 0.13221746762677253, 0.09702178869418412, 0.13344715336611557, 0.18077037766427007, 0.1766315832556613, 0.12622012885531947, -0.0017265370674968865, -0.0029960605677150777, 0.0018981661278339066, -0.0018615978161070964, -0.0011238976735699893, 0.0016757672917782642, -0.0006151089841631707, 0.00020104122943352502, 0.0007042362961443392, -0.003254206344088193, 0.054520085004991364, 0.054650582491241884, 0.054721935919696735, 0.05768135108234718, 0.05398611435076634, 0.052556163382649075, 0.0573280963353483, 0.05164350025386689, 0.059724024827886954, 0.05686416032021662], "cost": 1.8306283960524812, "fun": [0.23138125698145387, 0.37259144681344974, 0.45972897209222247, 0.4640099515890074, 0.27839869471640677, 0.38838377905125715, 0.4064635199315071, 0.21841518148508807, 0.2658277284117245, 0.4093254562449319, 0.2945512258499976, 0.42000444565663714, 0.6339832044720439, 0.5574220827715107, 0.4945544558051715, 0.43722264463085775, 0.4171178297507707, 0.6352649905226451, 0.5429438846986857, 0.28081830648366113, 0.0, 0.0, 0.0, 0.0, 0.0, 0.0, 0.0, 0.0, 0.0, 0.0, 0.0, 0.0, 0.0, 0.0, 0.0, 0.0, 0.0, 0.0, 0.0, 0.0, 0.0, 0.0, 0.0, 0.0, 0.0, 0.0, 0.0, 0.0, 0.0, 0.0, 5.146686564376044e-06, 2.6893774939311094e-05, 0.0, 6.451453663722604e-06, 1.4196468290385996e-06, 0.0, 2.3273205852071593e-07, 0.0, 0.0, 3.44615861126921e-05, 0.0, 0.0, 0.0, 0.0, 0.0, 0.0, 0.0, 0.0, 0.0, 0.0], "grad": [13.890637391673534, -3.586217111985814, -11.680595576027866, -6.085346070813479, 38.40008012443621, -13.124225360022178, 0.3512472521323122, -6.224644979189875, 0.5265778549726146, -2.4245629218651112, 6.095717666820313, 9.288949440936998, -9.421353402301953, 7.22495154653037, 27.549008887549434, -3705.3502895469264, -12.152769132206116, -5.924393160592088, 0.27615237847928786, 7.4649751135294276, -3693.3495865596833, 48.46922017321788, -7291.821593942903, 36.12040819230822, 1546.5369205777858, 4.563701136231925, -5.785272745648786, -3.4686368792615125, -4.764642934808247, 20.939356567448876], "optimality": 7291.821593942903, "nfev": 228, "njev": null, "status": 3, "message": "`xtol` termination condition is satisfied.", "success": true, "res_time": 646.3145299999742, "tension_error": [0.0116748775160547, -0.005798744356887983, 0.010366057239039906, 0.009945687415678087, -0.0645259336573524, -0.0290671216066981, -0.08317983143041495, 0.005448087384021546, 0.06823213482947484, 0.02645157447645631, 0.02619095670386204, 0.045449179220309686, -0.028794508850546272, 0.028239780494462515, 0.017049130228474485, -0.02542079716153665, 0.009330985749255116, -0.0030497243499199556, -0.010683015551091152, 0.04936515935161105, 0.008870942153835439, 0.006891341439380263, 0.005808935164696273, -0.03908434622085991, 0.016971088133450028, 0.038662938600872714, -0.033725596641567615, 0.052507715490488285, -0.07007098452519178, -0.026687851368428266], "git_revision": "018ef57f2e70e762a509d3bbb7a77c8182022b6e", "linregress": [0.033870374839223685, 0.026352061370591897, 0.09656623281936617, 0.6117130872804217, 0.06597528752360442]}