{"x": [0.08946518748778254, 0.13184500082390835, 0.1819906851992165, 0.17690528684610596, 0.1353608812301467, 0.08802050277080826, 0.13304474420105947, 0.18117062063019107, 0.17872613445424926, 0.1312452574277243, 0.005413818367052223, -0.007137525740146168, -0.006279631498078278, 0.007555144297400546, -0.009819088655617291, 0.0032776464278533625, -0.001706677417485736, -0.0013162618211228867, 0.0011083833341521913, -0.005962551435750825, 0.05635422276466297, 0.0572034043875653, 0.052141809339387515, 0.06444076089220636, 0.04787537133325303, 0.06133223681474024, 0.057596758134978256, 0.05553115258031225, 0.05527548424566251, 0.0561619342039051], "cost": 1.3264329731905797, "fun": [0.26783516718549905, 0.3168809573627081, 0.22866759011764173, 0.4631714158569077, 0.22170673689533243, 0.34237114900605176, 0.34969254908592856, 0.16628851684807386, 0.4193944833197404, 0.4399235709969984, 0.3151323566610231, 0.31576238932058637, 0.5863965097154549, 0.5972086390238266, 0.015068906225515327, 0.34829290640318417, 0.09060663415483768, 0.014783582777733523, 0.35107743627191285, 0.6127104028546636, 0.0, 0.0, 0.0, 0.0, 0.0, 0.0, 0.0, 0.0, 0.0, 0.0, 0.0, 0.0, 0.0, 0.0, 0.0, 0.0, 0.0, 0.0, 0.0, 0.0, 0.0, 0.0, 0.0, 0.0, 0.0, 0.0, 0.0, 0.0, 0.0, 0.0, 0.0, 0.0003636160647843417, 0.00024762955517973375, 0.0, 0.0009467025430890511, 0.0, 4.971120905645205e-06, 2.280483076102328e-06, 0.0, 0.00021198074565276904, 0.0, 0.0, 0.0, 0.0, 0.0, 0.0, 0.0, 0.0, 0.0, 0.0], "grad": [1.4930624488202269, -0.60452489921256, -0.9042264480328499, -0.04209154376728641, -1.5342222525696565, 3.6245192914548534, -2.0099195800803455, -0.46172642989170676, 1.268246676013126, -0.20504102641832755, -1.3682787224260688, 2.401332663317631, 1.172768262882691, -0.9245422635984184, 3.1363270606441302, 0.7496863593679862, 0.2221228523808283, -0.6910112793033032, 0.03655656264813134, 1.741438347888924, -1.0401506362860493, 0.3458297017439853, -0.14599830922882995, 0.15147654061444893, 2.009956401854412, -0.474477218743826, -2.981563621472506, 2.231981390623493, -1.0460229703063977, -0.3013711954870999], "optimality": 3.6245192914548534, "nfev": 1762, "njev": null, "status": 2, "message": "`ftol` termination condition is satisfied.", "success": true, "res_time": 3132.8291150000296, "tension_error": [0.085563846213848, -0.058875743985152246, -0.01306354634505624, 0.06408014816091152, -0.11221040631548272, 0.10747920244066854, -0.07707542671323063, -0.0006234568583850967, 0.036458533909471236, -0.04977784877132024, -0.08212570996787681, 0.10827374120840082, 0.09525978896058257, -0.11460886702625324, 0.14895210226994976, -0.04972073713246837, 0.025889692836790833, 0.019967226315017007, -0.016813783186334426, 0.09044979655415473, -0.01895227899607138, -0.03183406389246798, 0.044948542895987716, -0.1416222024919367, 0.10966889857325227, -0.0944669916027417, -0.037801101126560384, -0.006466595387886549, -0.0025881971713525146, -0.01603532953447728], "git_revision": "018ef57f2e70e762a509d3bbb7a77c8182022b6e", "linregress": [-0.15462383944438046, 0.07224810278865587, -0.22456525701364033, 0.23285289324751135, 0.12679976988052855]}