{"x": [0.0956172833860875, 0.1282549356363476, 0.18075262796970132, 0.18264290034267666, 0.13084950780537394, 0.08958494902311856, 0.128713052253694, 0.18047711048352566, 0.17993949464166817, 0.132049565554911, -0.0005102356328309212, 3.136393216852317e-05, 0.0021269351682028158, -0.002847745391022543, -0.003531795460325876, -0.002263913662563163, -0.0012375115882313373, -0.0004531356188493887, -0.0007720438486925965, 0.0018936141564966497, 0.04926262370412507, 0.05516607838046361, 0.056425299680739, 0.05649260833433092, 0.05186653175339277, 0.055303408881975866, 0.0534300069302137, 0.050700767050972935, 0.055547322366180735, 0.053580723260274306], "cost": 2.4316111924291848, "fun": [0.37814703751392476, 0.48222132572477355, 0.5220749039689487, 0.2640810178874617, 0.547243928896341, 0.377958177482253, 0.13655869087787928, 0.250564031445847, 0.5595726855555996, 0.4208620099178815, 0.805556288171906, 0.43926101227519904, 0.8919791526945521, 0.4475453528025921, 0.36628539588088677, 0.6126245538265864, 0.4064240348350525, 0.40749073070260516, 0.5254724777522524, 0.4204334630131195, 0.0, 0.0, 0.0, 0.0, 0.0, 0.0, 0.0, 0.0, 0.0, 0.0, 0.0, 0.0, 0.0, 0.0, 0.0, 0.0, 0.0, 0.0, 0.0, 0.0, 0.0, 0.0, 0.0, 0.0, 0.0, 0.0, 0.0, 0.0, 0.0, 0.0, 1.3283494926098224e-07, 0.0, 0.0, 2.3094229266168082e-05, 4.4054130299259814e-05, 1.1603248176264025e-05, 1.8951684737432316e-06, 9.304319262325684e-08, 4.6017805181070096e-07, 0.0, 0.0, 0.0, 0.0, 0.0, 0.0, 0.0, 0.0, 0.0, 0.0, 0.0], "grad": [-1984.004723940734, -594.3600735146761, 441.04038093673773, 545.7388347622701, -706.7899332039633, -3.2677207510107813, -2037.5783250015465, 1046.0703079803106, -1303.0566267719264, -336.92866829995467, 1135.9934927301683, 1252.7963112262062, 2796.3537752871825, -1058.3050688801713, 418.09039777830685, 1125.2824504051318, -1060.1865009619373, -1039.8115273118583, -1061.0647253483485, -1046.2340695372231, -1296.206038580748, 478.36564142966176, -321.6239636184442, 2586.8558581892303, 616.0959069643844, 334.7359120128407, 326.1238570982292, -80.55368107678667, 412.90823905461264, 1573.2606519761248], "optimality": 2796.3537752871825, "nfev": 317, "njev": null, "status": 3, "message": "`xtol` termination condition is satisfied.", "success": true, "res_time": 822.4048559999792, "tension_error": [-0.007761272802632808, -0.004415724758478174, 0.005717343973241963, -0.022957419407818813, -0.043774466961756575, 0.08374710607787089, -0.01136519182531313, 0.00989684679853916, 0.018052288985374976, -0.06197891860774844, 0.00774009409923451, -0.00047577975877435803, -0.03226485428609075, 0.043199290443284154, 0.05357608807229291, 0.03434276960148755, 0.018772613132994873, 0.006873907081223712, 0.011711632142312679, -0.02872545705521809, 0.08862477072518041, -0.0009285488889514846, -0.020030490675760508, -0.021051539146255842, 0.04912440652038394, -0.0030118040283512496, 0.025407041029327775, 0.06680864476974525, -0.006711885320877211, 0.023120727604904624], "git_revision": "018ef57f2e70e762a509d3bbb7a77c8182022b6e", "linregress": [-0.019428959436468236, 0.028353076154396445, -0.0502483802429111, 0.792016053507894, 0.0729792659408199]}