{"x": [0.09636872438575919, 0.13157220086177124, 0.1841352138434702, 0.18289454015954515, 0.12292916674103109, 0.09730167244796868, 0.1280187857433759, 0.17892753141286866, 0.17704466088640045, 0.12673906768946244, -0.006499449587604693, 0.005151854633925305, 0.0006119364875996433, 0.004469206317180465, -0.001413817889479628, 0.001756669364867748, -0.002185085824233694, -0.001507421072337973, 0.006348375638942751, 0.0019170761515197052, 0.05573090241584184, 0.04836640777840818, 0.059215127510999305, 0.04376657858851225, 0.058045571543822914, 0.055230797470700005, 0.052359921650316776, 0.05496966299525723, 0.05976000715597596, 0.05383621259394193], "cost": 1.3343011325966434, "fun": [0.5392891182547946, 0.5402733547941811, 0.42901458492717115, 0.36383786818034575, 0.365941711856519, 0.47491860596644087, 0.2018289975107286, 0.4479150264120843, 0.5188411209473847, 0.41241824303013835, 0.18075917871303276, 0.5714059450892834, 0.26074051074053006, 0.2330795972247599, 0.3017737633316358, 0.34112816854972255, 0.009894316971793913, 0.11932757134546958, 0.14358997070092175, 0.07384209507348011, 0.0, 0.0, 0.0, 0.0, 0.0, 0.0, 0.0, 0.0, 0.0, 0.0, 0.0, 0.0, 0.0, 0.0, 0.0, 0.0, 0.0, 0.0, 0.0, 0.0, 0.0, 0.0, 0.0, 0.0, 0.0, 0.0, 0.0, 0.0, 0.0, 0.0, 0.00027455524113632727, 0.0, 0.0, 0.0, 2.8260537515387036e-06, 0.0, 1.043291090588977e-05, 3.4253404723928525e-06, 0.0, 0.0, 0.0, 0.0, 0.0, 0.0, 0.0, 0.0, 0.0, 0.0, 0.0, 0.0], "grad": [-1.1983922651074783, -0.14773386055349658, 0.6691783732080974, -0.6619404786798235, -0.4687797302771748, 1.6614890736605683, 0.9395989154216349, -4.798134010673606, 0.661572322903265, 2.4126463961481113, -0.2417382444368421, 0.9346105219320335, -1.6544306642391673, -0.178061957316946, 0.3806085810365607, 1.4542517269548356, 0.14065291404878666, -1.153012257571276, -0.4239346650679645, -0.9253194861037134, -2.61981845081048, 0.7209451598074379, -2.605025988786945, 1.8302065218762698, -0.4807802605131588, 1.1294634297257176, -2.724973595563081, 2.976104809378252, 4.391905331198253, -2.205194455078633], "optimality": 4.798134010673606, "nfev": 444, "njev": null, "status": 2, "message": "`ftol` termination condition is satisfied.", "success": true, "res_time": 869.4214969999739, "tension_error": [-0.019160367011737237, -0.0547374650384356, -0.04559528744070013, -0.02677470643434378, 0.07637430586289533, -0.03331285916744059, -0.0008334143992745595, 0.03340341327360937, 0.06196589326090671, 0.018579455891307096, 0.09859435163745506, -0.07815181278288541, -0.00928286009837699, -0.06779627924444279, 0.02144711737014202, -0.02664805299833795, 0.03314697917241825, 0.02286704455024064, -0.09630261326532565, -0.02908136722210837, -0.009496729749000381, 0.10222004936104152, -0.062351192205505584, 0.17199783138826824, -0.04460944181061256, -0.00191031459917291, 0.04163985627716545, 0.0020510030400266843, -0.07061682371673, 0.01924504476996345], "git_revision": "018ef57f2e70e762a509d3bbb7a77c8182022b6e", "linregress": [-0.06406977272663865, 0.05023001528732483, -0.10666370769352829, 0.5747967095430748, 0.1128685159099653]}