{"x": [0.09528638957377719, 0.12726821118691514, 0.18100005982759507, 0.18145461847589717, 0.12808230285505198, 0.09493779464454903, 0.12729958176055625, 0.18155452967013225, 0.18128861757836495, 0.12787007379445445, -0.0002393427114589634, -0.0003015161092399337, -0.00013563693336623994, 0.0001446092713130283, 0.0005393943304180505, -0.00024587754549073237, 0.00011033432506597993, -0.0001730801660253939, -9.151742598858784e-06, 0.0005739396528853907, 0.055157450270211926, 0.0554054714896592, 0.05620126335723362, 0.0545818724659574, 0.055078621982048395, 0.05478653731192872, 0.05605739680809464, 0.05505117742643838, 0.05446388639074148, 0.05530012061698081], "cost": 1.9736993301938002, "fun": [0.3618466385799695, 0.5167220223000628, 0.35076737144193765, 0.5204718459798189, 0.5394990205563749, 0.35980891708809254, 0.51231171562269, 0.37314850725217646, 0.449067175704736, 0.48264258234208984, 0.32561644180702454, 0.2402968189781327, 0.09039525488380445, 0.36631356267339654, 0.6808134219288681, 0.4710330608873074, 0.5175230545819464, 0.35243213395540735, 0.5468216984843114, 0.4649174983261535, 0.0, 0.0, 0.0, 0.0, 0.0, 0.0, 0.0, 0.0, 0.0, 0.0, 0.0, 0.0, 0.0, 0.0, 0.0, 0.0, 0.0, 0.0, 0.0, 0.0, 0.0, 0.0, 0.0, 0.0, 0.0, 0.0, 0.0, 0.0, 0.0, 0.0, 1.3710731316464524e-08, 2.741142170819611e-08, 2.4953638922586937e-09, 0.0, 0.0, 1.4864715693304108e-08, 0.0, 5.18491820283829e-09, 7.664986425602194e-13, 0.0, 0.0, 0.0, 0.0, 0.0, 0.0, 0.0, 0.0, 0.0, 0.0, 0.0], "grad": [0.9767664874682009, 0.6285477941527786, -2.7712730808702863, 4.459283141523738, 1.9391426347023106, -2.199403039846029, 0.6372084948261003, 2.2582132660802294, -2.3237083871600337, -6.838775991045867, 2.92436104508732, -3.763835304310985, 5.591455025391538, -2.322264164930057, -0.24746287744978201, 1.888104997465633, -1.0944149846088234, 4.6761856124064884, -4.221882877152397, -1.1714451678552722, 9.308530783366153, -4.333055670148786, 6.380683996619682, -2.048262339459063, 0.6904313932502255, -2.0972398123193496, 10.46580786645368, -3.301870029328063, -2.0656662654588307, 1.059061467619049], "optimality": 10.46580786645368, "nfev": 227, "njev": null, "status": 2, "message": "`ftol` termination condition is satisfied.", "success": true, "res_time": 483.27307799999835, "tension_error": [-0.002741730694359514, 0.010552536172748091, 0.0019638901961697855, -0.00493160373858052, -0.0017969465198296977, 0.002546331097350072, 0.010076655665183433, -0.006447221220362077, -0.0024134288311794573, 0.0014224932721407005, 0.003630744286477915, 0.004573892742464553, 0.002057564309574962, -0.0021936715030552874, -0.008182421229316172, 0.003729875407619219, -0.0016737326902239425, 0.0026255649067763323, 0.00013882869860367626, -0.008706461553787627, -0.0007976635078656985, -0.004560057691270238, -0.016631938881255005, 0.007933648222840265, 0.00039813374502723305, 0.004828954891576395, -0.014449534210907678, 0.0008144579475425123, 0.009723455256707758, -0.0029619222113096717], "git_revision": "018ef57f2e70e762a509d3bbb7a77c8182022b6e", "linregress": [0.0025589849585254953, 0.004681487568466724, 0.03844289150505205, 0.8401609213640104, 0.012570470171361885]}