{"x": [0.09566732361394671, 0.13241858137376097, 0.1823171857519167, 0.18054165861985472, 0.12922376068254343, 0.09876199767053095, 0.13222177889998704, 0.1807423357721404, 0.17941938339305089, 0.11537502088168766, 0.0012761188794570798, -0.0014996849629241905, 0.0010287900200743776, -0.0023135198974700536, 0.0038236965247752473, 1.536405812154238e-05, -0.0005343203552139231, -0.0035175572492610026, -0.0033331720646995197, 0.0014711705903595485, 0.06020122619271614, 0.05007835139184586, 0.0566541150428865, 0.05453793437594427, 0.05476693069573016, 0.05547424633102388, 0.05473678128706296, 0.05976824858756235, 0.054209926340431584, 0.06273119468963628], "cost": 1.4537183653739665, "fun": [0.46900597161448626, 0.3147496249966562, 0.5383678336619535, 0.5389606273076741, 0.33673535089123224, 0.3517466148745832, 0.228721924665608, 0.3987309055922525, 0.5108769624741926, 0.2706227718846273, 0.3786164142039018, 0.24502100509006783, 0.4538816910139207, 0.2832303427723189, 0.22048544819030388, 0.21492955825851565, 0.30926149641073303, 0.278612758617912, 0.19939429753607782, 0.6542078077047876, 0.0, 0.0, 0.0, 0.0, 0.0, 0.0, 0.0, 0.0, 0.0, 0.0, 0.0, 0.0, 0.0, 0.0, 0.0, 0.0, 0.0, 0.0, 0.0, 0.0, 0.0, 0.0, 0.0, 0.0, 0.0, 0.0, 0.0, 0.0, 0.0, 0.0, 0.0, 3.372873946324635e-06, 0.0, 1.238282447875018e-05, 0.0, 0.0, 1.5254752207621746e-07, 4.35234710210038e-05, 3.703166167598145e-05, 0.0, 0.0, 0.0, 0.0, 0.0, 0.0, 0.0, 0.0, 0.0, 0.0, 0.0], "grad": [1470.6815961279665, -3038.3445413835097, -26.469837551881277, 1119.874522385061, 1534.561639184276, 423.3739822402073, 1459.7307208884306, 1365.8798839686233, -1514.047693166854, 368.2718157475258, 1496.3894376016133, -1297.3853410218676, 133.07401731823325, -1329.3930445953947, 1528.8561817979808, 367.79354748716537, -128.51460387419945, 1534.704731378371, -1524.2012166352881, -366.1115924932092, 608.7456389095069, 3297.672895227176, 3226.866084103668, -450.3134097914194, -1541.5332248341665, -1550.5154178679563, -1484.9042320627218, -130.60277273655996, -1497.5532595589839, 854.1321804387936], "optimality": 3297.672895227176, "nfev": 169, "njev": null, "status": 3, "message": "`xtol` termination condition is satisfied.", "success": true, "res_time": 423.4708629999659, "tension_error": [-0.008520365361943985, -0.06757675807293383, -0.01801644425877181, 0.008917674398632164, -0.01911245807293852, -0.05546547633258301, -0.06459133414728427, 0.005873472970284652, 0.02594219268346135, 0.1909680269369314, -0.019358272086968435, 0.022749690506399307, -0.0156063807608822, 0.03509527864119882, -0.05800412398575789, -0.00023306732802460498, 0.00810545081994035, 0.053360099445948966, 0.05056304140613244, -0.022317137559035683, -0.07730996046179592, 0.07625047019411156, -0.023501538796303966, 0.008600173509119029, 0.005126380325199021, -0.00560334771174387, 0.005583736191988736, -0.0707418433192167, 0.013575939403961098, -0.11568868780706903], "git_revision": "018ef57f2e70e762a509d3bbb7a77c8182022b6e", "linregress": [0.05842764426472928, 0.034560345329450244, 0.09004041775191585, 0.6360853626932319, 0.1221333336858015]}