{"x": [0.09423558260574251, 0.13010534024691572, 0.18100021218341356, 0.17198500445176393, 0.13063510658800026, 0.09691941024386624, 0.13416798425410864, 0.1787921123790059, 0.1822900424072969, 0.1273619435074788, 0.0015698594975397777, -0.0023854963801369696, -0.010321742037430809, 0.01173016595329764, -0.008031749977255502, 0.00943192664563224, -0.00999190414575123, 0.01184341913224231, -0.0007258338704173198, -0.005892845780600989, 0.0582910199261135, 0.05264500560560015, 0.056626590641296604, 0.06119243054873614, 0.06088325696717617, 0.050416735990776146, 0.05709156318420054, 0.05053390931494056, 0.058499672075337066, 0.055083954878132974], "cost": 1.1762140894307211, "fun": [0.3574104458628152, 0.5031099961145842, 0.3100589685796795, 0.19871898298836707, 0.28589298527353774, 0.3569189853808661, 0.18650109060427178, 0.05058988035691405, 0.4129209785856953, 0.44823035344153356, 0.12945967487768723, 0.08398481227201117, 0.11754274789190551, 0.5110554481104258, 0.320330684216808, 0.7713789887110001, 0.23959394470773865, 0.19149138983521524, 0.3462005143413, 0.08764878456241795, 0.0, 0.0, 0.0, 0.0, 0.0, 0.0, 0.0, 0.0, 0.0, 0.0, 0.0, 0.0, 0.0, 0.0, 0.0, 0.0, 0.0, 0.0, 0.0, 0.0, 0.0, 0.0, 0.0, 0.0, 0.0, 0.0, 0.0, 0.0, 0.0, 0.0, 0.0, 1.3574888953779781e-05, 0.0010996614554612382, 0.0, 0.0005181202211043093, 0.0, 0.000997573209480424, 0.0, 3.82394547358358e-07, 0.0002046327904385251, 0.0, 0.0, 0.0, 0.0, 0.0, 0.0, 0.0, 0.0, 0.0, 0.0], "grad": [1.428933072888693, -0.21498665310886317, -0.3070467162919459, 1.2880003484818006, -0.3599780309053993, 0.9186976438849346, -1.1104870031894865, 0.1349135790670788, -1.3780212367531215, 1.0981731181414673, 1.434988501667604, 0.7590145025135013, 1.4839584936434038, -3.6228177863537874, 1.996576213269301, -1.8834732819677877, 3.080164214394917, -3.4081226762748074, -0.1406515948156577, 2.554539632918251, -2.281828466169087, -0.4195762829466012, -0.8320190567067511, 0.263273034943877, -0.028764777001421216, 0.16085214264491388, -0.3648232880083411, 0.8922077181511785, 2.2525301354457437, -0.7899449829670431], "optimality": 3.6228177863537874, "nfev": 570, "njev": null, "status": 2, "message": "`ftol` termination condition is satisfied.", "success": true, "res_time": 1059.4909159999806, "tension_error": [0.013198639380528853, -0.03248570828352278, 0.0019615790122857273, 0.13871909196755478, -0.0405220763197008, -0.027514076722714494, -0.09411458107097954, 0.03545767212477901, -0.01760468932045157, 0.009130650019331145, -0.023814213378471283, 0.03618713642792941, 0.15657717630280218, -0.17794246900088004, 0.12183880663246931, -0.1430789915028582, 0.15157365213705845, -0.17966047967215684, 0.011010643114577043, 0.08939238641775349, -0.04833280696426412, 0.037315233498798145, -0.023084003358512427, -0.09234617999158375, -0.08765612610217907, 0.0711172955020178, -0.030137472391376756, 0.06933981761416275, -0.05149798627570805, 0.0003172355974653719], "git_revision": "018ef57f2e70e762a509d3bbb7a77c8182022b6e", "linregress": [-0.3745860201459845, 0.09179075729578925, -0.4255659668005343, 0.01904804685900033, 0.15052873105052453]}