{"x": [0.0996249779855472, 0.13528963539639327, 0.18502206420924858, 0.17596758659316722, 0.12635999495812136, 0.08698738231405537, 0.13047077180778113, 0.18854539560405953, 0.17906683257354422, 0.11860231619156983, 0.013137829820732399, -0.013660225244764675, 0.0001824514803999336, 0.02125230735766627, 0.0021068555032901, 0.002436576239591025, -0.0067299867587594375, -0.02237885446449832, -0.002677956453480407, 0.011225212198278553, 0.05598832499245722, 0.051799462798412084, 0.05033649270122297, 0.058262360424081165, 0.04750184755052082, 0.06000666619898733, 0.05692283493080771, 0.04961602148082916, 0.05517287225760799, 0.049899291369639075], "cost": 1.4661087779080646, "fun": [0.3297458210854378, 0.4718581728086818, 0.4130849656664307, 0.25924654635706823, 0.34589094371520096, 0.41635639646554257, 0.663168407252741, 0.4194311524614695, 0.3277754555638716, 0.27342651956559433, 0.3904811233566638, 0.13650019473312172, 0.1260632578086333, 0.3403638861259294, 0.13402281399518368, 0.5699639779177301, 0.04794132584519507, 0.36151042420159496, 0.6441601664085981, 0.2799093780249444, 0.0, 0.0, 0.0, 0.0, 0.0, 0.0, 0.0, 0.0, 0.0, 0.0, 0.0, 0.0, 0.0, 0.0, 0.0, 0.0, 0.0, 0.0, 0.0, 0.0, 0.0, 0.0, 0.0, 0.0, 0.0, 0.0, 0.0, 0.0, 0.0, 0.0, 0.0, 0.0025490219871251744, 0.0, 0.0, 0.0, 0.0, 0.00030481941780098593, 0.011207624086247883, 1.920483286160132e-05, 0.0, 0.0, 0.0, 0.0, 0.0, 0.0, 0.0, 0.0, 0.0, 0.0, 0.0], "grad": [0.43392646985330496, 0.32289056332174937, -3.457042494231496, 1.5623599966017316, -722.6620650459815, -5.677749947211839, 725.961745914029, 2.77802401676386, 0.6304658475580041, -2.2742057822875825, -726.3475308762055, 1.365041835571584, -0.6965559098212969, -728.8934053859679, 724.0002185626315, -729.7077674022935, 731.5588494884739, 727.8222493936769, -0.9180695236764427, -1.013904586382401, 729.0394420014659, -2.481760881897491, 0.8817187078238629, 4.900959106729553, 730.9186082975332, 722.6699416354529, 8.39788996733137, 717.5762047484482, -3.384749837502053, 2.6994216407864142], "optimality": 731.5588494884739, "nfev": 474, "njev": null, "status": 3, "message": "`xtol` termination condition is satisfied.", "success": true, "res_time": 966.5972339999862, "tension_error": [-0.06855658250827856, -0.11112963221436724, -0.059048493844533964, 0.07830472936930964, 0.024329855162237797, 0.12315127439445421, -0.03802917582269735, -0.11249618503638144, 0.03129026393164888, 0.1420110984568232, -0.19929623203304342, 0.20722078586434983, -0.002767724431562957, -0.32238998648826267, -0.03196025287077364, -0.03696199983085657, 0.10209151899170048, 0.3394793076823195, 0.04062365230861732, -0.17028249912005308, -0.013401739195744972, 0.05014181884771913, 0.0723345578255598, -0.04789805245420236, 0.11533512225623706, -0.07435855416535152, -0.02757792446013145, 0.08326385143584428, -0.0010316096024974041, 0.0789667474043134], "git_revision": "018ef57f2e70e762a509d3bbb7a77c8182022b6e", "linregress": [-0.38611350314202425, 0.11897740689094263, -0.2899863599879633, 0.12007785370305005, 0.2408154291162427]}