{"x": [0.09084479930814994, 0.11407206768777212, 0.18085317904881404, 0.18702538534404015, 0.13223854865119608, 0.09693289713475212, 0.12807988676242124, 0.17522716293858878, 0.17292540358762615, 0.1248352870745828, 0.010058873466646122, -0.009531175346385423, -0.002572856474483271, -0.002550674027603233, 0.0028676653542436463, 0.0012804769493003785, 0.00789008944496381, -0.013062769110404387, -0.00036228283785889886, 0.00025097140630048247, 0.06494694878887124, 0.054148972734547676, 0.051039376405107535, 0.056998972092921464, 0.05397259425725861, 0.055787249999703456, 0.05212201201027489, 0.059961197064322104, 0.050672553491234826, 0.05084806847391386], "cost": 1.5968200166928008, "fun": [0.16901017049422884, 0.6470546332283075, 0.37348627425662567, 0.4032235838272305, 0.3560440731842067, 0.25725201017953536, 0.2784442945611956, 0.5258751123880505, 0.4514370418971511, 0.3616186374111368, 0.21083830398321687, 0.5042876368663151, 0.5536018845646568, 0.2517508582875054, 0.5677767331928072, 0.1146852934021616, 0.47192287668147576, 0.24137477025526033, 0.3722996617581674, 0.3728379494029995, 0.0, 0.0, 0.0, 0.0, 0.0, 0.0, 0.0, 0.0, 0.0, 0.0, 0.0, 0.0, 0.0, 0.0, 0.0, 0.0, 0.0, 0.0, 0.0, 0.0, 0.0, 0.0, 0.0, 0.0, 0.0, 0.0, 0.0, 0.0, 0.0, 0.0, 0.0, 0.0008658434545465759, 1.703125611758323e-05, 1.659452706927234e-05, 0.0, 0.0, 0.0, 0.0022289778447705027, 4.754920751278919e-08, 0.0, 0.0, 0.0, 0.0, 0.0, 0.0, 0.0, 0.0, 0.0, 0.0, 0.0], "grad": [-479.9363303905647, -454.82329769267903, 460.133204044766, 468.1475723714602, 475.36190601780334, 465.44301438884406, -473.0334482928734, 4.1699136947060955, 2.9934602153520626, -463.91523815486335, -485.4427272050267, -466.9053837473398, 477.91842651390306, 2.3317813007384767, 470.9249438527098, 476.8235242030776, -7.2485296249261975, -473.08285482230764, -1.030616914826993, -469.99029448639595, 468.5736164374061, -2.337897518069424, 469.53768652989686, -433.36897197758117, 481.4019597894408, -466.77951126636157, -478.97877238785765, 464.6752339805958, -470.0803869530906, 472.4307545976702], "optimality": 485.4427272050267, "nfev": 228, "njev": null, "status": 3, "message": "`xtol` termination condition is satisfied.", "success": true, "res_time": 509.12469999998575, "tension_error": [0.06463562281476126, 0.21073336608396503, 0.004192019664169391, -0.08943816696132754, -0.06484572534230637, -0.027718668087656172, -0.0017602952491008203, 0.08953669434976269, 0.12445356965969905, 0.04745913452470803, -0.1525895530505489, 0.14458455919281796, 0.039029322797069915, 0.03869282292298202, -0.04350146924041987, -0.01942438246520881, -0.11968986645751159, 0.19815758760346727, 0.005495702524748605, -0.003807147474599562, -0.14930089386506157, 0.014500584048262998, 0.061672060620689334, -0.028732898282597574, 0.017176183170422826, -0.01035150266819779, 0.04524886137706885, -0.07366880347317237, 0.06723663449291636, 0.06457413427860571], "git_revision": "018ef57f2e70e762a509d3bbb7a77c8182022b6e", "linregress": [0.018290489417039223, 0.06620121163612863, 0.019814135849744913, 0.9172288532279222, 0.17441583272900305]}