{"x": [0.09968333768820839, 0.12579714564721192, 0.1778163212806712, 0.18059242308873696, 0.13088253298461464, 0.09409279588452588, 0.12237949020516402, 0.17639001801362975, 0.18399007672698334, 0.1316700026222988, 0.0010316077155930559, 0.0030494583007159124, -0.0017403629968077185, -0.003951090311246566, -0.0007421388322922087, -0.007450214471774848, -0.00011446097074844838, 0.00844901444512135, -0.011787541536800825, 0.006978852674045687, 0.05584881063071833, 0.0525148387448852, 0.06706913426958114, 0.04723954914207958, 0.0578293461193956, 0.05610929638750086, 0.05741882264707531, 0.05701023666569226, 0.05228788325801067, 0.054376553298463075], "cost": 1.5627082807690678, "fun": [0.4316648597006828, 0.47899770675100595, 0.45044119940275157, 0.33526308183970704, 0.3232210302219348, 0.19837588377603438, 0.02637148688063697, 0.489155713845794, 0.49130032433384635, 0.44781828895583514, 0.11479295958343379, 0.6061963047009663, 0.3813536369305816, 0.5003052472072732, 0.49613339676623547, 0.20653826965851377, 0.18207199713131542, 0.636449601330441, 0.135369595685543, 0.2165501348054814, 0.0, 0.0, 0.0, 0.0, 0.0, 0.0, 0.0, 0.0, 0.0, 0.0, 0.0, 0.0, 0.0, 0.0, 0.0, 0.0, 0.0, 0.0, 0.0, 0.0, 0.0, 0.0, 0.0, 0.0, 0.0, 0.0, 0.0, 0.0, 0.0, 0.0, 0.0, 0.0, 5.271321715275059e-06, 6.168092383199634e-05, 4.087478390938851e-07, 0.00041352933718711877, 1.4995890984526142e-09, 0.0, 0.0016378333433697283, 0.0, 0.0, 0.0, 0.0, 0.0, 0.0, 0.0, 0.0, 0.0, 0.0, 0.0], "grad": [-1.9022631575230933, 4.439535667404814, 0.6384762813574172, 0.5266835986586607, -1.3025884635354865, 6.629725125356196, -2.972718033433119, -4.439867361029428, 0.46110044837232156, 0.05065832547776461, -0.7330434320459458, -2.456780033727674, 2.460760411229147, 1.2415822811909905, -1.219103648549071, 7.354400879311655, -3.827879888183254, -2.2264522998598295, -1.1495651587350597, -1.451942084728775, 5.494416254931317, -162.4032544329122, 0.04119802140141715, 153.60779683269084, 4.9480967566378595, -4.9115468638689705, -0.8604796843855373, 4.599385238557075, -151.9090792953311, -7.171463738032477], "optimality": 162.4032544329122, "nfev": 413, "njev": null, "status": 2, "message": "`ftol` termination condition is satisfied.", "success": true, "res_time": 764.6749289999716, "tension_error": [-0.06944187855805606, 0.03286808015047967, 0.0502600779865601, 0.008147595359137758, -0.04427544725109633, 0.015364663443188037, 0.08471270451245072, 0.07189659411871506, -0.04339360871303636, -0.05622108315690011, -0.01564912420538951, -0.046259203945198356, 0.026400691161805444, 0.05993664267222239, 0.011257983619778276, 0.11301711868117381, 0.0017363324457903867, -0.12816856103952562, 0.17881283631107592, -0.1058667269122457, -0.011285355669054902, 0.03928981874080825, -0.18149369707166746, 0.11931409634738488, -0.04132937859270533, -0.01523683247560559, -0.03510188270404309, -0.028903777867682345, 0.04273265321122751, 0.011048267380199654], "git_revision": "018ef57f2e70e762a509d3bbb7a77c8182022b6e", "linregress": [-0.1303329343807656, 0.06490578282574838, -0.17070519429108086, 0.3671064112874617, 0.14216957548760792]}