{"x": [0.09596456968658247, 0.12670692519227542, 0.1778105373539326, 0.18337645823445567, 0.1303852833544506, 0.09835419537381285, 0.12495840264395316, 0.18298954768398443, 0.18333488213937485, 0.12393603628311368, -0.004810047937003147, 0.0020608344249951178, 0.005586431042660825, -0.004872429342830785, 0.002297958360781806, 0.002896007245029596, -0.0022195886676687126, -0.00453514968542453, 0.00374222663971315, 0.002998487206372349, 0.05371941357199202, 0.05458793562955831, 0.056989681504202215, 0.056278292238312946, 0.053032578340687114, 0.05108308132947638, 0.05605897782186567, 0.06042463951871559, 0.047017032101817145, 0.05609048657941547], "cost": 1.6788184947385496, "fun": [0.3867688688742364, 0.3445810797392429, 0.3672973499541448, 0.2700339037284056, 0.6392531598649015, 0.45593166930827955, 0.39302669865596856, 0.2730991307138617, 0.3606305354933263, 0.4118976689689277, 0.36467368590660604, 0.28767901026131193, 0.17622402702244228, 0.5864616526411711, 0.44617450834003536, 0.24740504870653324, 0.258025193661672, 0.1600400013885115, 0.5723942875160852, 0.6821695388802302, 0.0, 0.0, 0.0, 0.0, 0.0, 0.0, 0.0, 0.0, 0.0, 0.0, 0.0, 0.0, 0.0, 0.0, 0.0, 0.0, 0.0, 0.0, 0.0, 0.0, 0.0, 0.0, 0.0, 0.0, 0.0, 0.0, 0.0, 0.0, 0.0, 0.0, 0.00011128796825905518, 0.0, 0.0, 0.00011567423868122086, 0.0, 0.0, 1.0934967495979804e-05, 9.327706607219358e-05, 0.0, 0.0, 0.0, 0.0, 0.0, 0.0, 0.0, 0.0, 0.0, 0.0, 0.0, 0.0], "grad": [-3.408979995283394, -0.7260304162660436, 0.38431433139473203, 3.5645815417063873, 1.3704992539242609, -3.9966768789450207, -5.463234712313959, 0.9682060343609429, 2.704645248636736, 1.4545412212687419, 0.49393528137825937, -3.267820962236496, -3.212565625228132, 3.5173473549195453, 2.538747530121599, 0.516244674989264, -4.1057709239892075, 1.5514505645114052, -1.0152060672399574, 0.24047124685975219, 6.464056352120623, -0.3667856094549027, 2.1143497450535276, -2.4675523010113003, -5.482109624179342, -1.5069898592704778, 5.155891561116909, 0.43005651412419077, -3.271518743363814, -2.263942647129326], "optimality": 6.464056352120623, "nfev": 198, "njev": null, "status": 2, "message": "`ftol` termination condition is satisfied.", "success": true, "res_time": 449.18466600001557, "tension_error": [-0.013029483159271698, 0.019067046206063507, 0.05034781810963137, -0.03408523319476199, -0.03673234621966643, -0.04927925971543024, 0.0455915148786234, -0.028215936979563296, -0.033454538536259175, 0.061100451000714574, 0.07296672607452, -0.031262129388932386, -0.08474418321036388, 0.07391302993901008, -0.0348592156331579, -0.04393140570020094, 0.03367037510499259, 0.06879661681906034, -0.0567682546421454, -0.0454859904705313, 0.021016844625600876, 0.007841672175323298, -0.028591963337452137, -0.017800439765061973, 0.031435892177168266, 0.06100907237477262, -0.014473517630670105, -0.08069906160446683, 0.12268960115240729, -0.014951494339259241], "git_revision": "018ef57f2e70e762a509d3bbb7a77c8182022b6e", "linregress": [-0.10119418165093091, 0.05059787041960673, -0.24591219346183968, 0.19022753299483103, 0.07537913347138372]}