{"x": [0.08703945622861337, 0.14323381631126844, 0.18013628160975426, 0.17099402541290332, 0.1205762587788608, 0.08963422148768695, 0.12834600285082354, 0.1808594990533223, 0.18443558628879844, 0.13581474986895792, 0.0010939002664182556, -0.007106791471102076, 0.0017702092167296572, -0.025487981643419717, 0.014375259156693665, 0.000526800916597538, 0.005843821477260825, 0.00473901788588564, -0.009676373857369117, -0.019754624690013753, 0.06074193608588605, 0.05576871199152173, 0.04778274893858905, 0.07177208842297793, 0.05450194060560991, 0.05918057451311152, 0.05709514170060817, 0.058839685873311544, 0.049050059395098225, 0.06108242699406855], "cost": 1.2182856888300686, "fun": [0.11845056594445055, 0.6150402402600478, 0.28194798937002813, 0.38308900716672245, 0.17361261632608233, 0.31618629350786615, 0.4253236864452889, 0.41244532543977647, 0.19855829849010478, 0.4564531470432435, 0.529928752675635, 0.007104369753020093, 0.3083311310739538, 0.6201855371999693, 0.2546938671959403, 0.008489381013287977, 0.20867675020910226, 0.35342466474865164, 0.23303996500727625, 0.20125056124155516, 0.0, 0.0, 0.0, 0.0, 0.0, 0.0, 0.0, 0.0, 0.0, 0.0, 0.0, 0.0, 0.0, 0.0, 0.0, 0.0, 0.0, 0.0, 0.0, 0.0, 0.0, 0.0, 0.0, 0.0, 0.0, 0.0, 0.0, 0.0, 0.0, 0.0, 0.0, 0.0003589390569309156, 0.0, 0.01655794123889353, 0.0, 0.0, 0.0, 0.0, 0.0009060202789949094, 0.007709147396769025, 0.0, 0.0, 0.0, 0.0, 0.0, 0.0, 0.0, 0.0, 0.0, 0.0], "grad": [2.1820616536361612, -1.663234237217773, -1.3409357000719608, 1.3552367743290257, 2.2333043467977776, -1.1566313716042993, -0.05780407555190825, -0.0014627484998939178, -1.1799913662598054, 0.10750726087149531, 1.5139361046815347, 1.1281497835200442, -0.689698542835649, 2.683785394959392, -0.644775119814355, -2.326636454910156, -0.526479969993007, 0.3490420509846468, 0.8419494277678106, 2.26517380294548, 1.0182142449470168, -1.5202045462137361, 1.701631278788794, 1.261246609708202, -1.7213523095542689, 0.9272684988312785, -0.6700998901126218, -1.2658254792300534, 1.479419224914217, 0.46349222825177794], "optimality": 2.683785394959392, "nfev": 1188, "njev": null, "status": 2, "message": "`ftol` termination condition is satisfied.", "success": true, "res_time": 2181.1587679999648, "tension_error": [0.12236133152715946, -0.231640047140352, 0.015067100275526263, 0.15375189351572074, 0.11206708751554609, 0.08299966021615295, -0.005797182195090603, 0.0040961474309227554, -0.05015183120609442, -0.11909543305028635, -0.01659408017091724, 0.10780751321653634, -0.02685344776255584, 0.3866436674072971, -0.2180675974281908, -0.007991383595467368, -0.08864870507410255, -0.07188922531967733, 0.14678716925328572, 0.29967067009299947, -0.08551233831279367, -0.010070287640264852, 0.11107394754330965, -0.25283584832385053, 0.00914618627547267, -0.061827035447620464, -0.030191757219696226, -0.0566558753411169, 0.09184929611725888, -0.09067746497132259], "git_revision": "018ef57f2e70e762a509d3bbb7a77c8182022b6e", "linregress": [-0.333224240391158, 0.1242272204741375, -0.22253613523411023, 0.23721309788407802, 0.2758849364725545]}