{"x": [0.10363365715501185, 0.13949016685961166, 0.1775489565219653, 0.17493897520077675, 0.12116692822303232, 0.09821776696417615, 0.12820695690079925, 0.17429481089426793, 0.1821944695444485, 0.1267899350316518, -0.01550431952760008, -0.014349494190839179, 0.024436726650900634, 0.010292392423333317, 0.0016154038980104493, -0.028078368151982207, 0.013526006293351253, -0.012016445415712238, 0.021699950358259487, 0.01580540852308992, 0.048962136640586205, 0.046087396529983254, 0.054593548963297815, 0.05186157957211872, 0.06218766299038071, 0.04848157810682815, 0.04694714800923193, 0.06624817248958632, 0.0565409260364942, 0.040654408270208324], "cost": 1.2487305090143348, "fun": [0.47290759490829265, 0.33607957066977356, 0.5156191242404268, 0.35730144192035085, 0.3794752728447154, 0.33732190163600734, 0.10231390216850923, 0.0666783407339628, 0.35192029177259027, 0.5049350777529007, 0.6666526243372903, 0.4610415628689701, 0.020358092986594318, 0.19266751811322752, 0.13293096379293096, 0.27849039279140225, 0.25303302206757305, 0.49476502681272666, 0.11291664916094375, 0.06325935339011257, 0.0, 0.0, 0.0, 0.0, 0.0, 0.0, 0.0, 0.0, 0.0, 0.0, 0.0, 0.0, 0.0, 0.0, 0.0, 0.0, 0.0, 0.0, 0.0, 0.0, 0.0, 0.0, 0.0, 0.0, 0.0, 0.0, 0.0, 0.0, 0.0, 0.0, 0.0037269891672101724, 0.00295467541355315, 0.0, 0.0, 0.0, 0.022136838266414015, 0.0, 0.0017351141602965036, 0.0, 0.0, 0.0, 0.0, 0.0, 0.0, 0.0, 0.0, 0.0, 0.0, 0.0, 0.0], "grad": [-0.4266100363128613, -1.4563806038388352, -0.42777965119683187, 2.0294533450523766, 1.0599806715508242, -1.361290545346655, 0.08776476851240322, -0.0824286763448212, 0.5830527995416674, -0.3754389548691206, 0.8432656176966038, -0.9149711866257156, 0.8257173230049715, 1.3278928974417756, 0.10957481137402203, 0.8514209762539977, -1.5916210344575603, 1.4290477733805527, -4.10542100835498, 1.0938502490649693, 3601.501689844384, 0.542285016430716, 2.3281081189395936, -2.5774638832330137, -2.0297233857232695, 3086.831974231571, 3088.121823812872, -1.7550993873181255, 1.5308466718303437, 1.2958282323118162], "optimality": 3601.501689844384, "nfev": 911, "njev": null, "status": 2, "message": "`ftol` termination condition is satisfied.", "success": true, "res_time": 1594.2587729999796, "tension_error": [-0.12936682779269476, -0.1748502089442158, 0.0543159068194486, 0.09390840041140068, 0.1031068409446346, -0.04720968899074735, -0.0036879043084517746, 0.10368014512488408, -0.016154882791504347, 0.017807816300125987, 0.23519504394941046, 0.2176767520082603, -0.37069650095942946, -0.15613195303677818, -0.02450510582630045, 0.4259389146216468, -0.2051847318395132, 0.18228522719962295, -0.3291805724930691, -0.23976245752733982, 0.09318305320829379, 0.13679184400061384, 0.007756519887716295, 0.0491995293589144, -0.10744350415571667, 0.10047295621024681, 0.12374971812159677, -0.16903999721189977, -0.02178450159995131, 0.2192083544614369], "git_revision": "018ef57f2e70e762a509d3bbb7a77c8182022b6e", "linregress": [-0.9914398857402448, 0.20399935134299998, -0.5776363954352518, 0.0008301343350459575, 0.2647765529336216]}