{"x": [0.08816474926041058, 0.1280554286169382, 0.1840400819403536, 0.17606484566506225, 0.13031269742152526, 0.0979805547140791, 0.1290123047201214, 0.1819401559289197, 0.18053561218072647, 0.12458220805938049, 0.009432602954341857, -0.0034226982139965298, -0.022400905990351907, 0.012369999630501956, 0.0034747590664235277, 0.00461488550164579, -0.008070179061756073, -0.020204830705766553, 0.00517307797163049, 0.0011723632416594833, 0.05646237155387562, 0.0607596895934749, 0.05886149865694776, 0.05483928234164681, 0.059609950504527075, 0.04606058407822635, 0.06071119558237397, 0.05969162779351497, 0.05731499816774034, 0.05348084067002351], "cost": 1.2481321834931445, "fun": [0.056151668571695984, 0.4577410190223691, 0.461873652444418, 0.3404621814897741, 0.25680754074988893, 0.3158778805255143, 0.49509481831351737, 0.5046550640936073, 0.5519328095544307, 0.1465408623038429, 0.45818514569288793, 0.4942943700211623, 0.24714957623941994, 0.40990471045003757, 0.20117968776778097, 0.2664825089225392, 0.16417732372152924, 0.27890228898349384, 0.21398690499806783, 0.13090783792459995, 0.0, 0.0, 0.0, 0.0, 0.0, 0.0, 0.0, 0.0, 0.0, 0.0, 0.0, 0.0, 0.0, 0.0, 0.0, 0.0, 0.0, 0.0, 0.0, 0.0, 0.0, 0.0, 0.0, 0.0, 0.0, 0.0, 0.0, 0.0, 0.0, 0.0, 0.0, 4.0096440886691986e-05, 0.011240787824316666, 0.0, 0.0, 0.0, 0.0005255929279131278, 0.008248322777800203, 0.0, 0.0, 0.0, 0.0, 0.0, 0.0, 0.0, 0.0, 0.0, 0.0, 0.0, 0.0], "grad": [-0.6507030900465134, -0.7368917748001982, 2.582152893842598, 0.66736640983952, 0.15541146336899114, -1.1695222732090806, -3.2531157250835734, 0.20679652146647287, 0.09421100380810987, 2.8580169867597487, -1.9560683212404215, 3.3274467652929802, -1.9693047725009407, 2.535089972462976, -0.4575814634338202, -0.8877010218878401, 0.7484372458116626, 1.4016824786302522, 2.8485652078733428, -1.1102429001476426, -0.6768022878513129, 1.3087636957487394, -2.778866363057644, -2.453201494976299, -1.5514084411983022, 0.22476498104508025, 0.9205944823990935, 0.743434286709723, -1.000063943160801, -2.050880387444155], "optimality": 3.3274467652929802, "nfev": 258, "njev": null, "status": 2, "message": "`ftol` termination condition is satisfied.", "success": true, "res_time": 468.34600700001465, "tension_error": [0.10529103420786272, -0.0013892738320327475, -0.0441521701149335, 0.07682934364547245, -0.035631243288054865, -0.04361126304966697, -0.015904745906875302, -0.012297035184922657, 0.009009396741813565, 0.0512982536809678, -0.14308925086679858, 0.05192112142899631, 0.3398138215307379, -0.1876485195993919, -0.05271086614838335, -0.0700061809516311, 0.12242176225344692, 0.3065001361313364, -0.07847376330999101, -0.017784335755976027, -0.020592857880340765, -0.0857816527441805, -0.056986767554531734, 0.004028831444650819, -0.0683405173835436, 0.13719857941122832, -0.0850460157462547, -0.06957953297135966, -0.033526902071275344, 0.024635911174360706], "git_revision": "018ef57f2e70e762a509d3bbb7a77c8182022b6e", "linregress": [-0.6050147581456303, 0.1182666169511981, -0.4751039481769962, 0.007974842135473548, 0.21176114626871406]}