{"x": [0.09537854481923305, 0.12553425261194737, 0.18188354797320958, 0.1784361860981731, 0.1275861745188034, 0.09612950073350333, 0.12442323450226951, 0.18167567137104673, 0.18354812289954128, 0.13349799748948474, -0.003376668423337531, 0.003378958763923337, -0.007434235752989678, 0.006154585402008691, 0.0011532254208155349, 0.00035490873293421606, 0.003711466764660756, 0.006551866546169124, -0.0030327613912310954, -0.002591407239469952, 0.05493167719274403, 0.05329729325306016, 0.0597335430549351, 0.05747692527938361, 0.05057212254445269, 0.05379481102103724, 0.05671716723009663, 0.0537999827594982, 0.05141460260053042, 0.054286667030892785], "cost": 0.6854304845716521, "fun": [0.0561021556750299, 0.1735988098877073, 0.13671155775896773, 0.4771741209454215, 0.19479539161629256, 0.3022608218744381, 0.16740582315965505, 0.33326536577493154, 0.14690981938339, 0.3448672160558799, 0.16754454601838034, 0.3010346435240551, 0.48084071095163666, 0.3056554325945401, 0.1342806830553748, 0.1539762274278083, 0.19766827573841372, 0.1554048124434037, 0.3295403276718244, 0.15934891802683485, 0.0, 0.0, 0.0, 0.0, 0.0, 0.0, 0.0, 0.0, 0.0, 0.0, 0.0, 0.0, 0.0, 0.0, 0.0, 0.0, 0.0, 0.0, 0.0, 0.0, 0.0, 0.0, 0.0, 0.0, 0.0, 0.0, 0.0, 0.0, 0.0, 0.0, 3.850040071770036e-05, 0.0, 0.0004108743099549954, 0.0, 0.0, 0.0, 0.0, 0.0, 2.7894252505126194e-05, 1.740231409916108e-05, 0.0, 0.0, 0.0, 0.0, 0.0, 0.0, 0.0, 0.0, 0.0, 0.0], "grad": [-3.490540970696129, 2.768044849715208, 0.7402798890297133, 0.9889840461377597, 4.886322734221685, 7.385399002307571, 5.8789617376456995, 0.30141085952153657, 5.153139701940855, 8.307695473445571, -3.4520529982745756, -8.207560692597745, 1.9379631786571831, -1.536711056160878, -0.9077049472567444, -1.706728363181733, -0.7311807910981569, -1.0140092425406375, 0.28431410029592064, 0.839043523085724, 122.74398723590664, 127.2919786550908, 6.5133858098439195, -1.4797940456039047, -15.777801874065652, 125.84796475202667, 121.33739601416187, -10.19789372466027, -14.977940766429136, -17.163436859645273], "optimality": 127.2919786550908, "nfev": 482, "njev": null, "status": 2, "message": "`ftol` termination condition is satisfied.", "success": true, "res_time": 719.4972509999934, "tension_error": [-0.004139693176142474, 0.03685607452024044, -0.011438312516866767, 0.040856947927512696, 0.005729144879461278, -0.015531428811263763, 0.053709826319479945, -0.00828489798005272, -0.03668932545289035, -0.08395111880030524, 0.051222865783674146, -0.05125760944035504, 0.11277472716826394, -0.09336288390722411, -0.01749402178208793, -0.005383839960979784, -0.056301638216190844, -0.09938949836100584, 0.04600591773337138, 0.039310731341222455, 0.002627234230027837, 0.02742026057599991, -0.0702153726632796, -0.035983279087483236, 0.0687601364370202, 0.019873091988776227, -0.02445801817713678, 0.019794638545369413, 0.05598001193926513, 0.01241181026990912], "git_revision": "018ef57f2e70e762a509d3bbb7a77c8182022b6e", "linregress": [-0.16049258617172252, 0.050820328821233905, -0.33512458589878896, 0.0702472181273483, 0.08527087174192424]}