{"x": [0.09705300959703864, 0.12727781486408055, 0.18214904517084474, 0.17725991505989688, 0.12216030315801223, 0.09517406307113566, 0.1299909519222838, 0.18354340082234533, 0.18326546110933425, 0.12799440989002941, -0.004544664022010598, -0.0032105139325758806, -0.0019305645553113324, 0.008196337053973896, 0.00428183522935931, 0.0019259979510368155, -0.002765716611734697, 0.002403817476705496, -0.011983977865291996, 0.003838529374844291, 0.05531716513649442, 0.052471459009265885, 0.056677553284647283, 0.05779213156706914, 0.05320708936869163, 0.054437127685032415, 0.05635626850756757, 0.05316015518309387, 0.05083055222711421, 0.060013880705102704], "cost": 0.5085146595082726, "fun": [0.23728107108765428, 0.20595074185425158, 0.18504802431940534, 0.07674951071820985, 0.3095130367302976, 0.23513515658405684, 0.158657101571439, 0.16265435530537975, 0.27483835529229705, 0.3138819962719619, 0.28316128902994736, 0.39691130618972553, 0.012657466076781304, 0.15521943103557964, 0.0055965462272318965, 0.19698070097056414, 0.287139772944219, 0.009187889298321386, 0.3080343086790692, 0.1522431062568366, 0.0, 0.0, 0.0, 0.0, 0.0, 0.0, 0.0, 0.0, 0.0, 0.0, 0.0, 0.0, 0.0, 0.0, 0.0, 0.0, 0.0, 0.0, 0.0, 0.0, 0.0, 0.0, 0.0, 0.0, 0.0, 0.0, 0.0, 0.0, 0.0, 0.0, 9.386535924691776e-05, 3.309205038164119e-05, 7.195367581821912e-06, 0.0, 0.0, 0.0, 2.1155487358967276e-05, 0.0, 0.001721087675209941, 0.0, 0.0, 0.0, 0.0, 0.0, 0.0, 0.0, 0.0, 0.0, 0.0, 0.0], "grad": [-0.02808930079885874, 0.5166028939482614, -0.28783866183224704, 0.14469471838617665, 1.200112328535466, -0.08678687324759782, 0.4727654830450043, -0.0716911322278041, -0.53935207054018, -0.02727140353273061, 1.2729639147754157, 0.7120136127594019, -1.357370516728591, -1.7179909126707202, 0.2267598992302584, -0.7533378365780425, -0.2797316451103198, 0.611449769070304, 2.4358178853777277, -0.6327922014891894, -0.4704721601851869, 0.31123240377188477, -0.36994661361656567, 1.5455062885175437, -1.2178375364555851, 0.7478883653953874, 1.118611397329056, -1.529017637060526, 1.568986436635828, -0.6562003619148822], "optimality": 2.4358178853777277, "nfev": 1746, "njev": null, "status": 2, "message": "`ftol` termination condition is satisfied.", "success": true, "res_time": 2018.1463949999888, "tension_error": [-0.0295407316613629, 0.01040685178660188, -0.015465811108797092, 0.05870056357612658, 0.08803769449967572, -0.0010377773748713388, -0.030750477853627892, -0.036617693211845624, -0.03240144606210411, -0.0004636413248143647, 0.06894094594021435, 0.04870236092130259, 0.029285981537295294, -0.12433553437813902, -0.06495392610817671, -0.029216707765483987, 0.04195494287192655, -0.03646506098340346, 0.18179270594227756, -0.058229133075494044, -0.0032204815443371317, 0.03994787398840148, -0.02385708863460623, -0.040764846995275404, 0.028788621600209733, 0.010129375358784398, -0.01898331219243329, 0.029500596596903107, 0.06483984954773049, -0.07446799567162715], "git_revision": "018ef57f2e70e762a509d3bbb7a77c8182022b6e", "linregress": [-0.20264183194246427, 0.057418376500729326, -0.3378451578235655, 0.06785993470425208, 0.10668788205918747]}