{"x": [0.09611736558836503, 0.12662011274721796, 0.1788978590931704, 0.17924362385266288, 0.1308494505079628, 0.09529400038418485, 0.13337399237573153, 0.1794799747059081, 0.18171486274628126, 0.12623956587703397, -0.003185827822238485, 0.0019284582312389666, 0.0001570132098308842, 0.006570460662201727, -0.0025460302634789113, -9.535689628018989e-07, -0.003874034778558787, 0.0034243535623602653, -0.002055118395942601, 0.0029640545766323346, 0.053387209120140354, 0.056129157589885174, 0.05407410642409642, 0.059945573933772714, 0.05406988871679933, 0.05399855374192191, 0.05550732654494239, 0.05306131787610734, 0.057674367517554746, 0.05404831769577752], "cost": 0.6092517692446064, "fun": [0.3492972446828781, 0.13796278102668896, 0.20838276774926395, 0.2974702178026652, 0.27970920270577554, 0.2137336715716902, 0.20753935111653854, 0.4669432103815633, 0.21410225435471758, 0.3002926260914209, 0.2719627657245723, 0.36741499629303365, 0.1963343559405641, 0.09644311684353628, 0.16334052962114573, 0.25068896318907563, 0.08765366605331816, 0.12296097279854552, 0.23187408825268005, 0.04008499694461492, 0.0, 0.0, 0.0, 0.0, 0.0, 0.0, 0.0, 0.0, 0.0, 0.0, 0.0, 0.0, 0.0, 0.0, 0.0, 0.0, 0.0, 0.0, 0.0, 0.0, 0.0, 0.0, 0.0, 0.0, 0.0, 0.0, 0.0, 0.0, 0.0, 0.0, 3.2334556018651584e-05, 0.0, 0.0, 0.0, 1.6504055857138105e-05, 8.670743141079107e-16, 5.8142077494950615e-05, 0.0, 8.679816428496668e-06, 0.0, 0.0, 0.0, 0.0, 0.0, 0.0, 0.0, 0.0, 0.0, 0.0, 0.0], "grad": [0.22649491351013135, -0.19566237214330218, 1.5125328192771241, 0.6492655207450542, -2.6416468229937227, -1.611779688339777, 0.5344960081267693, 2.9044479456521937, -1.2718172549366042, -0.6395314819102351, 0.6579644192118634, -0.3853633754778263, 0.5323839031234228, -2.6362663864312426, -0.017192841111039803, -2.054461996009711, 2.973423985312879, -0.5083861743014756, 1.9565338398878966, -1.488577991380764, -0.9779016173966895, 0.9202646027032095, -0.22363860680832026, -3.0294815411540985, 2.4317676359714016, 1.167296910852869, 0.5833598239840816, -3.5697388399394527, -2.1096624302270315, 3.798753845732505], "optimality": 3.798753845732505, "nfev": 351, "njev": null, "status": 2, "message": "`ftol` termination condition is satisfied.", "success": true, "res_time": 501.4855389999866, "tension_error": [-0.015347342951252022, 0.020383960295346622, 0.03385353186946824, 0.028608402751726422, -0.04377359778029335, -0.0028571839965914727, -0.08207000508053061, 0.025023043896245267, -0.008879417281871468, 0.026156721731177803, 0.0483278813580165, -0.029254029346043698, -0.0023818348635729534, -0.0996715645251934, 0.03862237866353766, 1.4465303924867054e-05, 0.05876773749294087, -0.05194623247824083, 0.031175419249746362, -0.04496365965487827, 0.026056268672193388, -0.01553811989162867, 0.015636279500460547, -0.07343180610804131, 0.015700260628515792, 0.01678238696895649, -0.006105162857682417, 0.03099992358891687, -0.038978408012778167, 0.016027485388572356], "git_revision": "018ef57f2e70e762a509d3bbb7a77c8182022b6e", "linregress": [-0.06217422759068639, 0.035676411476809375, -0.16461970177345214, 0.38468366217162187, 0.07040179836121467]}