{"x": [0.09641185163489399, 0.12225019374980482, 0.18462477274097702, 0.1818868617299912, 0.1306422507269287, 0.0972039820959459, 0.12408312510977351, 0.17859015427482453, 0.18501444753882865, 0.12743061447733547, 0.008265982370267386, 0.002386764117652635, -0.006821190036382563, 0.00424783930419017, -0.00031450686889134704, -0.0049208582696922435, 0.008034025898588823, 0.005487004429345424, -0.008563530060885888, -0.006074542023925183, 0.05745704229012924, 0.05121936417799417, 0.05862461840536107, 0.04900272606252236, 0.05301090532882235, 0.051799103292655996, 0.05519906486521923, 0.060296868274113874, 0.05347147560007542, 0.050113301064806354], "cost": 0.5751559294639279, "fun": [0.14273508330461224, 0.2606757775907413, 0.2707669752902991, 0.20400171564867378, 0.2958949616455842, 0.09601831923265268, 0.3300733962667405, 0.30573530494317586, 0.4392044806040148, 0.10911385418296692, 0.1787965810236015, 0.4041651509192944, 0.1590272582821928, 0.14904112242739773, 0.31526737559044804, 0.25915593581899343, 0.031337670868555434, 0.13075230102334398, 0.032209025859256786, 0.1206682928656822, 0.0, 0.0, 0.0, 0.0, 0.0, 0.0, 0.0, 0.0, 0.0, 0.0, 0.0, 0.0, 0.0, 0.0, 0.0, 0.0, 0.0, 0.0, 0.0, 0.0, 0.0, 0.0, 0.0, 0.0, 0.0, 0.0, 0.0, 0.0, 0.0, 0.0, 0.0, 0.0, 0.000317380651321584, 0.0, 3.11093118807973e-08, 0.00011915782573167971, 0.0, 0.0, 0.0006279983168589247, 0.0002241509700176249, 0.0, 0.0, 0.0, 0.0, 0.0, 0.0, 0.0, 0.0, 0.0, 0.0], "grad": [-2.4497159241667776, -0.017218255718875808, 0.907085001673396, 0.040080646608652515, 0.12251816263337456, 0.19669577054788379, 0.37027434639448664, 0.3195382645898881, -1.0739574770420341, 0.8907307860533091, -1.873373276524549, -2.0453210941153945, 1.5736971346032862, -0.07584305414852333, 0.43528141700660455, 1.5145190826676935, -1.399089445655914, 0.40943441463149943, 0.36172743879434144, 1.4565131087308703, 0.15175921529545455, 2.1918679304863504, 48.11636614877108, -0.9440233737826826, 1.724243396235753, -2.2993974791199774, 2.4809721991664855, -3.276476464068212, 51.18323948389765, 0.27034906493154676], "optimality": 51.18323948389765, "nfev": 816, "njev": null, "status": 2, "message": "`ftol` termination condition is satisfied.", "success": true, "res_time": 1117.0619880000013, "tension_error": [-0.019814592128655127, 0.08667408601304316, -0.05302172277763776, -0.011488581035294942, -0.040630450380636764, -0.031830931076592704, 0.05886916551997214, 0.03852130514036055, -0.058932951647988376, 0.008088935692898376, -0.12539202919542905, -0.03620636755769182, 0.10347504045813544, -0.06443821994641817, 0.0047709579720421145, 0.07464767963204094, -0.12187333155418954, -0.08323591664975614, 0.12990572243088422, 0.0921486541699759, -0.03568166117234656, 0.05894170976078407, -0.05339337791343841, 0.09256732603244705, 0.03176466410224215, 0.05014727242289556, -0.0014289421966373103, -0.07876081701165673, 0.02477797597340655, 0.07572029601566228], "git_revision": "018ef57f2e70e762a509d3bbb7a77c8182022b6e", "linregress": [-0.24681832199826154, 0.07450889509531339, -0.4340353318832504, 0.016555717103896, 0.09681616631886454]}