{"x": [0.09452486003314624, 0.12618779688971732, 0.1814599038064855, 0.18187660942602746, 0.12825239119803153, 0.09650157586069738, 0.12826821288045473, 0.18167411189693114, 0.18121721482791658, 0.12706577450295392, 0.0002853071753496854, -0.0014903651785871687, -0.0016193733072348792, 0.00033014811351951144, 0.0014395829560097677, 0.001010588749613965, 0.0007848189102420273, -0.0017421383661755992, 0.0015492807452257731, 0.0002615222184042099, 0.05544052133135326, 0.05488777079270715, 0.05696985591739882, 0.05309580864136437, 0.054227885564533014, 0.05431621855246626, 0.054496102127455065, 0.05661553802959656, 0.05398026589603942, 0.054999925729728], "cost": 0.6525275894344787, "fun": [0.12704925767670872, 0.28006272963314355, 0.17355510881081068, 0.23806852375347878, 0.23449446730698426, 0.20892661447689598, 0.26454205448617807, 0.2506597872647286, 0.2843887040727457, 0.26523881092488133, 0.31037208617789813, 0.2554409101109964, 0.28192737187799083, 0.3040722840481733, 0.19020587644531248, 0.1501187049362985, 0.20256124174009008, 0.12035519514973445, 0.4076513703091654, 0.35646500817625243, 0.0, 0.0, 0.0, 0.0, 0.0, 0.0, 0.0, 0.0, 0.0, 0.0, 0.0, 0.0, 0.0, 0.0, 0.0, 0.0, 0.0, 0.0, 0.0, 0.0, 0.0, 0.0, 0.0, 0.0, 0.0, 0.0, 0.0, 0.0, 0.0, 0.0, 0.0, 3.3103817950914586e-06, 4.246595831010495e-06, 0.0, 0.0, 0.0, 0.0, 5.28747023110133e-06, 0.0, 0.0, 0.0, 0.0, 0.0, 0.0, 0.0, 0.0, 0.0, 0.0, 0.0, 0.0], "grad": [-1.3317169458021896, 2.3075120191748395, -0.8091248639970363, -2.2294166832746263, -1.5272912942421992, 4.318411546024503, -1.637607352830173, -0.022992066305062286, 1.2202285933621002, -0.14575824024320116, -2.0604592276044507, 0.7240979283492803, 3.1933359457981165, -1.1713153303860127, -4.334284373610076, 4.577943534856793, 1.973112973314493, 2.666256719582946, -3.1855904000078015, -3.323297345848254, 3.8304576291476655, -2.230239930033256, -0.09922407877529693, -1.8106397420250993, 6.770712964200021, -2.256669645973881, -0.10565324117727837, -1.6704991399903908, -0.2126651164919604, -0.39800694058889974], "optimality": 6.770712964200021, "nfev": 414, "njev": null, "status": 2, "message": "`ftol` termination condition is satisfied.", "success": true, "res_time": 587.297762999995, "tension_error": [0.008810403113166295, 0.026942038960062423, -0.005011780334386363, -0.01133305721001257, -0.004377126529093801, -0.021175676902068685, -0.004617135855930363, -0.008261241309245482, -0.001330274359297114, 0.013623429074334354, -0.004328008947828895, 0.02260831267405763, 0.024565320360406966, -0.00500823012134192, -0.021837964317286542, -0.015330273925090326, -0.011905425307967328, 0.026427622887236015, -0.023502040983784736, -0.003967199562794771, -0.005091751393981848, 0.0032932787905743557, -0.028291216197195775, 0.030476710878031034, 0.013303504325832459, 0.011963524138881404, 0.009234753924235424, -0.02291633914790843, 0.017059807123282835, 0.001591928060875846], "git_revision": "018ef57f2e70e762a509d3bbb7a77c8182022b6e", "linregress": [-0.04462891804819719, 0.016548167260573197, -0.30763722568909907, 0.09817116935509511, 0.02608608763283604]}