{"x": [0.09427483481925722, 0.1273764866494326, 0.17656988590383232, 0.18188280009608912, 0.13251950895175837, 0.09356688980126984, 0.12679442831641496, 0.17948640538815158, 0.18421275439566692, 0.129152630461356, 0.01022649917381086, -0.002613792120156333, 0.0170155734411156, -5.10807986414962e-05, -0.006103683050717506, -0.000609223005180253, -0.003318550956572101, 0.0008224205138252514, -0.0033680207473655364, -0.006626367847007245, 0.05674967472121845, 0.05459146558911555, 0.04754722270415186, 0.05689833948665626, 0.056092742850292136, 0.05716404585969457, 0.05358488878738266, 0.05025789963233474, 0.056144381880208497, 0.049617999303887855], "cost": 0.551883105822977, "fun": [0.041819859927715565, 0.33152243200526293, 0.2718606535411584, 0.20240058528929245, 0.11558797964454359, 0.23712186630673934, 0.1376375742185861, 0.18465221028519085, 0.32061218525895796, 0.3103031267325351, 0.06786550222400443, 0.025816490392849226, 0.36083503606585643, 0.13852436646000907, 0.12402925194407852, 0.32952024587211115, 0.17796242508144972, 0.19153750854148255, 0.4546013375750076, 0.043337339924226705, 0.0, 0.0, 0.0, 0.0, 0.0, 0.0, 0.0, 0.0, 0.0, 0.0, 0.0, 0.0, 0.0, 0.0, 0.0, 0.0, 0.0, 0.0, 0.0, 0.0, 0.0, 0.0, 0.0, 0.0, 0.0, 0.0, 0.0, 0.0, 0.0, 0.0, 0.0, 1.7857190556454664e-05, 0.0, 1.3328247117541393e-10, 0.00022739238723854064, 2.2611474502296675e-07, 3.6546473101397866e-05, 0.0, 3.8205358074841795e-05, 0.00029095553479394933, 0.0, 0.0, 0.0, 0.0, 0.0, 0.0, 0.0, 0.0, 0.0, 0.0], "grad": [-207.90535031799493, -1.3860283834273421, -204.30714549356952, -0.8690224202713959, -0.9747229879398622, 207.05474632118927, 0.053713231557954155, -0.13625956581311782, -0.9840670184931022, 209.61509106609952, -209.68221102774845, -206.38397861545042, -2.5992168177076387, -207.09517011298863, 1.022981783614068, 205.85916301574278, -207.0340644121469, 207.44885685108275, 207.14457879618124, 2.394652684729972, 202.0450189951443, 4.3573393139768415, 202.72048886124676, 0.7590059187226794, 207.24440822225324, -206.4688859614933, 207.58635347154805, -206.15506998712425, 209.573705045985, -205.90207064501138], "optimality": 209.68221102774845, "nfev": 1624, "njev": null, "status": 2, "message": "`ftol` termination condition is satisfied.", "success": true, "res_time": 2102.4120949999924, "tension_error": [0.012603197183515984, 0.008910035699244334, 0.06916806183672904, -0.011426967485444974, -0.06910779373693375, 0.02334247273333308, 0.01773965475937178, 0.02492549272089772, -0.04677155019439945, -0.018033437773561412, -0.15513237574544234, 0.03965030206455949, -0.2581202313447853, 0.0007748776500684857, 0.09259071324034986, 0.009241697529729694, 0.05034124436676573, -0.012475828336077108, 0.05109168359753093, 0.10051965674646209, -0.0249511453207997, 0.007788123937251615, 0.114646797223109, -0.027206337235454906, -0.014985721170501651, -0.0312370089442736, 0.023057538031858314, 0.07352678688523447, -0.01576906699158479, 0.08323384855952413], "git_revision": "018ef57f2e70e762a509d3bbb7a77c8182022b6e", "linregress": [-0.25784047413268657, 0.06660945316860555, -0.29916155589398025, 0.10827921906184451, 0.15541997362334392]}