{"x": [0.09841327403235679, 0.12220086763123968, 0.1828185423135048, 0.17824289716440692, 0.13024216427224553, 0.09889656624812575, 0.1265746660968187, 0.18057410981417235, 0.18142665180731515, 0.1272432795697353, -0.004690988314914065, 0.0036604430667324583, -0.005093121399064428, 0.009892169944335585, 0.0031152096458652227, -0.005944086089217316, 0.0019921050683288986, 0.0038216214379540123, 0.0039558245831967705, -0.0015109435726807017, 0.05030855329461058, 0.051359068032738625, 0.05848205577519894, 0.05462170628348454, 0.05556848207062823, 0.05898714197061129, 0.05126951096915145, 0.04951394764565687, 0.05274017168413628, 0.052490729475794244], "cost": 0.6422476271507015, "fun": [0.10032906830448807, 0.14197636710611056, 0.14220593405711338, 0.19309386678022655, 0.2572158244337013, 0.2848209422608404, 0.36836980502051947, 0.20465234250666686, 0.22106485605297269, 0.16840295149333648, 0.2660739194361276, 0.24543987602997983, 0.25843295913521397, 0.21405768466918215, 0.4979678635594252, 0.4764841566771402, 0.11422799416136419, 0.19268880942535352, 0.04217447042597016, 0.15512556489267174, 0.0, 0.0, 0.0, 0.0, 0.0, 0.0, 0.0, 0.0, 0.0, 0.0, 0.0, 0.0, 0.0, 0.0, 0.0, 0.0, 0.0, 0.0, 0.0, 0.0, 0.0, 0.0, 0.0, 0.0, 0.0, 0.0, 0.0, 0.0, 0.0, 0.0, 0.00010322693996511199, 0.0, 0.00013211498636534302, 0.0, 0.0, 0.00021001739740569527, 0.0, 0.0, 0.0, 3.449409354240094e-06, 0.0, 0.0, 0.0, 0.0, 0.0, 0.0, 0.0, 0.0, 0.0, 0.0], "grad": [-0.831084394899472, 0.705058198481467, -0.07573942276494727, 0.5238113399504714, -0.1707171000227481, 0.09758717884045609, 1.3066335573515557, 0.21098005630521044, -0.4534128300966014, -1.251491737106497, 0.2008564544937388, -0.6004737343773946, -0.15998015427305184, -0.8557959864681801, 0.024411620885061186, 1.48974358671717, 0.7078941800563907, 0.8167957900874709, -1.6149125307196708, -1.4025754243853665, 1.5025204985119522, 0.17024851895676818, -0.07129855254297279, -0.2156569885778783, -0.4055455844915814, -0.7264261772053606, 0.04952388869223956, -0.14241244011074805, -0.039505128493106056, 2.275379045558463], "optimality": 2.275379045558463, "nfev": 2660, "njev": null, "status": 2, "message": "`ftol` termination condition is satisfied.", "success": true, "res_time": 3213.0573330000043, "tension_error": [-0.05017546207168201, 0.08742234578691659, -0.025621845987440578, 0.04378907269384937, -0.034561280358355984, -0.05750683406294166, 0.021073369909163035, 0.008425401257578792, -0.004507359266931437, 0.01093073998800771, 0.07116063371425912, -0.05552762676374725, 0.07726085038174267, -0.15006071957375214, -0.047256628597379696, 0.09016968377772758, -0.030219529355248204, -0.05797264565255853, -0.06000845990337624, 0.022920479634666313, 0.07275838874277127, 0.05682245169221601, -0.051230753232823625, 0.00732938329864991, -0.007032870553968252, -0.05889273218757737, 0.05818100067392846, 0.08481227541579994, 0.035871597744003905, 0.03965554782639257], "git_revision": "018ef57f2e70e762a509d3bbb7a77c8182022b6e", "linregress": [-0.23171340458910056, 0.06458007164930037, -0.46496267622010135, 0.009629011171317245, 0.08337951603087244]}