{"x": [0.0979945392222317, 0.13123620855399243, 0.18411721197136435, 0.18035491901029224, 0.12669462601654943, 0.09443100790579412, 0.12793181805560863, 0.18536041441731224, 0.18146787206424694, 0.1266714607814248, -0.0015283403106661686, 0.00046053891441192766, -0.006302172072846208, 0.007829852147298415, 0.0005790154495398187, -0.0045748256971329905, -0.0035002922435479695, -0.005320754038498241, 0.0028437637990211162, 0.0075876083869576, 0.054326018044784444, 0.054484250853006407, 0.056509254252322186, 0.054007159708775704, 0.05729162963916229, 0.053864856086576665, 0.04864172486073818, 0.05394792428975488, 0.054202280474640964, 0.05544363572919965], "cost": 0.607336887268347, "fun": [0.2189172766002228, 0.2918656355045022, 0.14207513648130402, 0.35076055397959227, 0.19616659604996708, 0.2722593477839002, 0.16038301212078956, 0.28682070073803323, 0.2865513103622169, 0.33436672908795934, 0.17549502870443986, 0.3375369378136757, 0.14170410180726759, 0.274637230562852, 0.2868060996134696, 0.19565960963985377, 0.19090963482755197, 0.07349699904067573, 0.2920413012442616, 0.18953833226182737, 0.0, 0.0, 0.0, 0.0, 0.0, 0.0, 0.0, 0.0, 0.0, 0.0, 0.0, 0.0, 0.0, 0.0, 0.0, 0.0, 0.0, 0.0, 0.0, 0.0, 0.0, 0.0, 0.0, 0.0, 0.0, 0.0, 0.0, 0.0, 0.0, 0.0, 3.569934138613837e-06, 0.0, 0.00025030571789236414, 0.0, 0.0, 9.574666498814323e-05, 4.28857408471789e-05, 0.0001506328003724485, 0.0, 0.0, 0.0, 0.0, 0.0, 0.0, 0.0, 0.0, 0.0, 0.0, 0.0, 0.0], "grad": [2111.5720003443166, -3.7412114255015525, -2111.9079177592043, -2110.6340713420545, 2113.1329535243935, -2112.970475839379, -1.8993983601267856, 2114.037566683229, -2112.1004405213407, 0.8174159031335742, -2116.434940681211, 2113.1335650437386, -2111.1108937734953, 2111.42061053582, 0.1645932899289586, -1.340623886917516, -0.9810455460098133, -2111.0593347470135, 0.34503080056735724, 1.4934861601015652, -2114.866015860598, -2111.32482592829, 2115.709942423546, 2107.2125314912323, 1.111685872202571, 2112.290533207743, 2117.807020474606, -2110.352505587599, -5.813314199644661, 2112.490529664335], "optimality": 2117.807020474606, "nfev": 257, "njev": null, "status": 2, "message": "`ftol` termination condition is satisfied.", "success": true, "res_time": 396.68684900000517, "tension_error": [-0.0438234030925567, -0.04964058055704791, -0.04532220540742741, 0.01175044823304375, 0.019253620352079046, 0.01023410669319335, 0.00048585466701321346, -0.06418114683934384, -0.005132655986559801, 0.019605028776262884, 0.0231843819973456, -0.0069862124566452, 0.09560172150807367, -0.11877608795555374, -0.008783459593920333, 0.06939848788479121, 0.05309819541525384, 0.08071395701700323, -0.04313889110075918, -0.11510133578352806, 0.011814869306119843, 0.00941453356627949, -0.021304051835159436, 0.01665183749538547, -0.033172409757300264, 0.01881053311680136, 0.09804358659120778, 0.017550417852631287, 0.013691924483954775, -0.005138995707868341], "git_revision": "018ef57f2e70e762a509d3bbb7a77c8182022b6e", "linregress": [-0.1874634245366724, 0.05001796265859961, -0.34074546711893533, 0.06538488083146354, 0.0977478411638406]}