{"x": [0.09543908767052148, 0.12758919177952546, 0.1770570892878381, 0.18059739655145945, 0.129180763332551, 0.09676124734374728, 0.130939301100114, 0.18263438454685887, 0.18048785890398802, 0.1295589606862327, 0.0009023694246301204, 0.0025481076941510873, 0.009462103907156908, -0.001120580518432365, -0.0017131992671011991, -0.003092450469310907, -0.0024103524370401126, 0.0021148564428196824, 0.00671640554228696, -0.0035106225098916117, 0.05345006557596691, 0.05606817610844058, 0.050302403825833675, 0.05883415619270437, 0.05308290199059737, 0.05190032991128883, 0.055643490580121864, 0.05191807680583296, 0.05347139637540936, 0.056821794107208], "cost": 0.43315689800305496, "fun": [0.08814333142218776, 0.203011122112983, 0.1609437768850623, 0.11531781347492895, 0.33718262646196706, 0.24925047313977033, 0.19618746196651496, 0.19549873432007675, 0.2366465582230484, 0.23819419151268065, 0.2807517892808532, 0.22565365218724226, 0.009823601370299556, 0.003398181354471311, 0.3124477853056337, 0.26583273277902025, 0.11295069994985378, 0.004789583494469154, 0.029343551930952852, 0.3179354895386126, 0.0, 0.0, 0.0, 0.0, 0.0, 0.0, 0.0, 0.0, 0.0, 0.0, 0.0, 0.0, 0.0, 0.0, 0.0, 0.0, 0.0, 0.0, 0.0, 0.0, 0.0, 0.0, 0.0, 0.0, 0.0, 0.0, 0.0, 0.0, 0.0, 0.0, 0.0, 0.0, 0.0, 1.407113739485857e-06, 5.028328470677562e-06, 2.9573876657291542e-05, 1.400366286681361e-05, 0.0, 0.0, 4.326656323315866e-05, 0.0, 0.0, 0.0, 0.0, 0.0, 0.0, 0.0, 0.0, 0.0, 0.0], "grad": [-0.0016077956537896565, 0.8278073179341809, 0.5080812980659742, -0.42764214038300974, 1.125921688402213, -1.053734999823204, 0.11498359429191729, 0.3603598126412739, -1.3354882368147583, -0.14332387661886203, -0.43641972524370565, -0.13098656344837778, -1.554919709633772, 0.22236554942526865, 0.7658509914159879, 0.18477713382988792, 0.4912014775677568, -0.14786163387899376, -1.28059963704443, 0.25944484653605426, -0.8516164171842515, 0.5110306218223641, -1.286014899351509, 1.2166688975695943, -0.031353210649085916, -0.7849559386786065, 1.2789330000723256, -1.381241768607248, 1.2965656855540137, 0.5157570190375225], "optimality": 1.554919709633772, "nfev": 1655, "njev": null, "status": 2, "message": "`ftol` termination condition is satisfied.", "success": true, "res_time": 1531.2993229999847, "tension_error": [-0.00505810681849908, 0.005683374101397405, 0.06177735880654748, 0.008072149688560947, -0.018460203480069867, -0.02511480146407274, -0.045136599486512545, -0.02282823779697396, 0.009733797061429942, -0.024197323581495653, -0.013688625038117812, -0.03865389255212687, -0.14353676988764524, 0.01699881015818751, 0.025988626988928867, 0.04691137993810021, 0.03656419402051429, -0.03208162429381139, -0.10188549674096935, 0.05325490190226715, 0.02510275846722668, -0.014613052384929678, 0.07285167400928519, -0.056571992041942444, 0.030672500205578178, 0.04861170041821532, -0.00817072311534837, 0.04834248630437805, 0.024779177783571898, -0.02604517090039519], "git_revision": "018ef57f2e70e762a509d3bbb7a77c8182022b6e", "linregress": [-0.16513200207651493, 0.047265269338530834, -0.3481620432322037, 0.059375207594125255, 0.08402561098957395]}