{"x": [0.09449781939542917, 0.1270244732525967, 0.1814745441004606, 0.1833512402517705, 0.12524740289011646, 0.09514842156828543, 0.12521964551829218, 0.18035193722206633, 0.18406134319868842, 0.12828133947133324, -0.000589062917446399, 8.817321361498949e-05, -0.00099276285389587, 0.0008685030983039575, 0.002301287926266127, -0.002259807483466037, 0.0005746041397776192, 0.0003561678260760125, 0.0014896302579079945, 0.001843349609667362, 0.05834794216206597, 0.054361215757028125, 0.05877511168256639, 0.05006371056199153, 0.05632647441633409, 0.0565168849773951, 0.05502538718082684, 0.058271745947477346, 0.0541198158252724, 0.04987868276390163], "cost": 0.9015482073259488, "fun": [0.36097424562494584, 0.17231985585304246, 0.23940168874220827, 0.16624119378804836, 0.12414695340423401, 0.17679280328735025, 0.31708079931074296, 0.3057362116436202, 0.336166977873943, 0.3086729302435065, 0.5161534591019149, 0.22449292813307895, 0.18913632390116203, 0.33763677191947045, 0.24285425152347365, 0.44795957515470947, 0.2317217342779283, 0.32720855607227595, 0.37534922005802956, 0.28513912120309526, 0.0, 0.0, 0.0, 0.0, 0.0, 0.0, 0.0, 0.0, 0.0, 0.0, 0.0, 0.0, 0.0, 0.0, 0.0, 0.0, 0.0, 0.0, 0.0, 0.0, 0.0, 0.0, 0.0, 0.0, 0.0, 0.0, 0.0, 0.0, 0.0, 0.0, 2.0440195814537077e-07, 0.0, 9.784453114839895e-07, 0.0, 0.0, 1.1540226358930794e-05, 0.0, 0.0, 0.0, 0.0, 0.0, 0.0, 0.0, 0.0, 0.0, 0.0, 0.0, 0.0, 0.0, 0.0], "grad": [4.75502477940762, -11.324760335882715, -42.363000942647005, 15.12913740470786, -20.8808557346903, -50.10952790527442, 14.871168831720771, 18.806495060446096, -3.9866596194897777, 15.029336231112945, 17.32510659000364, 9.95053339488156, 0.3490801827117913, -15.514420769109947, 39.09908765602722, -48.532726311594516, -21.47865283507999, 45.1424421161084, -44.118526237405376, 0.8803062222922604, 24.818434360620856, -33.20327317156803, -15.329748328646673, -6.564815088608151, -36.03068916064865, 20.948876065513247, -29.55174956624802, -15.870158825330549, 7.322072729804432, -14.492526262533518], "optimality": 50.10952790527442, "nfev": 167, "njev": null, "status": 3, "message": "`xtol` termination condition is satisfied.", "success": true, "res_time": 349.0172489999968, "tension_error": [0.009220600024095787, 0.014249954435582348, -0.005233868416277176, -0.033702685316062936, 0.04120748335264981, -0.000648804845051355, 0.041628552866504374, 0.011795680905886521, -0.044474695884579564, -0.004816261597184752, 0.008935876128658395, -0.0013375564670491692, 0.01505986139138373, -0.013174884844973077, -0.034909723964015205, 0.034280480316782505, -0.008716541584939157, -0.005402939958647792, -0.022597164187267867, -0.027962961656463788, -0.049196297152447374, 0.011280932459466583, -0.05567630770493217, 0.07647256640510076, -0.01853134636545081, -0.021419807235820185, 0.0012056868524469363, -0.0480404275248221, 0.014942884050286298, 0.07927937266487553], "git_revision": "018ef57f2e70e762a509d3bbb7a77c8182022b6e", "linregress": [0.018709669585577165, 0.023946711272583413, 0.054785272972418544, 0.7737013913343435, 0.06444222706929786]}