{"x": [0.09349367588165124, 0.1265888451555273, 0.18056749699848973, 0.18130139742368642, 0.12815153671768362, 0.09510922390517064, 0.13012952963384322, 0.18067147921273144, 0.1813012672391963, 0.12941920238408136, 0.0007427464571950238, 0.0009665220199393617, -0.0021902897049502993, -0.0026687626617238006, -0.0017144372581417205, 0.0005446157746269969, 0.0020309486447729107, 0.0028429169309831703, 0.0005035067344535189, -0.0022256213276575067, 0.05795900180033901, 0.05390048674155118, 0.056962574993002064, 0.05571502077528911, 0.055197602282059346, 0.05618083345226317, 0.05324786953426676, 0.052399203664944445, 0.05743091277458635, 0.052516216672663034], "cost": 0.5447430998917302, "fun": [0.15943351239674294, 0.2959200353999047, 0.11001858707079769, 0.22978409580933987, 0.29723468202062564, 0.19391702341344527, 0.40002142838359356, 0.12099134665186462, 0.2197588385950123, 0.17112255148113775, 0.1743838166164927, 0.130556668245444, 0.1578373848173559, 0.3052112537268372, 0.3309222230867629, 0.09155532251107885, 0.1380056260414234, 0.1808852720458683, 0.2529792523104323, 0.3663764931669977, 0.0, 0.0, 0.0, 0.0, 0.0, 0.0, 0.0, 0.0, 0.0, 0.0, 0.0, 0.0, 0.0, 0.0, 0.0, 0.0, 0.0, 0.0, 0.0, 0.0, 0.0, 0.0, 0.0, 0.0, 0.0, 0.0, 0.0, 0.0, 0.0, 0.0, 0.0, 0.0, 1.0507627913173962e-05, 1.9007712678952175e-05, 5.039237052865801e-06, 0.0, 0.0, 0.0, 0.0, 1.1024371082813982e-05, 0.0, 0.0, 0.0, 0.0, 0.0, 0.0, 0.0, 0.0, 0.0, 0.0], "grad": [0.8064066816630782, 3.429975685495343, -4.700500485095714, -1.9401933561239368, 3.5701963706370394, 4.476989704014218, -0.9780974959953643, -3.4670991316352264, 1.275366449927076, -3.8385655776981267, -2.5050792076574053, -0.8309166530869363, 2.651329176900611, 2.912052060319993, 2.1014834017037707, -0.803216345358396, 1.3609058648856092, -1.6089603051291879, -0.18840223949935597, 0.0032081717122665054, 3.969916905066798, -5.752430981638794, 3.281198812776764, 4.502002644562154, -0.5991016083320737, -1.76060734385028, 2.7404156728421127, 5.615961180956424, -1.7946160710861712, -2.846433512291752], "optimality": 5.752430981638794, "nfev": 321, "njev": null, "status": 2, "message": "`ftol` termination condition is satisfied.", "success": true, "res_time": 435.4589239999914, "tension_error": [0.02445310200098673, 0.02085827860314389, 0.008525715332784407, -0.0026072945649641037, -0.0028471997305847836, -5.4190158312875004e-05, -0.03285265272835278, 0.006948341917266209, -0.0026053197122900646, -0.022077239565020945, -0.011267201074660314, -0.014661797220641922, 0.03322592020247576, 0.04048418573916179, 0.026007406875183537, -0.00826162869134096, -0.030808772672417883, -0.04312604441212835, -0.007638019090603077, 0.0337618884235017, -0.043296209418366004, 0.018270028682036643, -0.028180767149081173, -0.009255810878543734, -0.0014067553273615708, -0.0163220244481286, 0.028170000910818477, 0.04104396200780851, -0.035285285662570234, 0.03926891606373887], "git_revision": "018ef57f2e70e762a509d3bbb7a77c8182022b6e", "linregress": [-0.09816134730404402, 0.02758997076797773, -0.43597992000061564, 0.016023439331135668, 0.03829274273591596]}