{"x": [0.09487801597301816, 0.12627400755454377, 0.1827662494444311, 0.18115214114565378, 0.1262099241604259, 0.09634726109161043, 0.1316816795791717, 0.18218722467548348, 0.18142767093597037, 0.12444721174458367, 0.00467963845733561, -0.004927891076408166, -0.004193887235657759, 0.0020130212729950144, 0.002420385818663623, 0.002249887780250666, -0.003703477141279378, -0.0024851255994294726, 0.00017495451095077676, 0.00313782668292814, 0.05479832946718757, 0.05624473957531521, 0.0559078919179857, 0.05162112358097435, 0.055380964565786873, 0.05375943424951594, 0.055297779888387646, 0.05841751893903632, 0.05385194841547777, 0.05450713954087119], "cost": 0.5868651002268821, "fun": [0.05802216664203648, 0.33090311815786894, 0.22050864258386604, 0.2604407015252092, 0.2045661652373584, 0.29493333817843, 0.28224534182457406, 0.2734165647747128, 0.25984425003324063, 0.042246742854820114, 0.2073134513509888, 0.14492178527411237, 0.47714795949564903, 0.2478198200361969, 0.061861123886721874, 0.0668979337492281, 0.3837047210373691, 0.16154541464072344, 0.070801047312132, 0.22836432686138222, 0.0, 0.0, 0.0, 0.0, 0.0, 0.0, 0.0, 0.0, 0.0, 0.0, 0.0, 0.0, 0.0, 0.0, 0.0, 0.0, 0.0, 0.0, 0.0, 0.0, 0.0, 0.0, 0.0, 0.0, 0.0, 0.0, 0.0, 0.0, 0.0, 0.0, 0.0, 0.00011966945123899231, 7.376498309278735e-05, 0.0, 0.0, 0.0, 5.079594043906187e-05, 1.5347761056816814e-05, 0.0, 0.0, 0.0, 0.0, 0.0, 0.0, 0.0, 0.0, 0.0, 0.0, 0.0, 0.0], "grad": [-269.21790255198886, 0.2302922249081376, 270.2353344661078, 270.17266944215953, -270.51552164648297, 270.41042578525764, -272.7515934296026, -271.3477499187207, 270.49651658957606, -269.01568778025415, 269.44727099685053, -268.91828848304255, 1.2418343567731542, 0.27183796782177105, -272.1365466556683, 270.0588973119869, -270.26137583218764, 0.7970745128007027, -0.47641774022539707, 270.3655146872766, 270.12917257916985, -270.633466604209, 271.5708580204787, -269.5553008486581, -269.7527284904608, 270.9496748527484, -270.5494335373319, 269.7342108631782, -270.3580045241148, -269.4227519800812], "optimality": 272.7515934296026, "nfev": 476, "njev": null, "status": 2, "message": "`ftol` termination condition is satisfied.", "success": true, "res_time": 678.2878930000006, "tension_error": [0.0034531524030456734, 0.025634253664057065, -0.024828581657578303, -0.0003431296134407033, 0.026606376088981882, -0.01883477643024603, -0.05639821846296941, -0.01604498069153767, -0.004522819088204278, 0.0533461000334068, -0.0709884603888041, 0.07475436482268696, 0.06361978614756275, -0.030536820782772305, -0.036716396871319966, -0.03413000192722461, 0.056180438455119275, 0.037698476449555804, -0.0026539980564103437, -0.047599721050843966, 0.004650072066733515, -0.01729145773367871, -0.012181597902111372, 0.0528471617044955, -0.00418829632328785, 0.020409745101344575, -0.002926414186377508, -0.05025175225244511, 0.019006337922422508, 0.009067320266223384], "git_revision": "018ef57f2e70e762a509d3bbb7a77c8182022b6e", "linregress": [-0.14023583492816774, 0.03850153621241729, -0.3930337585101886, 0.031667934052153957, 0.06200307426995051]}