{"x": [0.09564748214985783, 0.12638342279144532, 0.18233132412463463, 0.1801264846082938, 0.12336496407816065, 0.09491793602155282, 0.12237695604243147, 0.18221171131790304, 0.1841577907904256, 0.1298645522885724, 0.0014500712333155683, -0.00032416166518226886, -0.0019226363842339308, 0.0031555192176028024, 0.00010027400606290176, 0.0023216275791582467, -0.0024198741722870495, 0.0023387999826162986, -0.0017093199564906449, 0.0019269943760936332, 0.06075660239200073, 0.057300712503693035, 0.05639503695412235, 0.05648498819286804, 0.05891069594073779, 0.05861723178863269, 0.05552719329068469, 0.058407051597505234, 0.05116268353953575, 0.05439269378985802], "cost": 0.6396245688029467, "fun": [0.18107220509951474, 0.20807171107686653, 0.24607159300691275, 0.17082964258001385, 0.33375130687603477, 0.29522737463754906, 0.3832680116736332, 0.27103487120826564, 0.139318962197193, 0.29002910231931933, 0.16513050942597682, 0.28828666609302783, 0.17346620589577566, 0.4154821229494695, 0.20887344792039553, 0.20536108687115553, 0.07408558108495748, 0.2649517989776978, 0.30940954262646375, 0.14383047862118348, 0.0, 0.0, 0.0, 0.0, 0.0, 0.0, 0.0, 0.0, 0.0, 0.0, 0.0, 0.0, 0.0, 0.0, 0.0, 0.0, 0.0, 0.0, 0.0, 0.0, 0.0, 0.0, 0.0, 0.0, 0.0, 0.0, 0.0, 0.0, 0.0, 0.0, 0.0, 3.406316230058028e-08, 7.107084353849869e-06, 0.0, 0.0, 0.0, 1.417027742268841e-05, 0.0, 4.994247826423958e-06, 0.0, 0.0, 0.0, 0.0, 0.0, 0.0, 0.0, 0.0, 0.0, 0.0, 0.0], "grad": [-3.4492007367461204, 228.76749115279148, 224.15753361573837, 221.87753946523557, -229.68107494600426, -3715.154440791366, 222.8684540195374, -2.1418457486984295, -213.80256266237373, -219.08338098569862, -3.2507801301453636, 229.82150790857958, -224.05090711957388, -227.65039618184048, 215.99991015229196, -230.83640226664312, 221.01851854681382, -3.7251478454743823, 223.51153485569205, -212.5921746676662, 226.45679919115935, -216.22090033365157, 217.17913109427047, -208.84808711892595, 224.95381793178154, -209.10017034961572, 218.9851351870908, -209.81260218808842, 211.36204863438874, -241.12705021252938], "optimality": 3715.154440791366, "nfev": 194, "njev": null, "status": 3, "message": "`xtol` termination condition is satisfied.", "success": true, "res_time": 397.88183800000115, "tension_error": [-0.00821937736888188, 0.02397446321624114, -0.01823091837270172, 0.015215717322856901, 0.06976341438347489, 0.0028475793849678153, 0.08475114686486712, -0.01641643439705425, -0.045937771741411684, -0.028833040112937764, -0.02199706777471337, 0.004917417817243554, 0.02916571398594172, -0.047868110544686385, -0.0015211212088969504, -0.035218269305032066, 0.03670863537673708, -0.035478768592269005, 0.025929779218930415, -0.029231823181198515, -0.08573482098964233, -0.03331019359997021, -0.019571415815753897, -0.020935944295216335, -0.05773307295043064, -0.053281325550032524, -0.006406534364485593, -0.05009296638331649, 0.05980153500042634, 0.01080342183401228], "git_revision": "018ef57f2e70e762a509d3bbb7a77c8182022b6e", "linregress": [0.019616053128331982, 0.03137014793869458, 0.05392929362325986, 0.7771480536372591, 0.06863970639528788]}