{"x": [0.09777220711216088, 0.126779920037905, 0.1799998896273522, 0.1795794473708935, 0.13279017823037384, 0.09346789186464363, 0.12753570046441098, 0.1796350185939967, 0.18100101390399173, 0.12919164813972817, -0.00997921796509752, 0.009361194261260473, 0.00296318520474273, 0.0033396178250522392, -0.0014580898154934047, 0.0020963872676858122, -0.0025937714467546497, 0.0004057596587183139, 0.005052160935686247, -0.002210505473063847, 0.052069375536939626, 0.05323574659111614, 0.06162850264125978, 0.05099560340714172, 0.06200874171820602, 0.05704577091804274, 0.05407497292332441, 0.05449601382690801, 0.05472934924132973, 0.058368257132236326], "cost": 0.3753634532600113, "fun": [0.17171697440395461, 0.21123634063629682, 0.29811008793422095, 0.07504444646474412, 0.14285021367054998, 0.20708291134769147, 0.31026239036173936, 0.20510875099738837, 0.2864686188584807, 0.3243032193720462, 0.11788951284296446, 0.018397796131897893, 0.25122497871355, 0.15189251454328664, 0.16935884896043704, 0.17336696752405306, 0.02726236858014161, 0.18102110392806764, 0.01852749068498564, 0.015588078482179345, 0.0, 0.0, 0.0, 0.0, 0.0, 0.0, 0.0, 0.0, 0.0, 0.0, 0.0, 0.0, 0.0, 0.0, 0.0, 0.0, 0.0, 0.0, 0.0, 0.0, 0.0, 0.0, 0.0, 0.0, 0.0, 0.0, 0.0, 0.0, 0.0, 0.0, 0.0009937783373428818, 0.0, 0.0, 0.0, 3.099936726912573e-06, 0.0, 1.7449987298577483e-05, 0.0, 0.0, 1.0801269037087566e-05, 0.0, 0.0, 0.0, 0.0, 0.0, 0.0, 0.0, 0.0, 0.0, 0.0], "grad": [-36.128847629258814, -33.872599581783305, 34.25600138273477, -33.936004817021704, -32.936058660202875, -31.8652151503648, 32.88640646903598, -33.1964344915816, 33.31726463677604, 33.57117651770941, 32.06432990227489, -32.43942587756321, 34.04440764719278, -34.209086703034444, -34.023145519675985, -31.583723532279095, 33.12231063240995, -33.873340575908216, -33.58454014708536, 32.06854597221789, -33.18724062306448, 36.81850478702016, -35.79889945595841, -33.79677714692771, 34.60956819219468, 29.152508553300546, -31.545217563427208, 33.62077751672807, 33.2003224594336, -33.28334133448102], "optimality": 36.81850478702016, "nfev": 1004, "njev": null, "status": 3, "message": "`xtol` termination condition is satisfied.", "success": true, "res_time": 960.8831729999802, "tension_error": [-0.04045070361313842, 0.017959740213345194, 0.017136118411942708, 0.023514078748090094, -0.07321375096816823, 0.024844236420172337, 0.006494818433853641, 0.02267108294702911, 0.001949417194652687, -0.018625322155408002, 0.15138120726315812, -0.14200600624727508, -0.044950471590776524, -0.05066082131106452, 0.022118706830485595, -0.03180145343887079, 0.03934659552960171, -0.006155230521098766, -0.07663949463844352, 0.03353258625521499, 0.04604733806205917, 0.028353901670992426, -0.09896123941316196, 0.06233608151899714, -0.10472933173443114, -0.029442819908734454, 0.015623135013619584, 0.009236093412305722, 0.005696477697331793, -0.0495044680653044], "git_revision": "018ef57f2e70e762a509d3bbb7a77c8182022b6e", "linregress": [-0.24112804431221072, 0.05907485383413234, -0.3951223950107877, 0.030693702131642082, 0.105944147416817]}