{"x": [0.09450388915042733, 0.1287829806310002, 0.1786229830747505, 0.17944777581758087, 0.12996642056091526, 0.09919086780215719, 0.12490160525659648, 0.18284625214412648, 0.1806934785670386, 0.1281536869704001, -0.0060533678360352805, 0.0030454502809018832, -0.00031513901934121936, 0.0028948778229033194, 0.0005597816669418237, 0.000423507547945705, 0.004837284238921672, -0.00040218032455650735, -0.009429051271980328, 0.005517449589432561, 0.05343937927140114, 0.057876466147380706, 0.05310589040937112, 0.060131919535227785, 0.054314697465971104, 0.05334902933692723, 0.05487994873980714, 0.059765149931379616, 0.050525830616538245, 0.0623445939689541], "cost": 0.673228128634429, "fun": [0.127173041296326, 0.19478770242858906, 0.11622401576792592, 0.3213461527522254, 0.2609633483076119, 0.30676631869259147, 0.21070353778023765, 0.23069935941634237, 0.3476634204498052, 0.1882411706872516, 0.2485555597454278, 0.3532396881802815, 0.33170648828291577, 0.3653311387762769, 0.008650148441185815, 0.010193880597525316, 0.2649202460562342, 0.1828893765913887, 0.33508012317302877, 0.33659444764012025, 0.0, 0.0, 0.0, 0.0, 0.0, 0.0, 0.0, 0.0, 0.0, 0.0, 0.0, 0.0, 0.0, 0.0, 0.0, 0.0, 0.0, 0.0, 0.0, 0.0, 0.0, 0.0, 0.0, 0.0, 0.0, 0.0, 0.0, 0.0, 0.0, 0.0, 0.00022181514455674317, 0.0, 3.12972758485107e-08, 0.0, 0.0, 0.0, 0.0, 6.505227073018954e-08, 0.0008383087358297171, 0.0, 0.0, 0.0, 0.0, 0.0, 0.0, 0.0, 0.0, 0.0, 0.0, 0.0], "grad": [0.21017169700427207, -0.5577208187806564, 2.0752004325886375, -1.9046966537106185, -0.8604704675611718, 1.8354011681431854, -0.5835748561874174, 0.9815236004697176, 0.37755437092080835, -1.1893821837992578, 0.18321868674595487, 0.406117422737054, 0.05845886215405116, 1.9876887366897638, -3.2089058589899073, 2.2671656632974875, -0.8743457045918219, -0.2062548269034553, 1.5455551818539082, -0.5395456058423274, 0.26131468614455144, 0.08070522692705673, 0.08621318602907824, -3.406263171819276, 6.87149842000353, -3.9430155993059612, 2.03425375375717, -1.7668591730101113, -0.4965021387221542, -0.1513782758267217], "optimality": 6.87149842000353, "nfev": 845, "njev": null, "status": 2, "message": "`ftol` termination condition is satisfied.", "success": true, "res_time": 986.4629030000069, "tension_error": [0.009128523987413702, -0.012425980578057865, 0.03802330385577335, 0.025511489644655154, -0.030378345777470544, -0.06197128455440539, 0.04645311115776273, -0.026042194318065, 0.006614619492756008, -0.0028798183038319116, 0.09182744922818577, -0.04619840370210271, 0.004780547470799264, -0.043914272765978694, -0.00849168991416135, -0.006424459723929291, -0.07337989114218668, 0.006100933287737631, 0.14303537310146827, -0.08369775896099038, 0.025264865928152597, -0.04204417275268932, 0.030323774022904024, -0.07625860297880915, 0.011986598483062853, 0.026635442480808773, 0.00341193656670692, -0.0706948378008007, 0.06946236861179954, -0.10982409160019546], "git_revision": "018ef57f2e70e762a509d3bbb7a77c8182022b6e", "linregress": [-0.1710867137669408, 0.05238443166424831, -0.30260782721247714, 0.10407931600862648, 0.10183627089322754]}