{"x": [0.09984929135503368, 0.1309218922506949, 0.1859660459363439, 0.18131253955131008, 0.11106914768593977, 0.09937229573464548, 0.12686758172523302, 0.18304174456117572, 0.1766366102800855, 0.13293781358463946, -0.0017477257398976135, -0.004780753165789006, 0.0016989928740662515, 0.007183649969995581, 0.007924718977307194, -0.00983271434706075, 0.00860913933707799, -0.0037287068102074485, 0.013652905992054355, 0.0005818247886012985, 0.057593539975670106, 0.04769205239500625, 0.05610486427120915, 0.04839254132832495, 0.055598828750396345, 0.05182632743568585, 0.05768113517727079, 0.05955179588912285, 0.056419598434429924, 0.057234193148578326], "cost": 0.6087386664727704, "fun": [0.4108906701393123, 0.16164646045849396, 0.15903802414868054, 0.14489706460288376, 0.03312325383200618, 0.3446702735219399, 0.19154061112162254, 0.37656131122733816, 0.21098098778458346, 0.18531965043229479, 0.002684643274420896, 0.11795010379792828, 0.02789693725897012, 0.3155351195257695, 0.2897327292002862, 0.4276629725259092, 0.007835586470865082, 0.44834969411732156, 0.006883302048402903, 0.1294725255808795, 0.0, 0.0, 0.0, 0.0, 0.0, 0.0, 0.0, 0.0, 0.0, 0.0, 0.0, 0.0, 0.0, 0.0, 0.0, 0.0, 0.0, 0.0, 0.0, 0.0, 0.0, 0.0, 0.0, 0.0, 0.0, 0.0, 0.0, 0.0, 0.0, 0.0, 5.338507377906082e-06, 0.00010926698603455767, 0.0, 0.0, 0.0, 0.0009506491574049759, 0.0, 5.184115965052578e-05, 0.0, 0.0, 0.0, 0.0, 0.0, 0.0, 0.0, 0.0, 0.0, 0.0, 0.0, 0.0], "grad": [-0.6003413451387525, -0.14901774543861324, -0.04049270528338833, -0.31808077264638435, 2.8051697890532252, -0.3001719602890849, -1.3144190734353063, 1.3981219031693066, -0.013493633720876863, -0.28077836214081153, 0.12366917299665348, -0.1488839261775775, -0.7245860241209783, 0.794582476984335, -0.5129941642320377, 1.547659793714425, -1.6695485588508994, -0.9225038661425751, 0.24908253102693068, 0.2725958890292398, -1.2621139287212322, 1.7957379641601658, -0.2861600831999689, 0.07294507479274692, 0.45710784065186383, 0.24381769758853, 1.8541255408228308, 1.1180120225994328, -0.545523857966594, 0.991583532848316], "optimality": 2.8051697890532252, "nfev": 1312, "njev": null, "status": 2, "message": "`ftol` termination condition is satisfied.", "success": true, "res_time": 1732.2520859999931, "tension_error": [-0.0719593369923367, -0.04487251339766817, -0.07336836279437034, -0.002776316700470927, 0.25628660049391444, -0.06472348212613847, 0.016629943419162137, -0.02900774514651799, 0.06815587664682576, -0.07545332707940469, 0.026512381370558783, 0.0725223347556406, -0.025773121030846082, -0.10897342946284203, -0.12021518421602082, 0.14915879919026157, -0.13059759902046345, 0.056563163609990044, -0.2071097553892738, -0.008826076273927303, -0.037752282787995514, 0.11244978203356526, -0.015169598838930197, 0.10182361265124029, -0.007493218953591685, 0.04973429180126992, -0.03908107101720838, -0.0674583324349227, -0.01994400478556442, -0.03230111850822948], "git_revision": "018ef57f2e70e762a509d3bbb7a77c8182022b6e", "linregress": [-0.1446996995474755, 0.07929518762457846, -0.15422126401826106, 0.4158185903785272, 0.17519321073372204]}