{"x": [0.09271253182286861, 0.13137988414305932, 0.1808616944944944, 0.18431336442309282, 0.12204644820308595, 0.09521054383200758, 0.1259806583868927, 0.18545672169117794, 0.17849283187393805, 0.12996594793430663, 0.005079882182079064, 0.0002666952909608713, -0.00034529182754680567, 0.0010779177555931183, 0.0011739844641335863, 0.008887837053744962, -0.002461867253361039, 0.003725098954971362, 0.007596123288696635, -0.0037331197960065073, 0.057990867606532596, 0.05375478558662187, 0.05390506058464891, 0.053141894906446226, 0.051263245576981774, 0.05726642501239407, 0.05351595959897859, 0.04997267272463245, 0.053473746807033894, 0.05189498282778021], "cost": 0.7737739327766456, "fun": [0.2128977079876642, 0.21089157271262685, 0.208496752427392, 0.23247430839105737, 0.2216247397201805, 0.3077730100175654, 0.005217845599717313, 0.24998516641202093, 0.20583391307381568, 0.35113512351917686, 0.35927445991332396, 0.28097544389720674, 0.16340993515562352, 0.3764133361670421, 0.22148641690909177, 0.31737853553342815, 0.25109322041693727, 0.4494066884016596, 0.1887681010190885, 0.40169497570412827, 0.0, 0.0, 0.0, 0.0, 0.0, 0.0, 0.0, 0.0, 0.0, 0.0, 0.0, 0.0, 0.0, 0.0, 0.0, 0.0, 0.0, 0.0, 0.0, 0.0, 0.0, 0.0, 0.0, 0.0, 0.0, 0.0, 0.0, 0.0, 0.0, 0.0, 0.0, 0.0, 4.1167917490161805e-08, 0.0, 0.0, 0.0, 1.492086134919657e-05, 0.0, 0.0, 5.202544217363467e-05, 0.0, 0.0, 0.0, 0.0, 0.0, 0.0, 0.0, 0.0, 0.0, 0.0], "grad": [0.29436596212126176, -0.008604497617299423, 0.0938068193859809, -1.2175161525643583, 1.8445194693988105, 1.2963691040552299, 0.031587236512313766, -1.386774374097703, 0.3569254256768435, -0.43852774774873904, -0.7024113412998081, -0.8839187158180724, 0.21920325091153936, -0.30512041500690756, 0.9074250526589291, -0.17060808906939784, -0.8926736094863617, -0.9653603048913235, -0.6925316496161257, 0.17455193974310157, -0.8380036733327518, -0.6872630733281015, -0.19942573472072844, 0.2301977778484101, 2.4533393524650715, -0.2564069948015204, 0.787612846888269, 1.9202791129714694, -0.28060669229593316, 0.41816041929715553], "optimality": 2.4533393524650715, "nfev": 723, "njev": null, "status": 2, "message": "`ftol` termination condition is satisfied.", "success": true, "res_time": 893.4494949999789, "tension_error": [0.036302781111969266, -0.05182008843063692, 0.004062843364785356, -0.048297768728535126, 0.0897648338997683, -0.0015911776154498933, 0.03008425679095297, -0.06564209412369053, 0.03999765154260084, -0.030371176198967603, -0.07706001614227892, -0.004045673243961595, 0.005237954907384051, -0.016351631134102144, -0.017808929127543845, -0.13482534481758807, 0.0373456555652843, -0.05650843372201889, -0.11523050383151444, 0.056630107043857625, -0.043779602428606894, 0.020480263673393496, 0.01820064509983727, 0.029777598535687014, 0.0582760444573131, -0.03279006448313795, 0.024103169442332893, 0.07785357820124003, 0.02474352256708542, 0.04869281378398233], "git_revision": "018ef57f2e70e762a509d3bbb7a77c8182022b6e", "linregress": [-0.0574810077105225, 0.047045086250514054, -0.11343078444637762, 0.5506288952015321, 0.09514859022961343]}