{"x": [0.0977802401789137, 0.12863000494450832, 0.18120980426096875, 0.17999044713627, 0.12654765939774335, 0.09577689869507534, 0.1244733354386487, 0.18134971724483226, 0.18195599892730113, 0.12850971956778007, -0.006740191827267346, 0.0048699431119519025, 0.002187917852467004, 0.0023426418279497265, 0.0038188149377510606, 0.00048273730864129184, -0.00072731759550733, -0.005058205541289684, -0.0012058768889128047, -0.0007037131462994205, 0.052862300410247816, 0.05470343997143847, 0.05939224914284367, 0.05329049020499508, 0.05882133260971935, 0.05474504366478203, 0.05444409392019457, 0.058280141017080914, 0.05103622496900492, 0.05641280841729216], "cost": 0.4488350395421382, "fun": [0.09231035453598652, 0.2404362055142197, 0.1770506984562818, 0.2823515229491469, 0.14930936305554776, 0.3381018974444764, 0.3173642827413894, 0.19417406940193108, 0.2935353029456615, 0.2628544288897703, 0.22610489078380608, 0.23177411102388842, 0.006884116655937535, 0.00901092023411139, 0.23322538761874803, 0.00905256718603392, 0.2450660643061561, 0.05858119611753296, 0.17711002555043812, 0.18889211964942895, 0.0, 0.0, 0.0, 0.0, 0.0, 0.0, 0.0, 0.0, 0.0, 0.0, 0.0, 0.0, 0.0, 0.0, 0.0, 0.0, 0.0, 0.0, 0.0, 0.0, 0.0, 0.0, 0.0, 0.0, 0.0, 0.0, 0.0, 0.0, 0.0, 0.0, 0.00030620816750116683, 0.0, 0.0, 0.0, 0.0, 0.0, 3.847443783304383e-07, 0.00012941643106596104, 1.7535126992421236e-06, 3.484873299114132e-07, 0.0, 0.0, 0.0, 0.0, 0.0, 0.0, 0.0, 0.0, 0.0, 0.0], "grad": [0.07139322027185296, -0.7009987504908253, 0.2217680492335543, 0.4446518941282624, -0.432409835921874, 0.3044028950936213, 0.8762090702100425, -0.1277846168262342, 0.004759669177856085, -0.5189419662157516, 1.3267732605482738, 0.00023190900017100446, -1.500768854662407, -0.9593110681090331, -1.8801438256854763, 1.4015354374066886, -0.6456582211946786, 1.385746112403614, 0.7533554282393458, 0.47349546027921463, 0.5201333227577969, -0.23718265809708594, 0.34576721809721933, -0.9932434115104876, -0.2883190001278324, 0.7602553976731881, -0.6273949533106222, 0.49686593171459625, -0.015747654763879737, 0.027186673086489144], "optimality": 1.8801438256854763, "nfev": 1379, "njev": null, "status": 2, "message": "`ftol` termination condition is satisfied.", "success": true, "res_time": 1540.1461229999986, "tension_error": [-0.04057256239479045, -0.010105393515620422, -0.0012178586795322922, 0.01727935766221208, 0.021483051982900486, -0.010182580590153879, 0.052949812833390814, -0.0033402891628754824, -0.01253736786730679, -0.008280706890985758, 0.1022463262718234, -0.07387531469586213, -0.03318994003913759, -0.035537048027263485, -0.05793007203703143, -0.0073229542463824114, 0.011033150699455733, 0.07673118916770205, 0.018292725932314846, 0.010675079552961809, 0.034018948161146985, 0.0060895121584652965, -0.06503806471944396, 0.027523460409169496, -0.05637746282327003, 0.005458398844077201, 0.010023700035065163, -0.048167777761693474, 0.06171986679182366, -0.019841002626953683], "git_revision": "018ef57f2e70e762a509d3bbb7a77c8182022b6e", "linregress": [-0.17899998740272008, 0.04310124463145298, -0.4244712138517916, 0.01939170582653558, 0.07215826883907571]}