{"x": [0.09412321004487133, 0.12876213188229116, 0.18067535707672913, 0.18004417848344859, 0.12790763568361677, 0.09684052318679817, 0.12798091537689668, 0.1819433875075363, 0.18326035393033227, 0.1246829774817214, 0.005599699223650814, -0.004979829219515426, -0.0015439991536296657, 0.004535004308015749, -3.45279645395144e-05, 0.003079134405090867, 0.0027417196347526837, 0.0003499328465241363, -0.007313488866961932, 0.00036905651270429795, 0.05428959944408135, 0.05714984346455819, 0.054459800361276275, 0.055639944440229204, 0.055514809738426846, 0.052412647142815426, 0.05616716557513611, 0.05740120393023017, 0.051769063408108204, 0.05763185525739204], "cost": 0.5425116992881603, "fun": [0.1284916433741056, 0.19410353532493027, 0.21036119901306302, 0.28542800980727473, 0.21020917560033006, 0.2598459766388073, 0.2462363205659596, 0.2698420007251205, 0.1788925015936678, 0.09610263519558467, 0.26302395979786775, 0.3375951516517647, 0.004152252862993106, 0.2145351597257553, 0.3063760000777929, 0.18692183763751874, 0.2103090601346474, 0.2565390613565513, 0.26430222451137414, 0.2842961655025177, 0.0, 0.0, 0.0, 0.0, 0.0, 0.0, 0.0, 0.0, 0.0, 0.0, 0.0, 0.0, 0.0, 0.0, 0.0, 0.0, 0.0, 0.0, 0.0, 0.0, 0.0, 0.0, 0.0, 0.0, 0.0, 0.0, 0.0, 0.0, 0.0, 0.0, 0.0, 0.00012349328616274575, 3.6807911309251906e-06, 0.0, 4.116356033994091e-11, 0.0, 0.0, 0.0, 0.00039117745231024605, 0.0, 0.0, 0.0, 0.0, 0.0, 0.0, 0.0, 0.0, 0.0, 0.0, 0.0], "grad": [-0.7691740371109275, -0.6886465079841959, 0.6564026162000353, -0.1063667072489709, 0.6170740595175717, 1.5421361168791319, -1.0653708338916559, -0.035741750940140316, -0.5234088482949009, 0.4879991296873487, -2.3425150354498707, 0.8332610883394896, 0.6588288761156342, -0.8693905060878195, -1.1840483445662127, 2.4580674755842553, -0.03212729345941434, -0.8696125157616561, 2.289560415810012, -0.8236381941269904, 0.0810955844414778, -0.7099024582379156, 0.848275647739662, -1.733237990846579, 1.3438345897902515, -1.769704699786514, -0.7233728007461384, -0.26756389326109264, -0.013496811620148819, 0.7714716528600736], "optimality": 2.4580674755842553, "nfev": 1745, "njev": null, "status": 2, "message": "`ftol` termination condition is satisfied.", "success": true, "res_time": 1694.6757780000044, "tension_error": [0.014903291387071738, -0.012109712433546182, 0.0068895160918732625, 0.016464272128233388, 0.000852692697750585, -0.02631738796632398, -0.00025893433308349703, -0.012346057089650704, -0.03232397196285771, 0.04976961718234319, -0.08494545682353433, 0.07554224808509118, 0.023421921107168547, -0.06879441149518355, 0.0005237770108451704, -0.04670937995326435, -0.04159091721792152, -0.005308357523919411, 0.1109430396107742, -0.005598456776563825, 0.012367326598920893, -0.031021563632898184, 0.009785438878622663, -0.008116929427310644, -0.006218680256322507, 0.040840029202949206, -0.016114687585916002, -0.03483461300056795, 0.05060296684752838, -0.03833351206106889], "git_revision": "018ef57f2e70e762a509d3bbb7a77c8182022b6e", "linregress": [-0.1766555974454153, 0.04110697282453557, -0.4037065098579502, 0.026941722807470352, 0.07565729777706183]}