{"x": [0.09721846138109608, 0.1279356202579754, 0.18261618472037622, 0.18007704854627998, 0.1298639379257316, 0.09680988461406817, 0.12779887383623237, 0.1785199079033504, 0.18196278017630857, 0.12425121447299335, 0.0010199067328357063, 0.002218311628423643, -0.0028590022593609904, 0.006066557633832273, 0.0014533349089985972, -0.004879658306295649, 0.0015360658975072153, 9.647342047056067e-05, -0.004095084816127471, 0.0049225742609994225, 0.05499240880061306, 0.0531559528746926, 0.058270844579109776, 0.052203257989297494, 0.057359997796071656, 0.052319675705706156, 0.05480180493499589, 0.05844599053418351, 0.0588110611390182, 0.053970624085801853], "cost": 0.5022369740904494, "fun": [0.25783034632328333, 0.25977289631455347, 0.2432612914237973, 0.02689129271659781, 0.3804607414224541, 0.16816285592598926, 0.2797379365514305, 0.14420842272468268, 0.2283658973467041, 0.23285803423309154, 0.29111728689735283, 0.06928515525481489, 0.19077625320862893, 0.27545280240633974, 0.24855063981109787, 0.16565327831214066, 0.1088760901762762, 0.07184624610050168, 0.2092283497723871, 0.2834317998086564, 0.0, 0.0, 0.0, 0.0, 0.0, 0.0, 0.0, 0.0, 0.0, 0.0, 0.0, 0.0, 0.0, 0.0, 0.0, 0.0, 0.0, 0.0, 0.0, 0.0, 0.0, 0.0, 0.0, 0.0, 0.0, 0.0, 0.0, 0.0, 0.0, 0.0, 0.0, 0.0, 2.3369181182287397e-05, 0.0, 0.0, 0.00011618986201758857, 0.0, 0.0, 6.867342431466203e-05, 0.0, 0.0, 0.0, 0.0, 0.0, 0.0, 0.0, 0.0, 0.0, 0.0, 0.0], "grad": [-0.8297494792930896, -0.35942418781296714, 0.5631693143550716, 0.5257300741246328, 0.34502824054825876, -0.8202711590709391, -0.7252919441473185, 0.5326859948204699, -1.2479798825995099, 1.8359485525413066, -1.2663169017515536, 0.8175859034906721, 1.2796469578931007, -0.6129327768624322, -0.9125897053429933, 1.067885911695344, 1.1029438550199906, -1.247325912493417, 0.22628975012863534, -1.2171793911373578, -1.2395650696059342, 2.167196465386123, -2.12392427386799, -0.8720223138683245, -0.3509276551626659, 0.15632375473396065, 2.2111356826217023, -2.477394072327686, 1.3848846326427795, 0.5537555451002121], "optimality": 2.477394072327686, "nfev": 350, "njev": null, "status": 2, "message": "`ftol` termination condition is satisfied.", "success": true, "res_time": 459.4467710000026, "tension_error": [-0.03205057671155206, 0.0004281766018028946, -0.02255215286581396, 0.01596564489996399, -0.0288237204459191, -0.025852611653700126, 0.002502571457670083, 0.039586917752170596, -0.012640237016481435, 0.05631930932670018, -0.015471624435150185, -0.03365100287128478, 0.043370053154855, -0.09202753379603959, -0.022046576580587767, 0.07402269075816444, -0.023301576417479965, -0.0014634676695827666, 0.06212098838592172, -0.07467371061329041, 0.001705957217099372, 0.029564344129154683, -0.04802675408546554, 0.04401638860888844, -0.034209530518415514, 0.042250373023458646, 0.004597350449221283, -0.050683656281514736, -0.05622164824535955, 0.017206069974647586], "git_revision": "018ef57f2e70e762a509d3bbb7a77c8182022b6e", "linregress": [-0.13143461714974458, 0.04224275703697119, -0.35033873904133445, 0.05769628750061858, 0.06640601744416108]}