{"x": [0.09178698719808419, 0.12793363117527345, 0.1802408382034183, 0.17786678840166636, 0.13538397118346274, 0.0979958641891698, 0.13162138278726157, 0.18041392765613543, 0.17630615979575734, 0.12819732993780514, 0.0048196945899038795, -0.009090865267873586, -0.003538240941050362, 0.006452153570754442, 0.001985753268485352, -0.009648227868646766, 0.004498018476601613, -0.00474400391595945, 0.004431514244127897, 0.005739664019173243, 0.0567947380321178, 0.0495659588011023, 0.050799676630336785, 0.05750143587898951, 0.05749645201794189, 0.05118000539820487, 0.05066406279161952, 0.05380575057436387, 0.05871461504424201, 0.054057350545625105], "cost": 0.6086743387411283, "fun": [0.3104710699576437, 0.3412865245359945, 0.2677653040832606, 0.29349442085915906, 0.11442205987147083, 0.22463810094490022, 0.24999977309843166, 0.18231025898020428, 0.29402606236578904, 0.16102296025100593, 0.06858047260322782, 0.15823442774194682, 0.25964624530623887, 0.013765881471937488, 0.2771639929051602, 0.2722501844868967, 0.4483119635687984, 0.27910616421440576, 0.18553520295787126, 0.11565316184204291, 0.0, 0.0, 0.0, 0.0, 0.0, 0.0, 0.0, 0.0, 0.0, 0.0, 0.0, 0.0, 0.0, 0.0, 0.0, 0.0, 0.0, 0.0, 0.0, 0.0, 0.0, 0.0, 0.0, 0.0, 0.0, 0.0, 0.0, 0.0, 0.0, 0.0, 0.0, 0.0007513039357385394, 4.42957653864998e-05, 0.0, 0.0, 0.0008981371400046241, 0.0, 0.00010676652717651737, 0.0, 0.0, 0.0, 0.0, 0.0, 0.0, 0.0, 0.0, 0.0, 0.0, 0.0, 0.0], "grad": [0.2513475552450386, 2.47351355788912, -1.3989263948550108, -1.6955935188891003, 0.46429115374404306, -0.4164763794992443, 0.0005235095741471518, 0.13567086792575933, 1.0274463407975603, -0.43304688460525864, -1.7200153910600444, 1.9753378251831155, 2.039582171275815, -1.4393572894486175, -0.4043182557271088, -0.6447814432509826, 1.453870994901283, 1.1039199436137683, -0.19873509537969825, 0.4743805200859702, 81.43133057085834, 0.5641773753157886, -2.2412115753891513, 5.102740599083512, -1.45298553216589, 82.14864712835316, 0.8581794879445235, -1.0812687174687854, 81.2177492917005, -81.51649587231816], "optimality": 82.14864712835316, "nfev": 414, "njev": null, "status": 2, "message": "`ftol` termination condition is satisfied.", "success": true, "res_time": 651.3919789999782, "tension_error": [0.05034296574024668, 0.0004583502829288643, 0.013481013727307332, 0.04949450960935229, -0.1125606727412545, -0.04384350237241774, -0.055483537454359674, 0.010855307944701726, 0.07316869362639807, -0.003541866684519343, -0.07311306238737227, 0.13790521102261227, 0.05367386373536358, -0.09787688778862734, -0.030123174798010046, 0.14636020455852639, -0.0682333495131038, 0.07196486163252906, -0.06722450382647864, -0.08706867327141951, -0.02563473980997482, 0.08402328458204734, 0.06530822143132743, -0.03635509621504394, -0.03627949280555237, 0.05953876853049405, 0.06736543540324509, 0.01970714283371249, -0.05475859509689638, 0.015890460250957656], "git_revision": "018ef57f2e70e762a509d3bbb7a77c8182022b6e", "linregress": [-0.25795261843761763, 0.0740590392006213, -0.4478327079764372, 0.013077438820199683, 0.0973284138693537]}