{"x": [0.0985443152271893, 0.12934046658474563, 0.18111104785214371, 0.1820797217407948, 0.12673972403444436, 0.09156287596884863, 0.11751582489303143, 0.18374194044401038, 0.17934830156804696, 0.13516768569995988, -0.0023962054355993793, 0.005752071738620037, -0.002993635731986273, 0.006047642262649386, -0.0036498228643918502, 0.0100152865461826, 0.005097095367777007, -0.004499824095106533, -0.008277571624268084, -0.0023085263478183613, 0.052556243316142094, 0.056500790466066896, 0.06046447583625695, 0.056246881308140456, 0.04849958648774905, 0.062093156876479934, 0.05467883708128995, 0.05526165209593634, 0.05981479957415678, 0.056969100746647246], "cost": 0.47600419960088375, "fun": [0.16801880209788506, 0.19530309950502972, 0.2893077706755549, 0.10826507160968098, 0.2145982784555857, 0.28347483899801795, 0.06336386521554509, 0.09237411740202442, 0.32408953994995876, 0.286519174055994, 0.19243410814324777, 0.11929032867846465, 0.349567495644635, 0.20936909553152339, 0.058253135435903006, 0.14851810487969608, 0.21847201224297416, 0.34953237062474224, 0.08530768490460734, 0.21024564354126216, 0.0, 0.0, 0.0, 0.0, 0.0, 0.0, 0.0, 0.0, 0.0, 0.0, 0.0, 0.0, 0.0, 0.0, 0.0, 0.0, 0.0, 0.0, 0.0, 0.0, 0.0, 0.0, 0.0, 0.0, 0.0, 0.0, 0.0, 0.0, 0.0, 0.0, 1.375853354329714e-05, 0.0, 2.6828529041017803e-05, 0.0, 4.862004567615413e-05, 0.0, 0.0, 9.111431419544063e-05, 0.000567164241803039, 1.2302815380120131e-05, 0.0, 0.0, 0.0, 0.0, 0.0, 0.0, 0.0, 0.0, 0.0, 0.0], "grad": [-0.08469178912908948, -0.02009978873566043, 0.42159802234246735, -0.44259316797756165, 0.9761431633687515, 1.0679142247744697, 0.717317413308646, -1.2753582942186685, 0.09905610310387214, -0.9335672290297514, 0.8805983031157884, -0.32925264981659463, 0.13094296428539398, 1.5809144818454577, -0.8018051004083029, -1.5077519854472228, -0.4878373437276507, 1.194884877736551, -0.42640293388544936, -0.17023533214207265, 0.5128262428056916, -1.2559548248671857, 0.06927962568243906, -1.8484894168655712, 2.5394242205314637, -1.9159877746272491, 1.1644932656912037, 0.6369836902609709, -0.05751820489360959, 0.2804499001606642], "optimality": 2.5394242205314637, "nfev": 509, "njev": null, "status": 2, "message": "`ftol` termination condition is satisfied.", "success": true, "res_time": 629.6759329999913, "tension_error": [-0.052163310653037066, -0.02088284533493595, 0.00028024111598226267, -0.014414199191982729, 0.01856949937005547, 0.05374265382818774, 0.1584927872052713, -0.03962946905664072, 0.02702047882985056, -0.10927969844841183, 0.0363495890119112, -0.087256893987292, 0.045412395319875294, -0.09174059430483787, 0.05536652205019923, -0.15192835488214243, -0.07732113408167189, 0.0682607401072453, 0.12556783407994415, 0.035019528259009995, 0.038661726038053026, -0.02117565919098387, -0.08130336445298879, -0.01732394706318883, 0.10019977544055171, -0.10600987983103646, 0.006462729300917988, -0.002378368351908289, -0.0714480053225523, -0.028279760523969327], "git_revision": "018ef57f2e70e762a509d3bbb7a77c8182022b6e", "linregress": [-0.21453834796281357, 0.07220733991815773, -0.3125679769885402, 0.09262819791777074, 0.12321319416654564]}