{"x": [0.09707632349837196, 0.12902920103752402, 0.18040113787460335, 0.1821024931365192, 0.1285442176782914, 0.09567786919411433, 0.12774460718411257, 0.18239471217982922, 0.17983087984511575, 0.12472970903120223, -0.0017912609565813099, -0.0005316639616873265, 0.004092595469354473, -0.0017047479475406637, 0.0015587489259942606, 0.00032843841028111335, -0.002604853215645577, -0.004583115637274587, 0.002981300340388833, 0.004823790658731246, 0.050167464763505934, 0.05745403090441283, 0.05210162403138406, 0.05610031846276199, 0.05211129924622336, 0.05595922897438188, 0.053998124012968725, 0.05567503730493004, 0.05427829901234383, 0.05610972769852924], "cost": 0.6856754275835893, "fun": [0.16935343783552648, 0.3558919575205948, 0.09997090016391606, 0.2279808511394571, 0.12595518704319483, 0.327478821876062, 0.2195694784384826, 0.2184087885555567, 0.2620761771729553, 0.3212221107617795, 0.25378154382083373, 0.5112531432990458, 0.3334018169577946, 0.22770718777569765, 0.2461501347031997, 0.23760949321197825, 0.0872584990404642, 0.31991196607935524, 0.15800026535727826, 0.1496388151009545, 0.0, 0.0, 0.0, 0.0, 0.0, 0.0, 0.0, 0.0, 0.0, 0.0, 0.0, 0.0, 0.0, 0.0, 0.0, 0.0, 0.0, 0.0, 0.0, 0.0, 0.0, 0.0, 0.0, 0.0, 0.0, 0.0, 0.0, 0.0, 0.0, 0.0, 5.747468233313215e-06, 1.502836274629448e-07, 0.0, 4.954279781540393e-06, 0.0, 0.0, 1.76746070464799e-05, 9.626810996829194e-05, 0.0, 0.0, 0.0, 0.0, 0.0, 0.0, 0.0, 0.0, 0.0, 0.0, 0.0, 0.0], "grad": [-3.107385551279908, -2.5096769080978127, -156.41106573232236, -156.7213977818457, -0.3659558008403816, -0.15464590439767834, 1.1985710876754023, -0.730160991067077, 157.76518126210098, 2.0123786397075354, 156.04341969926165, -1.2338500209954746, 0.05239010011521361, 0.2408504498512391, 0.519497884772655, 2.564739308705342, 0.17584145609949264, 1.7347886741356315, 0.4722110427595516, 154.92830222547408, -0.5038927679730101, -154.98287891281663, -0.28075118768262364, 156.46470071115834, -0.8315981801563375, 1.313566765765053, -0.757854558883035, 0.09211473453923968, 0.48842047053708737, -155.90890233753208], "optimality": 157.76518126210098, "nfev": 382, "njev": null, "status": 2, "message": "`ftol` termination condition is satisfied.", "success": true, "res_time": 563.2891329999984, "tension_error": [-0.02989439529935503, -0.016161057066292412, 0.011049324407287182, -0.014759633211750977, -0.00880403102678181, -0.008680338083518825, 0.00332577737829002, -0.019192492752075237, 0.019699937036179536, 0.04906071610387908, 0.027172795210910924, 0.008065154269606578, -0.062083225875761996, 0.02586042346010374, -0.023645669937509613, -0.004982294527872006, 0.03951470204447965, 0.06952424334490476, -0.04522527179189791, -0.07317519830286068, 0.07489865186201639, -0.03563597951604051, 0.04555813980639504, -0.015100640532465235, 0.04541137021903596, -0.01296036289168982, 0.016788905805197638, -0.00864927577381955, 0.012538750151848962, -0.015243375311367897], "git_revision": "018ef57f2e70e762a509d3bbb7a77c8182022b6e", "linregress": [-0.12785543291500318, 0.03651711045673747, -0.37971193572543604, 0.03848693803272322, 0.058867669843354134]}