{"x": [0.09933769425356936, 0.12794546841276308, 0.1799902387549288, 0.18603024753189198, 0.12712821420315287, 0.09548955837775255, 0.12083493746818107, 0.18131092412382685, 0.18446720896113505, 0.12411623422806091, -0.007470648236839686, 0.012645213172027115, 0.010424918138329766, -0.0018973753321769888, -0.0057417222635842095, 0.00838025536358855, -0.0045796548753989814, 0.005888352751636815, -0.007002082887827487, -0.0017903814015128806, 0.047914766957921684, 0.0576482551797971, 0.057024615825253415, 0.055512132513543325, 0.04890948941215702, 0.05487868751258042, 0.05208831220083719, 0.045893655239144245, 0.05152600467141537, 0.049041017744257565], "cost": 0.6126926035539152, "fun": [0.01911476032903544, 0.33098048976230104, 0.2130260375708914, 0.3577692108570199, 0.22704037784153533, 0.35705452990964204, 0.3171221869326681, 0.1801127195632284, 0.2982156590855204, 0.27353665517335435, 0.1615708424822867, 0.2382692116660764, 0.33437255358988743, 0.009498093749568328, 0.06474364500725042, 0.18520942556771466, 0.10175187635621312, 0.2741266713285159, 0.20687130081504648, 0.3236260665252858, 0.0, 0.0, 0.0, 0.0, 0.0, 0.0, 0.0, 0.0, 0.0, 0.0, 0.0, 0.0, 0.0, 0.0, 0.0, 0.0, 0.0, 0.0, 0.0, 0.0, 0.0, 0.0, 0.0, 0.0, 0.0, 0.0, 0.0, 0.0, 0.0, 0.0, 0.0004169412490144038, 0.0, 0.0, 6.830614096018496e-06, 0.00018928950843793356, 0.0, 9.605019522150148e-05, 0.0, 0.0003433062756265327, 5.739005926976146e-06, 0.0, 0.0, 0.0, 0.0, 0.0, 0.0, 0.0, 0.0, 0.0, 0.0], "grad": [-0.9994187574243449, -1.9488373224621147, 0.7572907164855144, 0.2098226189274066, -1.1465670785688484, -0.42377591922061075, -1272.7825227891349, -0.0841166589336173, 0.4313356595458947, 2.4075348755626402, 0.43877395647465933, -1.7052774518502483, -0.07205127550191937, -1.4849896653103403, -0.5458306337734283, -0.1421168876247938, 0.029330462957526393, -0.2895243497951195, 0.042194166077960046, 1.8606767419615233, -1274.0608084835671, 1.9371841206829714, -1273.9227450552742, 1275.2490783578464, 2.5900668436072474, -1270.489805063608, 1273.9227599254227, 0.8291032583690852, -1274.346277710736, 1271.6502952774333], "optimality": 1275.2490783578464, "nfev": 1128, "njev": null, "status": 2, "message": "`ftol` termination condition is satisfied.", "success": true, "res_time": 1224.1418059999996, "tension_error": [-0.06419858989543299, 0.00027878357658898896, 0.017282518733461313, -0.07434227829318837, 0.012676240904847907, -0.00582372959763747, 0.10814302328330737, -0.00275181123686525, -0.050631535961712194, 0.05836691190497999, 0.11332709167056695, -0.19182341169183464, -0.15814232126400224, 0.02878251276010498, 0.08709989611121162, -0.12712551009012793, 0.06947174481119081, -0.0893242287573793, 0.10621912103967829, 0.02715945267158781, 0.10907128087975308, -0.03858229308392896, -0.029121904632866832, -0.0061780677016714455, 0.09398169304425531, 0.0034310689376884592, 0.045760075567906185, 0.1397308308637638, 0.054290081922588274, 0.09198645476282592], "git_revision": "018ef57f2e70e762a509d3bbb7a77c8182022b6e", "linregress": [-0.37064931157083764, 0.09127043139555606, -0.46171744562535233, 0.010215825388276235, 0.13456891949033012]}