index,num_sides,x,y,area,perimeter,is_alive,prefered_area,area_elasticity
0,4,0.739660,-1.249671,1.056079,5.972711,1,1.083816,1.0
1,4,-1.080538,-1.466330,1.065305,4.923633,1,1.115643,1.0
2,4,-1.817216,-0.196420,0.990724,4.760226,1,1.041109,1.0
3,4,-0.729635,1.260539,1.044534,5.925553,1,1.072310,1.0
4,4,1.082328,1.448217,1.009476,4.809586,1,1.060789,1.0
5,4,1.814944,0.207917,0.910109,4.574473,1,0.961400,1.0
