{"x": [0.09765473579284709, 0.13027386605623353, 0.1778840305144984, 0.18072964423097146, 0.1194079756007217, 0.09433441351237103, 0.1289300648545146, 0.18319539409641278, 0.17368004174508925, 0.13391233715949458, 0.011230545865145757, -0.010505356294636881, 0.004893743894364694, -0.028109821661839226, 0.009408581762334813, -0.0039181142607811045, 0.0028800959283784944, -0.01401002497217905, 0.010171280090631613, 0.012487077594791339, 0.05472723906703458, 0.05885285673424072, 0.05073361320148495, 0.04811549295263372, 0.05824805490248944, 0.05394485858696084, 0.057964962981764616, 0.06192867068545209, 0.05882676928324661, 0.061642446902137986], "cost": 1.43001667345635, "fun": [0.160897282727623, 0.1488207042105047, 0.3544518841189625, 0.5277804860593333, 0.19945453243266, 0.34040133925725646, 0.05339883948410294, 0.2834848013908831, 0.044090509482188935, 0.4045159944731901, 0.5184431742031081, 0.1839858059564892, 0.5753602391550454, 0.5113082424005232, 0.31715591919691677, 0.24896520470303926, 0.45983505546381137, 0.5285601061074546, 0.518625097713269, 0.43056071839627047, 0.0, 0.0, 0.0, 0.0, 0.0, 0.0, 0.0, 0.0, 0.0, 0.0, 0.0, 0.0, 0.0, 0.0, 0.0, 0.0, 0.0, 0.0, 0.0, 0.0, 0.0, 0.0, 0.0, 0.0, 0.0, 0.0, 0.0, 0.0, 0.0, 0.0, 0.0, 0.0011593974983364255, 0.0, 0.02221131498016504, 0.0, 6.0149398742600424e-05, 0.0, 0.002749898905651614, 0.0, 0.0, 0.0, 0.0, 0.0, 0.0, 0.0, 0.0, 0.0, 0.0, 0.0, 0.0], "grad": [1.1375973999819995, -2.6663102562365104, -1.6975775087419347, -0.6257086142014363, 0.7284871969420583, 2.366518420384507, 1.7349312440480678, -1.4514399481274158, -0.15811722699299802, 0.9859517688486878, -1.4329219360694485, 0.008455679959201712, 0.0339770801214756, 0.7848392959270788, 1.6880950298615538, 0.896024344275899, 0.5828461755530703, 1.0227861267650167, -1.3480629512871651, -0.7646445938996673, -3.8256808217026412, 2.374537711879694, 1.1095422188627593, 3.077571967532535, -1.3213586598329927, 2.154615544652964, -4.271789666603398, 1.3280582198420845, 0.8725925567740038, 0.5837794343036169], "optimality": 4.271789666603398, "nfev": 320, "njev": null, "status": 2, "message": "`ftol` termination condition is satisfied.", "success": true, "res_time": 724.8945339999627, "tension_error": [-0.03866870524425682, -0.03504218520974668, 0.04923295285556577, 0.0060659991613053995, 0.12978953015088027, 0.011699409479682503, -0.014657196230712431, -0.03133855425610549, 0.11300597569761117, -0.09023650505827491, -0.1703634089601148, 0.1593625396472846, -0.07423636414763858, 0.42641605324227544, -0.14272485787942774, 0.05943640764902801, -0.04369003665382731, 0.2125271240184533, -0.154294721782489, -0.18942455091166785, 0.005728488295101312, -0.05685567264338318, 0.06631038028290401, 0.1060263385290717, -0.0476810427509712, 0.01759692347979518, -0.04338663843235073, -0.10351468248561299, -0.05645993523793526, -0.09917276891913303], "git_revision": "018ef57f2e70e762a509d3bbb7a77c8182022b6e", "linregress": [-0.6351669412699205, 0.13370244459028094, -0.46874297913604784, 0.008981488080784424, 0.22620350899681574]}