{"x": [0.09222180496412163, 0.12554332867828802, 0.180531249784455, 0.1805625508943933, 0.12433124644859778, 0.0965204628017005, 0.12904209223583865, 0.18372462569949943, 0.1830435282467928, 0.12662300007359023, -0.004529940744209371, -0.000879682963012787, -0.0007568650757382569, 0.0024692424849570575, 0.000247813329564213, -0.0036738792255992803, 0.0016004250030265568, 0.0009851975867751059, 0.0035496873585315375, 0.0003406529731493244, 0.05395338768125358, 0.05750849373238765, 0.050377029504534994, 0.05357813384106571, 0.057307536146579484, 0.05478738751043729, 0.054637790420121665, 0.05620954601001754, 0.04718295092400226, 0.056295712869618555], "cost": 1.3604685420586848, "fun": [0.240813552012388, 0.5861153116728093, 0.6560857957210464, 0.459414059016903, 0.2230175258689013, 0.28146632689463075, 0.33343870406263826, 0.22161513796700008, 0.19244734622699627, 0.3625446597309341, 0.12001884505212702, 0.3437048433071114, 0.26839475661567214, 0.29538683482391564, 0.19743269311006512, 0.654075665428062, 0.6029613330285749, 0.06516035679372767, 0.249611903940685, 0.1773129443402449, 0.0, 0.0, 0.0, 0.0, 0.0, 0.0, 0.0, 0.0, 0.0, 0.0, 0.0, 0.0, 0.0, 0.0, 0.0, 0.0, 0.0, 0.0, 0.0, 0.0, 0.0, 0.0, 0.0, 0.0, 0.0, 0.0, 0.0, 0.0, 0.0, 0.0, 9.295602910125589e-05, 6.80735724992312e-07, 4.3356617970028856e-07, 0.0, 0.0, 4.9587775446186204e-05, 0.0, 0.0, 0.0, 0.0, 0.0, 0.0, 0.0, 0.0, 0.0, 0.0, 0.0, 0.0, 0.0, 0.0], "grad": [-5.463946737570364, -5148.150033083872, 4570.987493522189, 5142.14333981575, -5134.235587638426, -2.2792110507622234, -0.725557791291962, -5141.464129875692, 3.965599993896488, 4.002626560608243, -2.3864967346876322, -5135.033923470052, 0.1359077768771808, -0.6918359539797384, -5167.7664582570615, 5329.263205857611, -5322.738454612363, 2.1694396412805035, -4.783252680953751, -5139.209826099581, 5.8964127756554285, 5528.130750277651, 5320.187861039327, -4580.127916836327, 5327.68283867599, 5332.879575528381, -4571.2341632581865, 5322.924299545668, 5149.009563659272, -5143.897109930143], "optimality": 5528.130750277651, "nfev": 539, "njev": null, "status": 2, "message": "`ftol` termination condition is satisfied.", "success": true, "res_time": 1028.951503999997, "tension_error": [0.04374693400785685, 0.03671839380370996, 0.009075572750439171, 0.008600745982679603, 0.05510525256102705, -0.021462185117497985, -0.016356611985601996, -0.039366810505972, -0.029034803026507596, 0.0203401605754161, 0.06871759902302947, 0.01334447943871586, 0.01148137552474627, -0.03745753522025882, -0.0037592405674011986, 0.05573144854190191, -0.024277881286856536, -0.014945098964707106, -0.05384750184039334, -0.005167585126759477, 0.01746754013578845, -0.03646216135500119, 0.07171962885563192, 0.023160008178520573, -0.03341370584929636, 0.004816057680884093, 0.007085392634208125, -0.016757583794729896, 0.12017267129899485, -0.018064704580957665], "git_revision": "018ef57f2e70e762a509d3bbb7a77c8182022b6e", "linregress": [-0.026265748592794916, 0.03232002310605419, -0.06496738597681975, 0.7330422870891384, 0.076242461327053]}