{"x": [0.09947596075229859, 0.1270846780420005, 0.18251547549875835, 0.17719615978597034, 0.1282156613416989, 0.08687599576592009, 0.1247522396145473, 0.18531448447247684, 0.18586694932915754, 0.12698917369546484, -0.0141252031833536, 0.019590867065079846, 0.019320189317092236, -0.018466991587909057, -0.006897091569076169, 0.00577383408756411, -0.024046115430499185, -0.004157940829120786, 0.014331122610177828, -0.009659095402494695, 0.056918442747955315, 0.0559866579961222, 0.058671720777022304, 0.060123805961121594, 0.06576166523682105, 0.05057891047960846, 0.07604427341159657, 0.05867969177525649, 0.03890217076726376, 0.06361454822220199], "cost": 1.314217799202671, "fun": [0.34408509079047905, 0.2547344092399411, 0.14191196573397233, 0.3027541923629019, 0.40875108359402046, 0.562879996136291, 0.5416105593228389, 0.44729015334226063, 0.5383365863288511, 0.10808737311827181, 0.3061091016691349, 0.25802549410685655, 0.026671273563763268, 0.15256796654490412, 0.34354852672528763, 0.567312442132996, 0.13409414801078914, 0.5246760636745273, 0.33907269444463844, 0.14807335050099157, 0.0, 0.0, 0.0, 0.0, 0.0, 0.0, 0.0, 0.0, 0.0, 0.0, 0.0, 0.0, 0.0, 0.0, 0.0, 0.0, 0.0, 0.0, 0.0, 0.0, 0.0, 0.0, 0.0, 0.0, 0.0, 0.0, 0.0, 0.0, 0.0, 0.0, 0.0028182798196357455, 0.0, 0.0, 0.0062977940472385505, 0.000328093763887235, 0.0, 0.013903840679544154, 7.188444334607192e-05, 0.0, 0.0009011754805365985, 0.0, 0.0, 0.0, 0.0, 0.0, 0.0, 0.0, 0.0, 0.0, 0.0], "grad": [-1394.8860676865297, 1653.4249940346922, 1639.1897940583494, -1500.9459095557595, 366.32865270136256, 964.9459846834235, 20.736796090268015, 1567.398082234587, 122.48775663836804, 1140.8833495744395, -15.705542908605569, -555.8417145406623, -1529.9565682852347, 299.68968228213004, -665.4039283263182, 1562.0804524608193, 363.31143098091775, 482.4461195347968, -671.7978618454292, 78.08280448114213, 3.3567945866149174, 26.060398631018607, -106.10004998086463, -1293.3403671480437, 1272.0074143418199, 597.7479994083608, 175.46184984184634, 19.240015696094353, 1668.991705226834, -1264.3240847173913], "optimality": 1668.991705226834, "nfev": 320, "njev": null, "status": 3, "message": "`xtol` termination condition is satisfied.", "success": true, "res_time": 1289.7348759999732, "tension_error": [-0.0662960437815878, 0.013336669072455955, -0.021024429590867266, 0.05966770853379258, -0.0038199475984719167, 0.1248409689365084, 0.048718935122739136, -0.06348440581985396, -0.07186510231002977, 0.014785436233170595, 0.21427433674784718, -0.2971865248375551, -0.2930804391289405, 0.2801377313206065, 0.10462643986563097, -0.08758702112426386, 0.3647710668901748, 0.06307449187326475, -0.2173980616269524, 0.14652506120356876, -0.0275112965996076, -0.013376451450895525, -0.05410790423323368, -0.07613552292907881, -0.1616598542464414, 0.06865716586133992, -0.31764338369291206, -0.05422882145740935, 0.24578917768178007, -0.1290888484877627], "git_revision": "018ef57f2e70e762a509d3bbb7a77c8182022b6e", "linregress": [-0.9869074344949706, 0.1885480133752226, -0.5885172009396926, 0.0006243008427733825, 0.2562182424546094]}