{"x": [0.08991693719210055, 0.12974608815884117, 0.18967385602705464, 0.17893953761220924, 0.1258230995095663, 0.09481870942935534, 0.13127023268480265, 0.18676895915110536, 0.18079405436204116, 0.11589802357171819, 0.012695938123289265, -0.009987908654920765, 0.007963386451442248, -0.017715402752668117, 0.0039268475675100336, 0.01818232834450878, -0.008856657114849474, -0.012755863579734896, -0.002221948776648944, 0.007328427468044288, 0.05463802753923734, 0.05686886103105089, 0.05373465548151185, 0.056189051162040475, 0.05303387291002563, 0.0758181964661458, 0.06566945402846378, 0.059296211430355204, 0.05642483459430944, 0.04755994775226914], "cost": 0.8059570204011943, "fun": [0.3746388192725495, 0.09838496612710144, 0.48945282916088945, 0.49331146323429514, 0.33788747074310466, 0.3106156125850393, 0.03464638747854031, 0.05283448408323275, 0.1318144522462313, 0.25010694465094196, 0.26992469297907135, 0.31565430461396154, 0.12193951599248232, 0.3021290651731035, 0.22460779871892333, 0.1937189108636856, 0.478320659636027, 0.09862984777680255, 0.08042125209721497, 0.26970888631876033, 0.0, 0.0, 0.0, 0.0, 0.0, 0.0, 0.0, 0.0, 0.0, 0.0, 0.0, 0.0, 0.0, 0.0, 0.0, 0.0, 0.0, 0.0, 0.0, 0.0, 0.0, 0.0, 0.0, 0.0, 0.0, 0.0, 0.0, 0.0, 0.0, 0.0, 0.0, 0.0009963769807272422, 0.0, 0.0055597221865027425, 0.0, 0.0, 0.0006947195075494974, 0.0020755327848385107, 1.0969886352795543e-05, 0.0, 0.0, 0.0, 0.0, 0.0, 0.0, 0.0, 0.0, 0.0, 0.0, 0.0], "grad": [0.8937468475054571, 1.975710423712184, -0.10884435930285896, 0.001188737191445688, -2.3158186025895318, -2.622432725237093, -0.6660143809250147, 1.644978428562826, 0.7188807177216328, 0.11306736758965286, -1.3558012275952032, -0.4434592885506833, -0.7243002165758886, 1.5961014629687793, 1.7882747398928474, -3.1104356083343587, -0.37251615756651235, 3.114153163969844, -0.5469642952414246, 0.6296466981023232, 0.6688875924096083, -0.526375979132937, 0.5075619792531327, -0.07419851381530185, -0.1369235554156541, -0.4464513521895155, 3.3800191616487005, -3.0596414763976543, -1.14074673342227, 1.0178182269570692], "optimality": 3.3800191616487005, "nfev": 289, "njev": null, "status": 2, "message": "`ftol` termination condition is satisfied.", "success": true, "res_time": 474.3755339999916, "tension_error": [0.07871096296592041, -0.027035981161142537, -0.1296145305599652, 0.03322128347574585, 0.03247436923745131, 0.004352811695956496, -0.05015671458840635, -0.08554827230263486, 0.0050889202523757065, 0.18303426109519827, -0.19259289126300802, 0.15151304195421245, -0.12080175612344424, 0.26873639449820025, -0.0595688888234696, -0.27581949059271604, 0.13435235617169428, 0.19350193924394837, 0.033706177123542506, -0.11116965290598221, 0.007081795621083276, -0.026759159489322667, 0.02078563024866491, -0.016446684199160948, 0.031416254018142645, -0.3142138763851849, -0.16026104282723597, -0.06358120658585635, -0.02002343547910741, 0.11445376274353225], "git_revision": "018ef57f2e70e762a509d3bbb7a77c8182022b6e", "linregress": [-0.5245774475300239, 0.1327815150059695, -0.3790987064873122, 0.03882716209846104, 0.24198433646833817]}