{"x": [0.09747106426840206, 0.12863825337511514, 0.18028226674512082, 0.1826441192078912, 0.12799557329785016, 0.09317676233342205, 0.1272516084531882, 0.18143912383239277, 0.18152816794591864, 0.1265438870185505, -3.3171236230331505e-05, 0.0005735319408817885, 0.0010568762782915552, -0.001596920999021196, 0.000326044563571085, -0.0010719008816024323, -0.003087181608762099, 0.00011651083541277827, 0.0018320786929172204, 0.0005437565207679043, 0.05615722036712758, 0.04818173013064156, 0.05843902035745655, 0.052042373546592954, 0.05483895203777026, 0.05229515580598684, 0.05942037847747694, 0.054194769346734006, 0.05272584345205701, 0.052713552495738156], "cost": 1.5292246180907307, "fun": [0.5369371827993475, 0.35838223973010896, 0.14429095516023327, 0.12710158912658148, 0.2752320634737706, 0.4251743304377399, 0.36519068396621013, 0.39997979283926305, 0.5199036268902356, 0.24968459198429646, 0.34635903910191806, 0.40236672086968395, 0.3434971375998645, 0.45671511307459933, 0.5403169058330263, 0.46110551599631233, 0.49099421977609464, 0.30425060949562227, 0.36191102869833136, 0.38025317995150465, 0.0, 0.0, 0.0, 0.0, 0.0, 0.0, 0.0, 0.0, 0.0, 0.0, 0.0, 0.0, 0.0, 0.0, 0.0, 0.0, 0.0, 0.0, 0.0, 0.0, 0.0, 0.0, 0.0, 0.0, 0.0, 0.0, 0.0, 0.0, 0.0, 0.0, 3.6499336648266733e-11, 0.0, 0.0, 4.072398748478827e-06, 0.0, 1.2315835637647077e-06, 2.9422971768138188e-05, 0.0, 0.0, 0.0, 0.0, 0.0, 0.0, 0.0, 0.0, 0.0, 0.0, 0.0, 0.0, 0.0], "grad": [3534.1319439695635, -3529.7986646486656, -3536.705797944618, -0.023680656680019396, 3550.1681561682135, -2.3393227371152605, 3519.5589764962137, 3554.5117548042817, -3527.80451674801, -3536.8841750790316, 3562.5934113854255, -6.824155546394798, -3533.069718064603, 0.9459150733012421, -3541.4448272254967, -5.547039422783331, 3543.8368468447757, -3536.5394823737442, 3526.148735953168, -3537.6968517425876, -3514.256232899451, 3571.408918562933, 3543.7330772839387, -3525.4310288628817, -3518.8221929150964, -3594.126418589687, -3570.937116958602, -3562.1304427520963, -3546.1927822994076, 3547.6192841158468], "optimality": 3594.126418589687, "nfev": 166, "njev": null, "status": 3, "message": "`xtol` termination condition is satisfied.", "success": true, "res_time": 428.6103620000067, "tension_error": [-0.035882473176012696, -0.010230519290771687, 0.012852557401369247, -0.02297590916205736, -0.000481289810002301, 0.029260568447433515, 0.010804393771634509, -0.004696555476481115, -0.006047323187174318, 0.021540277641110016, 0.0005031959222177308, -0.00870027670688511, -0.016032439365002447, 0.02422472678532729, -0.0049459807198928155, 0.01626035728360143, 0.04683145318696907, -0.001767428167789612, -0.02779198583545592, -0.008248594114183723, -0.015963822297665933, 0.10502154396424693, -0.05057792116565141, 0.04645694870604788, 0.004033842037642226, 0.04262233123045077, -0.0654647767775619, 0.013805865637904922, 0.0360889519572992, 0.03627540141781551], "git_revision": "018ef57f2e70e762a509d3bbb7a77c8182022b6e", "linregress": [-0.04183007845363838, 0.026970475764852314, -0.11509319423831767, 0.5447650400148538, 0.06822827169943974]}