{"x": [0.09034861502423587, 0.13053614354842993, 0.18041192735480313, 0.18483344694081358, 0.13315985647506853, 0.09309065535502214, 0.12226810807414214, 0.17779188363865137, 0.18221644337015971, 0.13336486551846308, 0.0023917584458084517, 0.0036719422388607334, 0.01366590358268454, -0.008447766284000879, -0.003215305656293911, 0.002292565561348546, -9.690108099467521e-05, -0.009904628419033508, 0.0026151853092581394, -0.014641291738035606, 0.057820008596737214, 0.053479677174095276, 0.05346516383309676, 0.04460402047882246, 0.06273104360121326, 0.05725461616147167, 0.05771063500336077, 0.06150843998515104, 0.057375676508009954, 0.049808888261456206], "cost": 1.2683013670983507, "fun": [0.10807016514868821, 0.4763697475775836, 0.31003185503109826, 0.3054896629433908, 0.3405150164832959, 0.6138244653747352, 0.3619398181760697, 0.2805372680393042, 0.7109398966824313, 0.2467941008446775, 0.09589490293092034, 0.1300093885528979, 0.5610437050309589, 0.20113651412857958, 0.14015470938117797, 0.3126221834506947, 0.1284777726200549, 0.22748170551841468, 0.4946424243397263, 0.16774805993630545, 0.0, 0.0, 0.0, 0.0, 0.0, 0.0, 0.0, 0.0, 0.0, 0.0, 0.0, 0.0, 0.0, 0.0, 0.0, 0.0, 0.0, 0.0, 0.0, 0.0, 0.0, 0.0, 0.0, 0.0, 0.0, 0.0, 0.0, 0.0, 0.0, 0.0, 0.0, 0.0, 0.0, 0.0006028727727524729, 3.32404422727997e-05, 0.0, 9.098836596949357e-10, 0.0009716605303887772, 0.0, 0.0031386159903759314, 0.0, 0.0, 0.0, 0.0, 0.0, 0.0, 0.0, 0.0, 0.0, 0.0], "grad": [4.2020994279999275, -0.7326556155388224, -0.7743658500640378, 7.9723398981926, 2.6392548685356996, -4.244796123768771, 2.826771012287737, -4.235300704522499, -3.0613454529911315, -5.732293949614279, -0.903948847232815, -2.3333861842608856, -1.5245222211219116, 4.193727671443599, 5.955116539854279, -5.12924695447495, 0.8087087146156615, 1.9784659167414507, 0.11714488147188173, 1.16260846112242, 16.080572944292236, -15.018211753055642, 11.407031264386873, -8.343631727171871, -12.022487668780364, 7.328572192478941, 0.6991487247329444, -4.7851309439909215, 8.86596060581217, -2.9321053971811613], "optimality": 16.080572944292236, "nfev": 414, "njev": null, "status": 2, "message": "`ftol` termination condition is satisfied.", "success": true, "res_time": 740.3816510000033, "tension_error": [0.07216256292035134, -0.03902084200885755, 0.010885651808482626, -0.056187236589082264, -0.07882163919914355, 0.030566780857018153, 0.08640233204845682, 0.050630788373342644, -0.01648821795624233, -0.08193155388358826, -0.036282129749512886, -0.05570206513811621, -0.20730692424238342, 0.12814962687675485, 0.04877504967545587, -0.03477740877298206, 0.0014699551284864285, 0.15024971022883407, -0.03967143625051624, 0.22210321760160823, -0.04118773167630191, 0.02465356099610805, 0.02487372324624241, 0.15929413408340015, -0.11568639584912598, -0.03261092839098369, -0.03952857294603425, -0.0971399313815576, -0.03444737103355929, 0.08033813058332896], "git_revision": "018ef57f2e70e762a509d3bbb7a77c8182022b6e", "linregress": [-0.27659246275954996, 0.08814480384809953, -0.31274312996885156, 0.09243576137909439, 0.15875337587259497]}