{"x": [0.09313715046745154, 0.1278022264940792, 0.1855027111336009, 0.18091874007946007, 0.12291039337396785, 0.09219691711305734, 0.1299243788653931, 0.18050835590948872, 0.18130029364967373, 0.12366438587487948, -0.0001286508239695769, -0.005618262695488951, -0.006447069058432801, -0.00261768157421585, 0.002473857969882086, -0.0037009370491051124, 0.0023012508720046494, -0.0035514852202276088, 0.00024907091398085454, 0.01028146808424555, 0.06297942599599139, 0.05382270295162498, 0.05868567084679495, 0.04557960170414915, 0.060875368287431855, 0.057168319696945774, 0.05681034391028698, 0.052915995570001165, 0.0562465574930731, 0.050205742999921], "cost": 1.1943617586772288, "fun": [0.2479798082034894, 0.37243462591578896, 0.3052845963779951, 0.2649996211258759, 0.1583271677574873, 0.3274151849489465, 0.2516471052835973, 0.36019282906977323, 0.38463676995317364, 0.32083585184104174, 0.4631876591566, 0.3090675708953545, 0.5461779941757526, 0.08993688554378952, 0.5256958120956248, 0.15028224790012237, 0.47937325952829263, 0.22144369530129573, 0.4522400348554681, 0.22387815392384008, 0.0, 0.0, 0.0, 0.0, 0.0, 0.0, 0.0, 0.0, 0.0, 0.0, 0.0, 0.0, 0.0, 0.0, 0.0, 0.0, 0.0, 0.0, 0.0, 0.0, 0.0, 0.0, 0.0, 0.0, 0.0, 0.0, 0.0, 0.0, 0.0, 0.0, 2.1293042270096702e-09, 0.0001773397637202667, 0.00026797048770977114, 1.7937026429951273e-05, 0.0, 5.069149435404713e-05, 0.0, 4.479505095964421e-05, 0.0, 0.0, 0.0, 0.0, 0.0, 0.0, 0.0, 0.0, 0.0, 0.0, 0.0, 0.0], "grad": [-3.4820869206651306, 1.7134740958556174, 2.60677160248298, -0.6867816292216613, 0.5207325519322676, 1.6334014318118655, -1.1627086216904192, -1.662155169316724, 2.136586497008264, -2.66692303959549, -3.8726167172989325, 2.2818667555848666, -3.2411406688872226, 1.0570472535057258, -1.1457970237584043, 1.0893263753554177, 1.0085081898344213, 2.0218257707261085, -1.1773821744184207, -0.7287674444095047, 10.571146520995823, -7.978314522576325, -0.828814763812554, -4.827519662935955, 1.4932245154943584, -2.4782666309256562, 2.3930872148049573, 0.981506383662401, 1.1205250649003133, -5.561262860398015], "optimality": 10.571146520995823, "nfev": 261, "njev": null, "status": 2, "message": "`ftol` termination condition is satisfied.", "success": true, "res_time": 477.00081300002057, "tension_error": [0.029861466445005612, 0.0024517128238401853, -0.06633973770054155, 0.0031974820156958116, 0.07665909120182345, 0.044124473906621955, -0.029740588124937642, 0.009422864736990635, -0.0025905507035542167, 0.0652212916212774, 0.0019515875007470361, 0.08522705812612952, 0.0977997575349054, 0.03970930370709135, -0.037527550494251175, 0.05614190615516903, -0.03490916186397326, 0.05387477476648788, -0.0037783176782421853, -0.15596623467633727, -0.11945426893456575, 0.01944998126606829, -0.054319521858079055, 0.1444949119209266, -0.08753645762038186, -0.031301841543881756, -0.025871475462599564, 0.033204411577611136, -0.017319034903138013, 0.07431798455314673], "git_revision": "018ef57f2e70e762a509d3bbb7a77c8182022b6e", "linregress": [-0.18798033379703682, 0.0625173665731673, -0.2873606152595792, 0.12362315802437392, 0.1184107618498003]}