{"x": [0.09693228534307534, 0.1351896260108772, 0.1772483579826497, 0.18142381499815577, 0.1162602749833048, 0.10809875415848003, 0.12734422089666594, 0.1787521181372748, 0.1739558929801089, 0.13120348408401336, -0.00873501776898211, -0.006857211609537384, -0.007242145290411462, -0.02777769412945574, 0.01727123993450246, -0.018331976325329596, 0.010622858401075934, 0.009463048271718896, 0.02543987297855111, 0.0007059455282074147, 0.05249121029107379, 0.05865657753611375, 0.05290395222371676, 0.06029579014245919, 0.06176452867204819, 0.048204371288210146, 0.04776464047637341, 0.06939185264957035, 0.04682301356593724, 0.0631121788643942], "cost": 1.1134639980484375, "fun": [0.2624259720234051, 0.11039640328865052, 0.2548921907693344, 0.3978213172433471, 0.049728360674620664, 0.4850089046425883, 0.24523941946695288, 0.6393395180668303, 0.12143801039282338, 0.05972071884433391, 0.04205170228445032, 0.39858773870241965, 0.060075116628874416, 0.4585219028316439, 0.020560843352597995, 0.3344003209864975, 0.31694857770480706, 0.5138475663496535, 0.4778484359876974, 0.3430052841227864, 0.0, 0.0, 0.0, 0.0, 0.0, 0.0, 0.0, 0.0, 0.0, 0.0, 0.0, 0.0, 0.0, 0.0, 0.0, 0.0, 0.0, 0.0, 0.0, 0.0, 0.0, 0.0, 0.0, 0.0, 0.0, 0.0, 0.0, 0.0, 0.0, 0.0, 0.0006664865327152729, 0.0003224353543708742, 0.0003798408768952139, 0.02143327687775258, 0.0, 0.00616066882191166, 0.0, 0.0, 0.0, 0.0, 0.0, 0.0, 0.0, 0.0, 0.0, 0.0, 0.0, 0.0, 0.0, 0.0], "grad": [0.8174209683597825, -98.7874701299632, 1.1308360690973709, 2.0481570760855474, -97.1995144619292, -0.2606043189932512, 0.4830695810238721, -0.016378736167382835, -0.23814689574813208, 0.4109469064361877, 0.3673241445231173, -0.01712844435422567, 1.0250466122071886, -0.8437283082325674, -90.195712743738, 2.8983025879178994, -1.4877581145441945, -0.6392903894471574, -1.0520716819655878, -0.33603131704228595, -2.810802925656654, 2.594273848789367, 97.11499108318571, -102.88648632050487, -2.108707785376267, 98.70359729907415, -95.03503799898681, 94.54427094508443, -93.91537582667593, 95.6555634624487], "optimality": 102.88648632050487, "nfev": 1252, "njev": null, "status": 3, "message": "`xtol` termination condition is satisfied.", "success": true, "res_time": 2028.7201950000017, "tension_error": [-0.027709387424286757, -0.10961252520557949, 0.05887588035067045, -0.004464325875254377, 0.17753903529588608, -0.19710077020142902, 0.009399495757552976, 0.036064370627407895, 0.10882141002038459, -0.049144161920857736, 0.1325071303140664, 0.10402147498344262, 0.10986078278599544, 0.4213777960368117, -0.2619986016300126, 0.2780895975370058, -0.1611450050459682, -0.143551095564065, -0.3859138759754334, -0.010708943996998059, 0.03964825402864787, -0.05387818662423554, 0.03338710488147505, -0.07874446213574911, -0.10102470619302228, 0.10467808561124214, 0.111348646510851, -0.2167285134395307, 0.12563279372477673, -0.12146808299862881], "git_revision": "018ef57f2e70e762a509d3bbb7a77c8182022b6e", "linregress": [-0.7935957518831677, 0.17812953353942262, -0.4830776232397062, 0.006849255758020167, 0.27183038812034704]}