{"x": [0.09775594508781771, 0.1322312753264802, 0.1849062548004658, 0.1820876667295708, 0.1245406078388185, 0.09540930547463425, 0.12438355243470331, 0.18050313882163285, 0.18207360917071397, 0.12658869272248507, -0.008975109875604785, 0.0114399789183031, 0.005530379424230961, 0.0006888068271703927, -0.0015332831606370274, -0.01469225759217474, 0.008554365990591865, -0.007774130951716536, 0.012387468996277557, 0.0028224705837472507, 0.05525291390867791, 0.050302810519132976, 0.06184784729140127, 0.04865370605831087, 0.06460518110338882, 0.055975391582045675, 0.05046127855001444, 0.06894548486123799, 0.05052786517675849, 0.04910926715935193], "cost": 1.1377770897291297, "fun": [0.2039609870457359, 0.21552136548498055, 0.46702625164149586, 0.23092472257193364, 0.2993928267207708, 0.4491672989748258, 0.10382651944230638, 0.3046932198871561, 0.5343827591818928, 0.2535600248932659, 0.586844207187805, 0.1631415790132355, 0.29268925435305393, 0.46556922388896027, 0.430818165968203, 0.06116925173405618, 0.1484026119473544, 0.28084986453879135, 0.4306014125733148, 0.14867652215425073, 0.0, 0.0, 0.0, 0.0, 0.0, 0.0, 0.0, 0.0, 0.0, 0.0, 0.0, 0.0, 0.0, 0.0, 0.0, 0.0, 0.0, 0.0, 0.0, 0.0, 0.0, 0.0, 0.0, 0.0, 0.0, 0.0, 0.0, 0.0, 0.0, 0.0, 0.0007229684113459705, 0.0, 0.0, 0.0, 3.6046831638652107e-06, 0.003171506472384162, 0.0, 0.0004698460234547597, 0.0, 0.0, 0.0, 0.0, 0.0, 0.0, 0.0, 0.0, 0.0, 0.0, 0.0, 0.0], "grad": [-771.6824192608733, 20.344824418608596, 1700.5654321564252, -4.364826209561137, -4.032176925664052, -2221.1799733081702, -2092.8852391221617, 3.6703437273247403, 302.4596336518024, -2173.4267757876546, 566.3403259289147, 1778.6613641859906, -2.6807165171702536, -2.7826406928133993, 1391.362466127469, 848.7506666321951, -1436.014545008085, 1629.300426240303, -8.16317429562164, 3.0495053631703497, 1622.977640433654, 2091.877716922245, -850.0311032805797, 49.25626945740294, -73.75461944912809, 2168.955949958317, 1752.7121527035918, -6.51169562902399, 1331.7679488313115, -1751.7426795627275], "optimality": 2221.1799733081702, "nfev": 348, "njev": null, "status": 3, "message": "`xtol` termination condition is satisfied.", "success": true, "res_time": 651.4045959999785, "tension_error": [-0.04020401445510801, -0.06473539157866318, -0.05729170607065368, -0.014534721861876498, 0.051929314314487676, -0.004606321439712382, 0.05431178925043103, 0.009502006114679825, -0.01432147366563875, 0.02086059095848458, 0.13614924266014547, -0.17354043430805827, -0.08389389998209452, -0.01044895596356889, 0.023259363283306717, 0.22287635158422736, -0.12976670672550475, 0.1179308171250304, -0.18791352369996187, -0.042815880555649735, -0.0022458131415602975, 0.07284550461576664, -0.10228862018200245, 0.09786183606132101, -0.1441163989464402, -0.013205543933853986, 0.07044160063137088, -0.20995727195372774, 0.06943150505280452, 0.09095113527304977], "git_revision": "018ef57f2e70e762a509d3bbb7a77c8182022b6e", "linregress": [-0.5192113429063336, 0.11203491513147257, -0.5156369489161117, 0.0035413151661902796, 0.16304377466422368]}