{"x": [0.09732114827102868, 0.12858149017019993, 0.1827988714048565, 0.1818381888757092, 0.12527553682546777, 0.09429923275132866, 0.13353301755938185, 0.18457991154737896, 0.176592208247872, 0.12280746483768683, 0.0017833649071269614, -0.0019965924694822198, -0.0018007939591407672, 0.000581450241310512, 0.0024506871678104665, -0.004222218791341068, 0.00045816399756894616, -0.0041628413706247805, 0.005277837898283921, -0.0012707377132667314, 0.0552906843037888, 0.05211596184202276, 0.060539217293102555, 0.04998373107726757, 0.05954539106808505, 0.052826704273530554, 0.05866755029035273, 0.052640177974419916, 0.05338323275097626, 0.0631803979412397], "cost": 1.2230525695733472, "fun": [0.47589479414920255, 0.29412494216358126, 0.3331238110251683, 0.36280779300620514, 0.4264145413769812, 0.4294205028485529, 0.36191367666708363, 0.38778247389654774, 0.22092237005031545, 0.3000151589684364, 0.3432964262816016, 0.2414098386740265, 0.5599653245494535, 0.19651214843927187, 0.4227661981067414, 0.28791773553311567, 0.2140704056033572, 0.2723261343297814, 0.40658624396967535, 0.1699343878925801, 0.0, 0.0, 0.0, 0.0, 0.0, 0.0, 0.0, 0.0, 0.0, 0.0, 0.0, 0.0, 0.0, 0.0, 0.0, 0.0, 0.0, 0.0, 0.0, 0.0, 0.0, 0.0, 0.0, 0.0, 0.0, 0.0, 0.0, 0.0, 0.0, 0.0, 0.0, 7.959179261806279e-06, 5.8397206873527786e-06, 0.0, 0.0, 7.527004970770131e-05, 0.0, 7.213891164926219e-05, 0.0, 2.0519546470667033e-06, 0.0, 0.0, 0.0, 0.0, 0.0, 0.0, 0.0, 0.0, 0.0, 0.0], "grad": [1.2483141272770264, 0.7927735040633239, -3.032338013177812, 0.6793165785655588, 4.207687931148663, -708.7508080580016, 2.563312579428675, 4.702045042725239, 3.259290231250205, 1.3678366431819882, 2.5193895878863573, 5.4229836290722675, -0.761272537830926, 5.172369196631967, -10.424619595605293, -1400.0859324558298, -8.85745215545009, 3.016221792275015, -2.9737888403920287, -5.207195831816483, 1.0520488683544191, 1.4082613495409637, -3.0242333050937042, -1406.4259730146393, -0.5009574065096913, 8.370764958555263, -1405.2439455694969, -4.6760317102270506, -5.633363753684296, 0.5588698885800643], "optimality": 1406.4259730146393, "nfev": 197, "njev": null, "status": 2, "message": "`ftol` termination condition is satisfied.", "success": true, "res_time": 427.7326039999607, "tension_error": [-0.033608300515407745, -0.009369441547180512, -0.025323445260093294, -0.010750231049562606, 0.040780701503266355, 0.012233089182606766, -0.08448236087538635, -0.05234119433644197, 0.06882943977220568, 0.07822048069532356, -0.027053014933218874, 0.030287601643722083, 0.027317407488279828, -0.008820394523989111, -0.037176057621450376, 0.06404956582749188, -0.0069501858080543415, 0.06314883135474643, -0.08006293434774789, 0.01927664169897333, -0.0028187766774496375, 0.04534064028974073, -0.08243716592014459, 0.07768582690268121, -0.06736117356491927, 0.03455892896615696, -0.054044639425397674, 0.037388466956453925, 0.026116588786123097, -0.12250294226789907], "git_revision": "018ef57f2e70e762a509d3bbb7a77c8182022b6e", "linregress": [0.023544323478804977, 0.042792480936963515, 0.05052157679357373, 0.7909100246305001, 0.08795799926208807]}