{"x": [0.09565736449631998, 0.12844796138076794, 0.17966269552558867, 0.1815065492861147, 0.12784205653201589, 0.09009875100870351, 0.12870581854995164, 0.1836179400645339, 0.18219331212780684, 0.12546214827541266, 0.0019298992902509633, -0.0005966427641339018, -0.005122079732275325, -0.0038164270124029535, 0.0004913418105345513, -0.0010002728295454932, -0.0038227923415103623, -0.0039205775782084305, -0.003653211123524885, 0.007238010518237516, 0.05507191322885304, 0.058270266093148546, 0.05904495610724772, 0.053017089555656455, 0.05947078584095737, 0.05796634314293547, 0.0567323068706083, 0.05687960097094164, 0.0531997635923657, 0.058209142887033646], "cost": 1.5077296819017179, "fun": [0.11178785397746469, 0.5351001222655553, 0.5924842382231121, 0.2817847096395104, 0.12082075524973034, 0.7123367203158977, 0.2854253472874899, 0.41450241395281473, 0.31218222507602017, 0.11914122999504984, 0.2246836801609187, 0.24566686145146166, 0.5619796455680466, 0.21335166945103454, 0.5889753138446608, 0.31756709037337144, 0.3569529258440191, 0.09268757649761596, 0.30757718328758726, 0.4987093963695047, 0.0, 0.0, 0.0, 0.0, 0.0, 0.0, 0.0, 0.0, 0.0, 0.0, 0.0, 0.0, 0.0, 0.0, 0.0, 0.0, 0.0, 0.0, 0.0, 0.0, 0.0, 0.0, 0.0, 0.0, 0.0, 0.0, 0.0, 0.0, 0.0, 0.0, 0.0, 2.1239443528388792e-07, 0.00013438135124666843, 5.558669886286758e-05, 0.0, 1.0008187119646706e-06, 5.586529827012073e-05, 6.0262917816634624e-05, 4.8755578521483245e-05, 0.0, 0.0, 0.0, 0.0, 0.0, 0.0, 0.0, 0.0, 0.0, 0.0, 0.0], "grad": [223.83520639315728, -331.27505002048076, 2679.629905327146, -196.93345885591665, 715.5073545233869, 400.98300152331217, -63.19982102886357, 22.918022363167815, -129.63836051756203, 212.66738065349082, 68.01055687214077, 201.52720057589323, -379.6709534693256, -524.7825072488812, 653.7895725066569, -164.1506456365026, 272.26922882404153, -38.36390351673608, 53.16663228710479, -10.259688583859898, -107.58355906853888, -53.15444811453666, 707.842929836314, -2681.9604705474558, 176.0713605159636, -437.7803282394018, -12.236570137713969, 320.3221704841641, -344.94383310706235, 339.5596876113849], "optimality": 2681.9604705474558, "nfev": 229, "njev": null, "status": 3, "message": "`xtol` termination condition is satisfied.", "success": true, "res_time": 547.0141150000272, "tension_error": [-0.008369289069705119, -0.007343857035518378, 0.02225123368305004, -0.005719375763640998, 0.0018475052347005172, 0.07595291166864013, -0.011255459097825543, -0.037748427154170025, -0.016137325190384213, 0.037949871804928384, -0.02927588970160828, 0.009050859722206208, 0.07770013805509811, 0.05789384805401843, -0.0074534814970202345, 0.015173785065997624, 0.057990407845404594, 0.05947377530321947, 0.05541792074294982, -0.1097980597544273, 0.0004999031583715778, -0.048017978658022015, -0.05976975219370508, 0.031670851568293044, -0.06622943865440523, -0.04340757498920245, -0.02468768116938752, -0.02692208057915977, 0.028899751036227442, -0.04709076123819709], "git_revision": "018ef57f2e70e762a509d3bbb7a77c8182022b6e", "linregress": [-0.17555162602593505, 0.04760586540837101, -0.41143081293029427, 0.02389363273039593, 0.07349496460855912]}