{"x": [0.09941962279184338, 0.1264507439239331, 0.17836037755639764, 0.18579070664689676, 0.1294163580955995, 0.0949603122350574, 0.13054271992744523, 0.18009813778282896, 0.18277824202146523, 0.1236882424125247, -0.006927354201016949, 0.010691742866861606, 0.0024066604745872494, -0.008670352944181352, 0.0030881896021236546, -0.007417325790784656, 0.003277610128258842, 0.006810702589678544, -0.0009188231309365247, 0.002658769880860817, 0.05770374580039567, 0.048179323851641566, 0.06582943224705962, 0.05143004183133024, 0.055468874805171556, 0.05518079459019878, 0.04925914707395259, 0.06411568447127726, 0.04620955938174626, 0.06269968176485274], "cost": 1.485171290350191, "fun": [0.44739614812268325, 0.41205420868760434, 0.4667841373279456, 0.12565127957753605, 0.35870857031461867, 0.5789420571028092, 0.17336736007338474, 0.44408223949604353, 0.3273155019178984, 0.1414819917285018, 0.17398336769308279, 0.5056695309250103, 0.12807863516182727, 0.13804942061373968, 0.647913671537693, 0.45387226044953577, 0.1491906989478399, 0.5373452036885058, 0.46201958966431095, 0.2770648887177254, 0.0, 0.0, 0.0, 0.0, 0.0, 0.0, 0.0, 0.0, 0.0, 0.0, 0.0, 0.0, 0.0, 0.0, 0.0, 0.0, 0.0, 0.0, 0.0, 0.0, 0.0, 0.0, 0.0, 0.0, 0.0, 0.0, 0.0, 0.0, 0.0, 0.0, 0.00033243150982197983, 0.0, 0.0, 0.0006517939575177201, 0.0, 0.0004080769501741958, 0.0, 0.0, 7.757035151014229e-07, 0.0, 0.0, 0.0, 0.0, 0.0, 0.0, 0.0, 0.0, 0.0, 0.0, 0.0], "grad": [3.7397077981750257, -2.053905347762557, -0.1449095744655362, 6.140017014075653, -0.7432907653526637, -5.949284777403811, -7420.694698223513, 1.6712969513154463, -2.641621540426847, -2.4285272884239744, 7424.0883019201265, -4.525698103159733, 0.2095978482860309, -2.6916646533106254, 7436.692869531396, -7427.0292259587495, 0.3061516662429735, 1.4275953008401858, -2.343842401471604, -7427.069120750928, -7434.251689115675, -9.95666631615535, 12.047053692741928, -10.606527352299087, -1.947849382186881, -0.11926103328269111, 4.993888119034444, 7406.473891782862, 4.691895452894261, 2.9758950292447386], "optimality": 7436.692869531396, "nfev": 347, "njev": null, "status": 2, "message": "`ftol` termination condition is satisfied.", "success": true, "res_time": 813.9218740000506, "tension_error": [-0.06544141684606224, 0.022953225445308905, 0.042006936695667414, -0.07070852778425174, -0.022034092714667212, 0.002204747212947936, -0.03912060335270614, 0.015645728639971646, -0.025010504809870673, 0.06485939638234348, 0.1050855132894382, -0.16218995803013833, -0.03650818825581014, 0.13152618779131198, -0.046846744089775204, 0.11251820902202005, -0.04972018648045727, -0.10331594960064389, 0.013938221943739924, -0.04033259878753438, -0.03942406617350095, 0.10505804636566805, -0.16268785582516324, 0.05574580426829681, -0.0055218635642671765, -0.0011517885860739135, 0.0886775099753459, -0.13669090815352772, 0.13493867674369314, -0.11521064788301788], "git_revision": "018ef57f2e70e762a509d3bbb7a77c8182022b6e", "linregress": [-0.28847415591010483, 0.08625234148197691, -0.3719008909869804, 0.043003896514161165, 0.13607430803041523]}