{"x": [0.09847407214602566, 0.12408268876953821, 0.17872589320245166, 0.1804174813520287, 0.13508938254505065, 0.10443006778671832, 0.12213348175531463, 0.1794976726326433, 0.18376118264018793, 0.1345659424863179, -0.004688177790952691, 0.0018999036356987962, 0.006039231153722571, 0.006408115368946807, -0.0033343830800365024, -0.007089950979167189, 0.005169890610210781, 0.009712877035582037, 0.0025569283622655613, 0.0014323852035658985, 0.051696734572519096, 0.055656701618666087, 0.05936695326498486, 0.06010951471685337, 0.055770218132735645, 0.05489033291988263, 0.048920508237950876, 0.06145095466641497, 0.05362495583434972, 0.058529010271850174], "cost": 1.6907825325180308, "fun": [0.429309346757431, 0.57889184011812, 0.37839436394671916, 0.310171246025294, 0.18681134034235075, 0.543262743597507, 0.09890575812706588, 0.3066739740068678, 0.5065840263310838, 0.3395259768990436, 0.3548058202490064, 0.41578788182173304, 0.5923187463529751, 0.45968159091095495, 0.4785571198693286, 0.2570161882580268, 0.2796479287373757, 0.23024063855050392, 0.309999263855538, 0.6585452405755587, 0.0, 0.0, 0.0, 0.0, 0.0, 0.0, 0.0, 0.0, 0.0, 0.0, 0.0, 0.0, 0.0, 0.0, 0.0, 0.0, 0.0, 0.0, 0.0, 0.0, 0.0, 0.0, 0.0, 0.0, 0.0, 0.0, 0.0, 0.0, 0.0, 0.0, 0.00010304151123534551, 0.0, 0.0, 0.0, 3.707203961464754e-05, 0.00035639343649873515, 0.0, 0.0, 0.0, 0.0, 0.0, 0.0, 0.0, 0.0, 0.0, 0.0, 0.0, 0.0, 0.0, 0.0], "grad": [0.3965334626590522, 0.5840365715178224, -0.5497955655411229, -0.8125804966402845, 1.8972645967595652, -0.25913723738514005, -0.6817601652468674, -0.5534360779028367, -2.181937929461906, -1.7680368295190636, -0.44291913632243896, 0.316245120654288, -0.9153621322824361, 0.07312105558981741, 0.48162234458734776, 2.2712398469385287, -0.7966447706199351, -1.7315378306823346, -0.728102497123355, 0.08250531899123192, -0.4250480102511034, -0.11510605458525713, -1.4028661026454703, 0.959980462745901, 0.022762798237588644, -2.2408462525950084, 2.8572111899554846, -1.04061689510648, -0.6933765806074117, 1.211147903901523], "optimality": 2.8572111899554846, "nfev": 504, "njev": null, "status": 2, "message": "`ftol` termination condition is satisfied.", "success": true, "res_time": 847.4750619999832, "tension_error": [-0.05109774795407338, 0.05887578464702488, 0.036462193613919225, 0.01080139963480691, -0.10809186728126717, -0.14144809541572945, 0.08844456569289484, 0.024754572606751468, -0.03992136636742598, -0.1001514667110018, 0.07111799905973983, -0.028820866230366633, -0.09161300075710531, -0.09720884384183162, 0.050581412080504706, 0.10755204890972142, -0.07842541216450173, -0.147340909556999, -0.0387876989678908, -0.021728776958282545, 0.05170016970347489, -0.008371129897825635, -0.06465433519850945, -0.07591872980779586, -0.010093135269815437, 0.003254412227448682, 0.09381454135389934, -0.09626789942668793, 0.022449735099548687, -0.051943036341014916], "git_revision": "018ef57f2e70e762a509d3bbb7a77c8182022b6e", "linregress": [-0.11262289140668702, 0.0698139983295594, -0.18138936526844346, 0.3374155924294937, 0.11539076587991928]}