{"x": [0.09682216586947522, 0.1272720581060275, 0.17925522809018518, 0.17855018979366336, 0.12783103274165758, 0.09790822154162145, 0.11855493517564876, 0.18472039043259314, 0.18497643351671825, 0.13222150852705214, 0.0008108374693926557, -0.000959080663362003, 0.0028797827613381856, 0.0006549464806996629, -0.0005853975709576279, -0.0029480809511187225, 0.006172443495739105, 0.0024700939539339718, -0.009749295384779807, -0.0025502913194637884, 0.05154602269165205, 0.05646587224522021, 0.057019850987451576, 0.052718795228240925, 0.06057232833232009, 0.05453687172134994, 0.053041349119913365, 0.055253930382890996, 0.04612662919144781, 0.059695493216408796], "cost": 1.4616262373554134, "fun": [0.39111768674859787, 0.35761830325763483, 0.13718417346434497, 0.20553654399525312, 0.32992393652324836, 0.46079494173676155, 0.4550832154950462, 0.5048824081434675, 0.5512628222907922, 0.26370382659517877, 0.12903075158431052, 0.45824132846906873, 0.22216067669619458, 0.6198784418838014, 0.3059565026062324, 0.4463773640869315, 0.10285825062306683, 0.28508341965910633, 0.42060382413762604, 0.4503809475634588, 0.0, 0.0, 0.0, 0.0, 0.0, 0.0, 0.0, 0.0, 0.0, 0.0, 0.0, 0.0, 0.0, 0.0, 0.0, 0.0, 0.0, 0.0, 0.0, 0.0, 0.0, 0.0, 0.0, 0.0, 0.0, 0.0, 0.0, 0.0, 0.0, 0.0, 0.0, 8.821966514042405e-07, 0.0, 0.0, 2.0061007862574325e-07, 2.562230601658986e-05, 0.0, 0.0, 0.0009266584420686576, 1.6587058563697358e-05, 0.0, 0.0, 0.0, 0.0, 0.0, 0.0, 0.0, 0.0, 0.0, 0.0], "grad": [1.4477617114355694, -0.097024596448821, -0.2727865878546595, -0.016149114925776975, 1.0145288304988935, -2.1003664984818253, 2.5366047737112285, 1.3589174072600494, -1.1688146560758563, -2.0338972858875564, 3.1218213827296846, -0.02679995197627494, -0.007351367280447718, -0.06787656199678893, -0.37043645814264436, -1.23431737592825, 1.480869037962706, -0.2937078764277741, 2.186706704238246, -3.0465995616311785, -0.708715899948416, -0.5090771511315424, 0.3582629448802308, 1.1976415717773907, -0.43536944051770465, -1.4283368363342683, 3.5397906714821548, -4.144273001155636, 1.2883819531780363, 1.932518586843904], "optimality": 4.144273001155636, "nfev": 414, "njev": null, "status": 2, "message": "`ftol` termination condition is satisfied.", "success": true, "res_time": 739.7175310000312, "tension_error": [-0.02603891395481512, 0.010494179770321441, 0.028432370572487625, 0.03912755218566842, 0.0020147322357433727, -0.04251399440495842, 0.14272985171149433, -0.054472209343137165, -0.058356292376677985, -0.06458723268548237, -0.012300117648514027, 0.014548914473086342, -0.04368528602058102, -0.009935306482716231, 0.008880274118716475, 0.044721345405096626, -0.09363378487339037, -0.03747045170350663, 0.1478933630345532, 0.038687017375855864, 0.05398641563520521, -0.020645962129977668, -0.029049623728553655, 0.036195871019902286, -0.08293944867496757, 0.008616293603494814, 0.031302842558194884, -0.00226123269588478, 0.13619669840128695, -0.06963817006960686], "git_revision": "018ef57f2e70e762a509d3bbb7a77c8182022b6e", "linregress": [0.01348791725983771, 0.04548938641902228, 0.02127537296338797, 0.9111478051516545, 0.11978167538194542]}