{"x": [0.09967116386984079, 0.1304333163541341, 0.17847261647615295, 0.1853543410975343, 0.12668961548483393, 0.09464797891839812, 0.1202928287627985, 0.18896687844790144, 0.18449347097418858, 0.12643483378331752, 0.0016998220302301558, 0.003533995190848613, 0.009015362061727658, -0.0033109499296349373, -0.0032750670803966234, -0.003769800124764478, 0.003770650870421015, -0.00371019254048844, -0.001399194221242817, 0.008332622250542918, 0.05162963446019739, 0.06502861142651312, 0.05151822008077585, 0.05509237348357994, 0.057496385761670585, 0.057229222229170276, 0.05599459639257087, 0.05703479781489239, 0.052795083000871185, 0.054349581354602584], "cost": 1.3375033294409562, "fun": [0.32321708110402525, 0.42443104802011533, 0.4306414133234813, 0.37896162809259704, 0.5492431517182489, 0.14306901091819557, 0.4549235398560177, 0.21894411015297555, 0.45271696399159816, 0.330417935021812, 0.1506334281375405, 0.28886624250430687, 0.3693375460953846, 0.2892684885196991, 0.3917578444420295, 0.4266702240652448, 0.045327543354746994, 0.3676001216510387, 0.5367016996722472, 0.28844213117886297, 0.0, 0.0, 0.0, 0.0, 0.0, 0.0, 0.0, 0.0, 0.0, 0.0, 0.0, 0.0, 0.0, 0.0, 0.0, 0.0, 0.0, 0.0, 0.0, 0.0, 0.0, 0.0, 0.0, 0.0, 0.0, 0.0, 0.0, 0.0, 0.0, 0.0, 0.0, 0.0, 0.0, 3.629592253357466e-05, 3.512858035674774e-05, 5.357411103162291e-05, 0.0, 5.107276185222753e-05, 2.739264747358091e-06, 0.0, 0.0, 0.0, 0.0, 0.0, 0.0, 0.0, 0.0, 0.0, 0.0, 0.0], "grad": [0.06777190341932338, -0.48267363771926863, 0.6393552056071106, -0.261895967440279, 14.748312945078752, 0.0323130549663746, 2.9014163724900794, -2.340074349897916, 0.01968479311240845, 0.5978504081784938, -0.2970694566653693, -15.420355782597923, -2.8234151397547818, 2.1053942382772646, 16.29254586219475, -1.1636355912767788, -0.8702751392662151, 1.6617190504239547, 0.6814951598425716, -1.653133503424872, -0.36369382625069857, -0.19748428169379295, 1.0221316078752893, 1.3215749648523856, -2.310678449902216, -12.177720126776642, 12.885221438362912, 4.326861290729023, -1.4925780884256632, 0.5240752950793741], "optimality": 16.29254586219475, "nfev": 821, "njev": null, "status": 3, "message": "`xtol` termination condition is satisfied.", "success": true, "res_time": 1233.512996000005, "tension_error": [-0.06925720603883308, -0.03746098983743203, 0.0403043119775885, -0.06408901672621306, 0.019329628346169997, 0.0069427331663318124, 0.11636662062086481, -0.11888993071511655, -0.05102992141186558, 0.023194576651639626, -0.025785699036611716, -0.05360945720636235, -0.13675985408797214, 0.050225939476321195, 0.04968160934376609, 0.057186534658687956, -0.057199440169421446, 0.056282308686141126, 0.02122528149482123, -0.1264029326112343, 0.052718054676654184, -0.15053968719714014, 0.054408171409478095, 0.00018952833017335703, -0.03627848772134902, -0.032225711418833264, -0.013496874117514943, -0.029276361814710102, 0.03503861248916599, 0.011457422229619285], "git_revision": "018ef57f2e70e762a509d3bbb7a77c8182022b6e", "linregress": [-0.0026472593657990685, 0.05340294041122015, -0.004242797975629953, 0.9822474498868525, 0.11791287153217164]}