{"x": [0.09887285789088168, 0.12681105264569392, 0.18742002752100467, 0.184492370527163, 0.1271529868865245, 0.09603438008482976, 0.1251743722114932, 0.17894276297517456, 0.17916367717017875, 0.12920527929719447, 0.004303623637331656, 0.002469716275821355, -0.0012853554039106527, 0.0018920500886558111, 0.00208824423383875, -0.0011391524557263363, -0.0016892169418552376, -0.0045017895523193265, 0.0008881760311919553, -0.00234520055206496, 0.048020155568920045, 0.055904821470386105, 0.055856723739725875, 0.04912754165166663, 0.05902644652917881, 0.05473113960152582, 0.06345812223018577, 0.057244199684393954, 0.058834864118603565, 0.05794254385124436], "cost": 1.4898024725513508, "fun": [0.10803182173462068, 0.14311095807590266, 0.42527678228418797, 0.37026395284564484, 0.20883762765249772, 0.23964321687895174, 0.44419248629985325, 0.19859015579323433, 0.19144247119926106, 0.5688488203293727, 0.42321473520865177, 0.18402504096477515, 0.18300668895615105, 0.6237641905994779, 0.324232299853784, 0.24846337408267663, 0.6141798151409007, 0.7126427757730993, 0.38008315056252423, 0.31547074625073646, 0.0, 0.0, 0.0, 0.0, 0.0, 0.0, 0.0, 0.0, 0.0, 0.0, 0.0, 0.0, 0.0, 0.0, 0.0, 0.0, 0.0, 0.0, 0.0, 0.0, 0.0, 0.0, 0.0, 0.0, 0.0, 0.0, 0.0, 0.0, 0.0, 0.0, 0.0, 0.0, 2.1235851674445216e-06, 0.0, 0.0, 1.478242050470054e-06, 4.8201026312409704e-06, 9.123375854284643e-05, 0.0, 1.2898522430420773e-05, 0.0, 0.0, 0.0, 0.0, 0.0, 0.0, 0.0, 0.0, 0.0, 0.0], "grad": [-0.7791366457494833, 3.6120649289583167, 1.4308430389794573, -0.8561898620210275, 2.0745793972299538, -3.477647351219896, -11.03849968222372, -2.7673661922161292, 2.6965431594989377, 2.41032679399092, 0.12558622331345104, 8.051186899960491, -0.4096397562257649, -2.7413426800968326, 0.33343592949898015, -4.102407295331521, -7.321528487368921, 0.7409082587976994, -1.2864496382560215, -1.341525597683881, -1.0670002080961662, 3.3005275809122407, -12.917224868566835, -0.208498894646568, -4.481873789404231, -1.6635301085390388, 3.2197755817191887, -16.50844012331803, -3.9410788642597656, -0.327426255675078], "optimality": 16.50844012331803, "nfev": 197, "njev": null, "status": 2, "message": "`ftol` termination condition is satisfied.", "success": true, "res_time": 464.2396520000184, "tension_error": [-0.057147186668287546, 0.017487469563598843, -0.09542474921604907, -0.05101322801967341, 0.012300448059250265, -0.014088482211417636, 0.042315332919209546, 0.03317235586024935, 0.02982116565092947, -0.018832101993353265, -0.0652844485513914, -0.03746472246010853, 0.019498386896324032, -0.02870173069922349, -0.03167792649529019, 0.017280539878753803, 0.025624823596577983, 0.0682905553980564, -0.013473316279320758, 0.03557586296716881, 0.10747257292282518, -0.012135020297925257, -0.011405394734135621, 0.0906739176876242, -0.05948896844052887, 0.005669318566338974, -0.12671592151076172, -0.03245291411762391, -0.05658273102746692, -0.04304654815114665], "git_revision": "018ef57f2e70e762a509d3bbb7a77c8182022b6e", "linregress": [0.029131112857039218, 0.04008358258878219, 0.05946078711675518, 0.7549510382944804, 0.09242262582869168]}