{"x": [0.09260964265282501, 0.12870114075034075, 0.1830949118867053, 0.18662541097216528, 0.12686830537705587, 0.09600695564192953, 0.12422656147787357, 0.17773998634753607, 0.18187943150621608, 0.13075669670023932, 0.006058797989618645, 0.0018612494239191827, 0.005244930032542374, -0.004809366636263276, -0.0032915152964767083, 0.007586082127064347, -0.000760480566957774, 0.010371525916701313, -0.008696194598449227, -0.006979305042313719, 0.05996119485268809, 0.051079831405385315, 0.048907624583809046, 0.05279946256413142, 0.05279169758711611, 0.05733386275707561, 0.05384732556282886, 0.056532852673797346, 0.0563127500861449, 0.0504124827870643], "cost": 1.0813954059769117, "fun": [0.4238982348345056, 0.3421113522210035, 0.2353109353488893, 0.480862788727258, 0.2618529807690069, 0.42974326832681387, 0.4101384868323305, 0.5430811449081212, 0.3567384069947119, 0.2345539881214483, 0.3051446565417229, 0.15637528450987853, 0.2801902173181638, 0.18321322741420393, 0.25559514301512753, 0.21453894585973896, 0.5080161861635607, 0.15086100654208895, 0.14854346616172098, 0.19205375958504153, 0.0, 0.0, 0.0, 0.0, 0.0, 0.0, 0.0, 0.0, 0.0, 0.0, 0.0, 0.0, 0.0, 0.0, 0.0, 0.0, 0.0, 0.0, 0.0, 0.0, 0.0, 0.0, 0.0, 0.0, 0.0, 0.0, 0.0, 0.0, 0.0, 0.0, 0.0, 0.0, 0.0, 0.00011124068608808734, 3.5660516827998e-05, 0.0, 4.3980925308910523e-07, 0.0, 0.0006576392853709727, 0.00033996682626360027, 0.0, 0.0, 0.0, 0.0, 0.0, 0.0, 0.0, 0.0, 0.0, 0.0], "grad": [-1.1086862585903203, 0.9671593640315834, 1.1619847857123613, -1.8160906150549057, 0.7098143381700655, 2.2545308701068443, 0.6638204001667734, -1.2534775778179394, -1.5901057362345707, -0.2672212755454888, -2.6946789430185802, 1.3686180084411612, -0.12586856893872428, 0.2961587595047275, 0.24254567364742607, 0.7321794790019531, -0.4066264051548074, -2.051472108972558, 2.257315866733582, 0.7401664568712993, -0.9957904881350341, 2.6464299625050414, -1.9875162201949816, -0.48069070073798237, 3.3645003274081713, -3.5158114276059003, 0.7793598914850577, 0.36969315963038313, 3.2732844443756757, 1.0384030870705385], "optimality": 3.5158114276059003, "nfev": 415, "njev": null, "status": 2, "message": "`ftol` termination condition is satisfied.", "success": true, "res_time": 693.2346700000344, "tension_error": [0.03786357343357001, -0.01118449853208705, -0.029814274671553846, -0.08337069719560947, 0.01661896587693739, -0.013672463111596766, 0.0566932865438466, 0.05141805192547651, -0.011375867168412195, -0.042366555320599276, -0.09190982273760796, -0.028234495508184847, -0.07956373366270098, 0.07295639098324613, 0.04993112296459662, -0.11507818296072711, 0.011536221247885507, -0.15733238014468345, 0.1319181965473518, 0.10587358917888641, -0.07366876992346653, 0.06105837257386033, 0.09400998183077564, 0.03497217606339208, 0.035089968018539204, -0.03381307121980829, 0.019076464962180396, -0.021662031543079326, -0.018323153130251017, 0.07118181509813121], "git_revision": "018ef57f2e70e762a509d3bbb7a77c8182022b6e", "linregress": [-0.27013573956814335, 0.07319325494251182, -0.43849859503354904, 0.015355220210802873, 0.1046321065235598]}