{"x": [0.09684347852887251, 0.12878382230703744, 0.18131583535354734, 0.1812140831075228, 0.12886567688548692, 0.09486743329512118, 0.12740795043083858, 0.18068450618306514, 0.18111954118108, 0.1272541846454224, 0.00041238694506885173, 0.0028224068700849364, 0.0012650970267041282, 5.7521907054881265e-05, 0.0029853491431992662, -0.0008921827388914068, -0.002429847229990027, -0.00365527619579064, 0.00013884207676763416, -0.00039146380772015925, 0.05441887226016138, 0.05506772653761602, 0.05453210969647796, 0.05271859397480728, 0.05458828320464529, 0.051245734252184615, 0.05781405373643958, 0.05535344041792009, 0.05674821203059233, 0.05447445227725879], "cost": 1.7328571325088475, "fun": [0.492359830124748, 0.26189570646297583, 0.5295954359442558, 0.4018345729032428, 0.5021162414546707, 0.3774428403111807, 0.2726117241371318, 0.4522011416848192, 0.27673967923920945, 0.10549817017634121, 0.19105266978912405, 0.48218575694683274, 0.3489292926867621, 0.33149018615180886, 0.37606507971276565, 0.32598947461441574, 0.20824370937310538, 0.7465332284261078, 0.3444386906782561, 0.6957095473984881, 0.0, 0.0, 0.0, 0.0, 0.0, 0.0, 0.0, 0.0, 0.0, 0.0, 0.0, 0.0, 0.0, 0.0, 0.0, 0.0, 0.0, 0.0, 0.0, 0.0, 0.0, 0.0, 0.0, 0.0, 0.0, 0.0, 0.0, 0.0, 0.0, 0.0, 0.0, 0.0, 0.0, 0.0, 0.0, 7.101685736389916e-07, 1.4346200895239717e-05, 4.883830633089255e-05, 0.0, 5.99894455969165e-08, 0.0, 0.0, 0.0, 0.0, 0.0, 0.0, 0.0, 0.0, 0.0, 0.0], "grad": [-10.821848731789734, 1.594665817942896, 35.06269644523512, 41.17735732005001, -14.243788174717103, 24.770843644315274, -0.22911444543830717, -21.27196491199257, -43.30509109277855, -23.844209578768876, -34.97634824944103, -0.34995311493305037, -32.43670110966994, -5.179645065076164, 23.29592054731726, 16.52183069696456, -32.23918476826188, 13.198804004370917, 44.040299361887925, 8.046971262045087, -1612.193496075039, 108.0059843607625, -15.438533551597178, -48.88774367736749, -46.37353079796722, -5.1670431787506725, -7.184834536889046, 14.790292876279064, 45.48687920918146, 21.91984784948097], "optimality": 1612.193496075039, "nfev": 260, "njev": null, "status": 3, "message": "`xtol` termination condition is satisfied.", "success": true, "res_time": 587.7530000000261, "tension_error": [-0.026362219460400363, -0.012438748505874436, -0.0028263128548111265, -0.001282767268492939, -0.01368045351212212, 0.0036136878840548675, 0.008432741262850653, 0.006750727384444667, 0.0001514003197839995, 0.010765313846542193, -0.006255764111218948, -0.042814914041925514, -0.019191074478713543, -0.0008725869867260689, -0.04528669069862563, 0.013534096618102306, 0.036859923135002526, 0.055449247158884316, -0.00210618520143759, 0.005938367517351987, 0.010406303697833087, 0.0005634137837647892, 0.008688531836656821, 0.03619892396331508, 0.007836399584177879, 0.05854168506140079, -0.041097398551592924, -0.003770764734386187, -0.02492895682129904, 0.00956317449498967], "git_revision": "018ef57f2e70e762a509d3bbb7a77c8182022b6e", "linregress": [-0.10691539876378747, 0.02425494145094091, -0.3871356178113619, 0.034555032480099966, 0.04812156771671397]}