{"x": [0.10114161671758515, 0.12401869788528103, 0.1841759100790756, 0.1797848629316302, 0.12396795813924866, 0.09103102164464177, 0.1222006845779918, 0.18509278221955347, 0.18402163252752132, 0.1307178639683475, -0.004429463008640425, 0.004711195671497719, -0.007937845597879682, 0.007186938382431436, -0.004710233033948552, -0.0006244114748627958, 0.004665060322980656, 0.010316971797748882, -0.0030334688943238295, -0.0003852498427994641, 0.053452890170171664, 0.050946759057734235, 0.06268811063989653, 0.04554556139754086, 0.058797585239310494, 0.05909134284022675, 0.05483712631922551, 0.04891396163067264, 0.04668022162498573, 0.05991383662981543], "cost": 0.8586315244772055, "fun": [0.2762138624852903, 0.23790844376338813, 0.07664719183929446, 0.18015826843946897, 0.3818683974900239, 0.20642352859820637, 0.48877317524744196, 0.43966335215936997, 0.37739061608729174, 0.32916775050723673, 0.4017057328612261, 0.3873775360298819, 0.11029647433566256, 0.092558575730715, 0.24805785476602327, 0.02986262095029671, 0.432215263415411, 0.13694879667037, 0.23021062313285248, 0.14654856658344587, 0.0, 0.0, 0.0, 0.0, 0.0, 0.0, 0.0, 0.0, 0.0, 0.0, 0.0, 0.0, 0.0, 0.0, 0.0, 0.0, 0.0, 0.0, 0.0, 0.0, 0.0, 0.0, 0.0, 0.0, 0.0, 0.0, 0.0, 0.0, 0.0, 0.0, 8.690669562694827e-05, 0.0, 0.0005001588307527663, 0.0, 0.00010450262071259398, 2.4345159632944086e-07, 0.0, 0.0, 2.791377913947591e-05, 5.7177795959192486e-08, 0.0, 0.0, 0.0, 0.0, 0.0, 0.0, 0.0, 0.0, 0.0, 0.0], "grad": [-0.0849941722866987, -2.382718574660853, -0.5399620936992398, 2.6232013350276393, -1.9617133521540886, -5.277684573696226, 1.0018745661568977, 3.0092550783501153, 1.9022334823070857, 0.45273464234376926, 3.2375885745103394, -4.824302164238252, -0.051494157362838244, 0.08849469047110115, 1.0722674086661925, -3.574198965089078, 0.3261436237686346, -4.101871141180164, 0.3367008100807456, 2.5126285234221024, -0.3150656689700462, 1.452026847402058, 3.2627198328931493, -2.3309480183167945, -4.082383861728539, 4.702131320201389, 1.7106896675012253, -3.267464637615317, -2.3380577343557745, -3.0040826927825615], "optimality": 5.277684573696226, "nfev": 601, "njev": null, "status": 2, "message": "`ftol` termination condition is satisfied.", "success": true, "res_time": 997.2890410000109, "tension_error": [-0.0915634556962344, 0.05984650373008025, -0.046212634942133485, 0.020397997339334596, 0.06061620773268552, 0.06181069582989162, 0.08742512263994799, -0.06012126105060617, -0.043872299047118965, -0.04177747651145114, 0.06719338730957716, -0.0714671721670647, 0.12041431040772228, -0.10902331351650836, 0.07145256929589189, 0.009472101243233584, -0.07076731524636748, -0.1565048134538785, 0.04601665030507139, 0.005844103867146551, 0.02505991037209141, 0.0630770330251321, -0.11503511800969604, 0.14501129133342108, -0.05601722361270354, -0.06047342252778524, 0.0040615375422794085, 0.09391385107102583, 0.12779889696896793, -0.07295036243127873], "git_revision": "018ef57f2e70e762a509d3bbb7a77c8182022b6e", "linregress": [-0.14489693193528547, 0.07839170191339277, -0.23464740135053, 0.21198702442107786, 0.11344012048145577]}