{"x": [0.10302076824206949, 0.12054755111166593, 0.18333032982448572, 0.1782675238034489, 0.13096566724126732, 0.0952628019517355, 0.1292161466712144, 0.1827833432644958, 0.17883838314290937, 0.12548308241121522, -0.008401001697712965, 0.00393169757630782, -0.011713116739667377, 0.007958675443674164, 0.0009321604207301697, 0.002195195964681759, -0.0076557038928704605, -0.01459454735771769, 0.00496096081480844, 0.009812372078371937, 0.05840776935793, 0.046609508318283144, 0.06408853532694139, 0.04919315709921498, 0.0634408076799681, 0.058355318276645786, 0.05251772115824736, 0.05672572733103859, 0.05262719346447442, 0.053810896530285285], "cost": 1.411971051946321, "fun": [0.335162213708365, 0.4117466037519273, 0.40435920131977227, 0.40364405317153873, 0.538575398616743, 0.3295341384441557, 0.40562799591278853, 0.18475894317285826, 0.4678855984743605, 0.33759267059700704, 0.3043329268903068, 0.41050176446948605, 0.30274584149426026, 0.2856238694971416, 0.16759033767170184, 0.7075894744893567, 0.1748073474355311, 0.18272064107419173, 0.3914846611682776, 0.32414999280750073, 0.0, 0.0, 0.0, 0.0, 0.0, 0.0, 0.0, 0.0, 0.0, 0.0, 0.0, 0.0, 0.0, 0.0, 0.0, 0.0, 0.0, 0.0, 0.0, 0.0, 0.0, 0.0, 0.0, 0.0, 0.0, 0.0, 0.0, 0.0, 0.0, 0.0, 0.000592916064658523, 0.0, 0.0016070056926508903, 0.0, 0.0, 0.0, 0.0004486992900614468, 0.0031086504463824784, 0.0, 0.0, 0.0, 0.0, 0.0, 0.0, 0.0, 0.0, 0.0, 0.0, 0.0, 0.0], "grad": [0.06713692041315511, 0.8882647048199638, -0.9350123268162377, 0.7862124094682569, -3.374968623527636, -1.0636880486121747, 1.4628479355523747, -0.7489127395720585, 1.9930423503737469, 0.23592214183710913, 3.0837756682203272, -0.6259007939917979, 1.0620567143171211, -0.21619749215747697, -3.175886250935587, -1.8380572954885386, 2.501600329830816, 1.9970179906969334, -0.3795270760124323, -0.6613141697282652, 0.33200621173287104, 1.071775287864524, -0.21789868901521992, 1.191231782070263, -2.223080936260886, 5.887562650586744, -4.44606071501469, 0.7139829192147662, -1.0583019747437514, -0.8088837474620534], "optimality": 5.887562650586744, "nfev": 257, "njev": null, "status": 2, "message": "`ftol` termination condition is satisfied.", "success": true, "res_time": 575.0341040000203, "tension_error": [-0.12006951973870506, 0.11250257267408939, -0.03338548152937053, 0.04341549528908192, -0.0455365645231135, -0.0023839148100260523, -0.01899695621386134, -0.025087888862530126, 0.03475576100056145, 0.03763230836840593, 0.12744022464161114, -0.05964246174166957, 0.17768383845976315, -0.12073029180170551, -0.014140543913020694, -0.033300346427445754, 0.11613432052545254, 0.2213941218838833, -0.07525602105871863, -0.148850214168534, -0.05010385455511586, 0.12887159282305663, -0.13627906523556566, 0.08967855455398764, -0.1264532659074533, -0.0493081902019738, 0.03924609354950355, -0.02458787188104632, 0.03758543738020301, 0.019629080502312213], "git_revision": "018ef57f2e70e762a509d3bbb7a77c8182022b6e", "linregress": [-0.41030597184970935, 0.10271722227524936, -0.46430408018170904, 0.00974574740608469, 0.1479112228899783]}