{"x": [0.0971064707725067, 0.12674458573205344, 0.17932895663121037, 0.17993377990593254, 0.13131350768312122, 0.09258143119087653, 0.1300245677533148, 0.18373997465158143, 0.18151906148256242, 0.12649453406240904, 0.0017737849465780376, -0.0012052460415256914, -0.002404820211675781, 0.0011355320141589078, 0.0001840088723614973, 0.002725387120352323, -0.004433679110048737, -0.006137961453379534, 0.001713405786502582, 0.0050583573250684855, 0.04889003512088987, 0.05878054757038917, 0.054358975167544774, 0.06039661528940892, 0.049187654897433326, 0.056876953690739834, 0.05563344109436174, 0.05047086098794304, 0.055770161048833776, 0.0526345996427347], "cost": 1.5943990736399756, "fun": [0.48649839251177046, 0.34206902315059856, 0.1932280807309451, 0.22945388302377032, 0.3098656129672899, 0.5904403663538685, 0.13859447431266333, 0.38432536689630886, 0.2159826412055428, 0.3598996626430428, 0.14224232576647988, 0.4951253536227986, 0.5030999291675179, 0.12881031662872514, 0.8289210010007265, 0.32196913737978666, 0.32360825224069195, 0.4941478691168183, 0.4214119987364623, 0.3241026476663638, 0.0, 0.0, 0.0, 0.0, 0.0, 0.0, 0.0, 0.0, 0.0, 0.0, 0.0, 0.0, 0.0, 0.0, 0.0, 0.0, 0.0, 0.0, 0.0, 0.0, 0.0, 0.0, 0.0, 0.0, 0.0, 0.0, 0.0, 0.0, 0.0, 0.0, 0.0, 1.7507621191931237e-06, 1.3907460657724732e-05, 0.0, 0.0, 0.0, 8.715509344164273e-05, 0.00023124506336249398, 0.0, 0.0, 0.0, 0.0, 0.0, 0.0, 0.0, 0.0, 0.0, 0.0, 0.0, 0.0], "grad": [-16.27071156935721, 39.55822579121272, 39.93355029670762, -32.51588691223509, -90.24515014797029, -3510.202360168554, 19.790299282497713, -22.740731007213046, 3.1618430285886294, 14.507680695438925, 49.933223633726925, -64.23975962073395, -2.3829842029203143, 32.30524125423983, 9.48209694682883, 35.85648817192563, -20.619042569805288, -36.92711628536331, -1.108049617518992, -41.03529337384836, -89.43156912357594, 18.66972340098056, 3533.8664227747136, -71.64673936139647, 75.20622347563722, -64.81002117162065, 559.1962448705603, 3.931688738890708, -37.60111442519465, -7.707348003523586], "optimality": 3533.8664227747136, "nfev": 258, "njev": null, "status": 3, "message": "`xtol` termination condition is satisfied.", "success": true, "res_time": 636.6359250000096, "tension_error": [-0.03035171878604222, 0.018495749136722108, 0.027313934680097955, 0.01813897950540121, -0.05081318100818889, 0.03829153133401434, -0.03126041812173574, -0.0395996486807191, -0.005909181358667888, 0.022288944531524493, -0.026907690319757007, 0.018283156200558908, 0.03648027211827371, -0.017225619060587498, -0.002791349516829961, -0.04134315875065315, 0.06725734407686758, 0.09311070448577403, -0.025991759815209837, -0.07673349167394636, 0.09427680776253983, -0.055758768200738294, 0.0113149214095183, -0.08027394395698179, 0.08976202100909716, -0.02688192227474001, -0.00801827597048568, 0.07029623843693551, -0.01009226932721247, 0.03747308827527624], "git_revision": "018ef57f2e70e762a509d3bbb7a77c8182022b6e", "linregress": [-0.10367244294307927, 0.045925406021120316, -0.23880046827440707, 0.20377553040188645, 0.07967078187697216]}