{"x": [0.09883140636981202, 0.12782919089462214, 0.18012773862776502, 0.1809706891108891, 0.12814483329711718, 0.09623014500092088, 0.1284012777958895, 0.18168239180771967, 0.17894465001577536, 0.12677140516046956, 0.00010840884422987584, -6.492468558628024e-05, 0.0007068365456304488, -0.0023206905544424896, 0.0010688161605383979, -0.00022774588112669386, 0.00016393979208270573, -0.0027737649551286083, 0.0007022935139131146, 0.0007393129882188082, 0.0552073509256134, 0.05203278371909098, 0.06087160129404696, 0.05276991615729706, 0.05888304801845793, 0.05361374960957959, 0.055483266791254766, 0.05518345963865869, 0.05604689790980367, 0.05845905061736746], "cost": 1.2999923839694285, "fun": [0.3338493422182529, 0.6271455894313872, 0.4263461460712881, 0.4219616086725453, 0.4361381198947525, 0.35886473604414876, 0.3963540869771383, 0.2448939021176241, 0.4117505376238992, 0.34977359177125955, 0.23185332296008343, 0.4764364364754459, 0.2648639130173601, 0.5041427408288646, 0.15898045447176437, 0.24649655419298572, 0.2329193163759535, 0.24643647878902136, 0.3007835963121149, 0.10438511697952071, 0.0, 0.0, 0.0, 0.0, 0.0, 0.0, 0.0, 0.0, 0.0, 0.0, 0.0, 0.0, 0.0, 0.0, 0.0, 0.0, 0.0, 0.0, 0.0, 0.0, 0.0, 0.0, 0.0, 0.0, 0.0, 0.0, 0.0, 0.0, 0.0, 0.0, 0.0, 2.736714954697773e-10, 0.0, 1.2498321840006519e-05, 0.0, 1.1812765807318889e-08, 0.0, 2.134071521929868e-05, 0.0, 0.0, 0.0, 0.0, 0.0, 0.0, 0.0, 0.0, 0.0, 0.0, 0.0, 0.0], "grad": [0.21895322767338588, 1.4514924375593365, 1.0039996678745384, -1.8051918275893888, -1.0949384501616737, 0.7493016664390679, -1.6433902565674898, -0.22411617615052143, 1.5445334240776312, -2.3003240980884274, -121.78360293581024, -2.3679050475764494, -2.483607556682849, 0.2349658942278866, -5.470456129861281, 4.222430030738405, 1.1069341560903645, 0.6777017293562526, -2.6939551995829536, -2.9655224229374904, 4.243426623759403, -1.5896085287003798, -0.43890593086921204, -0.19120973757138265, -127.03450850222485, -2.0967738458222107, -2.264584826861947, -0.6871243215796312, -0.5574728908070683, -3.0135816752040014], "optimality": 127.03450850222485, "nfev": 133, "njev": null, "status": 3, "message": "`xtol` termination condition is satisfied.", "success": true, "res_time": 281.386072000023, "tension_error": [-0.056518381753477, 0.002042672403880274, 0.015196694290977348, 0.002409433581301265, -0.0027455112113351303, -0.01705816675396336, -0.0066356835631092344, -0.008386844627619974, 0.03314373012170914, 0.01808890789265471, -0.0016445238269091043, 0.0009848845189680169, -0.010722460416186734, 0.0352040549714838, -0.01621356315600778, 0.0034548244716923267, -0.002486908666666106, 0.04207703339482123, -0.010653544231731179, -0.011215116564577661, -0.001554638802354544, 0.046602422997697956, -0.08747931366297432, 0.03542038460563636, -0.057313663747456826, 0.022619729566098895, -0.005740184903254957, -0.0011922164286852152, -0.014290269636892011, -0.050881773124563774], "git_revision": "018ef57f2e70e762a509d3bbb7a77c8182022b6e", "linregress": [-0.013760936529086259, 0.021573054208561256, -0.03967053726887461, 0.8351248046971067, 0.06550265278222961]}