{"x": [0.0961697376582422, 0.12390657043954159, 0.17978960640253314, 0.18086429837673956, 0.12956446063060334, 0.09220441993366339, 0.12391469405357101, 0.1791620143971724, 0.18287838442509832, 0.13277895485942415, 0.0014987565673300956, 0.0013091418351273132, -0.005171271402154927, 0.00026106027808467586, 0.0016151802727238753, -0.002122755599976683, -0.0011495375803356675, 0.004149299697671844, -0.003980019613664476, 0.004527457713038404, 0.05188704032656346, 0.0595531006513609, 0.05632870639692366, 0.059640340245593275, 0.05228082621335983, 0.054619318001933884, 0.05983646604134971, 0.05662508754032115, 0.05241779128676051, 0.050398748017111805], "cost": 1.6006348251346025, "fun": [0.3899040229136802, 0.18976401927584008, 0.3598793619389585, 0.2386015864705516, 0.26501923622315987, 0.4345644830710948, 0.4628429969966868, 0.3653923208548222, 0.3873242225167767, 0.5296791052239981, 0.3756767418838205, 0.4379168630767307, 0.19375954187156724, 0.38643361523863257, 0.4633404224118624, 0.29928700921749024, 0.4472890310839263, 0.6778329432802073, 0.3444045481876164, 0.43268824909659026, 0.0, 0.0, 0.0, 0.0, 0.0, 0.0, 0.0, 0.0, 0.0, 0.0, 0.0, 0.0, 0.0, 0.0, 0.0, 0.0, 0.0, 0.0, 0.0, 0.0, 0.0, 0.0, 0.0, 0.0, 0.0, 0.0, 0.0, 0.0, 0.0, 0.0, 0.0, 0.0, 0.00013829038761657963, 0.0, 0.0, 9.565330620116427e-06, 1.5190410876030943e-06, 0.0, 6.304572406946555e-05, 0.0, 0.0, 0.0, 0.0, 0.0, 0.0, 0.0, 0.0, 0.0, 0.0, 0.0], "grad": [-4.815459544987567, 1.1346137453654557, 5.603346416195821, -1.9957697400340644, 0.41629447114099705, -2.6486918682314347, -2.0464835927898966, 2.9048428294827855, 0.2981429366429893, 3.3328932641650306, -1.7431255721684535, -3.1775431698497103, 2.405067293060366, 1.0239298148334248, 1.7710802646359678, -4.4933904046963695, -1.4124089849146393, -3.990817137287666, 2.752171461119083, 2.691984158258733, -9.484733482093205, 11.010182310140186, -12.747705858977064, -0.7623646783084606, 4.217651032520946, -3.9684670854353534, 5.343376132522015, -3.0833868567434655, -1.4342124421489508, -0.9737696110322211], "optimality": 12.747705858977064, "nfev": 137, "njev": null, "status": 2, "message": "`ftol` termination condition is satisfied.", "success": true, "res_time": 401.14423700002953, "tension_error": [-0.016141808729292453, 0.061547437426762365, 0.02032604056332123, 0.004023343392019812, -0.024280755792478324, 0.04401065877148863, 0.06142420507494731, 0.029846389329376895, -0.026529629656450223, -0.07304349640013805, -0.02273560707357487, -0.019859218645530637, 0.07844635828996117, -0.003960192091518046, -0.024501713509790825, 0.03220145171425359, 0.017438078546256345, -0.06294340896522171, 0.060375489958715285, -0.06867993231831897, 0.04881329871848184, -0.06747812521662949, -0.018565204721628543, -0.06880151900782983, 0.04283970608277417, 0.007365612685129616, -0.0717766779672691, -0.02306120184830412, 0.04076199435858908, 0.07139016670084818], "git_revision": "018ef57f2e70e762a509d3bbb7a77c8182022b6e", "linregress": [-0.05265409252569388, 0.043909973937812825, -0.13957667396383278, 0.4619614099455128, 0.07059405594861726]}