{"x": [0.09776225159127214, 0.12525921126622255, 0.17869597607898696, 0.18183123806021667, 0.13211647943349558, 0.0929140377257298, 0.13002176589680936, 0.18437853602084409, 0.17769628232061555, 0.12712183862030302, -0.007790101134109071, 0.005739245680589865, -0.008040149730939755, 0.0032654858864903454, 0.0002348389822883649, 0.004642961176004855, -0.010248979887170384, -0.010172702016279496, 0.013408915834163497, 0.003344727082629276, 0.0504731885392347, 0.054985279027484506, 0.06018275211108593, 0.062224954004323034, 0.05000339178267362, 0.05826758704229231, 0.053035545122929115, 0.05791904302084159, 0.05451509122457897, 0.053570319140546524], "cost": 1.3788332746342902, "fun": [0.3912194417806165, 0.3741946179210598, 0.275154104325644, 0.200083894355696, 0.44864808117912003, 0.082248126139255, 0.6314544734394143, 0.31919448389510263, 0.3835901852535807, 0.46704581671279, 0.4197078728926685, 0.33608927213930534, 0.07454326974402943, 0.4330446553151933, 0.39803623424109985, 0.43556456718104264, 0.3258373899290144, 0.3387787266255828, 0.22086723915655382, 0.4181332976054103, 0.0, 0.0, 0.0, 0.0, 0.0, 0.0, 0.0, 0.0, 0.0, 0.0, 0.0, 0.0, 0.0, 0.0, 0.0, 0.0, 0.0, 0.0, 0.0, 0.0, 0.0, 0.0, 0.0, 0.0, 0.0, 0.0, 0.0, 0.0, 0.0, 0.0, 0.0004727475509361967, 0.0, 0.000519747501083304, 0.0, 0.0, 0.0, 0.001076569130185832, 0.0010527105354846522, 0.0, 0.0, 0.0, 0.0, 0.0, 0.0, 0.0, 0.0, 0.0, 0.0, 0.0, 0.0], "grad": [-0.6932254567516121, 949.2807977180237, 0.31210812064895377, 1.3451297795830612, -1.5452905136830077, -949.7113835754981, 1.1964594765657681, -1.169334428076743, 0.7561694088278372, 950.3254393308221, 951.7578658131697, -2.9784477560633507, 3.145692501275313, -0.259478979981963, 0.31703801139103327, -950.4897548179866, 1.7013893635846247, 2.5549194152644805, -2.8151025713123006, -0.7810294657957354, -949.4161031766503, 0.14461023399095962, -950.0424982260992, 948.6167750663745, 0.06475710339715679, -948.9321692789465, 949.0633779701309, -950.1752706165952, 951.0453567277733, -949.3377824365122], "optimality": 951.7578658131697, "nfev": 383, "njev": null, "status": 2, "message": "`ftol` termination condition is satisfied.", "success": true, "res_time": 586.1545010000118, "tension_error": [-0.04029968188214284, 0.041028354463290964, 0.03691602579633745, -0.010644789636778122, -0.06299397848099907, 0.03324600783048879, -0.031217914949457495, -0.04928639881772263, 0.05208102655741965, 0.012772956241880616, 0.118173079143883, -0.08706232722306001, 0.1219662279251881, -0.04953626602070935, -0.0035624243077565323, -0.07043207900236687, 0.1554734002165386, 0.15431629189168672, -0.2034085109840479, -0.05073832694155935, 0.0702609303070068, 0.0018141133539317487, -0.07702971517704113, -0.10800919564881761, 0.07738758095491027, -0.047977338404010667, 0.031390887139794425, -0.04269004886528068, 0.008946696036582527, 0.023278554421636215], "git_revision": "018ef57f2e70e762a509d3bbb7a77c8182022b6e", "linregress": [-0.38049293869948364, 0.08754722303666335, -0.49038726651020376, 0.005938824565580535, 0.1277903625505785]}