{"x": [0.09765031542946169, 0.13168430174596624, 0.18244988991975267, 0.18364535556874778, 0.12530541734875547, 0.09015474544978543, 0.13330068840899045, 0.1853261118173911, 0.17193377884488584, 0.12672208054341533, -0.01587250889833956, 0.01039963870333365, 0.01612913784669631, -0.015321978102733362, 0.0017282051775755708, -0.004086329331926115, 0.0013876780370195014, -0.01558651975523608, 0.011381363679607593, -0.00045719148060067186, 0.052665788991643286, 0.04931148499020747, 0.05322527838017858, 0.053580572866429595, 0.052680532062537345, 0.05655783174845351, 0.06252550446787827, 0.05900585781235819, 0.06309287529608387, 0.06585237303919848], "cost": 1.355312125120626, "fun": [0.4470142621464878, 0.4542090656116094, 0.3178883421212042, 0.3974350490173671, 0.21289471354170625, 0.3794885158225664, 0.15346375850021302, 0.3366905571423586, 0.4038670507425862, 0.3296747611921665, 0.29608266596185806, 0.6276088724848403, 0.21882952796976415, 0.11982082186520539, 0.5242389971446271, 0.18272659373163042, 0.14056363239344077, 0.501985548521926, 0.5681123078151717, 0.029805301759815224, 0.0, 0.0, 0.0, 0.0, 0.0, 0.0, 0.0, 0.0, 0.0, 0.0, 0.0, 0.0, 0.0, 0.0, 0.0, 0.0, 0.0, 0.0, 0.0, 0.0, 0.0, 0.0, 0.0, 0.0, 0.0, 0.0, 0.0, 0.0, 0.0, 0.0, 0.003998864952774961, 0.0, 0.0, 0.0035970337442210835, 0.0, 6.823388436629826e-05, 0.0, 0.003786582844808716, 0.0, 9.556401487039857e-08, 0.0, 0.0, 0.0, 0.0, 0.0, 0.0, 0.0, 0.0, 0.0, 0.0], "grad": [-0.7091237127790069, 2.4568390377079554, -0.752592088636195, -1.1352920960457547, 1.117073364835235, 0.4775561682350211, -0.7816555002471057, -3.518709826168825, 1.4144994863386005, 2.34318912002502, 0.8885118298508998, 1.2265877882552831, 0.10618534483104813, -0.7197139094392462, 0.4664927332645856, 2.724931983823362, -2.4016719844174386, 1.9980718527133667, -1.412430770345003, 1.176173246527318, 3.7344496219535763, -2.687296623714305, -2.5832286876226975, 2.5802162364602923, -0.45430533439809473, -0.9252621841212978, -0.6092092919486021, -0.0741976147815917, 6.9910058337228085, -8.870081954238092], "optimality": 8.870081954238092, "nfev": 942, "njev": null, "status": 2, "message": "`ftol` termination condition is satisfied.", "success": true, "res_time": 1669.1325599999982, "tension_error": [-0.03860164989501367, -0.05643799580588242, -0.0200295195524596, -0.03816431065728008, 0.04032742453258914, 0.07510349580051778, -0.08095800982987536, -0.06366078853005636, 0.13949616630735928, 0.018837144889138572, 0.2407803464890429, -0.15775884117547956, -0.24467331687577998, 0.23242898902136394, -0.026216261343809003, 0.06198817078706673, -0.021050585052987035, 0.23644199233157484, -0.17265126186701343, 0.0069354330695876425, 0.036999956882811755, 0.08788356229567681, 0.02851270072870983, 0.023123009026340346, 0.03677630971140866, -0.02204095527147088, -0.11256843988775728, -0.05917664488780105, -0.12117525469429428, -0.1630358595286299], "git_revision": "018ef57f2e70e762a509d3bbb7a77c8182022b6e", "linregress": [-0.4720875325096891, 0.11991501638747185, -0.3939424966837063, 0.031241024239425565, 0.20815652445130167]}