{"x": [0.09528862038426585, 0.12668759517546116, 0.18047141863334126, 0.18093739872050654, 0.13045853677108654, 0.10029915269368093, 0.1273882393639716, 0.17589302459480513, 0.18179380489304217, 0.12823738927547015, 0.0015013836091912814, 0.0009791724889624054, 0.0012051189385259475, 0.0010861010143003863, -0.0004906549206437559, 0.006823377794494563, -0.0010947651598904908, 0.001593777546733506, -0.005830051734647574, -0.0020117904428568305, 0.05737243320143161, 0.05230185586605465, 0.05546459345573223, 0.054174189936197686, 0.05507728941950177, 0.052313641264576084, 0.05098466401606308, 0.058153764570092234, 0.05841043931166542, 0.05400728693320121], "cost": 1.3853223528347334, "fun": [0.20444759085171424, 0.43642922080906743, 0.5498692260240116, 0.42044168585482533, 0.338171266114012, 0.3709916850003295, 0.3060967608115859, 0.4038457887027614, 0.26791815456384166, 0.3200386834233627, 0.506047952703889, 0.23178763369579533, 0.3953496944876715, 0.24543955910064869, 0.3790254401165123, 0.4437133721064446, 0.4500105223414248, 0.2438685715794938, 0.46572152761855995, 0.17461414308890663, 0.0, 0.0, 0.0, 0.0, 0.0, 0.0, 0.0, 0.0, 0.0, 0.0, 0.0, 0.0, 0.0, 0.0, 0.0, 0.0, 0.0, 0.0, 0.0, 0.0, 0.0, 0.0, 0.0, 0.0, 0.0, 0.0, 0.0, 0.0, 0.0, 0.0, 0.0, 0.0, 0.0, 0.0, 1.1812137013454954e-07, 0.0, 1.3120878186674816e-06, 0.0, 0.00019816056225810044, 8.142321040581549e-06, 0.0, 0.0, 0.0, 0.0, 0.0, 0.0, 0.0, 0.0, 0.0, 0.0], "grad": [-0.5608117077392969, 1.0160783927997066, -0.24264537174587647, -0.4447862966860292, 0.05347434764185699, 3.56063634427728, 0.3738399160110417, -0.16804962856500238, -1.9063396108208839, -1.6538626221484078, 1.7687157619022251, -1.8617123055464937, -2.5280976999205294, -0.4992312570655592, 3.0614817240799463, 1.2777699143465888, 0.7983280533243209, -2.431213217731407, 3.266713115897188, -1.9055516604947804, 1048.1283563776713, 1.5823081240995056, -1.2574686749524635, 1.9482582130943733, -0.5809464559146562, -2.210972032402032, -2.1590397086629007, 1.9081545502293409, -0.4221474009396573, 4.108068936879768], "optimality": 1048.1283563776713, "nfev": 196, "njev": null, "status": 2, "message": "`ftol` termination condition is satisfied.", "success": true, "res_time": 348.35320300003514, "tension_error": [-0.002775571300520129, 0.019360275724848816, 0.009983190152846948, 0.002914437029867903, -0.037843574643104505, -0.07878357440088167, 0.008731751176173114, 0.07943580851473807, -0.010076941729419177, -0.004149552669443449, -0.02277545836952492, -0.014853700361734886, -0.018281228093004257, -0.016475768274586067, 0.007443061620303526, -0.10350822797496818, 0.016607200299011336, -0.02417704172584177, 0.08843982294849036, 0.030518149524873552, -0.03439817121979916, 0.04252069368877684, -0.005456917007421992, 0.014118048017591206, 0.00041834824758320575, 0.04234191336125102, 0.0625020282128162, -0.046250691755386576, -0.050144356809021656, 0.016649907545844916], "git_revision": "018ef57f2e70e762a509d3bbb7a77c8182022b6e", "linregress": [-0.06526899312092697, 0.034700451878112604, -0.14746777870475994, 0.4367698848021485, 0.08272873992787996]}