{"x": [0.09270362040746404, 0.12482589696912104, 0.1790374049352939, 0.18250470288406453, 0.1268967396873015, 0.09555995692471186, 0.13317863522441206, 0.17873079468057826, 0.1789286921319581, 0.1305149827390048, 0.0013580284667221434, -0.0022739151310464836, 0.0025229852560683754, -0.0069299869824664476, 0.0010872674934691467, 0.008523469391959882, -0.0037743094127789924, 0.0013833556413956883, 0.002534351881979688, -0.0020796948266732194, 0.056094931015583514, 0.06005432407349808, 0.05522986839030037, 0.057069642052159295, 0.055525558965068354, 0.0544793780276567, 0.05573339668066198, 0.05258933234494972, 0.06406843614085139, 0.05512419848468082], "cost": 1.4167480329059847, "fun": [0.36596892084188626, 0.27329092543279504, 0.4329639238287089, 0.40172601970864463, 0.24978318497814908, 0.3625370900650402, 0.057399812844145214, 0.28278994160915877, 0.40649755508507157, 0.41056846607077785, 0.10585159557069689, 0.24655848976403721, 0.4747492882886871, 0.13996112586149811, 0.23291118634315622, 0.6228476153299136, 0.5013693718756494, 0.6255207389409682, 0.3551992495139477, 0.3703571847803183, 0.0, 0.0, 0.0, 0.0, 0.0, 0.0, 0.0, 0.0, 0.0, 0.0, 0.0, 0.0, 0.0, 0.0, 0.0, 0.0, 0.0, 0.0, 0.0, 0.0, 0.0, 0.0, 0.0, 0.0, 0.0, 0.0, 0.0, 0.0, 0.0, 0.0, 0.0, 1.1757710281710454e-05, 0.0, 0.00033281068150628164, 0.0, 0.0, 5.3766590877135326e-05, 0.0, 0.0, 8.994951675464567e-06, 0.0, 0.0, 0.0, 0.0, 0.0, 0.0, 0.0, 0.0, 0.0, 0.0], "grad": [-0.5118496706220124, 2.5266546738567843, -1.8027126712258088, -5.062854505741745, 1.3972598677296189, -1.6954260521793083, -4.940540772890288, 2.9278747310032602, -1.1410098526696766, -0.0051663562237268534, -3.3253690172682675, -1.003506808227184, 0.8136629744075151, 5.934714426552377, -2.192519095396672, -0.19390907448718053, -2.619191599033913, 2.9959091587739652, -1.293553840348988, 2.545602800780023, 1.5667248617572316, -5.524601654080996, -0.10772003914036965, 2.617834275592486, 1.0289200122850959, -1.2630602004151736, 2.139738175450317, 1.493938145596002, -5.561564175818619, -0.44792728897326484], "optimality": 5.934714426552377, "nfev": 535, "njev": null, "status": 2, "message": "`ftol` termination condition is satisfied.", "success": true, "res_time": 1006.6089710000088, "tension_error": [0.03643796413203014, 0.04760157910364213, 0.03173667079647702, -0.0208610128358235, 0.016187627446638223, -0.0068916506577391375, -0.07910650618536012, 0.03638783992420395, 0.03338580557552425, -0.038699840013646535, -0.020600811557494086, 0.034494488341242996, -0.03827279405125675, 0.10512545165291308, -0.016493463351037133, -0.12929801625120171, 0.05725493896310559, -0.02098501584003965, -0.0384452217463909, 0.03154823501218713, -0.015018914864101559, -0.07508150726691389, -0.0018962207780906164, -0.029804936570976256, -0.0063817422228842294, 0.009488452603502779, -0.00953456686419598, 0.03815977717336417, -0.13597416769089304, -0.00029324568124246107], "git_revision": "018ef57f2e70e762a509d3bbb7a77c8182022b6e", "linregress": [-0.08114366051493688, 0.0440640294106501, -0.14737347775565823, 0.4370664399684675, 0.10291722553600129]}