{"x": [0.09494308858308077, 0.12801725819470003, 0.181200846633146, 0.1810865555091875, 0.12795588731258256, 0.09510265680899083, 0.12794324054980935, 0.18127397953549848, 0.18117057095160963, 0.12785157053164217, -0.00023735479057458058, 0.00014990388971888004, 4.757710096625464e-05, 3.101022486045949e-05, -6.107496042977474e-05, 0.0001790621517271566, -1.6556275310924647e-05, 5.959455437887541e-06, 5.800998746964248e-05, -6.053658728684331e-06, 0.05537770501055848, 0.05518382882602422, 0.05505977535160021, 0.05515648579150788, 0.05525128868481234, 0.05501450330872342, 0.05504315227954877, 0.055054790796558256, 0.055054797355258464, 0.055177359262158686], "cost": 1.3990409504320651, "fun": [0.33349278369633373, 0.3099383875088073, 0.31436982241148576, 0.3614234954949007, 0.1126085095810615, 0.2075533182536583, 0.28187540467963135, 0.5805640425950628, 0.21617975010989432, 0.3536589893038732, 0.09017703299846322, 0.5105888686432071, 0.5399849523843941, 0.34837859313698705, 0.3526664339228735, 0.4430455910563647, 0.446738168279103, 0.3225105582254474, 0.5535615835451052, 0.32373722156314405, 0.0, 0.0, 0.0, 0.0, 0.0, 0.0, 0.0, 0.0, 0.0, 0.0, 0.0, 0.0, 0.0, 0.0, 0.0, 0.0, 0.0, 0.0, 0.0, 0.0, 0.0, 0.0, 0.0, 0.0, 0.0, 0.0, 0.0, 0.0, 0.0, 0.0, 1.337192723809673e-08, 0.0, 0.0, 0.0, 2.2781881198786687e-10, 0.0, 4.538244800492259e-12, 0.0, 0.0, 2.2184712386024638e-13, 0.0, 0.0, 0.0, 0.0, 0.0, 0.0, 0.0, 0.0, 0.0, 0.0], "grad": [1951.40848338156, -2016.6331049286514, -2040.5391328256433, 2025.8491931410142, -5.952900224711611, -3.4099657934912067, 2048.872008540083, -1987.6347739700764, -2009.1456589958248, 2027.4253865869305, 1909.640390176588, -1969.3554059059484, 0.7832404803758539, 2.062954264675934, 2027.5552876641775, -2001.1586172643015, 1.1835853507881209, -1.55835856736256, -2051.5180889691237, -2032.9481728796025, -1900.8914520922049, -2061.116910846298, 2038.4264110743297, -2017.6514320944225, -1945.8009092116527, 2027.8068128027567, -1.1412502699361067, 2.252268156419348, 2025.4437175813325, -12.25005523513924], "optimality": 2061.116910846298, "nfev": 165, "njev": null, "status": 3, "message": "`xtol` termination condition is satisfied.", "success": true, "res_time": 353.7447319999919, "tension_error": [0.002466023922086945, -0.0008102420260968934, -0.0010819746334313407, 0.0006517812966238173, 0.00012073255109347406, 4.543036820437161e-05, 0.0003125794696872298, -0.0021913748978104734, -0.0006227032518740188, 0.0017031812251071948, 0.0036005882297133435, -0.002273988991768216, -0.0007217277954588109, -0.0004704141440037664, 0.0009264855498442416, -0.0027163095142727313, 0.0002511528411459544, -9.040283136150464e-05, -0.0008799909940026384, 9.183186196679427e-05, -0.004138850023252977, -0.0011978168704528055, 0.0006840304635944589, -0.0007830327070244896, -0.002221159070299064, 0.0013707913430469165, 0.0009361965876706045, 0.000759644400734637, 0.0007595449075720438, -0.0010996758746497474], "git_revision": "018ef57f2e70e762a509d3bbb7a77c8182022b6e", "linregress": [-0.0014230234977591816, 0.0012931292503658156, -0.0865291033064244, 0.6493571726495526, 0.0030962704788033077]}