{"x": [0.06457145319421555, 0.09554405297340263, 0.1569390287958042, 0.1461460204976276, 0.07963619525931345, 0.047703281934341764, 0.08250936429912847, 0.16592844599323606, 0.15204840499479697, 0.10456514617816161, 0.08671242522594576, 0.11070158300387459, 0.08610329945327944, 0.06265752006622112, 0.11207935541003705, 0.1332178382357309, 0.08342838181359745, 0.10105034227292811, 0.0856288805261296, 0.11090493861066676, 0.12396008416311864, 0.11805299673166728, 0.11851637759482239, 0.06632530341397924, 0.09044055949392958, 0.14908871608669827, 0.13616348279987708, 0.09332781487894883, 0.09166927843488035, 0.11272116558256617], "cost": 0.6570833170095304, "fun": [0.25699153279699377, 0.2926975787422889, 0.029586260761044904, 0.31869711239334103, 0.3176202343548934, 0.23408902719173896, 0.09946060834420876, 0.39559188804865514, 0.312971952416808, 0.19910962147206185, 0.3623854422337841, 0.31111356979757737, 0.30470748450507024, 0.10406676257677108, 0.25682467427294586, 0.14930265469149345, 0.24801454831361744, 0.1614903003565191, 0.2794474865933115, 0.1209229553223409, 0.0, 0.0, 0.0, 0.0, 0.0, 0.0, 0.0, 0.0, 0.0, 0.0, 0.0, 0.0, 0.0, 0.0, 0.0, 0.0, 0.0, 0.0, 0.0, 0.0, 0.0, 0.0, 0.0, 0.0, 0.0, 0.0, 0.0, 0.0, 0.0, 0.0, 0.0, 0.0, 0.0, 0.0, 0.0, 0.0, 0.0, 0.0, 0.0, 0.0, 0.0, 0.0, 0.0, 0.0, 0.0, 0.0, 0.0, 0.0, 0.0, 0.0], "grad": [164.65202446448478, 164.4804036177201, -0.1541712178160406, 0.02569550361534592, 164.1337537779858, 164.19851258766397, -163.2954043840292, -0.5851021335406708, -164.584082249292, -0.9747856977879737, -164.91610318666426, 0.6691296828952303, 0.5575159818008694, -0.11525166646067475, 164.23758823324124, -165.12973553886616, 0.04464601994463924, -0.5547525876204922, 0.6430671332660267, 0.19124381488503056, -164.78474321417704, -163.843487220069, -0.7207001941785633, -163.95948282503485, 164.42619103349335, -162.66581880261484, 162.49831588474748, 164.83003899111588, 164.38769594813175, 165.08631079320753], "optimality": 165.12973553886616, "nfev": 849, "njev": null, "status": 2, "message": "`ftol` termination condition is satisfied.", "success": true, "res_time": 1315.9932839999965, "tension_error": [0.35428546805784455, 0.04455947026597379, -0.569390287958042, -0.4614602049762759, 0.20363804740686553, 0.5229671806565824, 0.17490635700871532, -0.6592844599323605, -0.5204840499479696, -0.045651461781616026, 0.13287574774054248, -0.10701583003874582, 0.1389670054672057, 0.3734247993377888, -0.12079355410037046, -0.33217838235730907, 0.16571618186402556, -0.010503422729281064, 0.14371119473870403, -0.10904938610666756, -0.23960084163118636, -0.1805299673166727, -0.18516377594822386, 0.33674696586020764, 0.09559440506070424, -0.49088716086698264, -0.3616348279987708, 0.0667218512105118, 0.08330721565119659, -0.12721165582566168], "git_revision": "ec36e56dd006ef5715c6882890a8a7f5f3c70256"}