{"x": [0.08026201358370207, 0.12033928760883063, 0.17388836423167545, 0.1730915849290956, 0.12071270123526208, 0.0898101857336273, 0.12241995853340502, 0.17685577688954113, 0.18981329980323378, 0.11920453438734342, 0.001922898164859501, 0.001739208304949708, 0.0008751043408219341, 0.0007102012053151714, 0.0007219349125931196, -8.075970752555301e-05, -0.001082245523555834, -0.0011012026294603804, 0.002514687335593465, 0.0012143663129499179, 0.05178649457442548, 0.051548343786768175, 0.056092739490238325, 0.054750959433167795, 0.05534284093115939, 0.05537690019665278, 0.05585888394117546, 0.05634008542090112, 0.0610247552029915, 0.06461093969084716], "cost": 0.010990763460057876, "fun": [0.026386524019616022, 0.04964714663099305, 0.023244204613159843, 0.002958327160997983, 0.01262440886709512, 0.01063327922888316, 0.00970783566214764, 0.014612502905228848, 0.06098560454984174, 0.06435889015365256, 0.036909252620513346, 0.028310542348970152, 0.018129297176933828, 0.011589384586981222, 0.015769351770492206, 0.01017364585757017, 0.016515080950161225, 0.004937862877416562, 0.04673619803512894, 0.06610242731309642, 0.0, 0.0, 0.0, 0.0, 0.0, 0.0, 0.0, 0.0, 0.0, 0.0, 0.0, 0.0, 0.0, 0.0, 0.0, 0.0, 0.0, 0.0, 0.0, 0.0, 0.0, 0.0, 0.0, 0.0, 0.0, 0.0, 0.0, 0.0, 0.0, 0.0, 0.0, 0.0, 0.0, 0.0, 0.0, 5.267253402858648e-10, 1.2675858846477176e-06, 1.3353703195287078e-06, 0.0, 0.0, 0.0, 0.0, 0.0, 0.0, 0.0, 0.0, 0.0, 0.0, 0.0, 0.0], "grad": [-3981.9527233537005, 3979.588284361991, 3979.9612306317968, -3979.673707563471, -3978.7871130266053, -3979.8775456668427, -3979.3123803262897, 0.03666515112583303, 3979.172059682356, -3982.153625789578, 0.027443838903886915, 0.0986296293187682, -0.039444018211139714, -0.02305406456429557, 0.005025745903945195, 0.03114137770836986, 0.05681655624448842, -0.0823646823791735, -3979.7441570619535, 0.022935065135706666, 3982.553915358867, -3977.2047290233236, -3980.560239540391, 3980.555279034086, 3979.75807807343, 3980.390647554379, 3982.766702248707, 3978.6866964390892, -3980.2235815318886, -3978.3192501141075], "optimality": 3982.766702248707, "nfev": 1252, "njev": null, "status": 2, "message": "`ftol` termination condition is satisfied.", "success": true, "res_time": 692.9041720000005, "tension_error": [0.22517273952845346, 0.11566185635727266, 0.10984579725178706, 0.12193265748158622, 0.10999730370641225, 0.08033034483705535, 0.08409881428513316, 0.0648311966922237, -0.13172984332867724, 0.1328756614084596, -0.02916968510544983, -0.026383174894689734, -0.013275023359364011, -0.010773501113652651, -0.010951497303296049, 0.001225096201545719, 0.01641728184353069, 0.016704854435700012, -0.03814691753230917, -0.018421507492573562, 0.0503385422192315, 0.05395120544317611, -0.014985670199673652, 0.005368658729845929, -0.003609974268859049, -0.0041266412809353795, -0.011438164226145305, -0.018737820491041408, -0.08980260429698841, -0.1442037546815913], "git_revision": "018ef57f2e70e762a509d3bbb7a77c8182022b6e", "linregress": [0.605081812918602, 0.01859592525699423, 0.673723124593463, 4.484904301017723e-05, 0.12542629253330734]}