{"x": [0.09537969688624764, 0.1285189450930538, 0.18216014510297815, 0.18282098023312754, 0.12933362396229808, 0.0949604392435022, 0.12442803129842248, 0.1767664157938571, 0.160215389701821, 0.12419088508887412, 0.0017499650956610323, 0.001410793297578583, 0.0014441894003973605, 0.0014150902401425935, 0.0012485341345868607, 0.002863419106493061, 0.001983918072206417, 0.003984738516723238, 0.000673756230496418, 0.0019420805732625428, 0.05348929536379427, 0.055497136057397735, 0.05559444063917578, 0.05515133531188493, 0.05600545079652267, 0.05633685039900879, 0.05394125219762776, 0.053076947976718074, 0.046753094996762744, 0.045464046225049015], "cost": 0.010059840629080441, "fun": [0.019590813415531996, 0.0013540684646620917, 0.01668295469504595, 0.0014156434485764618, 0.01950463562498535, 0.020561280830762498, 0.030427070169648063, 0.0015362875747307017, 0.06749670067841794, 0.05905307189849868, 0.002607353363765738, 0.01578380813599005, 0.0014150584994479197, 0.02847320053209222, 0.01878370262045761, 0.02851757849714015, 0.019694276384381433, 0.02693911320993013, 0.049650962464195536, 0.06217522325542669, 0.0, 0.0, 0.0, 0.0, 0.0, 0.0, 0.0, 0.0, 0.0, 0.0, 0.0, 0.0, 0.0, 0.0, 0.0, 0.0, 0.0, 0.0, 0.0, 0.0, 0.0, 0.0, 0.0, 0.0, 0.0, 0.0, 0.0, 0.0, 0.0, 0.0, 0.0, 0.0, 0.0, 0.0, 0.0, 0.0, 0.0, 0.0, 0.0, 0.0, 0.0, 0.0, 0.0, 0.0, 0.0, 0.0, 0.0, 0.0, 0.0, 0.0], "grad": [0.003106715807691644, 1915.463253116635, 0.002590025818121053, 0.09250417786596826, 1915.719142439506, 1914.7808120821708, 1915.0601838868606, 0.007788981681131124, -1916.0132627005414, 0.008981657845866825, 0.006551109057745377, 0.017589564158106, 0.03660265060077064, -0.017570509540384346, -1913.252452356001, 1914.4593914921227, -0.02003421348946305, 0.06911992204062922, 1914.5006009433187, -1915.0160903623687, -1914.5128457213295, 0.14147822107948294, -1915.1777184685925, 1917.2712042977569, -1915.5151589738698, -1914.0734795275037, 1914.4304259291403, -1915.574038055725, 1920.0292792507403, 1912.401491971077], "optimality": 1920.0292792507403, "nfev": 1688, "njev": null, "status": 2, "message": "`ftol` termination condition is satisfied.", "success": true, "res_time": 772.2603200000012, "tension_error": [-0.004157169625311844, -0.008420654846673316, -0.015634193153639894, -0.0256588283659186, -0.020779045172380307, 0.0022028205397583004, 0.05363706061828265, 0.06618677291015175, 0.3172599852620146, 0.05723448474759532, -0.02654635160551544, -0.021401235380685536, -0.02190784244952329, -0.021466418479717485, -0.01893982126295548, -0.04343705516377877, -0.030095335519497272, -0.060447074049221346, -0.010220643734844574, -0.029460675456840463, 0.024507656459959785, -0.005950576765615294, -0.007426652858282615, -0.0007049017526718427, -0.013661531586676602, -0.01868874635303823, 0.017651631130536097, 0.030762820490420322, 0.1266934336916325, 0.1462478476713264], "git_revision": "018ef57f2e70e762a509d3bbb7a77c8182022b6e", "linregress": [0.3035223181685083, 0.021571112611273466, 0.30931938143112125, 0.09625271668550629, 0.17634612247850476]}