{"x": [0.09343876209805996, 0.12398816952269145, 0.17531613349917677, 0.17472418741947096, 0.1221402686397499, 0.09148339136626989, 0.12433334453733604, 0.17790388365544324, 0.17891343484804717, 0.12599987957067627, 0.002179960454062764, 0.001688381752132271, 0.0032517159190286766, 0.0029133211058488782, 0.002770962049865959, 0.002189094501562105, 0.0010400923093437902, 0.0005451836739028823, 0.0005490219978817831, 0.0012911068323316185, 0.05460962011294637, 0.05432857646165969, 0.05384017898387334, 0.05344780956007263, 0.05462594266711902, 0.05463971589115964, 0.054812697392945114, 0.05505987836438917, 0.05355830481323335, 0.05455256993648546], "cost": 0.0, "fun": [0.0, 0.0, 0.0, 0.0, 0.0, 0.0, 0.0, 0.0, 0.0, 0.0, 0.0, 0.0, 0.0, 0.0, 0.0, 0.0, 0.0, 0.0, 0.0, 0.0, 0.0, 0.0, 0.0, 0.0, 0.0, 0.0, 0.0, 0.0, 0.0, 0.0, 0.0, 0.0, 0.0, 0.0, 0.0, 0.0, 0.0, 0.0, 0.0, 0.0, 0.0, 0.0, 0.0, 0.0, 0.0, 0.0, 0.0, 0.0, 0.0, 0.0, 0.0, 0.0, 0.0, 0.0, 0.0, 0.0, 0.0, 0.0, 0.0, 0.0, 0.0, 0.0, 0.0, 0.0, 0.0, 0.0, 0.0, 0.0, 0.0, 0.0], "grad": [0.0, 0.0, 0.0, 0.0, 0.0, 0.0, 0.0, 0.0, 0.0, 0.0, 0.0, 0.0, 0.0, 0.0, 0.0, 0.0, 0.0, 0.0, 0.0, 0.0, 0.0, 0.0, 0.0, 0.0, 0.0, 0.0, 0.0, 0.0, 0.0, 0.0], "optimality": 0.0, "nfev": 1312, "njev": null, "status": 1, "message": "`gtol` termination condition is satisfied.", "success": true, "res_time": 555.826852000002, "tension_error": [0.025286124677163374, 0.06030960819385088, 0.08818704241112427, 0.09716665509159376, 0.08834161105627301, 0.05494840713864614, 0.055073425296881334, 0.04893178772872828, 0.03361725317653599, 0.02979267823075328, -0.03306922911957246, -0.02561215406385521, -0.049327380484226184, -0.04419405084557969, -0.042034514313267136, -0.033207789389774534, -0.01577783249191215, -0.008270243522511907, -0.00832846953980358, -0.019585634031410025, 0.007512726231298085, 0.011776059026936419, 0.019184876037464275, 0.02513698143047642, 0.007265118857161516, 0.007056183919527479, 0.004432115714376923, 0.0006824677960176356, 0.023460807517969428, 0.008378157231746682], "git_revision": "018ef57f2e70e762a509d3bbb7a77c8182022b6e", "linregress": [0.24414928121259238, 0.016436986654041943, 0.5889958925405412, 0.0006163807080272447, 0.06330654854304398]}