{"x": [0.09393220346517164, 0.12291698869516812, 0.1661056744890211, 0.17419000960161038, 0.1225137156889026, 0.09479279339777362, 0.1298230217854199, 0.17897692928503564, 0.20723537535370076, 0.1271743007501959, -0.00058273913193051, -4.18131953278165e-05, -0.0004405031965372079, 0.0020919121800427307, 0.0011947669242507925, 0.0004806411392439758, -0.0006638437045379545, -0.003441832360218369, 0.003315408926180499, -0.0012742430697062325, 0.05544848797618848, 0.052840489119195845, 0.0480438955739344, 0.048458040597593594, 0.05204421099838601, 0.05459578879252393, 0.05863483669172838, 0.056235052291607045, 0.06405674418273279, 0.06639530539840612], "cost": 0.02265037889040608, "fun": [0.03852773085445001, 0.024101901675590884, 0.04395068584645882, 0.061204896096586914, 0.01579022397412034, 0.027062359760458267, 0.01566360432646642, 0.040933199851235134, 0.09735645296079491, 0.07672706431557362, 0.02356669084956597, 0.020509070441130407, 0.05431399121859351, 0.04752310235287263, 0.029349620975950202, 0.024054614788376873, 0.03698575988411736, 0.02873887233557172, 0.06626739829384476, 0.07127509604228073, 0.0, 0.0, 0.0, 0.0, 0.0, 0.0, 0.0, 0.0, 0.0, 0.0, 0.0, 0.0, 0.0, 0.0, 0.0, 0.0, 0.0, 0.0, 0.0, 0.0, 0.0, 0.0, 0.0, 0.0, 0.0, 0.0, 0.0, 0.0, 0.0, 0.0, 1.978894074436445e-07, 7.310382005025101e-11, 8.54765909091398e-08, 0.0, 0.0, 0.0, 2.925482625251966e-07, 4.077266890964628e-05, 0.0, 2.0689826116486758e-06, 0.0, 0.0, 0.0, 0.0, 0.0, 0.0, 0.0, 0.0, 0.0, 0.0], "grad": [-509.60385489462476, 510.24745130434775, -510.3866306924041, 509.5781057636216, 510.16583934304657, 509.8640852506009, -509.7801714694605, -510.05589015476465, 510.19737340653194, -510.30768619357696, -510.0671277506651, 509.8787213684249, 509.1404014096255, 511.16502984683774, 509.79466672709805, 509.9057068924843, 0.043612512294091535, 509.7367586045355, -509.93964941071766, -0.16109279466084112, 510.363574894946, -510.4979352285851, 510.30458131268443, -509.73204354291084, -0.393875840932828, 509.8969925382377, -509.51949851970113, 509.3343597790701, -509.3929660462131, -509.8707697954015], "optimality": 511.16502984683774, "nfev": 912, "njev": null, "status": 2, "message": "`ftol` termination condition is satisfied.", "success": true, "res_time": 461.00352199999907, "tension_error": [0.017800793649400803, 0.07655904251172793, 0.22790644820842718, 0.10526994367029394, 0.08267655139455167, 0.004745948729542995, -0.028203037067863385, 0.032654065022972564, -0.39601656790808865, 0.011977124285252662, 0.008839946538863209, 0.0006342913853964755, 0.006682277702352109, -0.031733567941992426, -0.018124191697561312, -0.007291156097959998, 0.010070274221735644, 0.05221137966016658, -0.050293580876940996, 0.019329816716450184, -0.005212602578634912, 0.03434981773258671, 0.10711244544268833, 0.10083001190101905, 0.046429075212183535, 0.007722542470498021, -0.0535483857038138, -0.01714450506584729, -0.13579680482123177, -0.17127195140341867], "git_revision": "018ef57f2e70e762a509d3bbb7a77c8182022b6e", "linregress": [0.6960993749200415, 0.01639362467735568, 0.5251139628796926, 0.0028869030571792935, 0.21319867951483282]}