{"x": [0.09681452295134156, 0.1263172765119892, 0.1711355969051068, 0.16996880776495593, 0.14182800885554253, 0.08717900298959966, 0.1258860516073148, 0.18344182697500133, 0.17735831484792125, 0.12379946346172054, -0.0016463591727892506, -0.0026895876050353987, -0.002948076394412999, -0.0038634032525624515, 0.005941327366711234, 0.005327576473276812, 0.003943227253581592, 0.0023901036538018085, 0.0004883531214741974, -0.0016627745920840434, 0.05071653733728063, 0.05227767569598911, 0.04884812669983182, 0.046729536145497436, 0.06256642172309239, 0.06299619276242427, 0.05339603200242979, 0.05938274912060557, 0.055529248609324414, 0.051450373235969155], "cost": 0.03917101707008456, "fun": [0.03575326437345228, 0.03373501328234809, 0.03483551574891979, 0.06708505066857202, 0.15706827972280207, 0.10035127383199774, 0.04746185277800451, 0.05417920947683928, 0.020407797952107957, 0.04545763436703725, 0.05584199764688338, 0.035357250050980366, 0.06206609696476492, 0.06099821099440325, 0.04711625527603486, 0.10133428736122871, 0.03350870395811645, 0.038685362036229534, 0.012089874581667624, 0.024586034672413895, 0.0, 0.0, 0.0, 0.0, 0.0, 0.0, 0.0, 0.0, 0.0, 0.0, 0.0, 0.0, 0.0, 0.0, 0.0, 0.0, 0.0, 0.0, 0.0, 0.0, 0.0, 0.0, 0.0, 0.0, 0.0, 0.0, 0.0, 0.0, 0.0, 0.0, 4.462454110827526e-06, 1.9456157978781537e-05, 2.562218720730685e-05, 5.7664711466097694e-05, 0.0, 0.0, 0.0, 0.0, 0.0, 4.597271357039121e-06, 0.0, 0.0, 0.0, 0.0, 0.0, 0.0, 0.0, 0.0, 0.0, 0.0], "grad": [133.56803703245694, 130.9576371416851, -0.3185054675622926, -1.9205928417577605, 134.07902700820458, 132.3615741322418, 131.98752532162632, -0.3430173467150195, -1.9551370805598975, 132.49681452861648, 1.6399526321634514, 0.1144533189915855, 0.499886895067051, 0.86209298359387, -0.2962896496531424, 0.5547460402685046, 1.9213677679169885, -0.17421098709098848, 0.09994494500101414, 0.5673128850867586, -128.92807627190075, -122.76135287063872, -132.7895805780466, -131.8103600381018, -129.4288752239281, -126.81057372279946, -125.95176296913314, -131.10313543516617, -132.61923815561332, -127.06612811514515], "optimality": 134.07902700820458, "nfev": 661, "njev": null, "status": 3, "message": "`xtol` termination condition is satisfied.", "success": true, "res_time": 453.72753400000147, "tension_error": [-0.02592297358973514, 0.02497787888218355, 0.15160430404741113, 0.16930408265484773, -0.2103144452172701, 0.12024445651534467, 0.03151940817835349, -0.0350768538704186, 0.05720787359203503, 0.06317221240066999, 0.024974686396999204, 0.04080009276421351, 0.04472127628148233, 0.05860646100354021, -0.09012783493296486, -0.08081745093976017, -0.059817362868307224, -0.03625702714000869, -0.007408144140959574, 0.025223702502195817, 0.06656941510380403, 0.04288749831707065, 0.09491254368858625, 0.12705081313346342, -0.11318914017848862, -0.11970861485158907, 0.025922428668178375, -0.06489395274188622, -0.0064377128213627234, 0.05543738405036393], "git_revision": "018ef57f2e70e762a509d3bbb7a77c8182022b6e", "linregress": [0.29338593975470306, 0.04982993945682304, 0.37021326315588793, 0.044033313556670874, 0.13912306795715243]}