{"x": [0.09568106680937853, 0.1261601758852133, 0.18225754426730217, 0.17579668577025767, 0.12723892329157654, 0.09669403944175496, 0.12594492336379623, 0.1839469815499034, 0.18356651591488737, 0.12301044520979595, 0.001477641685316155, 0.002635609452537525, 0.003373904071541612, 0.002307728090045718, 0.002714723409042627, 0.0054147064797263325, 0.0038306804892590533, 0.003643027654200987, 0.0032243253806363823, 0.0005011522897244627, 0.051906978192640035, 0.05502283791187727, 0.05579418948242649, 0.053430514666251275, 0.05404979635303008, 0.061346005572278005, 0.06057439674787122, 0.05742089378982201, 0.057556760886957305, 0.0539320541886793], "cost": 0.011232155159102641, "fun": [0.03757421208283006, 0.02667993716711968, 0.02846254063134977, 0.04470361527578332, 0.030093343363606875, 0.03230859471800393, 0.032793618171328594, 0.03839809358407065, 0.02315512640253588, 0.04545750344874422, 0.03277225642344664, 0.02691213823995053, 0.026031566240316134, 0.011766203418700804, 0.026615441162753793, 0.04606138447081936, 0.0380099096073035, 0.02834298379646495, 0.046093820459761466, 0.02476257820102219, 0.0, 0.0, 0.0, 0.0, 0.0, 0.0, 0.0, 0.0, 0.0, 0.0, 0.0, 0.0, 0.0, 0.0, 0.0, 0.0, 0.0, 0.0, 0.0, 0.0, 0.0, 0.0, 0.0, 0.0, 0.0, 0.0, 0.0, 0.0, 0.0, 0.0, 0.0, 0.0, 0.0, 0.0, 0.0, 0.0, 0.0, 0.0, 0.0, 0.0, 0.0, 0.0, 0.0, 0.0, 0.0, 0.0, 0.0, 0.0, 0.0, 0.0], "grad": [-135.15389437991465, 134.96874130717538, 135.79199387546493, 135.35063830057265, 135.61729155660782, 0.029129630500636786, -0.3189627250751905, 0.12761914663271925, 135.65540635419296, -135.47332458256295, -135.44649185696846, 135.638028599049, 0.23665474260757807, 135.7021629561931, -135.92004197256247, 135.79475878820105, 135.5294302834962, -135.4781823598362, 135.67102754617582, -135.83639199010426, 134.8519211258427, -134.93482782831612, 135.52962074137946, -135.5603476721321, 135.00869399895817, 135.6844921077393, 135.5026583041666, -135.27549101620733, -135.0881233388424, -135.45797539380052], "optimality": 135.92004197256247, "nfev": 569, "njev": null, "status": 3, "message": "`xtol` termination condition is satisfied.", "success": true, "res_time": 286.6150639999996, "tension_error": [-0.008728844776202588, 0.027361039829896402, -0.017111704030079545, 0.08089723441176881, 0.010996823187027233, -0.02409528135971143, 0.030626344453216877, -0.04273987011784824, -0.036968340990785144, 0.07514134023681525, -0.022415301780948842, -0.03998126328082691, -0.05118093154457547, -0.03500741897091221, -0.041181394021431526, -0.0821391823230516, -0.058110068257016353, -0.05526344111480954, -0.04891187570379995, -0.007602302996740263, 0.04851084834136015, 0.0012443583608330532, -0.010456772166876812, 0.02539933885320456, 0.016005054680995424, -0.09467585878510716, -0.08297082580735879, -0.03513330120702656, -0.03719435701957802, 0.017791161673300616], "git_revision": "018ef57f2e70e762a509d3bbb7a77c8182022b6e", "linregress": [-0.023902222339447717, 0.04043705715580968, -0.05995001034647667, 0.7529967555326431, 0.07521217884136314]}