{"x": [0.0790642459850596, 0.14176316412750442, 0.21012356785190492, 0.21075045290579592, 0.13271957599510553, 0.10635843499108912, 0.11419760804754062, 0.18903308973242022, 0.20696520863088697, 0.12253790302819156, 0.002642069922491856, -0.0037957188550168048, 0.0006546232106301221, -0.00019740059310011945, -0.00039451343554210936, 0.010316429199058582, -0.00010581991748293679, 0.009126050304603343, 0.014296194179458361, 0.005091145308502129, 0.03347236680767143, 0.04225883773114743, 0.06989771097040337, 0.07266074287891462, 0.06537733402641774, 0.07071815413810544, 0.06028278891144472, 0.0492918314231382, 0.06909988682877555, 0.06506912603559946], "cost": 0.13968912790439736, "fun": [0.06337109779510089, 0.13435440940255144, 0.11070257029890204, 0.09520002631732892, 0.13830345412920036, 0.06315621565301165, 0.1298941573028692, 0.16213600332613942, 0.08666971030997059, 0.08593714652708939, 0.08826920972555341, 0.17483706626749437, 0.1420096452063227, 0.04947452548441024, 0.10895414641845816, 0.1677360803672221, 0.16968284959740268, 0.03854713915550954, 0.107463245074938, 0.10960093350562844, 0.0, 0.0, 0.0, 0.0, 0.0, 0.0, 0.0, 0.0, 0.0, 0.0, 0.0, 0.0, 0.0, 0.0, 0.0, 0.0, 0.0, 0.0, 0.0, 0.0, 0.0, 0.0, 0.0, 0.0, 0.0, 0.0, 0.0, 0.0, 0.0, 0.0, 0.0, 5.4686749662369275e-05, 0.0, 7.692107757778347e-09, 6.140240676897259e-08, 0.0, 1.1849560853235278e-09, 0.0, 0.0, 0.0, 0.0, 0.0, 0.0, 0.0, 0.0, 0.0, 0.0, 0.0, 0.0, 0.0], "grad": [-3.491044759888124, -1.7673044756686898, -3.019041831285144, -1.6712511376251775, -2.6002635512307033, -1.8527314808842466, -4.040035467587345, -0.8055887079960662, -0.5236549931754968, -4.6372613276776615, 3.2575323078164264, -3.239277008019482, 0.41401999595794003, -2.896332144697518, 3.379682020716829, 4.480679749987985, -1.2572885612688232, 2.3217680075298883, 1.4582752565152735, 0.601618644960818, -1553.6135566489788, -1551.5982275058764, 10.01585312472564, 5.6160629559027875, 7.269243355419329, -1554.876473798892, -1556.5171365505216, 6.118835867030427, 2.8909432268721993, 7.496866943649648], "optimality": 1556.5171365505216, "nfev": 505, "njev": null, "status": 3, "message": "`xtol` termination condition is satisfied.", "success": true, "res_time": 480.04061900000033, "tension_error": [0.24334245039531288, -0.2093307736260299, -0.43982942666272445, -0.4493390512250056, -0.07214274002845583, -0.17070074391637574, 0.20882896322509623, -0.1198943324848698, -0.3919182342706307, 0.08230963801167401, -0.04007926632521321, 0.057579712630153074, -0.009930402590089545, 0.0029944971842958937, 0.005984629292874355, -0.15649658242364306, 0.0016052507237623204, -0.13843895558620212, -0.21686820968578693, -0.07723087378678017, 0.3281573834349981, 0.19486972696427052, -0.2244022052638448, -0.26631642213734846, -0.15582968570785943, -0.2368480379585448, -0.0785472380592973, 0.08818169995740331, -0.21229949519520744, -0.1511542794885137], "git_revision": "018ef57f2e70e762a509d3bbb7a77c8182022b6e", "linregress": [1.2319284909550408, 0.08650493061367308, 0.6306376553792692, 0.0001871754050894808, 0.2865046186050269]}