{"x": [0.09644049309579926, 0.12911196940707884, 0.18328628379133188, 0.18368019637095823, 0.12934706651888475, 0.09576731460897372, 0.12866584593471345, 0.18232348379953936, 0.18226858927308953, 0.12905360597045787, 5.841494669231595e-05, -1.8143743712569782e-07, -2.634627971909455e-07, -2.282846042429516e-07, 2.3713344788249622e-05, 0.00020448041348385845, -3.4393852672545506e-09, -1.6719661798883116e-07, 0.00014595950930633742, 9.06096437824369e-05, 0.05544680759875033, 0.05498095567413447, 0.055238203559042354, 0.05563874385402302, 0.05587614157770582, 0.05527790946885742, 0.055052739933799895, 0.055349535031364756, 0.0555961011695773, 0.05579807388016315], "cost": 2.667461154598135e-34, "fun": [0.0, 0.0, 0.0, 0.0, 0.0, 0.0, 0.0, 0.0, 0.0, 0.0, 0.0, 0.0, 0.0, 0.0, 0.0, 0.0, 0.0, 0.0, 0.0, 0.0, 0.0, 0.0, 0.0, 0.0, 0.0, 0.0, 0.0, 0.0, 0.0, 0.0, 0.0, 0.0, 0.0, 0.0, 0.0, 0.0, 0.0, 0.0, 0.0, 0.0, 0.0, 0.0, 0.0, 0.0, 0.0, 0.0, 0.0, 0.0, 0.0, 0.0, 0.0, 5.9728376204518385e-18, 1.8287649744822327e-17, 1.1896792027658983e-17, 0.0, 0.0, 4.068576439540836e-23, 4.673932812847918e-18, 0.0, 0.0, 0.0, 0.0, 0.0, 0.0, 0.0, 0.0, 0.0, 0.0, 0.0, 0.0], "grad": [0.0, 0.0, 0.0, 0.0, 0.0, 0.0, 0.0, 0.0, 0.0, 0.0, 0.0, -1.1964887476912726e-25, -3.809861270434877e-25, -2.4372919707839953e-25, 0.0, 0.0, -7.472153263633137e-31, -9.298910648156092e-26, 0.0, 0.0, 0.0, 0.0, 0.0, 0.0, 0.0, 0.0, 0.0, 0.0, 0.0, 0.0], "optimality": 3.809861270434877e-25, "nfev": 1374, "njev": null, "status": 3, "message": "`xtol` termination condition is satisfied.", "success": true, "res_time": 330.68825599999946, "tension_error": [-0.020249072961199772, -0.017416623960435158, -0.03271731878382265, -0.038692833304954564, -0.0209829640016824, -0.010037193393516679, -0.01064908866144594, -0.01811198341382939, -0.017279252861678043, -0.016531271267808356, -0.0008861340821920206, 2.7523417537210864e-06, 3.996637456681122e-06, 3.4629967108402138e-06, -0.000359723053935486, -0.0031018955556557735, 5.217425812534856e-08, 2.536313563847383e-06, -0.002214154135886298, -0.0013745162510172674, -0.0051871118471832865, 0.0018796970952472398, -0.0020226623400764134, -0.008098716959164264, -0.011699956468945416, -0.002624986949510657, 0.0007907552634673303, -0.0037115214015274764, -0.007451842517207667, -0.010515697106779149], "git_revision": "018ef57f2e70e762a509d3bbb7a77c8182022b6e", "linregress": [0.14064948341755354, -0.0004517782938078668, 0.8784807285367431, 1.7574796452591303e-10, 0.014456156380918695]}