{"x": [0.09593343668255332, 0.12921546031746697, 0.18388636855983195, 0.18393106446579854, 0.12976827768899213, 0.09608290464180529, 0.12944373096406475, 0.18258701907847494, 0.18260249388034389, 0.12755181327681184, -0.0003480188571199739, -0.0004495625875195574, -0.0004446676321542908, -0.0005139554384727096, -0.00042622988490539747, -0.0003513511194877855, -0.0004238969051635163, -0.0003902749834557142, -0.00037781713217550754, -0.00037035758711286503, 0.055676976828238585, 0.05595573536028083, 0.05637725827354645, 0.055347999431573876, 0.05601507208654551, 0.056208981471193076, 0.05605129715222049, 0.055298555702850215, 0.05561574082863098, 0.05500466092780561], "cost": 2.944796400067939e-14, "fun": [0.0, 0.0, 0.0, 0.0, 0.0, 0.0, 0.0, 0.0, 0.0, 0.0, 0.0, 0.0, 0.0, 0.0, 0.0, 0.0, 0.0, 0.0, 0.0, 0.0, 0.0, 0.0, 0.0, 0.0, 0.0, 0.0, 0.0, 0.0, 0.0, 0.0, 0.0, 0.0, 0.0, 0.0, 0.0, 0.0, 0.0, 0.0, 0.0, 0.0, 0.0, 0.0, 0.0, 0.0, 0.0, 0.0, 0.0, 0.0, 0.0, 0.0, 4.2151043389215645e-08, 9.085953012950649e-08, 8.792382101063797e-08, 1.3576142813011467e-07, 7.743399932997959e-08, 4.337345567832584e-08, 7.61694355864428e-08, 5.944456344223957e-08, 5.3931803256867595e-08, 5.080000300706086e-08, 0.0, 0.0, 0.0, 0.0, 0.0, 0.0, 0.0, 0.0, 0.0, 0.0], "grad": [0.0, 0.0, 0.0, 0.0, 0.0, 0.0, 0.0, 0.0, 0.0, 0.0, -1.5317185178654668e-11, -5.509324204172687e-11, -5.215857159634431e-11, -1.0758920039173444e-10, -4.220558817437551e-11, -1.6064638654983028e-11, -4.106312759931567e-11, -2.7164997803493086e-11, -2.309759043608076e-11, -2.0905770730159047e-11, 0.0, 0.0, 0.0, 0.0, 0.0, 0.0, 0.0, 0.0, 0.0, 0.0], "optimality": 1.0758920039173444e-10, "nfev": 847, "njev": null, "status": 3, "message": "`xtol` termination condition is satisfied.", "success": true, "res_time": 284.1147770000025, "tension_error": [-0.012557206498701118, -0.018986544470250027, -0.04182039249495845, -0.04249841358124073, -0.027372588485945194, -0.014824582579458226, -0.02244932944854924, -0.022109720392942574, -0.022344467664449492, 0.006250392768217609, 0.005279322981563049, 0.00681970545959457, 0.006745450717861801, 0.007796522235267585, 0.00646575661282146, 0.005329872223189117, 0.006430366135222747, 0.005920333473701987, 0.00573135227564634, 0.005618193615201577, -0.008678697656474981, -0.012907366001334488, -0.019301719519056147, -0.0036882268957826787, -0.01380748315364113, -0.01674901994041852, -0.014357004588511614, -0.0029381830173987934, -0.007749769199256451, 0.0015200967806968109], "git_revision": "018ef57f2e70e762a509d3bbb7a77c8182022b6e", "linregress": [0.13147361846271916, 0.004501381846816751, 0.795100189427457, 1.5304271559451395e-07, 0.018951904886213736]}