{"x": [0.09520165738537674, 0.12153273798653377, 0.16363270476240785, 0.16578988658392735, 0.1253279968835745, 0.08530859662563775, 0.1368714590240159, 0.1829703440769443, 0.18954041919713807, 0.12449990143183146, -2.011318940428683e-05, 0.0006508383280066288, 0.0001772160371889401, 0.0008166503930024783, 0.0050096916600356894, 0.0043404836675192205, 0.004988501323431945, -0.0012348935574252973, 0.0008538243093155546, -0.0019392096115693651, 0.053415780101335394, 0.05190255914251321, 0.04659413085612085, 0.04284464771444591, 0.05211370319362941, 0.0516069769930998, 0.05834585091899811, 0.06416374352148584, 0.05887411156892904, 0.057478836189862687], "cost": 0.04392722986580071, "fun": [0.057831232302119034, 0.06730121923564104, 0.0139263428479792, 0.11232612036493028, 0.06627471899991685, 0.03558939089523366, 0.07925643730343669, 0.11008583142627526, 0.0492079863416004, 0.08708318925790727, 0.10081338758433873, 0.06217397886510193, 0.049774306976489976, 0.07955079586086108, 0.006871862267652797, 0.0463657538625458, 0.07867269976700447, 0.02186377831857139, 0.02086213694823318, 0.031156433878224726, 0.0, 0.0, 0.0, 0.0, 0.0, 0.0, 0.0, 0.0, 0.0, 0.0, 0.0, 0.0, 0.0, 0.0, 0.0, 0.0, 0.0, 0.0, 0.0, 0.0, 0.0, 0.0, 0.0, 0.0, 0.0, 0.0, 0.0, 0.0, 0.0, 0.0, 8.136597445783441e-12, 0.0, 0.0, 0.0, 0.0, 0.0, 0.0, 1.8831658703485215e-06, 0.0, 7.292463517648352e-06, 0.0, 0.0, 0.0, 0.0, 0.0, 0.0, 0.0, 0.0, 0.0, 0.0], "grad": [185.5717121657015, 185.98500052901812, 186.395403365925, 185.81261946442203, 186.66731291042788, 185.25264012639457, 187.64360322675304, 186.2173404358, 186.6237466320972, 185.25271346076494, -186.55232257721465, -185.33582346865535, 187.44692794209521, 186.90094967702882, -186.30976810127592, -187.3091558595594, -187.23961831789313, -0.6201365038061242, -186.47358910055516, -187.0120764515513, -183.0858927802232, -181.50120051724406, -185.74423564450615, -185.48637824295136, -185.03711481801892, -184.07794312206784, -182.44061339533346, -185.68888400498895, -184.84751245410044, -185.01428668834365], "optimality": 187.64360322675304, "nfev": 1504, "njev": null, "status": 2, "message": "`ftol` termination condition is satisfied.", "success": true, "res_time": 814.3791820000006, "tension_error": [-0.001456373362855988, 0.09755763620522705, 0.26542052436642793, 0.23269683904660646, 0.039984900974901726, 0.14861785956551848, -0.1351253372149406, -0.027924625052345095, -0.1275903410416294, 0.05254681611218328, 0.00030510996999790917, -0.009872987259259244, -0.0026883046096280267, -0.012388297643866484, -0.07599525074658155, -0.06584360217335515, -0.0756738008345136, 0.018732898531564516, -0.012952212807344739, 0.029417123983304202, 0.025622856991926922, 0.04857788376893522, 0.1291048634856389, 0.1859831966961977, 0.045374903187070395, 0.053061760439445806, -0.049164573734700553, -0.13741994694854556, -0.057178100968583695, -0.03601226692363492], "git_revision": "018ef57f2e70e762a509d3bbb7a77c8182022b6e", "linregress": [0.6229670424016386, 0.032276357810024615, 0.5703088369852248, 0.0010002165437879864, 0.16956909523497657]}