{"x": [0.08448375316423885, 0.11481328892118489, 0.16352373837491319, 0.16217833782256985, 0.11650338895027006, 0.08844095770097696, 0.11877630659599411, 0.1771400959019239, 0.1751288956501716, 0.12168232830110731, 0.003279757535805103, 0.002377337020296659, 0.0024636781270974215, 0.0007095513691154103, 0.00267505516598759, 9.146728549078201e-05, -0.0020261742835241585, -0.0003141531925309724, -0.0014275135845474192, 0.0011205546179913646, 0.06375014679795636, 0.059788269474035524, 0.05485174568463288, 0.05044730773995054, 0.05472837298916548, 0.061634099220320857, 0.06178944202368666, 0.05950460468819062, 0.05896267463086548, 0.06164006649183504], "cost": 0.02482803080493273, "fun": [0.029041412268263764, 0.03476564786465117, 0.029250043693687545, 0.054421363710192266, 0.07207579222610923, 0.07101663655310521, 0.0378705381881442, 0.03204759618434066, 0.08186222477216176, 0.05554068972335979, 0.07345774715123292, 0.007990870646722653, 0.002647122181361384, 0.03979601903313579, 0.006949702959223491, 0.10299053563119509, 0.04077645884799737, 0.043878149577693044, 0.002278609220246473, 0.001370995980545961, 0.0, 0.0, 0.0, 0.0, 0.0, 0.0, 0.0, 0.0, 0.0, 0.0, 0.0, 0.0, 0.0, 0.0, 0.0, 0.0, 0.0, 0.0, 0.0, 0.0, 0.0, 0.0, 0.0, 0.0, 0.0, 0.0, 0.0, 0.0, 0.0, 0.0, 0.0, 0.0, 0.0, 0.0, 0.0, 0.0, 8.318219892819432e-06, 3.100447862275674e-08, 2.9089800936545156e-06, 0.0, 0.0, 0.0, 0.0, 0.0, 0.0, 0.0, 0.0, 0.0, 0.0, 0.0], "grad": [279.114424220202, 278.9290794228249, 278.61545483030443, 278.6862430120876, 279.7652107437933, -279.2398808792475, -279.29019171929724, -278.7465809054791, 279.0662480066171, -278.4245599864766, -278.64652540638417, -279.29279532788735, -278.39772192179834, -278.74875291657713, -278.6154818332299, 278.72824846081045, 278.5113163548162, -279.04208237009766, 277.8389487372635, 278.49252803819326, -279.7809336359577, -279.7071962737974, -278.9235030417917, 278.84022610764305, -278.48099124845487, 280.4670408957767, 279.56721748034863, 279.52784448549187, -279.21856990376693, 279.3961882356203], "optimality": 280.4670408957767, "nfev": 819, "njev": null, "status": 3, "message": "`xtol` termination condition is satisfied.", "success": true, "res_time": 451.3530319999991, "tension_error": [0.161130443159384, 0.19948930211466814, 0.26707350592748214, 0.2874827564898596, 0.17385108239712632, 0.10110104984882247, 0.13937172555545216, 0.06051817782712755, 0.09102737436167344, 0.09528840403751414, -0.04975276189347821, -0.036063361824805115, -0.0373731258794285, -0.010763643328324463, -0.04057964080342561, -0.0013875263724178225, 0.030736347300783118, 0.004765592826737021, 0.021654876220677365, -0.01699841725765753, -0.1311458309259313, -0.07104555308639365, 0.0038397669393594714, 0.07065353287909955, 0.0057112870974004104, -0.09904613753822267, -0.10140263292647912, -0.06674245860650196, -0.05852157129679477, -0.0991366589366973], "git_revision": "018ef57f2e70e762a509d3bbb7a77c8182022b6e", "linregress": [0.8934889460638408, 0.025555364002947112, 0.7559488146080625, 1.3602015827814242e-06, 0.14622248648177044]}