{"x": [0.09217123732650348, 0.12174614353286199, 0.1677016046123406, 0.17733373473279865, 0.12269467657343244, 0.09484739399491644, 0.12579480258728426, 0.17083250752564094, 0.19413614379563587, 0.12351599547551982, 0.0005801089119155709, 0.00047865042964901093, 0.00010936937411167669, 0.0025451294047651694, 0.004193124550187381, 0.006476857496050612, 0.0013825088164333877, -0.0018369892888282615, 0.0029901331879842847, 9.939401005646303e-05, 0.05840548808413711, 0.057600586633576596, 0.052655877317253644, 0.05313503300913932, 0.058274008964803614, 0.06709977412947037, 0.06913628568202895, 0.056499161135366134, 0.058005391268214815, 0.0636058429238697], "cost": 0.020943192916362173, "fun": [0.03300347463236843, 0.016061815458949726, 0.04426141865407552, 0.05213051834479743, 0.036160899988569736, 0.0358759334627606, 0.040162815685485236, 0.037592891110783296, 0.08450712629449908, 0.06720931963706528, 0.025533657542546596, 0.0360939331605845, 0.03312989988048607, 0.026595155878757853, 0.026770734115980844, 0.05286407016036407, 0.06580226715822093, 0.023633374150043164, 0.046045085087271106, 0.06560071556607683, 0.0, 0.0, 0.0, 0.0, 0.0, 0.0, 0.0, 0.0, 0.0, 0.0, 0.0, 0.0, 0.0, 0.0, 0.0, 0.0, 0.0, 0.0, 0.0, 0.0, 0.0, 0.0, 0.0, 0.0, 0.0, 0.0, 0.0, 0.0, 0.0, 0.0, 0.0, 0.0, 0.0, 0.0, 0.0, 0.0, 0.0, 6.1989748168679635e-06, 0.0, 0.0, 0.0, 0.0, 0.0, 0.0, 0.0, 0.0, 0.0, 0.0, 0.0, 0.0], "grad": [-1818.9057943536197, 1819.0310784917021, -1819.7581932807068, -1817.9570963492097, 1820.2276765905171, -1818.128989306591, -1817.7006291953853, 1818.6439002053753, 1818.5468992316353, -1820.5588635760068, -0.016271115779234485, -1817.2001978588855, 1818.2093981722094, -1817.5109589770727, 1819.1521723246665, 1817.133895125902, 1817.9236873183834, -1818.0016159542035, -1817.5743364064954, 1818.2090804802901, 1820.996944190683, -1818.0668667543534, 1817.813168410251, 1821.4941548982192, 1815.7247204279065, -1818.6025297032268, 1818.4673036254537, -1818.0059303152186, -1818.9970365480444, -1817.0466341364918], "optimality": 1821.4941548982192, "nfev": 598, "njev": null, "status": 3, "message": "`xtol` termination condition is satisfied.", "success": true, "res_time": 359.17880199999854, "tension_error": [0.04451402718668664, 0.09432034954080015, 0.20369675265706, 0.05758074524539916, 0.07993143877517125, 0.0039176769810273645, 0.0329036235409317, 0.15620206274279744, -0.19730585786898344, 0.06747232149955977, -0.008800047031444713, -0.007260957737442156, -0.0016590947255133747, -0.03860871295544944, -0.06360821647870976, -0.09825163759853757, -0.020972169804851122, 0.02786647783873663, -0.04535926296608086, -0.0015077719807001745, -0.05006924843847691, -0.03785917809630382, 0.03715031347792284, 0.02988169109104239, -0.048074756697318984, -0.18195849291004154, -0.2128516529261806, -0.021150942820485213, -0.043999921239863, -0.12895679219079267], "git_revision": "018ef57f2e70e762a509d3bbb7a77c8182022b6e", "linregress": [0.5227587139301761, 0.03366223589661473, 0.5192333842924987, 0.003279355317601401, 0.16260693221059444]}