{"x": [0.08680024946408336, 0.09653815102420793, 0.28414335861597007, 0.19073331746651975, 0.11602530427263498, 0.08268084426862551, 0.14184989796872596, 0.218342900935597, 0.20716473324333934, 0.13379881842967029, -0.0036585601866795416, 0.0005559619438180879, 0.03922490181715874, -0.0023118185491476442, -0.0019057817430014477, 0.004005459469948622, 0.002034009669988864, 0.00930380769721909, -0.0019226478019876276, 0.0006782880697594557, 0.04521144593050051, 0.023431889716529885, 0.07913109612499461, 0.10987232390369588, 0.05894009554052469, 0.043536279707119784, 0.057935513554474315, 0.07938103596182981, 0.07872526371199284, 0.06804089791084775], "cost": 0.37020027699920277, "fun": [0.1262499604160831, 0.19133250629057227, 0.3312191098110906, 0.2160972172498427, 0.19803694755314002, 0.18822120709006884, 0.17603387419007646, 0.08125439226965568, 0.10173273023396479, 0.10732900183602329, 0.14264889177421106, 0.2041254007824632, 0.26189273272855684, 0.3145016932533793, 0.11478674872705555, 0.2345242110263272, 0.167881959418902, 0.1743930103277606, 0.15157332693312067, 0.1344611103825426, 0.0, 0.0, 0.0, 0.0, 0.0, 0.0, 0.0, 0.0, 0.0, 0.0, 0.0, 0.0, 0.0, 0.0, 0.0, 0.0, 0.0, 0.0, 0.0, 0.0, 0.0, 0.0, 0.0, 0.0, 0.0, 0.0, 0.0, 0.0, 0.0, 0.0, 4.8970057269293705e-05, 0.0, 0.0, 1.2355525804682942e-05, 6.921807012728144e-06, 0.0, 0.0, 0.0, 7.107210972831834e-06, 0.0, 0.0, 0.0, 0.0, 0.0, 0.0, 0.0, 0.0, 0.0, 0.0, 0.0], "grad": [323.4349578466896, -772.8199574994167, -775.8213724126606, -781.0056909485061, 310.7936001925316, 315.39351080250776, 330.9859101681859, -769.1589396623364, -771.3835441672559, -780.5509334111671, 780.6638820977186, 786.6318332140626, 777.9818927533187, -779.9087677535429, 764.992322737209, -334.41214972165403, 783.2063006958607, 780.1714787782122, -779.4676129995025, 780.3549631494393, -282.9660507137775, -294.09858533558867, 770.9215558046276, -314.3183308163959, -288.2506183315236, -241.74733231095294, -249.86407489358209, -311.71527515637933, -328.1225288751266, -314.6073341879316], "optimality": 786.6318332140626, "nfev": 135, "njev": null, "status": 3, "message": "`xtol` termination condition is satisfied.", "success": true, "res_time": 240.59767499999907, "tension_error": [0.12599001354680422, 0.47671668079514073, -1.5626834745872145, -0.14568618590569798, 0.18110345787660193, 0.1884799334859807, -0.21064649532292137, -0.5645138026788729, -0.39494495207731595, -0.08851446607406945, 0.055499064139247094, -0.008433746065264121, -0.5950278882201275, 0.03506946978884964, 0.028910035039286328, -0.060761403581442504, -0.03085520734237646, -0.14113547236619814, 0.029165887189227274, -0.010289390133726796, 0.150079704804573, 0.48046786997523644, -0.36446939256413585, -0.8308029459716, -0.05817905448168494, 0.17549138397109393, -0.04293990103549191, -0.36826089149477376, -0.3583130583862875, -0.1962350078340829], "git_revision": "018ef57f2e70e762a509d3bbb7a77c8182022b6e", "linregress": [2.417596792171543, 0.10595153185435147, 0.4738008250096672, 0.008172899304437193, 0.8491873607546665]}