{"x": [0.09119953388706657, 0.1232983336158736, 0.17594135348058118, 0.1762239164105422, 0.12352490233293063, 0.09107699207748701, 0.12196845263052934, 0.17386552243934275, 0.17413996325406536, 0.12242134095073262, 0.003653616902812755, 0.0021910944298907495, 0.001917614580224424, 0.001847153817596849, 0.002376072085284202, 0.0032445979436873202, 0.002755332745469242, 0.002609147892530121, 0.0027656278304984514, 0.0028055291772609557, 0.054072787878537996, 0.05409546412359605, 0.05441399481999613, 0.053496499690690556, 0.05483669843791394, 0.054535078490725225, 0.05410053657693893, 0.054200095267012596, 0.05295888620352142, 0.05425913547646115], "cost": 0.0, "fun": [0.0, 0.0, 0.0, 0.0, 0.0, 0.0, 0.0, 0.0, 0.0, 0.0, 0.0, 0.0, 0.0, 0.0, 0.0, 0.0, 0.0, 0.0, 0.0, 0.0, 0.0, 0.0, 0.0, 0.0, 0.0, 0.0, 0.0, 0.0, 0.0, 0.0, 0.0, 0.0, 0.0, 0.0, 0.0, 0.0, 0.0, 0.0, 0.0, 0.0, 0.0, 0.0, 0.0, 0.0, 0.0, 0.0, 0.0, 0.0, 0.0, 0.0, 0.0, 0.0, 0.0, 0.0, 0.0, 0.0, 0.0, 0.0, 0.0, 0.0, 0.0, 0.0, 0.0, 0.0, 0.0, 0.0, 0.0, 0.0, 0.0, 0.0], "grad": [0.0, 0.0, 0.0, 0.0, 0.0, 0.0, 0.0, 0.0, 0.0, 0.0, 0.0, 0.0, 0.0, 0.0, 0.0, 0.0, 0.0, 0.0, 0.0, 0.0, 0.0, 0.0, 0.0, 0.0, 0.0, 0.0, 0.0, 0.0, 0.0, 0.0], "optimality": 0.0, "nfev": 687, "njev": null, "status": 1, "message": "`gtol` termination condition is satisfied.", "success": true, "res_time": 335.54258299999856, "tension_error": [0.059254424708636615, 0.07077417493172572, 0.07870267640959216, 0.07441629669377492, 0.06733720762265225, 0.06111334062161162, 0.09094799915140389, 0.11019229916320653, 0.1060291290630746, 0.08407784350318159, -0.05542407627123821, -0.03323812759522198, -0.029089534995137334, -0.02802067014535139, -0.03604417320802523, -0.0492194033156532, -0.04179742329305558, -0.03957985077395537, -0.04195359609197123, -0.04255888541077957, 0.01565628137026277, 0.01531229075245184, 0.01048029274017609, 0.024398369368837776, 0.004068028350450679, 0.008643496277874698, 0.015235343429172932, 0.013725073310852829, 0.03255377583588402, 0.012829454213780208], "git_revision": "018ef57f2e70e762a509d3bbb7a77c8182022b6e", "linregress": [0.3281029669532828, 0.023460204554364768, 0.6949822935861509, 2.0276531461253048e-05, 0.06415086406408518]}