{"x": [0.08899070542821039, 0.11204847989355855, 0.1660601847971585, 0.16801026872487404, 0.1178232108838764, 0.07904115348001242, 0.12751812126122766, 0.17467656619401972, 0.18990565329439413, 0.12273559014078865, 0.015752932041751395, 0.01915379778278198, 0.011363891078894092, -0.00937664763432724, 0.0037588807718338707, -0.001683580534269206, -0.0054439379157461215, -0.0025729465501715273, -7.249998675506635e-06, 0.00314279751509627, 0.06807106459137835, 0.07031793068891246, 0.05534336148816955, 0.057970729735171825, 0.051577483298964895, 0.05703967663484687, 0.027676755680317622, 0.0472487423643236, 0.05640822262108287, 0.060503081895453156], "cost": 1.17144012935655, "fun": [0.1738164091433649, 0.08326637191070548, 0.14415324534369667, 0.28406855350821403, 0.41412010450754694, 0.4985151839469499, 0.5913684203553026, 0.26960767255903084, 0.18422359834683905, 0.16085208407812898, 0.07738507516042226, 0.1901676733632315, 0.28356474864048914, 0.3533931302770329, 0.531509998840467, 0.588263283581454, 0.5277246782816718, 0.29556578766587394, 0.18812479107762342, 0.15742202398692115, 0.0, 0.0, 0.0, 0.0, 0.0, 0.0, 0.0, 0.0, 0.0, 0.0, 0.0, 0.0, 0.0, 0.0, 0.0, 0.0, 0.0, 0.0, 0.0, 0.0, 0.0, 0.0, 0.0, 0.0, 0.0, 0.0, 0.0, 0.0, 0.0, 0.0, 0.0, 0.0, 0.0, 0.0008244091205627564, 0.0, 4.772013759604769e-06, 0.00016133904844852374, 1.7033044972703686e-05, 3.810779161439907e-13, 0.0, 0.0, 0.0, 0.0, 0.0, 0.0, 0.0, 0.0, 0.0, 0.0, 0.0], "grad": [387.8312690246831, -428.0745192378411, 2189.9082194831644, -150.7340218580283, 2235.1500443228606, 206.186257622531, 263.6432041302195, 351.981119963483, 587.1173846372853, 2196.8214827712213, 663.4679419596346, -622.9521196856253, -91.47950443551697, 198.53795111933113, -2438.313447469942, -165.0760676006055, 83.63990125951513, 203.93895928155058, 503.5422651979409, -237.45576952254424, 2047.6363509286061, 1372.1836957483933, -600.8428704110316, -349.9160779970747, 1221.9282560709557, -920.6209934357338, 1271.651855225904, 197.70609603706404, 312.19729569798517, 135.01447736630496], "optimality": 2438.313447469942, "nfev": 227, "njev": null, "status": 3, "message": "`xtol` termination condition is satisfied.", "success": true, "res_time": 889.1807929999995, "tension_error": [0.0927615712514171, 0.24143047725664868, 0.2285965107460203, 0.19901442723260807, 0.15382985043481076, 0.2436927555299435, 0.00676148872905342, 0.09788905223988464, -0.13313081312768543, 0.07931079442794012, -0.238966407864357, -0.2905563383997698, -0.17238620869357962, 0.14224042845143145, -0.05702089193648776, 0.025539321286879472, 0.08258261286943192, 0.03903068921340445, 0.00010997991586044754, -0.047675126816841454, -0.1966926257089321, -0.23077678977799998, -0.003617870934602046, -0.04347411804205817, 0.053509169348681815, -0.0293503717879677, 0.41607475455116644, 0.11917463841723389, -0.019771437720279252, -0.08188900471751002], "git_revision": "018ef57f2e70e762a509d3bbb7a77c8182022b6e", "linregress": [0.2646562891141984, 0.10811544659103714, 0.16360347700637765, 0.38766553966263373, 0.30159163260234806]}