{"x": [0.10054896281746081, 0.13478106474090584, 0.17678034950043245, 0.20425743252804285, 0.13034055348874424, 0.08694472592371749, 0.14396116173788645, 0.17183347180320602, 0.1792607542706222, 0.11775578264212254, 0.0017527821734670363, 0.002960405257205289, -0.0020359347490413733, 0.0014547000049570425, -0.002193395145898796, -0.0004272917193459438, -0.001893299346029219, 0.0011236029791801285, 0.0016294882472981513, 0.0023718377659648297, 0.05428201763722788, 0.06440385378660954, 0.05629709472315953, 0.06032502589436078, 0.06536809943243624, 0.04623740025558119, 0.05555173579792639, 0.06089666146744697, 0.0500200410602008, 0.04928370306595836], "cost": 0.12388814433257436, "fun": [0.08226449644684736, 0.0814329679698219, 0.09540552597863879, 0.13559209029525035, 0.0472472942711628, 0.07160872389574183, 0.1199149367757658, 0.20111887859145966, 0.07830770046646424, 0.13713475806777203, 0.077998485307718, 0.11350421897610737, 0.02071817690027762, 0.12069371093876236, 0.09684737851831449, 0.0859213335298169, 0.06677463260142054, 0.20353538646304484, 0.07459904137473422, 0.13261951432244795, 0.0, 0.0, 0.0, 0.0, 0.0, 0.0, 0.0, 0.0, 0.0, 0.0, 0.0, 0.0, 0.0, 0.0, 0.0, 0.0, 0.0, 0.0, 0.0, 0.0, 0.0, 0.0, 0.0, 0.0, 0.0, 0.0, 0.0, 0.0, 0.0, 0.0, 0.0, 0.0, 8.439011228392304e-06, 0.0, 1.0552385149364526e-05, 7.801415872803161e-08, 6.786687539598089e-06, 0.0, 0.0, 0.0, 0.0, 0.0, 0.0, 0.0, 0.0, 0.0, 0.0, 0.0, 0.0, 0.0], "grad": [-0.3295426139029378, 2.115660859780557, -0.9673286829693786, 0.2897714602222954, 2.6314705639712184, 1.5278289842674333, 1.291493081846137, -0.18298272944449456, 2.873931983251366, -1.2441576122918785, -2.978320437072578, -1.2532893951958064, 3.821231398157949, -0.8385517522461892, -3.2379127268858268, 1.8501665857279053, -3.1741212904067626, 3.4949392937716395, -3.0911666020181436, 2.8066812117543742, 2.0772212921133253, 1.06041329055968, -0.42878707385342096, -1.9925663428038938, 0.8613563295725797, -2.7332650015389, 3.9381257514135477, -2.2611385265657287, -1.9679027074661963, -4.95585443953408], "optimality": 4.95585443953408, "nfev": 227, "njev": null, "status": 3, "message": "`xtol` termination condition is satisfied.", "success": true, "res_time": 214.6401369999985, "tension_error": [-0.08257310563034484, -0.10341479523259477, 0.06597540350922233, -0.35084222842723434, -0.03605380997614209, 0.12379835674994748, -0.24267362002791393, 0.14101778865488146, 0.028348540369656314, 0.15485271301542902, -0.026589085679539944, -0.04490830076979457, 0.03088441011077626, -0.0220672846034952, 0.03327302864338887, 0.0064818642657543555, 0.028720681491763576, -0.017044659818802422, -0.02471876042389972, -0.035979940081467, 0.012482339927493128, -0.14106233475266322, -0.018085666810465566, -0.07918795815252991, -0.15568960018308245, 0.13451634053386843, -0.0067788355195969405, -0.08785946763062848, 0.07713501730303511, 0.08830500426113268], "git_revision": "018ef57f2e70e762a509d3bbb7a77c8182022b6e", "linregress": [0.6999324676074362, 0.033903702764936226, 0.5722640492600669, 0.000952092943734715, 0.1895532692844135]}