{"x": [0.08783518077185228, 0.13519294753984987, 0.1830079485965975, 0.18859358371362564, 0.1313361974739327, 0.0941958768235306, 0.13419434384179413, 0.18004678138229546, 0.21248490985338156, 0.13069116831867122, 0.0024601697832267386, 0.0030403228147519697, 0.001026729637887515, 0.0014672109838398059, -0.0010973906200382173, -0.0014358254408540017, -0.0011327672861623707, -0.0033416041573177545, 0.005434480031766093, 0.0018943989345521208, 0.044829627709237554, 0.047980940624192385, 0.056928332682732195, 0.05460577536294167, 0.05490771833335784, 0.04659660898995134, 0.04823487991810809, 0.05220848423925622, 0.061132349582776455, 0.06749926035460198], "cost": 0.029377075532187102, "fun": [0.05189654488302726, 0.057135204621182524, 0.0580391343004717, 0.04314786919162146, 0.02385413333255579, 0.04341827560979359, 0.04821564267981133, 0.0453747045649776, 0.10552729591581954, 0.08994851152074483, 0.06379131177993062, 0.01693309611193119, 0.03305820345788292, 0.02086392735363867, 0.022670202509047454, 0.04361610671225896, 0.022252585536853255, 0.04339223927313036, 0.05775932877073147, 0.08652714786792358, 0.0, 0.0, 0.0, 0.0, 0.0, 0.0, 0.0, 0.0, 0.0, 0.0, 0.0, 0.0, 0.0, 0.0, 0.0, 0.0, 0.0, 0.0, 0.0, 0.0, 0.0, 0.0, 0.0, 0.0, 0.0, 0.0, 0.0, 0.0, 0.0, 0.0, 0.0, 0.0, 0.0, 0.0, 1.3215504022223066e-06, 2.960090114113119e-06, 1.453523624482187e-06, 3.7313415800923254e-05, 0.0, 0.0, 0.0, 0.0, 0.0, 0.0, 0.0, 0.0, 0.0, 0.0, 0.0, 0.0], "grad": [-0.2105388626744448, 0.35693095400744873, -0.2786166076407573, 0.28163894538560125, -0.12324756028789852, -613.6697681338637, -613.3853210569912, 613.6788871041347, 613.8144454696613, -0.02807987741021195, 0.06546309588428229, 0.3682507046092938, 0.008977849916241891, 0.2351805261162804, 0.09248284224782169, 0.019992259996237105, -0.08305886272259261, -612.9455989127134, 0.12984660788281394, -0.2378416340708051, -0.5219606048729424, 0.3700544996947722, 0.16191098789944808, 0.210170796186485, 0.11832592891291219, -613.3709953684261, 613.3090750291537, -613.8019758778241, -614.6571645382265, -0.005588662322759674], "optimality": 614.6571645382265, "nfev": 694, "njev": null, "status": 2, "message": "`ftol` termination condition is satisfied.", "success": true, "res_time": 441.50869599999896, "tension_error": [0.11029047162353434, -0.10966291162539728, -0.0284950723162052, -0.11322718161620972, -0.05115737711028841, 0.013800962054268331, -0.09451444669379132, 0.016424787073271954, -0.4756501497088557, -0.041372512947091336, -0.037319905543677166, -0.046120621853997006, -0.0155751254917858, -0.022257071728492433, 0.0166470276009276, 0.021780964141262838, 0.017183679114658484, 0.0506909532690427, -0.08243914011434637, -0.028737361860773632, 0.15587175218664392, 0.10806744976551906, -0.027661323412481544, 0.007571049729128493, 0.0029906816535848844, 0.12906727107185145, 0.10421528048542479, 0.04393710824533913, -0.09143477298631299, -0.18801855766230335], "git_revision": "018ef57f2e70e762a509d3bbb7a77c8182022b6e", "linregress": [0.5524249815230909, 0.03865629498192266, 0.38682160983798547, 0.034714500351963405, 0.24887844622911218]}