{"x": [0.09373115155760739, 0.1269035424088173, 0.15546855767139656, 0.1854214942545719, 0.12140588192526021, 0.0870262292775961, 0.12190826187347506, 0.17837867259097406, 0.17460353331694467, 0.12022088033005654, 0.0015076737364522236, 0.0009366651080330691, -0.0048277174178946395, 0.0037652246973340375, 0.002545042914217158, 0.0034594849129368586, 0.0025793475006279177, 0.0018329639243435587, 0.0008963115324349897, 0.00037636741812256826, 0.05925874871956513, 0.06318500370316299, 0.04800223280252294, 0.05034045966376162, 0.06165354883479898, 0.05633590243375582, 0.0567003297514861, 0.05859848017754728, 0.05663416878141525, 0.054668096593367736], "cost": 0.024466600514054714, "fun": [0.01142092355169063, 0.04231074236636826, 0.08969619162995687, 0.10525025405393401, 0.05072495463759299, 0.012969922206175261, 0.012564959606622074, 0.05010948115171207, 0.03476743249084206, 0.045402296302872895, 0.0064496180089832775, 0.07930789058318986, 0.07729774952722523, 0.03024876420046635, 0.0545600124224984, 0.01966468629403741, 0.022314993790186574, 0.03270109431364115, 0.013913850407302095, 0.02938755863180505, 0.0, 0.0, 0.0, 0.0, 0.0, 0.0, 0.0, 0.0, 0.0, 0.0, 0.0, 0.0, 0.0, 0.0, 0.0, 0.0, 0.0, 0.0, 0.0, 0.0, 0.0, 0.0, 0.0, 0.0, 0.0, 0.0, 0.0, 0.0, 0.0, 0.0, 0.0, 0.0, 0.00011251891209459776, 0.0, 0.0, 0.0, 0.0, 0.0, 0.0, 0.0, 0.0, 0.0, 0.0, 0.0, 0.0, 0.0, 0.0, 0.0, 0.0, 0.0], "grad": [-76.59189887057678, 77.95298167554031, -0.8067977905838674, -76.3414756152423, 0.8021372579964323, -0.27770916136837553, -0.6470861517520509, 0.2143906028375081, -0.013663708636900362, 76.91369680355122, -0.6264308833416825, -76.6477268644081, -0.3859297590634443, 0.014034682048825298, 0.12899639914027733, -0.013767778432564992, -0.1629246180594007, 0.02735525521532378, -0.08383597256075359, 0.4028818333679749, -76.37971629592766, 76.247410975532, -76.47303589282208, 76.46973835995875, -76.56301412055151, -1.4503042815565357, 1.3811619225665939, -0.19888037414270832, 77.49120852705914, 76.33520687925969], "optimality": 77.95298167554031, "nfev": 1718, "njev": null, "status": 3, "message": "`xtol` termination condition is satisfied.", "success": true, "res_time": 814.7404860000006, "tension_error": [0.020850679982787463, 0.01608443256710584, 0.3892677483907819, -0.06510770636897284, 0.09948199779061444, 0.12256197969622523, 0.09186107164875079, 0.041729407491396385, 0.0989969351561804, 0.11745805290015393, -0.022870877375496198, -0.014208878426270227, 0.07323476585062495, -0.0571171270427217, -0.038607400924424495, -0.052479162641873946, -0.03912778936805675, -0.02780541448312101, -0.01359672895596224, -0.005709360626171615, -0.06301291051229758, -0.12257281004739375, 0.10774445495047287, 0.0722743804068113, -0.09934118131127177, -0.01867436605540971, -0.024202599581386732, -0.05299687024159376, -0.023198961064014246, 0.006625658704198527], "git_revision": "018ef57f2e70e762a509d3bbb7a77c8182022b6e", "linregress": [0.5555518913468841, 0.030004123595862735, 0.4891277160539355, 0.006087919569985427, 0.18721708833471662]}