{"x": [0.09710422256368169, 0.1307884959707045, 0.18005157812721165, 0.17878442707039813, 0.13286209187226206, 0.10411135763426115, 0.1295893501749933, 0.17812223193319388, 0.19632760225935522, 0.12660368737206543, 0.000125649862366824, 0.00026296581699133546, -0.0005240257058079404, -0.0007487633508049076, 0.0022679874990630343, 0.003263827589205433, 0.0023097862057252106, 0.0005719824239905526, 0.005281520455844359, 0.0005218402944956231, 0.05013026885207572, 0.05281362872389205, 0.05332014580256059, 0.050579937348603866, 0.05451483163641475, 0.06499273065056167, 0.06284021828227082, 0.0531910071114948, 0.05706093780381219, 0.058014366754252915], "cost": 0.01843891639269345, "fun": [0.03885014860928423, 0.021702951382644504, 0.02914509869500798, 0.05110499179591275, 0.035315284425819535, 0.036284190392109894, 0.04399658672032251, 0.029200807088616783, 0.07467354373824558, 0.06326934135903649, 0.03891219901298033, 0.022597311128663488, 0.023220932691406827, 0.04355254711025162, 0.03230243204554445, 0.05300515301473552, 0.04184668657600159, 0.03693456600734532, 0.048246625244443696, 0.05242333535943535, 0.0, 0.0, 0.0, 0.0, 0.0, 0.0, 0.0, 0.0, 0.0, 0.0, 0.0, 0.0, 0.0, 0.0, 0.0, 0.0, 0.0, 0.0, 0.0, 0.0, 0.0, 0.0, 0.0, 0.0, 0.0, 0.0, 0.0, 0.0, 0.0, 0.0, 0.0, 0.0, 1.4389899963253975e-07, 4.1979159351984385e-07, 0.0, 0.0, 0.0, 0.0, 0.0, 0.0, 0.0, 0.0, 0.0, 0.0, 0.0, 0.0, 0.0, 0.0, 0.0, 0.0], "grad": [668.5926702356733, 669.1003053569775, 668.2023237739002, 668.0288252057701, -667.9603700285603, 669.5535097915306, -669.1962547058089, -669.3491016732553, 670.0640568075436, 668.1465236419058, 0.027563983851701557, 0.015495168157298213, 668.2771562747444, 669.557361687155, 668.8679547289215, 669.0039238073414, -669.542484722301, -666.9778252281554, 0.25487575669707285, 669.3644300857393, -667.5241207262817, -668.7855556689385, -0.11743974135673255, -668.6217261518282, -668.1546974776347, 668.1477821273352, -667.481066469632, 669.5881849919518, -669.9453067245845, -669.3181923555461], "optimality": 670.0640568075436, "nfev": 942, "njev": null, "status": 3, "message": "`xtol` termination condition is satisfied.", "success": true, "res_time": 468.35360299999957, "tension_error": [-0.030317614253272226, -0.042848939007371384, 0.016352022149318465, 0.03557425553835967, -0.07430465548251032, -0.13661337511853427, -0.024658321378394833, 0.04561952157667821, -0.23054950772864044, 0.02063312742738417, -0.001906063974558511, -0.003989098442815909, 0.007949284629274989, 0.01135847522277732, -0.03440456826043058, -0.0495111102373735, -0.035038639857893385, -0.008676771083649866, -0.08011879744356011, -0.007916132712563454, 0.07546290068364278, 0.0347572804298517, 0.027073595482150336, 0.06864158862184389, 0.008950633897227367, -0.14999538851561361, -0.1173425371498639, 0.02903258375420699, -0.0296728962019101, -0.044136076188775165], "git_revision": "018ef57f2e70e762a509d3bbb7a77c8182022b6e", "linregress": [0.26601228517049136, 0.03191103231980539, 0.3282870622171691, 0.0765347095995322, 0.14464610338450823]}