{"x": [0.09053279160662622, 0.12819801129639322, 0.21068559863060007, 0.1751826141831606, 0.1282406172642154, 0.09468560641215458, 0.12535461172670162, 0.16867463958031517, 0.172622445625419, 0.12792708579171927, 0.0014662807969141325, 0.0021165500563306338, 0.008041848170248788, -0.001577646105700515, -0.0009187420711623031, -0.0021403653471133034, -0.0016979750609049573, -0.0019455587482157426, -0.000184034364848379, 0.0013808751708194937, 0.050751325443691424, 0.05095767642657046, 0.06937317985562727, 0.06334424128183731, 0.050959460273152124, 0.04987283663267852, 0.04771637678090073, 0.0467363005576223, 0.04501922783414878, 0.051700193034684074], "cost": 0.028926126524815025, "fun": [0.033430919631579306, 0.03646635122112242, 0.0765155129405357, 0.10149284067416152, 0.033498940430633915, 0.029637047116324783, 0.02029571215541891, 0.04199518329821768, 0.06936690070291, 0.04189973486478292, 0.019100339689433598, 0.04847426309945566, 0.08139207353520987, 0.0682139327718509, 0.04917781117216441, 0.030878460014334537, 0.043687899293235175, 0.055546800940410944, 0.06973184070212098, 0.03584799274122211, 0.0, 0.0, 0.0, 0.0, 0.0, 0.0, 0.0, 0.0, 0.0, 0.0, 0.0, 0.0, 0.0, 0.0, 0.0, 0.0, 0.0, 0.0, 0.0, 0.0, 0.0, 0.0, 0.0, 0.0, 0.0, 0.0, 0.0, 0.0, 0.0, 0.0, 0.0, 0.0, 0.0, 3.9267094652488845e-06, 7.754982324872839e-07, 9.805364287901074e-06, 4.89546468167249e-06, 7.3643267222655034e-06, 6.232995020841168e-09, 0.0, 0.0, 0.0, 0.0, 0.0, 0.0, 0.0, 0.0, 0.0, 0.0, 0.0], "grad": [-213.07315116638432, -0.06542623472706355, 213.50280127800147, -213.24629629931928, -212.73830033023768, 213.19501799264089, -212.9525816753728, 212.33629442864526, 212.8871265293484, 0.1487868834365608, -212.54482008463467, -212.89297594733492, 0.20702015829147646, 213.09340867204713, 213.7767460475065, -0.18573831317130735, 213.18300889177894, -0.10749714017719367, 213.24936664488465, -0.1252906727647065, 0.023853215073765255, 211.37686433736107, -212.86246499470997, 0.4082922972533386, 212.86336817638883, -0.20370030735412314, -0.16201579724032322, 213.72076509556015, -212.979723575219, 212.61539125830032], "optimality": 213.7767460475065, "nfev": 538, "njev": null, "status": 2, "message": "`ftol` termination condition is satisfied.", "success": true, "res_time": 358.60899100000097, "tension_error": [0.06936866930169626, -0.003552202653330041, -0.4483552348067591, 0.09021248321441865, -0.004198520117092799, 0.006371937393450334, 0.03958116321731429, 0.1889361563181043, 0.12904933480174793, 0.0005576414365942587, -0.022242961121801474, -0.03210731581180626, -0.12199199264883318, 0.023932333470444447, 0.01393699229563272, 0.0324685853504227, 0.025757681165150797, 0.029513438140783173, 0.0027917362288402397, -0.020947387978646266, 0.06604169183277382, 0.06291142040094198, -0.21644525375926665, -0.12498838779964756, 0.06288436007917639, 0.07936805640797734, 0.11208078970215007, 0.1269481993938429, 0.15299558534604657, 0.051647706055557845], "git_revision": "018ef57f2e70e762a509d3bbb7a77c8182022b6e", "linregress": [0.6180939754610467, 0.03799406326941966, 0.4293373124455698, 0.017902452467729018, 0.2457162992178216]}