{"x": [0.09576190578948636, 0.12828212098523623, 0.18075590339457193, 0.1810117610187795, 0.12800473599483564, 0.0952296967180043, 0.12675259682761644, 0.18041477203214498, 0.1807280000180756, 0.12807688419400967, -1.0465200427660084e-07, 0.00010778301000951058, 0.000306608092453394, 0.0006882561786908214, 0.00047109395519026506, 0.0004566183552397122, 9.362609872138602e-05, 0.00036806594782055484, 3.572615328737195e-05, -3.5602917231750395e-07, 0.054738566539162495, 0.05515926377270468, 0.0548430499406085, 0.054056811738652906, 0.054792485609876526, 0.054967133522880074, 0.054166928781501596, 0.0547097304192002, 0.0544305832070146, 0.05518143008365027], "cost": 1.018975048597623e-33, "fun": [0.0, 0.0, 0.0, 0.0, 0.0, 0.0, 0.0, 0.0, 0.0, 0.0, 0.0, 0.0, 0.0, 0.0, 0.0, 0.0, 0.0, 0.0, 0.0, 0.0, 0.0, 0.0, 0.0, 0.0, 0.0, 0.0, 0.0, 0.0, 0.0, 0.0, 0.0, 0.0, 0.0, 0.0, 0.0, 0.0, 0.0, 0.0, 0.0, 0.0, 0.0, 0.0, 0.0, 0.0, 0.0, 0.0, 0.0, 0.0, 0.0, 0.0, 1.146153146128338e-18, 0.0, 0.0, 0.0, 0.0, 0.0, 0.0, 0.0, 0.0, 4.512910845741212e-17, 0.0, 0.0, 0.0, 0.0, 0.0, 0.0, 0.0, 0.0, 0.0, 0.0], "grad": [0.0, 0.0, 0.0, 0.0, 0.0, 0.0, 0.0, 0.0, 0.0, 0.0, -2.212231469653107e-26, 0.0, 0.0, 0.0, 0.0, 0.0, 0.0, 0.0, 0.0, -9.820998136627002e-25, 0.0, 0.0, 0.0, 0.0, 0.0, 0.0, 0.0, 0.0, 0.0, 0.0], "optimality": 9.820998136627002e-25, "nfev": 1091, "njev": null, "status": 3, "message": "`xtol` termination condition is satisfied.", "success": true, "res_time": 221.26227799999833, "tension_error": [-0.00995514351478574, -0.004828116886701424, 0.005667656936347228, 0.001786387264165327, -0.0006202846827768184, -0.00188172012237749, 0.018374223650249155, 0.010842499059260222, 0.006090941289440479, -0.0017147473481908101, 1.587533893468395e-06, -0.0016350301431197688, -0.004651136326973213, -0.010440602820877082, -0.0071463286923387215, -0.006926738960554384, -0.0014202748056364892, -0.005583430257602321, -0.0005419531103966782, 5.400836630167744e-06, 0.005556654549014147, -0.0008251736993143402, 0.003971678300857541, 0.01589863376217051, 0.004738721315393481, 0.0020893742414106443, 0.014228197166338457, 0.005994088290610423, 0.010228652775783342, -0.0011614287969833681], "git_revision": "018ef57f2e70e762a509d3bbb7a77c8182022b6e", "linregress": [0.01316457015639054, 0.004625737095474196, 0.1699919024894185, 0.3691418175678577, 0.014422217004399523]}