{"x": [0.09088858668737973, 0.12200852598417364, 0.165416613312349, 0.1684631459521119, 0.12093236417531843, 0.08465167183918729, 0.12438126234778228, 0.17577466021729396, 0.17337359314450912, 0.13292718085871605, -0.004275211486418176, 0.004619536814018076, -0.0005375623885816625, 7.779051020834253e-05, 0.004016736676119059, -0.00010605332060206533, -0.0022536835519957666, -0.005570389427539588, -0.00555186289073332, -0.007803753863706344, 0.06734910854224466, 0.06521403411570051, 0.05801644646391807, 0.05243818903230362, 0.05962703235461825, 0.061270034112279236, 0.060958997908462285, 0.06035458008907499, 0.054909932898649934, 0.06094265957561248], "cost": 0.08084922200902148, "fun": [0.10156487600944167, 0.10458507582426627, 0.09643089879553012, 0.03780611877639602, 0.07808305981109644, 0.053100896365283805, 0.07742406294357285, 0.07236306857564187, 0.06240284447201454, 0.1489827414713729, 0.0407431563290526, 0.17695641208961319, 0.054196365969484836, 0.053525313194332166, 0.029128413313665707, 0.11914898351851823, 0.04319345598047004, 0.0010507193749101423, 0.06333405388832417, 0.15420836981148744, 0.0, 0.0, 0.0, 0.0, 0.0, 0.0, 0.0, 0.0, 0.0, 0.0, 0.0, 0.0, 0.0, 0.0, 0.0, 0.0, 0.0, 0.0, 0.0, 0.0, 0.0, 0.0, 0.0, 0.0, 0.0, 0.0, 0.0, 0.0, 0.0, 0.0, 7.81398925880404e-05, 0.0, 1.5534118900514603e-07, 0.0, 0.0, 1.1928142351075536e-09, 1.1446660583664497e-05, 0.0001728449413856131, 0.00017112607786342953, 0.0004752374849975093, 0.0, 0.0, 0.0, 0.0, 0.0, 0.0, 0.0, 0.0, 0.0, 0.0], "grad": [-928.1895609382167, -0.42255600361636186, -0.15165501163147654, 0.010370776515180369, 928.344257447891, -926.0365966158512, 0.40556014077797553, -0.5437045267497049, -1.0164062807219945, 1.9215413198195006, -0.9522066750152313, 1.493032510540482, -0.8619439519300341, -1.1235203944005017, 924.1000533389865, -0.6110535591755639, -0.24499222753649486, -0.5311790999832703, 1.3860570661430964, -1.6950314713548769, 944.6453249622695, -0.268228082696478, -944.1715616120781, -929.4256936426207, -929.4539707984951, 0.0853965078069654, 922.675320429375, -927.086556764596, -931.6527083739624, 0.9403457761158451], "optimality": 944.6453249622695, "nfev": 1317, "njev": null, "status": 2, "message": "`ftol` termination condition is satisfied.", "success": true, "res_time": 782.3490920000004, "tension_error": [0.06397138375776512, 0.09034010054903102, 0.2383592625639835, 0.19214443986074803, 0.10666509459213025, 0.15858317624682336, 0.05434652905910695, 0.08123135426063341, 0.11765469258927311, -0.07529203238753461, 0.06485344627032402, -0.07007673971532753, 0.008154631319545866, -0.0011800545283350606, -0.06093247481073192, 0.0016087913665337522, 0.03418758244217863, 0.08450083758227989, 0.08421979657105563, 0.11838018622342585, -0.18574080777179072, -0.15335248381520605, -0.044167624648881874, 0.040452567772601804, -0.06859964300823025, -0.0935233986051229, -0.08880508939481802, -0.0796362848341572, 0.0029570874813108256, -0.0885572426637293], "git_revision": "018ef57f2e70e762a509d3bbb7a77c8182022b6e", "linregress": [0.4817269623384448, 0.05332651609812473, 0.5328062167882778, 0.0024351327820293046, 0.14459218129142706]}