{"x": [0.09857647773592797, 0.12243503825071969, 0.161143869295563, 0.19372396310696569, 0.12262418814715209, 0.08143226706714586, 0.13240938594934323, 0.19599126395503413, 0.18422754682375692, 0.13226803053732894, 0.004463473307849415, 0.0024631524047335116, -0.00179328287065852, 0.006881847623858297, 0.0002984547144038391, -0.0003168104925978648, 0.0007348570138046641, 0.0027351117110022737, -0.0003449387967251103, 0.002735424795598235, 0.06820928567376029, 0.0614851895111815, 0.04688823087291844, 0.05344919944473534, 0.059661298118421836, 0.03789342141556765, 0.04413428343029543, 0.06520432076107782, 0.061417926181041374, 0.06110161869992329], "cost": 0.05349120484426306, "fun": [0.025510002680589304, 0.06996653576553996, 0.06932608527007808, 0.12908960278652087, 0.05505982560407388, 0.05550907956948455, 0.09620636953227016, 0.08315593050085769, 0.0847254972251285, 0.06504086528904043, 0.08500912804299131, 0.05767507708118755, 0.07811923542051322, 0.01719748429633274, 0.09074344557722243, 0.08086739068923479, 0.07341277741105393, 0.0866947372449452, 0.03017438731257086, 0.02707048966020125, 0.0, 0.0, 0.0, 0.0, 0.0, 0.0, 0.0, 0.0, 0.0, 0.0, 0.0, 0.0, 0.0, 0.0, 0.0, 0.0, 0.0, 0.0, 0.0, 0.0, 0.0, 0.0, 0.0, 0.0, 0.0, 0.0, 0.0, 0.0, 0.0, 0.0, 0.0, 0.0, 5.766952846788691e-06, 0.0, 0.0, 3.179791691851046e-08, 0.0, 0.0, 4.1041774717334785e-08, 0.0, 0.0, 0.0, 0.0, 0.0, 0.0, 0.0, 0.0, 0.0, 0.0, 0.0], "grad": [5.476729764567856, 4.962777937196472, 3.077182939071598, 3.5634404116413476, 6.904577375869613, 5.886711232880434, 7.522203700663827, 2.8680890197416473, 2.8351430857525752, 5.034521837321055, -0.747843249608614, -2.963686124045861, -1.0118788186301666, 0.29517323078546875, -3.3311977607223406, -3.7484491693326634, -1.432109709235354, -0.8572716732076099, -1.3098824891222547, -0.8856994886653704, 191.89545688320584, 190.79465647159935, -15.826914308020605, -7.566539684138573, -15.537590148157069, 189.7038577497751, 190.41181820155208, -14.58755850337004, -8.730853291141667, -13.909267275354498], "optimality": 191.89545688320584, "nfev": 447, "njev": null, "status": 3, "message": "`xtol` termination condition is satisfied.", "success": true, "res_time": 361.0220220000001, "tension_error": [-0.05265120453595451, 0.08387006030658839, 0.3031752781926367, -0.19105322259438723, 0.08100072327278623, 0.2074204080584687, -0.0674372667365863, -0.22544737460207212, -0.04699594609700912, -0.06529295512832735, -0.06770931152043669, -0.037365150857095866, 0.027203466932388596, -0.1043951946078757, -0.004527452465499155, 0.004805903128966471, -0.011147521008622664, -0.04149067735159746, 0.005232599554672419, -0.04149542673419216, -0.19878939064516069, -0.09678722991424225, 0.12464347024273671, 0.02511589737169213, -0.06911944252664179, 0.2610915485909811, 0.1664198789815436, -0.15320513566082158, -0.0957668689844814, -0.0909685963617673], "git_revision": "018ef57f2e70e762a509d3bbb7a77c8182022b6e", "linregress": [0.6771413384398262, 0.053749574757598985, 0.5304260404023852, 0.00256788966408408, 0.20451899542298835]}