{"x": [0.07518160855302765, 0.08151094925608915, 0.17329668292396372, 0.14711386203685214, 0.1274216033212869, 0.0886809034958309, 0.06065829673049118, 0.1257395506657254, 0.15755938766192443, 0.10396730885856512, 0.12981901648820282, 0.07889329692978536, 0.10779740273013519, 0.07796901335860412, 0.10265824737370685, 0.05739086213761267, 0.16183849368375133, 0.10897282880467112, 0.08807169360731874, 0.1095449623532714, 0.22140818688274938, 0.10821372207071073, 0.09933653187494941, 0.08037521556845971, 0.12759021994366562, 0.1082945432908507, 0.1122353882775751, 0.10263784577646197, 0.0812307657478413, 0.11093785666978646], "cost": 1.0969949781605064, "fun": [0.46469093936864275, 0.5423202653864493, 0.4484813978936157, 0.3561643948234243, 0.3271413529465039, 0.3095106716099069, 0.36975308739150753, 0.06352994416784187, 0.32207608296214546, 0.25655797631136745, 0.20785062815899613, 0.4264950364923682, 0.1784484610477284, 0.19151236084832665, 0.3524135171305867, 0.15499012325397646, 0.22021640009124957, 0.2102612518185817, 0.3427653596730247, 0.4368003509647174, 0.0, 0.0, 0.0, 0.0, 0.0, 0.0, 0.0, 0.0, 0.0, 0.0, 0.0, 0.0, 0.0, 0.0, 0.0, 0.0, 0.0, 0.0, 0.0, 0.0, 0.0, 0.0, 0.0, 0.0, 0.0, 0.0, 0.0, 0.0, 0.0, 0.0, 0.0, 0.0, 0.0, 0.0, 0.0, 0.0, 0.0, 0.0, 0.0, 0.0, 0.0, 0.0, 0.0, 0.0, 0.0, 0.0, 0.0, 0.0, 0.0, 0.0], "grad": [-5011.424574160508, -435.9117495340688, 1723.4385730166905, 4951.848804080565, 12397.868619665282, -1479.0815332608317, -10324.578571121376, 892.903455113676, 12045.24353305292, -4910.2956424865915, -1114.4405559111278, -1626.6312935777175, 1712.8548631176454, 876.3174696205681, 1183.636918879797, -1672.5502974408832, 1155.0868532989575, -1537.088249212408, -889.6397835758289, 400.7550893816827, -988.6178782539894, -5366.859160790667, -708.0797700128247, -1497.5184175701356, -5423.985384242829, 1216.5180664882114, 1179.5399723027501, -1247.9639754434515, -966.6573460933762, -248.03024432923974], "optimality": 12397.868619665282, "nfev": 419, "njev": null, "status": 2, "message": "`ftol` termination condition is satisfied.", "success": true, "res_time": 1949.7010509999964, "tension_error": [0.24818391446972357, 0.18489050743910856, -0.7329668292396371, -0.4711386203685214, -0.274216033212869, 0.1131909650416911, 0.3934170326950882, -0.2573955066572539, -0.5755938766192442, -0.039673088585651106, -0.29819016488202815, 0.21106703070214644, -0.07797402730135183, 0.22030986641395883, -0.026582473737068457, 0.4260913786238733, -0.6183849368375133, -0.0897282880467111, 0.11928306392681262, -0.09544962353271388, -1.2140818688274937, -0.08213722070710722, 0.006634681250505953, 0.19624784431540296, -0.27590219943665617, -0.08294543290850692, -0.12235388277575088, -0.02637845776461964, 0.18769234252158706, -0.10937856669786458], "git_revision": "ec36e56dd006ef5715c6882890a8a7f5f3c70256"}