{"x": [-0.013012587805003644, 0.1128773558402952, 0.2078874358726304, 0.11141949755857386, 0.30124205406313703, 0.02815667088713026, -0.07476972910636476, -0.05618604274515327, 0.08545394621967692, -0.07646319914927215, 0.032624930435606395, 0.02633955976287568, -0.030417813600626883, -0.04016023337726603, 0.00834370716330431, 0.005839479850852914, 0.00043153023365320573, 0.005219326283696253, -0.05801938990015818, 0.024314350950169036, 0.01517388080294118, 0.05031313294670058, 0.05501936922007104, 0.12638114855342725, 0.07969332898464625, 0.10991922156515685, -0.008585407328445855, 0.09391392967058909, 0.04087605524506578, 0.09211544252239207], "cost": 11.732158046495126, "fun": [1.1454764587918864, 1.1197249544370949, 0.8972979704860601, 0.7052830781890282, 0.7853418886300749, 0.9138214408573954, 2.112742368521224, 1.607804516601056, 1.0380863411065846, 0.9825883903323507, 1.1002328541844628, 0.5453480563515662, 0.944807246151663, 1.209113835693031, 1.032535517740087, 0.6553162376083164, 0.6808299602759686, 1.300734065264317, 0.9409836932282907, 0.451693842812989, 0.0, 0.0, 0.0, 0.0, 0.0, 0.0, 0.0, 0.0, 0.0, 0.0, 0.0, 0.0, 0.0, 0.0, 0.0, 0.0, 0.0, 0.0, 0.0, 0.0, 0.002203388198791979, 0.0, 0.0, 0.0, 0.0, 0.0, 0.41800109701386634, 0.1773721113854035, 0.0, 0.44705133242659423, 0.0, 0.0, 0.028143880797101006, 0.06477220529304926, 0.0, 0.0, 0.0, 0.0, 0.19530774829815806, 0.0, 0.0, 0.0, 0.0, 0.0, 0.0, 0.0, 0.000632823668936542, 0.0, 0.0, 0.0], "grad": [-228198.8520166193, 47251.04756124955, 332199.29065453913, 291898.26435393083, 18883.613239993567, 10159.67929185007, -252996.3931508267, 28801.4928977281, -245612.73466681596, -36238.566952126625, 5781.804967441583, -42764.545080456795, 75708.31055699388, -40489.92817568044, -13218.7509058769, -9540.917605937342, 273498.2276100009, -275468.79131911334, -248921.18935685692, 68792.57667596282, 35022.78799782975, -219625.81936936444, -9717.176229964796, 5017.7707521218435, -11987.866928717654, 32978.74872289965, 2227.426217200291, -348177.3609053972, 365564.3853831116, 337423.59439429146], "optimality": 365564.3853831116, "nfev": 200, "njev": null, "status": 3, "message": "`xtol` termination condition is satisfied.", "success": true, "res_time": 2827.9903829999967, "tension_error": [1.6401154549393329, 0.2288567222863453, -0.4059080953714077, 1.05747641183602, -2.6285691323713545, 1.0155923605704253, 3.07539663733671, 3.5999931825802065, 1.4513646426255877, 3.10108597897209, -0.49490865651919685, -0.39956180630886323, 0.46142747470528966, 0.6092165371959885, -0.12657108681751533, -0.08858284413696159, -0.0065461610287952665, -0.07917533384777112, 0.8801336255482819, -0.3688401048589317, 0.6057389446527562, 0.07268891704021352, 0.0012969771887900567, -1.0812359773687348, -0.3729982662048121, -0.8315143669100554, 0.9661589428552351, -0.5887197493284934, 0.21584604824089923, -0.5614373353463994], "git_revision": "018ef57f2e70e762a509d3bbb7a77c8182022b6e", "linregress": [9.576303903752315, 0.26928462874161685, 0.6163208972333583, 0.00028735884958190454, 2.312383585080916]}