{"x": [0.09280401460023367, 0.03956753764056653, 0.43983610499371867, 0.3135437197924997, 0.0009234563258200268, -0.013930852919762482, 0.039557674918877954, 0.18032545382863965, 0.40130562437987133, 0.21023745619945286, -0.01780248315713759, -9.775166235802312e-05, -0.014838768298232288, 0.05231738306822336, 0.11136770248769852, -0.012302370519152513, 0.10633176712737054, 0.008124452923479795, 0.0007243424210870058, -0.022216982647913868, -0.005222041214146595, 0.07929941163031143, 0.050457560706463324, 0.020154358920037235, 0.10666985607675698, 0.05199068774255289, 0.030483755450615106, 0.1363114436423871, 0.05937316348999811, 0.06041423367969451], "cost": 5.111984867079961, "fun": [1.1446472721677308, 0.7476575846545734, 0.8127733366857278, 0.31812902978302365, 0.8851235350045471, 0.7764353158285919, 0.35625896796383083, 0.457455755609067, 0.877962212451454, 0.3498069967865268, 0.5360439488461661, 0.6569072497737897, 0.5240983136494941, 0.900088008244661, 0.5416414591355464, 0.8258885518935338, 1.0033375122943438, 0.8492805448876936, 0.472903759627919, 0.4963259225374288, 0.0, 0.0, 0.0, 0.0, 0.0, 0.0, 0.0, 0.0, 0.0, 0.0, 0.0, 0.0, 0.0, 0.0, 0.0, 0.0, 0.0, 0.0, 0.0, 0.0, 0.0, 0.0, 0.0, 0.0, 0.0, 0.002703542001591737, 0.0, 0.0, 0.0, 0.0, 0.005642112619805836, 9.340550119898064e-10, 0.0032673342147564984, 0.0, 0.0, 0.0018619431148954944, 0.0, 0.0, 0.0, 0.010966176397619572, 0.00014240357271541536, 0.0, 0.0, 0.0, 0.0, 0.0, 0.0, 0.0, 0.0, 0.0], "grad": [-225.38520315109076, 2598.172107415676, 511.7881872628103, -2477.7933688315916, 2608.0832756751834, 2236.5413689521283, -3267.829313576811, 1785.8538568249555, -1279.6102357768098, 2440.1714971686215, 478.63747465643485, 3122.196469782817, -1381.7541017644971, 3094.031264300463, 5252.918292939806, -2474.1215404901914, 915.8092678662292, 2753.0360860060555, -1196.6004531246554, -2101.461534765226, 894.8797773583904, 2745.1654270173362, -440.4940535380275, 33.88642357040868, -193.3369653533748, -3278.006576058158, 3395.1710859268023, -3273.6703423657264, -990.8076517727036, 286.67197951811863], "optimality": 5252.918292939806, "nfev": 170, "njev": null, "status": 3, "message": "`xtol` termination condition is satisfied.", "success": true, "res_time": 1694.4978640000336, "tension_error": [0.03491501973329745, 1.3409407374999678, -3.9244873745734745, -2.008676555852921, 1.9271577841124785, 1.6540452119750062, 1.3410903514999164, 0.012197424618006743, -3.3399936104173853, -1.2480615676217048, 0.27005737343699665, 0.0014828581469503498, 0.22509886717989233, -0.7936361984893637, -1.689408660245379, 0.18662260989804857, -1.6130153018467557, -0.1232450775412086, -0.010988018355704713, 0.33702376947259816, 0.9151378683951541, -0.3670226792530412, 0.0704979990031824, 0.5301868530208572, -0.782222641627211, 0.047241004074045426, 0.3734935607641152, -1.2318750419030327, -0.06474854211564161, -0.08054120870666394], "git_revision": "018ef57f2e70e762a509d3bbb7a77c8182022b6e", "linregress": [9.476228862207769, 0.2601534869383415, 0.6001886968723417, 0.0004546743017185892, 2.3866121440011665]}