{"x": [0.10634784267461704, 0.11761521882479277, 0.4040511741552328, 0.07824985744669782, 0.13921728473273431, 0.17873121974826864, 0.14131282164894743, 0.25887461587305194, 0.13610298765447693, 0.18982700802545516, -0.009829741598039924, 0.016720449228399235, -0.0058669922039560965, 0.0022758473664081665, 0.008106286418843613, -0.011283972246255805, 0.013399529675956243, -0.0007535753663026011, 0.010300419593420424, 0.003156877274929379, 0.027227882426342047, 0.08072444479299506, 0.01748528674484014, 0.007861599155983228, 0.054548282052216554, -0.0025818777280818164, 0.05699699522738425, 0.017382439829430184, 0.08901196814164208, 0.04009463215589582], "cost": 3.5752226006012138, "fun": [0.5488789971904469, 0.5019845547506488, 0.4545727883639584, 0.6990619737266094, 0.7134449977399931, 0.680643542587301, 0.1728077192198552, 0.40261780428624505, 0.3414019355768406, 0.6476011775561841, 0.5768910930196175, 0.5611078231348134, 0.6412193473153465, 0.44554728357974366, 0.758717089384573, 0.8530164459518914, 0.7152802415234636, 0.7929998622029574, 0.6577986259088352, 0.26056408820075583, 0.0, 0.0, 0.0, 0.0, 0.0, 0.0, 0.0, 0.0, 0.0, 0.0, 0.0, 0.0, 0.0, 0.0, 0.0, 0.0, 0.0, 0.0, 0.0, 0.0, 0.0, 0.0, 0.0, 0.0, 0.0, 0.0, 0.0, 0.0, 0.0, 0.0, 0.0009497871816775966, 0.0, 0.00020195124430507372, 0.0, 0.0, 0.0014367659527892334, 0.0, 4.2793723863986493e-07, 0.0, 0.0, 0.0, 0.0, 0.0, 0.0, 0.0, 1.7211036024409697e-05, 0.0, 0.0, 0.0, 0.0], "grad": [-2387.916904865578, -7132.8043994141, 22726.591289692267, -13664.812346161067, -32155.438878838784, 2501.5135174129373, -4672.898560285563, 3274.28463673101, -37475.33208499622, -4998.604627669417, -13943.016685837352, 17496.11125673732, 8426.962914665828, -38113.91738746461, -10146.06155110233, -38753.55435579043, -9219.20872436725, -10134.01293139076, 8006.582687997412, -26169.98626270785, 4235.040584700076, -958.803542351044, 23216.980226349275, -9605.909252361662, 20007.167772871046, -35382.03286044269, 253.10051522512958, 7676.4076423102, 3243.6491301449278, 104562.78992027063], "optimality": 104562.78992027063, "nfev": 168, "njev": null, "status": 3, "message": "`xtol` termination condition is satisfied.", "success": true, "res_time": 1647.823835999996, "tension_error": [-0.17054006222159124, 0.1569850164122805, -3.3816426295137676, 1.5606481215012673, -0.17071068358744831, -1.2685702931993852, -0.20249923749521503, -1.1793655837641204, 0.6830365966866877, -0.938442287216329, 0.14911370363896317, -0.2536433014120142, 0.08900019680347081, -0.03452379966832205, -0.12296949809067496, 0.17117386826668848, -0.2032661262835687, 0.011431471796051662, -0.15625372236809681, -0.04788871179403766, 0.4228840030646897, -0.38863992835127525, 0.5706757339699456, 0.7166636711630175, 0.00844320291964548, 0.875087522036306, -0.02870290993153973, 0.572235885303698, -0.5143587265705039, 0.2276999601441752], "git_revision": "018ef57f2e70e762a509d3bbb7a77c8182022b6e", "linregress": [6.868215019948376, 0.05647615668206485, 0.6369390656916785, 0.0001539389291251436, 1.570988471025203]}