{"x": [0.21510703329556555, 0.1495282884696406, 0.1014474079273392, -0.022670554552979477, 0.17200018840143733, -0.03239320903509693, 0.03529738708710456, 0.056349587660458895, 0.07510248337237152, 0.09043138422943216, -0.01898067633371365, 0.07577404316535771, -0.02381026787377731, 0.13644362739124133, 0.08384356004792054, -0.025166431421111673, -0.0007354008753671303, 0.08588748304385396, -0.02558725231852306, -0.03158772022027116, 0.07962394096608967, 0.0409102720358356, -0.008845594668652423, 0.03131388295666234, 0.14193753636191364, 0.00875911245693872, 0.04339835251909907, -0.02746299489620611, 0.04092714339327091, 0.03798633390358777], "cost": 10.26056330057973, "fun": [1.0547528663378032, 0.7561487106223527, 0.8431223545371668, 1.1756689492404708, 1.077678679205291, 0.9704530185191362, 1.176513984215344, 0.8779552572485833, 0.33579837599051526, 0.6798544790697482, 0.8613042234019278, 1.054918560239507, 1.493459397064546, 1.2742961004444535, 0.3235087798400647, 1.5202812143874205, 1.1579194027397464, 0.9881552880937472, 0.966305026393483, 0.7289525573470328, 0.0, 0.0, 0.0, 0.0, 0.0, 0.0, 0.0, 0.0, 0.0, 0.0, 0.0, 0.0, 0.0, 0.0, 0.0, 0.0, 0.0, 0.0, 0.0, 0.0, 0.0, 0.0, 0.0, 0.011651623186323422, 0.0, 0.033990841832329144, 0.0, 0.0, 0.0, 0.0, 0.006838093746228834, 0.0, 0.01349872793199695, 0.0, 0.0, 0.01593914098098287, 3.977154180958823e-07, 0.0, 0.016752165516590093, 0.03151772400278568, 0.0, 0.0, 0.0006921195304754649, 0.0, 0.0, 0.0, 0.0, 0.02071303259375446, 0.0, 0.0], "grad": [-11698.729766276534, -28591.87753095859, -32576.04137203029, 6945.653660649917, -34633.970875485575, -16184.138885312643, -4782.219108157022, -47251.89765287103, -13050.922778684562, -25899.607825847877, -4246.240602165838, -14557.166482380533, -19061.03371344669, 9233.387231280876, 14804.75282084811, 12733.067905616515, 1178.1533145225383, 15351.34388526558, 9685.856140746624, -1427.196703846803, -41939.922204181305, 31896.67522027345, 16760.198060391154, 19782.844440550332, 11334.85452636084, -17876.763433011765, -15644.544330482313, -27950.998560873122, -24450.56099986697, -17556.766274856986], "optimality": 47251.89765287103, "nfev": 233, "njev": null, "status": 3, "message": "`xtol` termination condition is satisfied.", "success": true, "res_time": 2464.894318000006, "tension_error": [-1.8203785199791611, -0.3271249636690195, 1.2087494847954974, 3.0915750798500685, -0.6680157381836358, 1.9341126248160452, 1.4057174112072044, 1.8928674688714717, 1.6083926731030747, 0.5693541733422522, 0.28793014724383237, -1.14946543644018, 0.36119334286495614, -2.069801572637438, -1.2718771536694529, 0.3817658642548882, 0.011155771196182261, -1.3028827426604443, 0.3881495684403773, 0.4791745443741082, -0.37194567450319466, 0.21532699162609006, 0.9701058927878671, 0.3609008200816987, -1.317220878724633, 0.7030487118036188, 0.17758369063380186, 1.2525252699781046, 0.21507105910054974, 0.2596820990073061], "git_revision": "018ef57f2e70e762a509d3bbb7a77c8182022b6e", "linregress": [5.414122677161172, 0.5788648423129641, 0.4632047468135381, 0.009943258297539797, 1.9576405812407878]}