{"x": [0.2651498382607803, 0.22378089595472386, 0.42457517583215404, 0.3050528754745733, 0.30048443855308526, 0.08882703386691969, 0.15499016432295679, -0.018124592319144955, 0.2577962207988717, 0.046063455577192484, -9.167431534207806e-05, 0.00020332859599104825, -0.00024634800947468733, -0.0007034740508647565, -4.299377268767518e-05, -0.00044660162326482655, -0.005603625415583002, 0.0015311242348946168, -0.0017630399995331458, 0.0011919639306660153, 0.08260958442379622, 0.11629529598909905, 0.0685074158544116, 0.08568749922659026, -0.007357299837473172, 0.11838061558120042, 0.15745433295635924, -0.021235470147258226, 0.04566056691359125, 0.08122770655312765], "cost": 11.251255788921675, "fun": [1.0629714726033812, 0.6824853358770424, 0.8571745625538641, 0.7130013890655371, 0.9199750659221286, 1.376282941911064, 1.0209058031100653, 1.071707132118854, 1.1720846593821275, 0.8874785581541521, 1.2228812460414502, 0.8391738780458288, 0.501717267576948, 0.751185354228326, 1.5528968805329013, 1.3063670936385081, 0.7536903082117182, 1.5895968822733015, 1.2903347894154091, 0.822976435083846, 0.0, 0.0, 0.0, 0.0, 0.0, 0.0, 0.0, 0.0, 0.0, 0.0, 0.0, 0.0, 0.0, 0.0, 0.0, 0.0, 0.0, 0.0, 0.0, 0.0, 0.0, 0.0, 0.0, 0.0, 0.0, 0.0, 0.0, 0.00595394392356957, 0.0, 0.0, 7.704474560775207e-10, 0.0, 1.495020584587689e-08, 3.48132241661377e-07, 7.947246210083776e-11, 8.907603798763622e-08, 0.0001759572999588209, 0.0, 5.480074931389081e-06, 0.0, 0.0, 0.0, 0.0, 0.0, 0.00039824961679085265, 0.0, 0.0, 0.009576033170730955, 0.0, 0.0], "grad": [152402.9060330255, -8779.677331971889, 167769.2262754812, -18677.8178214656, -5410.112212963168, -70096.40475064752, 12634.617412914093, 9535.402470217316, 150453.62142565474, 147119.43388093347, 164968.34215637553, -3492.0490200517033, 17480.979433811248, 164642.1915657709, -208277.44737801398, 19424.310987257842, -12436.972224588982, -49973.29740345679, -14067.651143060779, 2000.4462000177427, 22361.813372376982, 140646.3967503769, -36876.634185331364, 44786.29701781062, -38293.171157899706, -784.7106110873465, 163710.37768796174, 1692.0162943109099, -10363.334148873306, 50241.4758790124], "optimality": 208277.44737801398, "nfev": 79, "njev": null, "status": 3, "message": "`xtol` termination condition is satisfied.", "success": true, "res_time": 1327.8867929999833, "tension_error": [-2.5795101730770846, -1.4535107589129925, -3.692984476398967, -1.8798734504365682, -2.617076373023472, 0.09524441095183142, -0.4099796887074273, 3.0226144404956132, -1.1630067118758611, 1.2423999597588504, 0.0013906669420434507, -0.003084422891643596, 0.0037370121798707147, 0.010671452559776858, 0.0006522003264205143, 0.00677478867903001, 0.08500501576660184, -0.023226613143323735, 0.026744693273162434, -0.018081671276191768, -0.417236829848808, -0.9282371609478228, -0.2033119200484091, -0.46392770886655615, 0.9475289865517849, -0.9598707216622907, -1.552605195365429, 1.1580559219736677, 0.14326669832798503, -0.3962742312680678], "git_revision": "018ef57f2e70e762a509d3bbb7a77c8182022b6e", "linregress": [12.785479695367483, 0.0073630685094705495, 0.7862462113515044, 2.6082451185546763e-07, 1.8989215201331346]}