{"x": [-0.010669837872035293, 0.15576563632541085, 0.2674620827478683, 0.3047160503583598, 0.0640117222302962, 0.03383285676140743, 0.08641656828654103, 0.5100892548671327, 0.08822994761236161, 0.1797322959428995, 0.0009756035179870556, -0.015016395520957132, -0.019373307515710446, 0.0018956659803304543, -0.031422001566375805, -0.0041878707812498, -0.01910700291293716, -0.02234099280113259, 0.02607326861603664, 0.029237560592026524, -0.004041376294242049, 0.10285377907163705, 0.032092502756771155, 0.010123661528536073, 0.1271575573884243, 0.11300320774728256, 0.05720623713109947, 0.06665988480515309, 0.12716194460005223, 0.08705189235822383], "cost": 2.39887214419929, "fun": [0.5935822990061574, 0.48394880858837336, 0.6626786086008172, 0.4578486297999882, 0.5255207181736924, 0.36577541899215593, 0.5904158126189274, 0.6317499589175334, 0.5721357688522516, 0.47989762489591264, 0.49438584478327446, 0.5417129509587965, 0.35320535605460446, 0.451081309614667, 0.4920955891398745, 0.2133389403554483, 0.07049125427563799, 0.541848116074304, 0.4647377677362849, 0.4214319021686597, 0.0, 0.0, 0.0, 0.0, 0.0, 0.0, 0.0, 0.0, 0.0, 0.0, 0.0, 0.0, 0.0, 0.0, 0.0, 0.0, 0.0, 0.0, 0.0, 0.0, 0.0012147123895700702, 0.0, 0.0, 0.0, 0.0, 0.0, 0.0, 0.0, 0.0, 0.0, 0.0, 0.0033860790776432306, 0.007271287497663617, 0.0, 0.03102426760309449, 7.344797364545201e-05, 0.00697553800838649, 0.011150835418522301, 0.0, 0.0, 6.600667693244244e-05, 0.0, 0.0, 0.0, 0.0, 0.0, 0.0, 0.0, 0.0, 0.0], "grad": [26418.833666419378, -131658.70854271314, 49843.17266319688, 0.6257934083949612, 182534.6963306921, 596.7861248725653, -195000.1888495851, -782.6826495194416, 68578.4898608131, 121554.06209695085, 23154.06619287867, 119865.6603666142, -185247.86803606205, 174884.4728894644, -120369.20645634341, -125118.3640906794, 118948.79644098508, -65086.5818893266, 10878.164207042773, -119514.00180624315, 49988.715434006284, -44902.24905682201, 5648.334880137046, 54490.33973517106, 183709.20344933582, -177109.25379614404, 2145.3157063267254, 54759.52586552953, 22252.336449332157, 191196.58443319504], "optimality": 195000.1888495851, "nfev": 162, "njev": null, "status": 3, "message": "`xtol` termination condition is satisfied.", "success": true, "res_time": 1558.0834879999747, "tension_error": [1.6045767669971693, -0.4217433247298947, -1.3096344191967952, -1.8747639325457583, 0.9701311022460892, 0.9294866283072893, 0.6302575113092064, -4.990202812303477, 1.409253683263983, -0.785309075037179, -0.014799560334247236, 0.22779340932867942, 0.2938862234161053, -0.028756582497125364, 0.47666065100285954, 0.06352851866198361, 0.289846476773778, 0.33890495963928235, -0.39552226378829947, -0.4435234539751291, 0.8972275991161862, -0.7243341030598918, 0.3490894330820643, 0.6823489849762561, -1.0930138248095573, -0.8782973466050507, -0.03187703561004843, -0.17528552743216264, -1.0930803772583644, -0.48462507013981826], "git_revision": "018ef57f2e70e762a509d3bbb7a77c8182022b6e", "linregress": [9.69639176030502, 0.1577283994275147, 0.658386067289922, 7.652447803364166e-05, 2.0948894716511672]}