{"x": [0.03146098928201867, 0.03306593266843055, -0.008679034619992037, 0.2573360615106025, 0.20859407144098627, 0.017203260792822042, 0.11829617908361058, 0.1680001910116255, 0.2660855851598623, 0.1481138330864897, -0.002190632749372522, -0.008957396100740523, -0.008776730706091054, 0.005957953007804856, -0.0010009013711075627, -0.002294047479137624, -0.005069188043014007, -0.002236794131756099, -0.002956773906347425, 0.0021396338269823456, 0.004443597529111434, 0.006706907024453741, 0.050170937758024614, 0.045144787431109314, -0.024053784204945475, 0.07685545740322933, 0.0824632017391684, 0.18606568524304212, 0.07420592599571295, 0.10395678893211847], "cost": 8.339391145411268, "fun": [1.2454253383108749, 1.1386804050043506, 1.0965700090872716, 1.0663351062695376, 0.7726479125124561, 0.9627152077387435, 0.6484490658433866, 0.20557157134249418, 0.7118711236121208, 0.4315827174506012, 0.7340476084188139, 0.8467779820664361, 0.5835704633231973, 1.1497660794054128, 1.6755972597589424, 0.9288607080288107, 0.7391878447398181, 0.9788196428410998, 0.7238347808788678, 0.44112472652872875, 0.0, 0.0, 0.0, 0.0, 0.0, 0.0, 0.0, 0.0, 0.0, 0.0, 0.0, 0.0, 0.0, 0.0, 0.0, 0.0, 0.0, 0.0, 0.0, 0.0, 0.0, 0.0, 0.0006537538541271653, 0.0, 0.0, 0.0, 0.0, 0.0, 0.0, 0.0, 1.0512565818492513e-05, 0.0007186961826402075, 0.000676080359584711, 0.0, 1.0027065514646455e-06, 1.207277776728323e-05, 0.0001302612392076367, 1.1191235738962447e-05, 2.5849631160185306e-05, 0.0, 0.0, 0.0, 0.0, 0.0, 0.013917147539060057, 0.0, 0.0, 0.0, 0.0, 0.0], "grad": [16139.164974158528, 31331.466743851535, 13432.439984774828, 11530.988741396184, -8805.499472994663, -37559.23139359573, -63696.22425841287, 6370.861683766236, -22938.95223731215, -20983.3383874412, -33497.21726998461, -8234.03749941349, -64278.69594147464, 591.9818106301756, 9196.912201670726, -39373.05840478664, -13368.636924111235, -36764.73185229034, 52551.6325162369, -13106.552343320453, -8036.609813482637, 31596.815706770863, 32460.77092916001, -32268.674783368046, -50142.490494561825, 36451.57741688779, 8014.791353343431, -35415.55896697085, -5253.334938453874, 42422.87015476312], "optimality": 64278.69594147464, "nfev": 201, "njev": null, "status": 3, "message": "`xtol` termination condition is satisfied.", "success": true, "res_time": 2224.452570000023, "tension_error": [0.965467019130889, 1.4395677855584854, 2.879328670731628, -1.1560262582135417, -1.223132002038044, 1.1817517178992474, 0.14665509011558944, 0.19916730257848703, -1.2887534376012462, -0.3056681757453413, 0.0332311240650392, 0.13588053096013866, 0.13313990081774008, -0.0903800400285023, 0.015183319819203128, 0.03479988894174479, 0.07689778983476961, 0.03393137591028425, 0.04485321446155056, -0.032457488448746734, 0.7685135470263347, 0.7341799424279167, 0.07484596776343322, 0.15109089066577808, 1.2008087494989914, -0.3299487579612567, -0.4150162562929558, -1.9866292908144, -0.2897563035470631, -0.7410663725510326], "git_revision": "018ef57f2e70e762a509d3bbb7a77c8182022b6e", "linregress": [6.778503122418549, 0.15675779020056563, 0.6154682821083862, 0.00029459700163527987, 1.640455333861736]}