{"x": [0.10906085512270884, 0.17489023728830286, 0.3603230798928432, 0.04053656382037924, 0.11187584010676513, -0.03398360605059872, 0.10217207321255985, 0.4444014486158156, 0.029276737187554348, -0.09460515628556619, -0.0011566405870974603, -0.0007379346470254234, -0.0009118100506115423, -0.004160962425056576, -0.0011672045716324068, -0.0006564696083486661, -4.955647060735818e-05, -0.0009803223086388153, -0.0013919959057383162, 0.0002207440549240548, 0.08742487711935437, 0.04356351855970502, 0.058040263462110935, 0.04619485438434864, 0.05583203383888734, -0.03605506053732258, 0.053372122325629615, 0.10239582828330075, -0.021570690284105964, -0.004485211381989676], "cost": 14.36066950959036, "fun": [1.4727519281270722, 0.7356250983154039, 0.9078206333683718, 1.1930786227236478, 0.5550877488149031, 1.5962923736589205, 0.7891014447992707, 0.8471087283926498, 1.175359517011427, 2.1094017464785666, 1.407326454308759, 1.001862614496303, 0.6337903818857242, 0.9527555031616123, 0.9178258949004143, 1.365457196947149, 1.1706319942194925, 0.8936645498096697, 1.6193871705163312, 1.1059855640626821, 0.0, 0.0, 0.0, 0.0, 0.0, 0.0, 0.0, 0.0, 0.0, 0.0, 0.0, 0.0, 0.0, 0.0, 0.0, 0.0, 0.0, 0.0, 0.0, 0.0, 0.0, 0.0, 0.0, 0.0, 0.0, 0.03924717319275115, 0.0, 0.0, 0.0, 0.8467289768192201, 1.5473739581614258e-06, 4.018404991392839e-07, 7.580766589176736e-07, 7.204127358981832e-05, 1.5901604210915062e-06, 2.829071182455366e-07, 1.2170295005314903e-10, 9.421209410992414e-07, 2.697204488159588e-06, 0.0, 0.0, 0.0, 0.0, 0.0, 0.0, 0.04687040295561437, 0.0, 0.0, 0.010036727418730735, 9.022954071506026e-05], "grad": [-108240.88189006555, 760067.2653724302, -186384.79632298928, 299000.6298540057, 459789.22029966535, -15460.718020724404, -523923.12764678005, 31054.29696445976, -814695.8668894591, 703768.8591192411, -610023.7169702554, -95873.5912298687, -448301.86538021755, -200258.45180053395, 217465.0594380124, -94406.22963138702, 300800.67358324525, 437098.61355503014, -1262.6699255239828, 330488.95161888155, 54841.56609015635, 141221.44813020347, -634580.6758869649, 202734.8008906597, -432662.78069007595, -79458.61695386047, -69717.74889393848, 476011.7381827808, -571141.3907812495, 534766.0809145294], "optimality": 814695.8668894591, "nfev": 78, "njev": null, "status": 3, "message": "`xtol` termination condition is satisfied.", "success": true, "res_time": 2615.927335000015, "tension_error": [-0.2116955015705001, -0.711856757697731, -2.718302904506265, 2.1327454480642998, 0.2440493617662213, 1.9582383850786662, 0.3912520737004432, -3.9937420227334157, 2.30355303591462, 3.3762930526139394, 0.017545828646771167, 0.011194207616140529, 0.013831835995467978, 0.06312032841498788, 0.017706080556089382, 0.009958411790479666, 0.0007517541328870835, 0.01487114271957882, 0.021116085594386585, -0.003348609244476177, -0.49028311705573707, 0.17507818021071528, -0.044528920088307125, 0.13516174635362038, -0.011030857670287766, 1.3828638670691444, 0.026285130009299634, -0.7173871515604928, 1.1631410928951185, 0.9039604204298382], "git_revision": "018ef57f2e70e762a509d3bbb7a77c8182022b6e", "linregress": [13.71482384126264, -0.1286000352204233, 0.7740547893142552, 5.224769795357443e-07, 2.1199450315164716]}