{"x": [0.1095038161252551, 0.15668537596699678, 0.2006325604967474, 0.19251066909163744, 0.20273663863258973, 0.044859809807057865, -0.03129631314739793, 0.02132637993112553, 0.0035607019499479093, -0.029806345442027284, 0.0064869411555556885, -0.003287713195912478, 0.027497242741703384, -0.000820647998490785, 0.018547513479859903, 0.006440472359759423, -0.02783977721575709, -0.010212587119127866, -0.011498960274807454, -0.026711068757974177, 0.0007517793875412227, -0.032687648010083246, 0.0785495610647358, 0.0009485416179407849, 0.0035356664442365853, 0.031511151298196254, 0.007007071104976989, 0.08228407058202761, 0.06852684193533971, 0.10228919040006183], "cost": 15.288292757263974, "fun": [1.6706770442996388, 1.4108301380847703, 1.1575982314207718, 1.0553572500874766, 1.0120623701868143, 1.2207749674479669, 1.169524355540444, 1.5115199170588598, 0.7945253079273379, 1.5653665877658225, 1.566288315130281, 1.8597538314993596, 1.1797743130419225, 0.6787128385011718, 0.5553601688993942, 0.8593828520350084, 1.4096255455635325, 1.1681368973892612, 0.5813854500319207, 1.260067180573199, 0.0, 0.0, 0.0, 0.0, 0.0, 0.0, 0.0, 0.0, 0.0, 0.0, 0.0, 0.0, 0.0, 0.0, 0.0, 0.0, 0.0, 0.0, 0.0, 0.0, 0.0, 0.0, 0.0, 0.0, 0.0, 0.0, 0.030653462358444357, 0.0, 0.0, 0.026480500618927552, 0.0, 3.553708281456784e-05, 0.0, 5.526761757867358e-07, 0.0, 0.0, 0.02157730829093661, 0.0010651415417448158, 0.0015204625263242157, 0.01905784523561674, 0.0, 0.03492617438750052, 0.0, 0.0, 0.0, 0.0, 0.0, 0.0, 0.0, 0.0], "grad": [-28814.742123264863, 2847.6899863641315, 7086.440653386227, 1102.7764140472893, -11368.988139178997, -681.6459988794282, 5398.278863842129, 22429.3250161799, -10949.875167193164, -14185.414996315081, -28476.595875256782, 12967.83484309728, -13201.71185893622, 13847.64760637723, -24079.028362240315, -14915.19887014322, -6063.568023651289, -19133.412260638863, -33151.54984234978, -5588.755243061646, 15297.204225662426, 17970.84684825041, 3298.880022889061, -12905.31616094174, -6662.684784826453, -6061.081601044995, 5040.728877179846, -1998.6667342914573, 18167.850229707154, -42480.60558964537], "optimality": 42480.60558964537, "nfev": 322, "njev": null, "status": 3, "message": "`xtol` termination condition is satisfied.", "success": true, "res_time": 3415.3543850000133, "tension_error": [-0.21841506332077765, -0.4356954498160513, -0.29585420169095317, -0.17264798147750388, -1.1342768178844194, 0.7622116504159323, 2.415920292122165, 2.4241571437576384, 2.6936561956919043, 2.3933180089762307, -0.09840460314702523, 0.04987344644369466, -0.41712344766952814, 0.012448939905324072, -0.28135921994399016, -0.09769968794903004, 0.4223195744995922, 0.1549213347960625, 0.17443516062678144, 0.4051974663759979, 0.8245171225792078, 1.3317814099558238, -0.3556477113666983, 0.8215323091313149, 0.7822865404834187, 0.3579083291068899, 0.7296265594829234, -0.4122988999909627, -0.20360660682582743, -0.7157694925854954], "git_revision": "018ef57f2e70e762a509d3bbb7a77c8182022b6e", "linregress": [7.472375818063561, 0.22724301035670885, 0.6087926152109501, 0.0003570713528942318, 1.840195096584258]}