{"x": [0.010981324645793393, 0.1412889869174361, 0.1885076733584033, 0.13101225674189448, 0.1172561272040276, 0.06112167813417007, 0.14546519953483275, 0.2626800334572584, 0.056398409143162215, 0.013524726174524066, 2.599801657387081e-05, -2.1499051894598812e-05, -0.02413343308315833, -5.344745136329843e-06, 3.1232965617298226e-06, -0.00010542664658804659, 0.09246594901524545, 4.30007164609305e-05, -0.0002099647998250661, 5.290083153106459e-05, 0.039311206759951735, 0.12309152291064304, 0.04877358057121391, -0.008032699732215418, 0.07402151487244028, 0.011026922377872372, 0.06626301207616006, 0.0701811591037433, 0.08113280543575507, 0.028331715742429313], "cost": 4.655015666456919, "fun": [0.6560879421116791, 0.6053867846834899, 0.5229714689476547, 0.6739538832143376, 0.3712615223804016, 0.7587664583276738, 0.5284170440821487, 0.29153064461594774, 0.7580889020304884, 0.5518742946312536, 0.834477973336918, 0.7237103801031022, 0.7824750880426387, 0.7988251061930488, 1.0143066750668044, 0.6372578997087827, 0.7530545808583161, 0.9032660766348383, 0.6019184152400056, 0.42122954192168777, 0.0, 0.0, 0.0, 0.0, 0.0, 0.0, 0.0, 0.0, 0.0, 0.0, 0.0, 0.0, 0.0, 0.0, 0.0, 0.0, 0.0, 0.0, 0.0, 0.0, 0.0, 0.0, 0.0, 0.0, 0.0, 0.0, 0.0, 0.0, 0.0, 0.0, 0.0, 9.93706027281335e-12, 0.014055856659304979, 1.5267959604685183e-13, 0.0, 1.171793752163966e-09, 0.0, 0.0, 9.25634379741559e-09, 0.0, 0.0, 0.0, 0.0, 0.0005183040460899713, 0.0, 0.0, 0.0, 0.0, 0.0, 0.0], "grad": [24030.50282185201, -178196.87834416114, 250860.2137609111, 213333.86923943966, 300600.176697352, -5704.36431296107, -150976.9110014736, -305744.01936477335, -266077.6359509444, 293754.3266158416, 149953.15724101025, 238867.99060325994, -1188.029933440188, 238631.87634790622, -2629.8129326424514, -5468.63898842008, 233974.02011431498, 7200.176009378637, -310584.80033745395, 285.4190043688467, 18033.367948669875, -31212.3140479822, 37682.094452399586, 15299.815242488932, 229118.81887365057, 6793.189224946234, -2552.4233799129543, -138366.33761935597, -114642.93571918631, -328691.9707727671], "optimality": 328691.9707727671, "nfev": 105, "njev": null, "status": 3, "message": "`xtol` termination condition is satisfied.", "success": true, "res_time": 1284.2282070000074, "tension_error": [1.2761362887890442, -0.20213767304762034, -0.11192395191069056, 0.7602611842339222, 0.1624323093023285, 0.515524859093933, -0.2654893414869979, -1.237092422686011, 1.8921268642451516, 1.7360009770943836, -0.0003943807169224104, 0.0003261330138494325, 0.366095644800103, 8.107789348637577e-05, -4.737930425101312e-05, 0.0015992849433716964, -1.402675744894875, -0.0006523056610050508, 0.003185091756834397, -0.0008024869053272793, 0.23958424633307546, -1.0313335197823552, 0.096043382095608, 0.9577745640919374, -0.2869588520261715, 0.6686468373406084, -0.16926510849202966, -0.22870201320185768, -0.39483461488041804, 0.406139242043233], "git_revision": "018ef57f2e70e762a509d3bbb7a77c8182022b6e", "linregress": [4.307369498888589, 0.19652899287197045, 0.4892010401636729, 0.006079153626579416, 1.4512672956169002]}