{"x": [0.03995459659539001, -0.00837661015998998, 0.20332981759498076, 0.2283375585129673, 0.30504703253934057, 0.21350762142842425, 0.16822673478763006, 0.25748846052031366, 0.2770184796696268, 0.17994279849818415, 6.660859346514238e-05, -0.0012670416408551574, -0.00027268375382235216, 0.0003755726686732484, -0.00033865055673594236, 0.0005745483772844485, -0.09119417988399292, 0.000247093756102709, 4.070723180465998e-05, 0.0013169909314699687, 0.03769302247430548, 0.05084299732413269, 0.04722829907258477, 0.07305581901097516, 0.10599179065954387, 0.0768743845740715, 0.17119158496914078, 0.06532954751497597, 0.011199722377787694, 0.19448594209849077], "cost": 8.138396807938495, "fun": [0.5390226594764352, 1.1770772040936792, 1.1214154781147092, 0.7445408466922075, 0.7400619426071665, 0.7168251313818702, 1.094945575500842, 0.6268782034491983, 0.5961385738666776, 0.5880278324199338, 0.9244941467407578, 0.9422979698091677, 0.690780175912165, 0.7314317268503835, 0.5728287809608559, 0.9098189649867058, 1.2172841679334898, 0.720801555448742, 1.3160920756735686, 1.102249021719282, 0.0, 0.0, 0.0, 0.0, 0.0, 0.0, 0.0, 0.0, 0.0, 0.0, 0.0, 0.0, 0.0, 0.0, 0.0, 0.0, 0.0, 0.0, 0.0, 0.0, 0.0, 0.0005877666124027727, 0.0, 0.0, 0.0, 0.0, 0.0, 0.0, 0.0, 0.0, 0.0, 2.034101706411061e-06, 2.0275790343787107e-08, 0.0, 3.883786803575788e-08, 0.0, 0.7584053118706151, 0.0, 0.0, 0.0, 0.0, 0.0, 0.0, 0.0, 0.0, 0.0, 0.0, 0.0, 0.0, 0.0], "grad": [78790.06446788713, -92491.42849810858, 113482.49510922341, 37965.30302156117, 94903.06913914437, -85964.37497268297, -22299.370390215823, 107118.48626049337, 95273.61023031341, -108664.27283343367, 47187.61912031086, 149391.0023574175, -112760.58068844074, -92530.7954684993, -44824.83197793552, 21280.755741073306, 128709.97649512028, -105410.35821589676, -69636.20351009036, -42587.58539721744, 64810.217545133535, -42367.49646446228, -85996.17684877926, -94160.07603949451, -110048.25848456915, 38467.230298438946, -30859.03735238159, 10363.209292531083, 135542.61129707147, 69431.16955781108], "optimality": 149391.0023574175, "nfev": 136, "njev": null, "status": 3, "message": "`xtol` termination condition is satisfied.", "success": true, "res_time": 1809.2957469999674, "tension_error": [0.8366220000508013, 2.068236503624724, -0.33677063795457335, -0.7161292233998093, -2.6862893101801366, -1.7961160076053766, -0.610773781388268, -1.1583380972931643, -1.4546015807681167, -0.7885023243541518, -0.0010104288059566019, 0.019220573587649073, 0.004136516107680196, -0.005697304558097888, 0.005137209177946501, -0.008715695687638816, 1.3833834569498302, -0.0037483248924757703, -0.0006175143098871511, -0.019978286661123824, 0.26413152965649433, 0.0646510618273146, 0.11948475592290224, -0.2723095873374031, -0.7719366290538685, -0.3302358764491168, -1.7609944500591754, -0.1551047812295475, 0.6660255224546379, -2.114361609389049], "git_revision": "018ef57f2e70e762a509d3bbb7a77c8182022b6e", "linregress": [6.225147846190273, 0.27040666594864016, 0.5054536526618916, 0.004382757006232614, 2.0082903870942914]}