{"x": [0.07859965814400534, 0.17929941519802264, 0.06751320177768987, -0.01094180354660116, -0.005591959430953228, 0.22547428445584639, 0.07033459761607624, 0.2542032711146884, 0.25714676947009263, 0.023653519919638953, 0.006042684897030469, -0.02556034758717988, 0.01873775872033543, -0.029740856810402252, -0.032534042805765565, -0.028378619674168923, -0.03448105041307611, -0.021529310526081258, -0.04493799194089076, 0.002416214536765266, 0.08031110004152586, -0.021805836678979538, 0.06048375984348865, 0.02017461728778599, 0.0749968983996296, 0.03042543976303142, 0.05826346868627247, 0.016019001397169896, 0.06828213559177752, 0.060089361015870035], "cost": 7.2514747033793805, "fun": [0.9930857059982157, 0.8847050435648581, 0.793682261614049, 0.6722389105989058, 1.1270932204363422, 1.3258963876101346, 0.4731724696526327, 0.8063179308175157, 0.3576965971704157, 0.8716608496505935, 1.0261159356872067, 1.255107663657484, 0.7248100625707403, 0.7952770454735619, 0.7676133503518346, 0.5058244801158384, 0.5534438411801861, 0.9286937996284511, 0.6834730868178022, 0.7630499144957237, 0.0, 0.0, 0.0, 0.0, 0.0, 0.0, 0.0, 0.0, 0.0, 0.0, 0.0, 0.0, 0.0, 0.0, 0.0, 0.0, 0.0, 0.0, 0.0, 0.0, 0.0, 0.0, 0.0, 0.0013099862556121011, 0.00017486062887686084, 0.0, 0.0, 0.0, 0.0, 0.0, 0.0, 0.016699376875559686, 0.0, 0.026306339952619582, 0.03443611117420315, 0.02285460938990166, 0.04099599792117538, 0.009979076809621637, 0.09074881987740865, 0.0, 0.0, 0.01036855569812367, 0.0, 0.0, 0.0, 0.0, 0.0, 0.0, 0.0, 0.0], "grad": [-3860.9329038788146, -72096.75639266515, 338959.491110665, 57837.34810267399, 161001.2757254797, -105055.08445473143, -346724.9540502457, -333564.89272608515, 233754.3771693459, -343674.615245686, 224753.19998012148, -307489.61525149, 36674.90474107661, -39561.281928642915, 6924.760098267971, 29915.14641830709, -43297.51712271796, 356050.13186745305, 238975.00665099433, 99184.9305990274, -6641.752280143142, 43543.86627093018, -90624.89125635948, -41496.0042787939, -56383.44654794632, -82178.76074826211, -103855.78047833059, 309960.87721968617, 5686.721578637431, -12315.996149064358], "optimality": 356050.13186745305, "nfev": 138, "njev": null, "status": 3, "message": "`xtol` termination condition is satisfied.", "success": true, "res_time": 2020.698533000017, "tension_error": [0.25039008363717186, -0.778742427230745, 1.7235193908560271, 2.913654075093542, 2.025994336889598, -1.9776460535807638, 0.8742153188027786, -1.1085029358555585, -1.1531547649043552, 1.5823507581475893, -0.09166539282162935, 0.3877414331810748, -0.2842451729595453, 0.4511582796112835, 0.4935299233179868, 0.4304936240257501, 0.5230653401388321, 0.3265920265877016, 0.6816934448958731, -0.03665312000014461, -0.38236963465570245, 1.1667081805430726, -0.08159589602267858, 0.5298795407467177, -0.30175507517781935, 0.37437818912073345, -0.047914864399694515, 0.592918764125108, -0.1998944981372549, -0.07561300529147118], "git_revision": "018ef57f2e70e762a509d3bbb7a77c8182022b6e", "linregress": [7.849790235381403, 0.2108009272606297, 0.7057610558844777, 1.320967784272863e-05, 1.48912282279334]}