{"x": [-0.01842611178004252, 0.17562483957363278, 0.1680163787958967, 0.319171101553136, 0.1814664328535902, 0.16686628046179058, 0.012843167485302478, -0.07224848534310341, 0.057438228149257295, 0.1800971352254379, 0.06076546527470759, -0.08399866583022683, 0.09894647856912772, 0.044933768260008576, 0.09595955670347094, -0.0394528786013676, -0.05538774980568283, 0.007455924283671124, 0.03654469364054506, -0.0366507557203502, 0.03361437478457404, 0.10333065639261604, 0.033016466338442116, 0.040353791757831006, 0.06229672339954899, -0.029773191728371715, 0.0922484424746366, 0.051306450719140265, -0.01617432438360281, 0.10661029182749891], "cost": 16.70528466856318, "fun": [1.251936895607819, 0.9447519488221731, 1.1182040081470004, 1.135700101806819, 1.0313522947995468, 1.028428964552098, 1.2747260107056513, 2.0784234737994756, 2.2433683244574865, 1.1740950809176054, 1.244325210242159, 1.0482749759925565, 1.1254333299390746, 0.547993307553792, 0.5786979494144173, 1.6428090209659407, 1.2792039352156284, 1.876169672190986, 0.6761715306585669, 0.7364912423239218, 0.0, 0.0, 0.0, 0.0, 0.0, 0.0, 0.0, 0.0, 0.0, 0.0, 0.0, 0.0, 0.0, 0.0, 0.0, 0.0, 0.0, 0.0, 0.0, 0.0, 0.006256062867300397, 0.0, 0.0, 0.0, 0.0, 0.0, 0.0, 0.3771257963112624, 0.0, 0.0, 0.0, 0.5926757587428014, 0.0, 0.0, 0.0, 0.06140957452922757, 0.16991869552016897, 0.0, 0.0, 0.049232149989528635, 0.0, 0.0, 0.0, 0.0, 0.0, 0.026392235778421428, 0.0, 0.0, 0.004231345095703522, 0.0], "grad": [2179.10628178405, -1688.8815333198593, 24741.1398403009, -273414.5311963742, -14314.671502806103, -8710.374519535935, 8915.646664657446, -21843.294283041832, 11370.804684323106, 6672.335515121669, -42502.69124396691, 175382.7666178404, -1621.0511145472647, -13860.85081452897, 22916.00688836114, -52601.7553054013, -127787.98564983005, -20684.81155253717, 21519.935134468076, 3064.048868472431, 28409.709604357457, -16231.06113284128, 50990.62861404127, 9161.413652892847, -15202.26084441786, -149558.78472561314, 237502.8307753138, 9043.884355489057, -165244.14777614683, 11881.462843325819], "optimality": 273414.5311963742, "nfev": 108, "njev": null, "status": 3, "message": "`xtol` termination condition is satisfied.", "success": true, "res_time": 2333.6307249999954, "tension_error": [1.7222366990844824, -0.7230004145654797, 0.19892173961609247, -2.094041946972272, -0.8116153186745177, -1.0885833603983268, 1.746339981368658, 3.8436547561200634, 1.8763531776668656, -0.7908435579235992, -0.9217906177984613, 1.2742300535320619, -1.5009830863120526, -0.6816293731506446, -1.455672537969958, 0.5984862154099146, 0.8402125760254482, -0.11310373450829844, -0.5543700780679266, 0.5559790023084733, 0.3260031726481707, -0.7315681633658905, 0.33507323231866365, 0.22376860063764856, -0.10909791199230774, 1.2875701388938758, -0.5634548975849573, 0.057620637730773604, 1.0812801306725217, -0.7813190730315608], "git_revision": "018ef57f2e70e762a509d3bbb7a77c8182022b6e", "linregress": [5.558946509356398, 0.5965081877069436, 0.4504674545746578, 0.012488176916089763, 2.082096064515905]}