{"x": [0.14120632911507774, 0.04855940828804697, 0.018639166372505445, 0.20457271765747298, 0.09734730195904191, 0.10622318234342826, 0.04610755319596855, -0.02994045263402717, 0.17139364286885742, 0.16182030054722688, 0.0027921351174653754, 0.02301004094333003, -0.0062764781443707465, 0.005315042659673962, -0.00892968259055562, -0.008705732843736219, 0.008244167932155134, -0.008988252061272045, -0.001406024128183717, -0.008481586346584623, 0.058506737329412646, -0.003017243666974248, -0.002407369791313581, -0.010401492758988889, 0.04379642700484164, 0.0463633567115112, 0.036195767013179225, -0.008804063096110187, 0.14084629988842165, 0.0020870834529847708], "cost": 10.5503977794726, "fun": [0.691621521372284, 1.42088326673017, 1.079868792349959, 1.2332266212646819, 0.9043840925799809, 0.6713243908065016, 0.9619114043736421, 1.2279322087630073, 1.04616875666375, 1.045113937781093, 0.4384455291680769, 0.8221334234657504, 1.2078450686865834, 0.9619350447419142, 0.5786672860793102, 0.7602951945624077, 0.9323304086717553, 0.9573405738863456, 1.3573534554165971, 1.4946727420162924, 0.0, 0.0, 0.0, 0.0, 0.0, 0.0, 0.0, 0.0, 0.0, 0.0, 0.0, 0.0, 0.0, 0.0, 0.0, 0.0, 0.0, 0.0, 0.0, 0.0, 0.0, 0.0, 0.0, 0.0, 0.0, 0.0, 0.0, 0.02683954103071651, 0.0, 0.0, 0.0, 0.0, 0.0002472566965844902, 0.0, 0.0007120460243458237, 0.0006598056148050755, 0.0, 0.0007261489756474639, 2.779574510842163e-06, 0.0006101424804759539, 0.0, 2.7468260232062955e-05, 1.3951741453713069e-05, 0.0011253484399639184, 0.0, 0.0, 0.0, 0.0006824163743863952, 0.0, 0.0], "grad": [-14164.25594998888, -13918.637301106759, -43385.96305269012, 19121.83987271238, -5767.758451064202, -5605.155651326923, 10915.330856888357, -55096.61986400993, 24063.248651256396, -70883.97137903387, 45227.98616786428, 100486.98400791353, -8858.140364114919, 48437.93142778173, -3965.31264554925, 31182.604117548104, -170.9281823201236, -36211.40415108796, -1588.7159301421416, 38121.79280065253, -17542.227970895354, -19784.829057574898, -52658.47226441833, 24196.973480014523, -43012.23606286877, 39864.09122771581, -48401.78053019475, -31799.981351908325, 31379.67362344467, 31524.7832154591], "optimality": 100486.98400791353, "nfev": 141, "njev": null, "status": 3, "message": "`xtol` termination condition is satisfied.", "success": true, "res_time": 1991.9420469999895, "tension_error": [-0.6993309734111737, 1.204537239858112, 2.4649212230773405, -0.3556249923364088, 0.46444214727941907, -0.1686490090850443, 1.2417310144776572, 3.2018568626549158, 0.14768983803829314, -0.5135904396718923, -0.04235570226064681, -0.349054183339702, 0.0952119537000598, -0.08062731742013499, 0.1354601268118413, 0.13206288835504323, -0.12506111188419786, 0.13634860496882983, 0.02132888876763806, 0.12866266526528883, -0.051605163681324714, 0.8816918693570384, 0.8724402983523087, 0.9937083165566793, 0.17154504146879365, 0.13260562564338685, 0.2868443654798408, 0.9694758735205286, -1.3006672073503254, 0.8042610321523592], "git_revision": "018ef57f2e70e762a509d3bbb7a77c8182022b6e", "linregress": [6.937532918546705, 0.14844982755559655, 0.5948114585408644, 0.0005269761206009134, 1.7718622938606603]}