{"x": [0.015380180604271472, 0.17150594034041333, 0.2223084061141913, 0.020700447377161577, -0.05703312428923339, 0.049253720435887695, 0.004292395117918233, 0.40245748921039176, 0.2824998684571413, 0.12398740738186097, -0.0036415811127469464, 0.01710134623690157, 0.002481282159986085, -0.024306213772540733, -0.010634605104184442, -0.011236754509287348, 0.024037231135576317, 0.00899456296642966, -0.012508087697560719, 0.0074272534852655794, 0.07962584742038996, 0.03477391890442511, 0.017684054135545565, 0.1265266759348322, 0.10101477889178688, 0.11618224869234758, 0.07534449380939424, 0.03573545351721093, 0.012975319329727949, 0.031457191010234156], "cost": 6.459430574130658, "fun": [0.6057397971439413, 1.066561914890667, 0.533873671186156, 0.9511398122897572, 0.8981184739896577, 0.9588839063441222, 0.48768745745939157, 1.008060906925643, 0.6395250924295358, 0.648763978815847, 0.820806595267333, 0.8023477311095439, 1.2072984653762087, 0.9635480798490809, 0.49455859126758417, 0.9227160223603733, 0.7978400926551198, 0.7376121285805399, 0.4827684867594163, 0.408560378825854, 0.0, 0.0, 0.0, 0.0, 0.0, 0.0, 0.0, 0.0, 0.0, 0.0, 0.0, 0.0, 0.0, 0.0, 0.0, 0.0, 0.0, 0.0, 0.0, 0.0, 0.0, 0.0, 0.0, 0.0, 0.1855160501078723, 0.0, 0.0, 0.0, 0.0, 0.0, 4.8291418637407776e-05, 0.0, 0.0, 0.014359917326622305, 0.001202718810879455, 0.0014188048966232785, 0.0, 0.0, 0.001956918561667554, 0.0, 0.0, 0.0, 0.0, 0.0, 0.0, 0.0, 0.0, 0.0, 0.0, 0.0], "grad": [-82130.160532334, 39657.43389392793, -5977.932576245431, 21072.08100168036, -9039.374810987956, 61701.41947510728, -11804.249132152845, 204167.23002737734, 18491.21005401804, 12344.050850381478, -28240.899861255763, 66737.56126393992, 9710.80807976743, -33467.40580172374, -71424.94094726696, -60955.85446430775, 11329.19016146415, 35527.532312683994, 6538.902697208152, 2909.50787351921, -101468.82809080913, -2890.5680939131425, -67655.34642474518, 7148.676383781505, -29089.081383781428, 3306.4569174665444, 31326.366732125935, -193795.21130858906, 52423.85979618282, -57988.56354595799], "optimality": 204167.23002737734, "nfev": 107, "njev": null, "status": 3, "message": "`xtol` termination condition is satisfied.", "success": true, "res_time": 1325.738376000023, "tension_error": [1.2094071996058877, -0.6605181698945203, -0.6246691137907738, 2.433652319232889, 2.806338615018961, 0.6955575801345661, 1.87605217410103, -3.357466992525885, -1.5377523101173356, 0.06032116960070934, 0.05524149759253809, -0.2594213743223041, -0.03764017283247701, 0.36871666675211856, 0.16132319837776507, 0.17045759189598297, -0.36463629527822994, -0.13644433916814527, 0.1897432667402103, -0.11266880863625016, -0.3719745947406901, 0.30841329843639564, 0.5676605029493613, -1.083443576277184, -0.696437120715528, -0.9265222734366043, -0.30702797461275916, 0.293827158418418, 0.639090344654373, 0.3587268875915868], "git_revision": "018ef57f2e70e762a509d3bbb7a77c8182022b6e", "linregress": [9.795540163524468, 0.10997215714214414, 0.7268625783989153, 5.393192619730551e-06, 1.7491077154596166]}