{"x": [0.09716895604859697, 0.10482306384249539, 0.17055094447594876, 0.07332079186518504, 0.18976843126336335, 0.1447361673370102, 0.22238292361300402, 0.08679085396254246, 0.1962813806481126, 0.021975384515364738, 1.5589060214907588e-06, 1.2774484196334243e-08, 7.382607274802615e-07, 3.5192344489899596e-08, 1.55209905418307e-07, -1.9308802071815033e-07, 1.243799753151314e-07, -5.4498690612050236e-08, -1.5540847706870376e-08, -5.782611367890472e-08, 0.020438266225142478, 0.095723126481401, 0.02851128131497464, 0.11672471296886414, 0.09929487014592256, 0.00623656404015478, 0.00265624945602164, 0.06758841194288698, 0.00985198729321413, 0.047084361034718664], "cost": 10.728836661463095, "fun": [0.8891766869763017, 0.7758649703527487, 0.8873447758868775, 0.918369645272163, 1.309684440226514, 0.9394669338339026, 0.9959175488474085, 1.181816997689315, 0.5930823246436447, 0.9743910060316299, 1.131428412770886, 0.2696196102195482, 1.2306846577902304, 0.9007852190781581, 1.2663069766324297, 1.4019213561576405, 1.229418144272094, 1.311757033692938, 0.9284743019054585, 0.8970554234204329, 0.0, 0.0, 0.0, 0.0, 0.0, 0.0, 0.0, 0.0, 0.0, 0.0, 0.0, 0.0, 0.0, 0.0, 0.0, 0.0, 0.0, 0.0, 0.0, 0.0, 0.0, 0.0, 0.0, 0.0, 0.0, 0.0, 0.0, 0.0, 0.0, 0.0, 0.0, 0.0, 0.0, 0.0, 0.0, 7.198897537760608e-18, 0.0, 1.6186695765164463e-19, 3.7533936397674394e-21, 1.9336239513256446e-19, 0.0, 0.0, 0.0, 0.0, 0.0, 0.0, 0.0, 0.0, 0.0, 0.0], "grad": [-11034.265091476189, -21289.392699184806, -64736.40056074383, 2608.2972435128186, 21680.43163017944, -5758.494371595868, 7599.253672463643, 13700.61719454245, -31729.41976025958, 14161.640771096463, 15102.565175755768, 872.7453101612764, 20237.492587534478, -6708.911105621734, -13243.92253889181, -18924.429489105853, 27380.309529689446, -17930.487909519317, 20227.00185184514, 27089.64366975226, -52573.98174082749, 13205.542250240233, 46220.87993785854, -58906.99236633873, -8698.984852380181, -6662.5682835961115, -15202.081849711833, -30501.872714409186, -379.06681211386126, 12876.08025262336], "optimality": 64736.40056074383, "nfev": 64, "njev": null, "status": 3, "message": "`xtol` termination condition is satisfied.", "success": true, "res_time": 780.8046070000273, "tension_error": [-0.03129959832568162, 0.351037483398222, 0.16047327462855587, 1.635420303151014, -0.9375536984517546, -0.7528773708692387, -1.4323040128984028, 1.4310842249794067, -0.22984834223290426, 1.6078074787381789, -2.3648053020632828e-05, -1.9378440741236119e-07, -1.1199154141318249e-05, -5.338554197267591e-07, -2.354479373393894e-06, 2.9290769864531806e-06, -1.886800237094771e-06, 8.267258624842437e-07, 2.357491635103222e-07, 8.772016936262674e-07, 0.525880079609556, -0.6161646251048574, 0.4034152958131893, -0.9347512646625123, -0.6703467133066484, 0.741314879157424, 0.7956269851785164, -0.1893709557270829, 0.6864701870453132, 0.12166824505195735], "git_revision": "018ef57f2e70e762a509d3bbb7a77c8182022b6e", "linregress": [5.471355041087136, 0.11448083218395588, 0.6521793057686245, 9.420143520104713e-05, 1.2018635537819775]}