{"x": [0.11548159992380971, 0.014418186840718475, 0.34267770982137963, 0.2250143576946644, 0.26006761516722304, 0.1707170406782865, 0.2945781752492284, 0.18005894989757681, 0.10768819830481784, 0.07941890028657932, 8.534847651910633e-06, -6.188827583207306e-06, -3.3471195540072604e-05, -3.5252889600764493e-05, -2.6681752340762813e-05, -1.5120191148468408e-05, -2.4551233962693504e-05, -1.9926021223687608e-05, -1.341184194762186e-05, 4.120551685390712e-05, 0.020380999142024986, 0.1065831467205842, 0.01137924401792653, 0.0384333117771027, 0.021475056866294223, 0.028951272090387035, -0.02433456473658318, 0.06336973145443411, -0.019583809374133364, 0.02206776528962514], "cost": 14.808112342445842, "fun": [1.270707885156865, 1.4323263461111124, 1.4078841043948158, 1.214923020709894, 1.0086629512186047, 0.80502953072105, 1.0951954586681067, 1.3880648870425327, 1.5284632040165647, 0.550390437574676, 1.3678437732489053, 1.246965511403425, 0.9880441570828525, 1.1532020467935025, 1.1188236656716664, 0.8748456772305143, 1.6914556987778455, 1.3997823154332285, 1.2722443825265426, 0.9341208617827444, 0.0, 0.0, 0.0, 0.0, 0.0, 0.0, 0.0, 0.0, 0.0, 0.0, 0.0, 0.0, 0.0, 0.0, 0.0, 0.0, 0.0, 0.0, 0.0, 0.0, 0.0, 0.0, 0.0, 0.0, 0.0, 0.0, 0.0, 0.0, 0.0, 0.0, 0.0, 2.370419172067771e-13, 3.749848094518009e-11, 4.3811100536664484e-11, 1.8995163944006273e-11, 3.4567808275346064e-12, 1.479857762434692e-11, 7.911553435110373e-12, 2.412488659320844e-12, 0.0, 0.0, 0.0, 0.0, 0.0, 0.0, 0.0, 0.01441022453037222, 0.0, 0.0075108920368753855, 0.0], "grad": [-35382.911436207774, 43393.19860944006, -23699.120159992235, 76270.74619586952, 872.0206510562789, 34020.64720377694, 41345.77496856062, 10536.73625795779, -77916.9497939194, 1715.8508060680708, 6205.184667503677, 36816.1099206827, -16300.895430576584, 15479.188688420712, 10996.808214515167, 55417.83300411647, 8065.806104138151, 30210.72578598613, -12209.517124824497, -26074.987992037575, -7969.042940510631, 7691.434099981675, -3378.6151548168186, 8695.79659741767, -23467.006293415114, 19399.633958378843, -39617.849731119895, 31699.28315814802, -44766.5429379557, 27548.349643492144], "optimality": 77916.9497939194, "nfev": 109, "njev": null, "status": 3, "message": "`xtol` termination condition is satisfied.", "success": true, "res_time": 1517.9403420000453, "tension_error": [-0.3090959294315622, 1.7224474947710486, -2.45062888101406, -0.6657174422750656, -2.0039674561431426, -1.1469980310160954, -2.5274804475231916, 0.016240194999991863, 1.114078901897794, 0.7364096600613376, -0.00012947062043059963, 9.388232568585846e-05, 0.0005077461988623784, 0.0005347738676460917, 0.00040475274669499596, 0.00022936795228948554, 0.00037243353638247465, 0.00030227069489243926, 0.00020345289909035695, -0.0006250731178598835, 0.5267488010072733, -0.7809072913598496, 0.6633022426636633, 0.25290160274504736, 0.5101523322564434, 0.3967407913580769, 1.2050680908626101, -0.1253750647030428, 1.1330008121745503, 0.5011611550927928], "git_revision": "018ef57f2e70e762a509d3bbb7a77c8182022b6e", "linregress": [7.832290969144657, 0.11008084162035259, 0.6623518990986075, 6.684253809629237e-05, 1.674228186428367]}