{"x": [0.15906222392572864, 0.06586581888358412, 0.3912894571832358, 0.09673672514060909, 0.13296988518460975, 0.07954548110064588, 0.13326694166720204, 0.1606992991516269, 0.3270816985957209, 0.19883432757471226, 0.0, 0.0, 0.0, 0.0, 0.0, 0.0, 0.0, 0.0, 0.0, 0.0, 0.11226455694516735, 0.036825007338092006, 0.11474062621894089, 0.09415565514844404, 0.06920239096251689, 0.032521653650615934, -0.009452268138320941, 0.09644386017786137, 0.09336137128205418, -0.001365483058511853], "cost": 5.194068380458269, "fun": [0.7211410944817536, 0.3142712309415195, 0.49206035792946434, 0.6283213225038616, 0.6731806172494835, 0.8851292319827572, 0.6951368718978505, 0.7095944927060486, 0.7707561465579867, 0.31041982200792995, 0.9800556641314646, 0.6823915348844146, 0.6008792434864857, 0.57342237975619, 0.6167123984067833, 0.6911744976079289, 0.8228514264285832, 0.7842878255129803, 0.7822445124363071, 1.1577702502885245, 0.0, 0.0, 0.0, 0.0, 0.0, 0.0, 0.0, 0.0, 0.0, 0.0, 0.0, 0.0, 0.0, 0.0, 0.0, 0.0, 0.0, 0.0, 0.0, 0.0, 0.0, 0.0, 0.0, 0.0, 0.0, 0.0, 0.0, 0.0, 0.0, 0.0, 0.0, 0.0, 0.0, 0.0, 0.0, 0.0, 0.0, 0.0, 0.0, 0.0, 0.0, 0.0, 0.0, 0.0, 0.0, 0.0, 0.0008445164221240843, 0.0, 0.0, 2.54600322074989e-06], "grad": [33487.494286848814, -159212.7910688846, 37493.73368925683, 35199.79557104978, -27908.673267470414, -675.0340488064722, -56770.20046805011, 59680.22823848236, -16034.669156664042, -26997.595295229854, -5934.672989210594, -692.1279380809046, 2952.272616360016, -1499.9215817469294, 77416.891939813, 12996.406174140184, 132077.51019121462, 28624.218949348462, 110820.41518644977, 37607.77117311659, -9495.902454671963, 32011.603331350547, 7529.833268299775, -4268.160730753154, 42446.47571428367, 11411.731210055714, 3000.834069578805, 10033.363418785833, 75964.4700027445, 43720.86421098929], "optimality": 159212.7910688846, "nfev": 48, "njev": null, "status": 3, "message": "`xtol` termination condition is satisfied.", "success": true, "res_time": 756.3325229999609, "tension_error": [-0.97019858274231, 0.9420051117387197, -3.1880518963793243, 1.2802088766820252, -0.07593984190845686, 0.23604228388630671, -0.08044608369187586, 0.3099192500487067, -2.214042906432943, -1.0750801392344516, 0.0, 0.0, 0.0, 0.0, 0.0, 0.0, 0.0, 0.0, 0.0, 0.0, -0.8670922751694746, 0.27729901228912834, -0.9046533703617057, -0.5923866393385051, -0.21385444665227551, 0.34257936579668147, 0.9793089147655568, -0.6270979003842438, -0.580337633993168, 0.8566352450911585], "git_revision": "018ef57f2e70e762a509d3bbb7a77c8182022b6e", "linregress": [7.9090759259751025, 0.03239755596380467, 0.6865606769692428, 2.798748873106969e-05, 1.5828710245051867]}