{"x": [0.05038861781139584, 0.0655647467683455, 0.011512409768401054, 0.3100123409181153, 0.10425306436731001, -0.004423177635494946, -0.049482663064058366, 0.29181652869053404, 0.3220891744997034, 0.006420977865730748, 0.006085784067682419, 0.03892731079310886, 0.01641360479375151, -5.3981957444785235e-05, -0.00867764480295477, 0.02811116091116555, -0.01408966710101214, 0.02804401921137749, 0.031864277349288976, -0.013028791466112154, 0.07200136667660001, 0.08774519538901769, 0.007640149027481899, 0.011657732117230635, 0.053122594298734366, 0.04048292878003368, 0.1216077088068968, 0.2279276728936068, 0.02990962115637485, 0.16237207075045634], "cost": 7.238276996199058, "fun": [0.656498515985635, 0.6176600970517129, 0.6569912158864, 0.9648999730112856, 0.6042393262628039, 1.0352945538938243, 1.294718398886525, 0.9432162753461459, 0.5906226666117248, 0.7237522440545145, 0.7473175336193225, 0.6968390806914968, 0.42368816837234147, 0.9913343708538905, 0.41705110088166336, 0.6648318915273495, 1.180365068070478, 1.0010156230716307, 1.3412266971704094, 0.6282614937501528, 0.0, 0.0, 0.0, 0.0, 0.0, 0.0, 0.0, 0.0, 0.0, 0.0, 0.0, 0.0, 0.0, 0.0, 0.0, 0.0, 0.0, 0.0, 0.0, 0.0, 0.0, 0.0, 0.0, 0.0, 0.0, 8.653726059742706e-05, 0.12115998014746424, 0.0, 0.0, 0.0, 0.0, 0.0, 0.0, 1.5730621645758317e-10, 0.0006534398378360136, 0.0, 0.0027970626642737422, 0.0, 0.0, 0.0022116296261778198, 0.0, 0.0, 0.0, 0.0, 0.0, 0.0, 0.0, 0.0, 0.0, 0.0], "grad": [-9737.059330306596, 27765.19832939255, 41010.18888095232, 72275.00126935045, -43943.50687761925, 108630.2691169665, -18736.686841414536, 24414.379840755584, -104954.28530459909, 67754.15448123767, 87235.67022426377, 33919.57097783734, 83282.2189321093, 82900.67535529516, -88594.39769981516, 75170.15612762904, -14092.623857452527, -10424.195649393132, -16490.13287128215, 85892.56240261055, -30147.904064273487, 37743.8991231604, -8807.420546612819, 70279.29629886191, -75870.37867416712, 13935.672747946475, -47529.11630125417, -29787.717899865238, -2759.530169218934, -16046.20445758409], "optimality": 108630.2691169665, "nfev": 142, "njev": null, "status": 3, "message": "`xtol` termination condition is satisfied.", "success": true, "res_time": 2232.024233999953, "tension_error": [0.6783415883178633, 0.9465722692492078, 2.573031600300619, -1.9551067872420302, 0.35968417384979046, 1.5098171404134444, 2.691800788542145, -1.6790827509118378, -2.1383080815610076, 1.843762326614946, -0.09231919199789267, -0.5905135376318437, -0.24898857985753814, 0.0008188872030855733, 0.13163680271005343, -0.42643636918091454, 0.21373526694647915, -0.4254178533405786, -0.48336981821363906, 0.19764215875614613, -0.2563139183443564, -0.49514223192222, 0.7200229912939498, 0.6590776766877997, 0.030070381928789844, 0.22180963768165518, -1.00882458459677, -2.621660838490989, 0.38220297495841893, -1.6272055384862842], "git_revision": "018ef57f2e70e762a509d3bbb7a77c8182022b6e", "linregress": [9.717169993709355, 0.26639054477445134, 0.7239819733041247, 6.123703216070334e-06, 1.749718225604029]}