{"x": [-0.010625898688422265, 0.20159758514940912, 0.2305762871255751, 0.2097852998075398, 0.13484207817519453, 0.03387794593598072, 0.3118259277975371, 0.21482632859263948, 0.10224242154899993, 0.213904454742967, -0.002592243439527792, -0.006888298831522555, -0.00977460321782788, 0.010745024969942844, -0.00038052187140106837, -0.0008917193509817285, -0.007454442843943259, -0.012050461373064128, 0.009248835009999798, -0.0036252666283088245, 0.15317094643384455, 0.03084474998203441, 0.066894747908823, -0.008173517576703825, 0.13049933164686753, 0.08720057478721542, 0.10607998838214497, -0.011081862418728081, 0.06921824652283065, 4.634498258594845e-05], "cost": 7.3194146077335915, "fun": [0.6837617166671762, 0.8734805897797481, 0.4001235044255458, 0.7630461925248905, 0.7410960118153856, 0.7198752047116088, 1.0392668408746377, 0.5881398526748314, 0.5970527374925316, 0.5493426116285738, 0.7146040038142467, 0.4779000168352196, 0.7041385725102353, 1.0156154697729436, 0.9556979076914737, 0.7059476998025972, 0.8871322663211775, 1.495114804342213, 1.2203946963636172, 1.150877369161958, 0.0, 0.0, 0.0, 0.0, 0.0, 0.0, 0.0, 0.0, 0.0, 0.0, 0.0, 0.0, 0.0, 0.0, 0.0, 0.0, 0.0, 0.0, 0.0, 0.0, 0.0011997672768622883, 0.0, 0.0, 0.0, 0.0, 0.0, 0.0, 0.0, 0.0, 0.0, 1.741916576795293e-05, 0.000326840554693289, 0.0009338936256381463, 0.0, 5.509838531179992e-08, 7.090625917885931e-07, 0.00041423383308915145, 0.001749891110262204, 0.0, 4.764527738599177e-05, 0.0, 0.0, 0.0, 0.0005460431994411693, 0.0, 0.0, 0.0, 0.0013609377546304584, 0.0, 0.0], "grad": [-4851.184654060498, -130805.52048056244, -2142.683501100756, -5818.033150091381, 12304.547305153661, -140827.65019289203, 16970.860474601403, 121605.8242550724, -10753.650258809721, 39712.8446452601, -10291.365135511875, -9687.267627931094, -5386.771581001208, -5472.158042942309, 13485.985190832478, -12111.454582856288, 131873.29044158015, 14801.061921642917, 136363.501761238, -11105.284409004798, -1883.8406692979033, 27795.308585923354, -11246.603725298128, -161285.3908418991, 120361.80261977682, -15990.400604783834, 134412.94095142788, -10885.172956267597, 2926.4887870816883, -76.8526891908507], "optimality": 161285.3908418991, "nfev": 109, "njev": null, "status": 3, "message": "`xtol` termination condition is satisfied.", "success": true, "res_time": 1359.7768170000054, "tension_error": [1.6039102251213668, -1.1169977793841814, -0.750089944700462, -0.43469802006216324, -0.10434034745263815, 0.9288026414753274, -2.7891227538112338, -0.5111686439132241, 1.1966894093207876, -1.303688638649809, 0.03932341620036794, 0.10449305714659732, 0.14827727391148077, -0.16299822869004058, 0.005772382213135376, 0.013527067187395051, 0.11308126159155525, 0.1828012372425092, -0.14030155614281647, 0.054994012633420374, -1.487627736688718, 0.3680174013924306, -0.17884831765274636, 0.9599107209909458, -1.1437073584525153, -0.48688053000433734, -0.7732745573135691, 1.0040292836742202, -0.2140949698947306, 0.8352183130172356], "git_revision": "018ef57f2e70e762a509d3bbb7a77c8182022b6e", "linregress": [5.161433332813157, 0.298308796164285, 0.51105700221659, 0.0039007809673898804, 1.6405576741733008]}