{"x": [0.02019327135159801, 0.17297113328224498, 0.20048954953756057, 0.3130713341208364, 0.1368333431931915, 0.05571469986231883, 0.1464305391330887, 0.21486492972668197, 0.2869653003748279, 0.03591595880373691, -0.0002786523670272403, 0.0008453173008261133, -0.0014901605765262793, -3.347384393063355e-05, -3.5069193198632743e-05, 0.0009692255265708033, -0.00030973964839830554, 0.0006739574210074518, -0.0004963695294253873, -0.0001162570922476382, 0.08327441282285443, 0.13973140001892412, 0.017173150485450185, -0.031627601369455575, 0.06791965411778982, 0.05112379930117402, 0.03857372563943126, -0.002309967277366884, 0.0674177114261976, 0.12594035597760775], "cost": 9.931779597062015, "fun": [1.215364382776591, 1.075801706445878, 1.0093612655603894, 0.7651088791047299, 0.7828853158381497, 0.733699671884302, 1.0345518444924426, 0.5558982495517383, 0.6794438666200352, 0.9337525068763295, 1.1072280824196505, 1.2022224570658901, 1.0200333747135018, 1.628001247735269, 0.9364126209398295, 0.5974935466814129, 1.0287444894170203, 1.0599793221299991, 1.023113999727859, 0.9670388363992853, 0.0, 0.0, 0.0, 0.0, 0.0, 0.0, 0.0, 0.0, 0.0, 0.0, 0.0, 0.0, 0.0, 0.0, 0.0, 0.0, 0.0, 0.0, 0.0, 0.0, 0.0, 0.0, 0.0, 0.0, 0.0, 0.0, 0.0, 0.0, 0.0, 0.0, 2.163655981363955e-08, 0.0, 3.3090186031002678e-06, 3.750738279163255e-11, 4.312978804461891e-11, 0.0, 2.9716003653733633e-08, 0.0, 1.2229686969317862e-07, 1.5712973184010177e-09, 0.0, 0.0, 0.0, 0.031637253113492865, 0.0, 0.0, 0.0, 1.2325867173692691e-05, 0.0, 0.0], "grad": [42735.206634995324, -32195.158928687102, 863.2190166251567, -28552.087942539805, 17025.031950725534, 42654.41564907753, -27191.72186814999, -28658.43171427027, 37651.305541772555, -84894.97349884364, -81415.55935419297, 40320.9545170802, -25885.2387002643, 5189.9201526361885, 3399.26129912376, -71844.20386292698, -7288.128245863618, -65434.27751223897, -27070.34327748802, -83953.96672489139, 37875.160907682584, -9396.610540070555, -13531.615691984513, -38395.49804623581, 476.51481703094123, 68000.17154510795, 6313.256213183405, 48062.03183242411, 33715.37727043436, -42156.83776981229], "optimality": 84894.97349884364, "nfev": 109, "njev": null, "status": 3, "message": "`xtol` termination condition is satisfied.", "success": true, "res_time": 1411.595983999956, "tension_error": [1.1363943151748874, -0.6827446286394531, -0.2936847760175903, -2.0015106322785168, -0.13454713354144446, 0.5975468072366907, -0.2801332017888798, -0.5117542094649054, -1.6054913330563172, 1.3963338970310277, 0.004227057859128348, -0.012823164497163152, 0.022605208933153854, 0.0005077863740105536, 0.0005319872581921382, -0.014702808460114092, 0.004698640923146065, -0.010223695723743575, 0.007529750214482515, 0.0017635789737136809, -0.42732204153816716, -1.2837545706274514, 0.5754107306342455, 1.3157008773154182, -0.19439578237268226, 0.060391395144507226, 0.25077157411253087, 0.8709627366632777, -0.186781489259143, -1.0745493098850125], "git_revision": "018ef57f2e70e762a509d3bbb7a77c8182022b6e", "linregress": [5.582136278282822, 0.13067919010554052, 0.6111413658750737, 0.00033387219653506007, 1.3662885726224998]}