{"x": [0.05665895003674798, 0.03162075527271051, -0.04683378488544983, 0.10198983148746642, 0.22847014905542776, 0.058706431968257006, 0.15310700639475186, 0.17850948774828665, 2.896929417420557e-05, 0.24896237817063477, 0.013236218463273218, -0.006425898691354767, -0.017640031397871153, 0.0032129977706981915, -0.012395367779998357, 0.0059291852392451706, 0.007079635223997379, -0.020987349668544625, 0.018516507972538135, -0.02118660206631458, -0.020900244269175396, 0.1107649006781208, 0.05560544045613546, 0.029243057370134187, 0.08330590475231614, 0.05505862662331145, 0.06584546404233388, 0.023075493668107277, 0.052792829717389335, 0.08980350036631794], "cost": 11.083368282054746, "fun": [1.0039401105791856, 1.2350416734111893, 1.162586609170049, 1.2726180658482193, 0.9771341500208502, 0.6940015071735942, 0.753163012227685, 0.6609367800165425, 1.025019652576698, 0.6941495065624187, 1.814249994404279, 1.2205846547374537, 0.9829722515016972, 0.9872267627658596, 1.021316395517511, 0.850403024688238, 1.0087309599195817, 1.1985996141482345, 1.00821004108416, 0.8481466249247114, 0.0, 0.0, 0.0, 0.0, 0.0, 0.0, 0.0, 0.0, 0.0, 0.0, 0.0, 0.0, 0.0, 0.0, 0.0, 0.0, 0.0, 0.0, 0.0, 0.0, 0.0, 0.0, 0.10272538331624087, 0.0, 0.0, 0.0, 0.0, 0.0, 0.0, 0.0, 0.0, 0.00026533932681552605, 0.005489061054241193, 0.0, 0.0019044880476758379, 0.0, 0.0, 0.009244273691405909, 0.0, 0.009510074712142566, 0.009129649101396676, 0.0, 0.0, 0.0, 0.0, 0.0, 0.0, 0.0, 0.0, 0.0], "grad": [-29225.539180926353, -10878.51315305719, -59811.340017133014, 100662.5978737071, -22209.555513868843, -15990.463903622274, -106937.3298311454, -2574.497848052035, -10287.94737257621, -32807.682219351904, 29665.34527769134, -33528.66666282703, -12709.536983425396, -50116.5324246706, -10634.426847036857, -166848.40326924526, -21510.027049427335, 31839.26543399242, -25227.086964404873, -43602.348270732145, 503.5348753533199, -71370.59781338063, -23846.84603794061, -16062.605090661007, -155473.6165452933, 38433.55170897129, -93180.31312720719, -98641.3852316823, 17285.553300831434, 27928.525918614447], "optimality": 166848.40326924526, "nfev": 140, "njev": null, "status": 3, "message": "`xtol` termination condition is satisfied.", "success": true, "res_time": 2315.639259000018, "tension_error": [0.5832228660357395, 1.4614906155476377, 3.4581227383840885, 1.2005211112228158, -1.5246450700413623, 0.5521632892507253, -0.38141284893742694, 0.03974498781927775, 2.747231331041352, -1.8355049384020952, -0.20078875294409126, 0.09747861055348002, 0.26759303770189313, -0.04874003986717959, 0.18803334545550898, -0.08994364315351033, -0.10739556255208309, 0.3183706720496789, -0.2808888773633799, 0.32139326045590383, 1.1529706639597113, -0.8443430199693904, -0.007593516191346871, 0.3923145118575959, -0.4277997629706114, 0.000701456265473759, -0.16293105248964154, 0.4858742719861686, 0.035072794002685544, -0.5263659904841901], "git_revision": "018ef57f2e70e762a509d3bbb7a77c8182022b6e", "linregress": [9.08810186426174, 0.05892394697058079, 0.6892587415656528, 2.527097833866719e-05, 1.8053417901555926]}