{"x": [0.1486163992851805, 0.0297351933589088, 0.30584309401912685, 0.05565031797504291, 0.20720102962334438, 0.014321185241757647, 0.10332736827986312, -0.04138273054661876, 0.14164257821048454, 0.15697476295982746, 0.0030396041078299893, -0.007808090058346507, 0.0015806698760425317, -0.006564310698464079, -0.004107537027271222, -0.009053828634451498, -0.00024104839801939674, -0.0017202771118687598, 0.002126506149208003, 0.004586893231100042, -0.022846681559060965, 0.11255440813799575, 0.11001534156104344, 0.10475273399547165, 0.001570128539554991, 0.023344796575996633, 0.011108069554745472, 0.00803349099471786, 0.05489319894264627, 0.06679859829396423], "cost": 11.19698701670071, "fun": [0.7665028417077897, 1.3303237026712835, 0.4758514795314489, 0.5283697578020707, 0.4151434114844647, 1.130499814919328, 1.2813565691280666, 1.7188788639701584, 0.9563408594751643, 0.9028904404353507, 1.7147533125858312, 1.4215748118863407, 0.5361963854464326, 0.8330449932070744, 0.9950641445095427, 0.7897688314266686, 1.211670668015278, 0.7908356493454772, 1.0292006660582744, 1.019748377533954, 0.0, 0.0, 0.0, 0.0, 0.0, 0.0, 0.0, 0.0, 0.0, 0.0, 0.0, 0.0, 0.0, 0.0, 0.0, 0.0, 0.0, 0.0, 0.0, 0.0, 0.0, 0.0, 0.0, 0.0, 0.0, 0.0, 0.0, 0.070869183578563, 0.0, 0.0, 0.0, 0.0004760301294865218, 0.0, 0.0002828572963965195, 6.930179143683707e-05, 0.0007421587472323072, 1.400595570973938e-08, 5.090907819520394e-06, 0.0, 0.0, 0.011925301981801929, 0.0, 0.0, 0.0, 0.0, 0.0, 0.0, 0.0, 0.0, 0.0], "grad": [10743.104025619725, -33399.23770790348, 4468.109777167219, 52724.94479952044, 145329.159605744, -173224.0627267792, 154804.45648264926, -20193.104639819547, -143365.9829066401, 35599.27072359129, -20341.581558610054, -90178.45668669073, -152047.0704687792, 19063.655664940023, 962.0402143890176, -195207.22614718095, -194846.27965495316, 20314.859850302164, 38394.93628486409, 945.145376190877, 35260.1416379186, -523.6431958004905, -60029.47475687551, -58954.16844803747, -9065.95322654082, 35612.315664010064, -70633.83584838465, 167365.36170894068, -52152.6897938645, 20318.167701085375], "optimality": 195207.22614718095, "nfev": 108, "njev": null, "status": 3, "message": "`xtol` termination condition is satisfied.", "success": true, "res_time": 1559.2506730000023, "tension_error": [-0.8117391172334846, 1.4900939229289436, -1.891860786287397, 1.9034751426943135, -1.2020000503299793, 1.2254717847291032, 0.37372665611309097, 3.3754321718932645, 0.599002967093166, -0.44008534815219164, -0.046109719324169685, 0.11844596476257105, -0.02397820299714103, 0.09957827175030004, 0.06230988402510204, 0.13734337839203858, 0.0036566189483636493, 0.026095995390890022, -0.032258346219667035, -0.06958154810724658, 1.182497429266919, -0.8714892152554106, -0.8329724732536921, -0.7531405776668016, 0.8121030553619261, 0.48178904211561613, 0.6674158633660935, 0.7140561327609762, 0.003210935675726763, -0.17738976199977688], "git_revision": "018ef57f2e70e762a509d3bbb7a77c8182022b6e", "linregress": [9.24086990144159, 0.07177523180244094, 0.7695419186749773, 6.685058605581297e-07, 1.4491987708871097]}