{"x": [0.0010089767219487135, 0.08732412511860707, 0.1867301616857471, 0.12040174817632504, 0.027304299273117543, 0.009073978804087172, 0.02739781755078245, 0.17882034728863808, 0.16531523369698684, 0.20103908762848052, -0.0018190149859775785, 0.0015568569257545888, 2.4599570328015598e-05, 0.0006282979727595636, -0.0056731294442842264, 0.0009382423994133571, -0.004838568029787041, -0.0012457569164847282, -0.004418244571635585, 0.0023952063843753805, 0.06839884051797661, 0.07891871825259726, -0.019289734294145974, 0.02786363865002913, 0.08136981440935846, -0.0009299109938137542, 0.0765464200913596, 0.0508192975884515, 0.031952496552712, 0.02200043510356453], "cost": 6.659831118366767, "fun": [1.152530520868365, 0.8292018268967694, 0.6282811600498112, 0.5762628880339195, 0.6475373005329659, 0.6146380921464404, 0.8480910857846916, 1.0746932602439856, 0.7242091585122196, 0.4801913446010069, 0.9849100733295735, 0.8749658204774523, 0.9931244393410875, 0.8909507100316008, 0.6560500002487698, 0.9637616472850848, 0.4478322159875393, 0.7701658703466453, 0.6602933874444759, 1.0226847030726312, 0.0, 0.0, 0.0, 0.0, 0.0, 0.0, 0.0, 0.0, 0.0, 0.0, 0.0, 0.0, 0.0, 0.0, 0.0, 0.0, 0.0, 0.0, 0.0, 0.0, 0.0, 0.0, 0.0, 0.0, 0.0, 0.0, 0.0, 0.0, 0.0, 0.0, 6.018785015280011e-06, 0.0, 0.0, 0.0, 0.00018258625419079565, 0.0, 0.00011327929948662336, 1.9333029837221563e-06, 8.624804460356607e-05, 0.0, 0.0, 0.0, 0.0071775914823725495, 0.0, 0.0, 8.041260777505053e-07, 0.0, 0.0, 0.0, 0.0], "grad": [-4234.015509899033, 40078.63841126461, 45394.17951786598, -39636.749161951506, 35327.917043520254, -5801.205761883095, -35745.59868297325, -12215.378808299449, 38872.1670123635, -22256.817235556027, 11443.518296582683, -40395.615038032236, -47464.18239558785, 44767.41286356804, 760.848885160524, -39230.23190171659, -36740.547270902185, 796.1862356570412, 2714.6410736622047, 31785.59960544634, -6308.984998600838, -578.63163715358, -4138.162085016365, -34369.2137273778, 42486.3714137576, 381.02365417255714, -38160.32230699182, 2733.3894914938946, 43638.15199437413, 34736.598510436444], "optimality": 47464.18239558785, "nfev": 80, "njev": null, "status": 3, "message": "`xtol` termination condition is satisfied.", "success": true, "res_time": 866.4692040000227, "tension_error": [1.4274132799560673, 0.6164901951348729, -0.08495972847432832, 0.921218846642921, 1.5269697264962179, 1.3050700506525201, 1.525551087297876, 0.03502935853126574, 0.23989715547493853, -1.1085255695108875, 0.027593814021314597, -0.023616968963001847, -0.00037316678194968884, -0.009531058041822029, 0.0860593673010852, -0.014232805378681617, 0.07339936579558663, 0.018897691846541855, 0.06702320758774545, -0.03633443375816932, -0.2016648705936303, -0.36124769534979134, 1.1285397972142397, 0.413239805993995, -0.3984299571889806, 0.8500277709148532, -0.32526077123485975, 0.06501057843590893, 0.351213277682807, 0.502182530203223], "git_revision": "018ef57f2e70e762a509d3bbb7a77c8182022b6e", "linregress": [3.9235297346791085, 0.19952334310347064, 0.48134770006780864, 0.007081254633071884, 1.3502235838417198]}