{"x": [0.1909454929108964, 0.3303540784878354, 0.23865681297731456, 0.10846990882812518, 0.03775058706246505, 0.09140558739972841, 0.029893631137268353, 0.09980222240842553, 0.1572079672098687, -0.014866067562372605, 0.0035429984485310885, -0.006687681286869733, -0.00365020160296088, 0.011265151447601065, -0.010019963314197508, -0.0036910877482969717, -0.009151813631550597, -0.0015940209644424972, -0.009727682075641373, -0.002517784143197201, 0.014857577075311112, 0.044735371176023546, 0.09703057138419695, 0.09970003215795005, 0.06347170460513657, 0.04024974328935399, -0.026773789363430965, 0.10035422901863465, 0.07287282418099303, 0.04304039173035022], "cost": 7.957021097992049, "fun": [1.545858867079191, 0.6987260651330327, 0.9359250645578571, 0.960550163664756, 0.4887631323622006, 0.9597187957712521, 0.8154128772614414, 0.936012420079685, 0.7021956157381949, 0.5722907687960513, 1.1921080764457876, 0.9221921085570631, 0.8127005246929812, 0.9705084890539643, 0.6111560429135782, 0.877705438377968, 1.0027614725267695, 0.8420642904258542, 0.785389167579809, 0.6052616642426236, 0.0, 0.0, 0.0, 0.0, 0.0, 0.0, 0.0, 0.0, 0.0, 0.0, 0.0, 0.0, 0.0, 0.0, 0.0, 0.0, 0.0, 0.0, 0.0, 0.0, 0.0, 0.0, 0.0, 0.0, 0.0, 0.0, 0.0, 0.0, 0.0, 0.0032854004075383208, 0.0, 0.0002991070872223067, 4.863518301139627e-05, 0.0, 0.0010060009582327225, 5.0287854768029884e-05, 0.0007665164905986205, 4.050252387732386e-06, 0.0009205091399557643, 1.5960830377760174e-05, 0.0, 0.0, 0.0, 0.0, 0.0, 0.0, 0.019192410633761866, 0.0, 0.0, 0.0], "grad": [-10926.84897387604, -93085.63336752323, -17166.233917120226, 26594.432601403198, -22212.45947650628, 20020.442580229344, -7475.369092677764, 54623.785058084366, 60931.20552465848, 24189.037364522774, -64630.89242607864, 19843.34496167416, -106317.89360398443, 7972.123406458155, -3839.765698416828, -8810.8529781213, 15170.29494907998, -56223.512846171696, 27652.10002936063, -16939.22887707161, -10489.674223171849, 5052.13896788503, 7743.8181099560725, -39750.92382440041, -82496.41160059135, -2128.7340088014635, 17681.664019861943, 54348.915513451386, -16552.233792761224, 111388.17432963467], "optimality": 111388.17432963467, "nfev": 139, "njev": null, "status": 3, "message": "`xtol` termination condition is satisfied.", "success": true, "res_time": 2602.0398529999657, "tension_error": [-1.4538564973556158, -3.0701882470854516, -0.8726686640986935, 1.1022206297203083, 1.3685032351839042, 0.0561286657947958, 1.487690477864606, 1.2337063672782806, 0.3628815208547252, 2.166679277346214, -0.05374603344129793, 0.10144975994495954, 0.05537226738034608, -0.17088836340729205, 0.15199929979893476, 0.05599249574523018, 0.1388297761444895, 0.024180734286399642, 0.14756549677872322, 0.03819389500843554, 0.6105371603363846, 0.15730159046057296, -0.6359981018870613, -0.6764928777388121, -0.12692196133519937, 0.22534697910648477, 1.2420702657915186, -0.6864168127510117, -0.2695336204848402, 0.1830138292020943], "git_revision": "018ef57f2e70e762a509d3bbb7a77c8182022b6e", "linregress": [7.348421335462489, 0.1464630359058025, 0.6309431443031553, 0.00018542812097541427, 1.7076185243780715]}