{"x": [0.11874514781036755, -0.005326705767465444, 0.12538775751671813, 0.19809874722742615, 0.23229483158307618, 0.11916647970830894, 0.004338459313728923, 0.1461780843318255, 0.10918752433194613, 0.1251439557448771, -0.0002591644423150194, -0.009841850569891415, -0.023597876493326245, 0.0026169126820679662, 0.047461339724024755, 0.00026186913906612675, -0.004573848508894063, 0.0024285157595870617, 0.019982990011362525, -0.00633068476976317, 0.07010376114535988, 0.03740636430213606, 0.14913642320570442, 0.08063104141641382, 0.020927457446696114, 0.017843729104439415, 0.11156750987211299, 0.03206125064393568, 0.041467309766180516, 0.06577505022504837], "cost": 5.508948499181786, "fun": [0.33485663369103047, 1.004378398760656, 0.7123011201688808, 0.8800322237935272, 0.632835186129392, 1.0118297821881481, 0.9372364057313146, 0.633066857441289, 0.2596630175492262, 0.5475424639648657, 0.6835982609089704, 0.8384459744257312, 0.6126813204289289, 0.9634985945513951, 0.9662142150491811, 0.43010060636460407, 0.9492184823611729, 0.5519118115280532, 0.6907161785876875, 0.518673027885624, 0.0, 0.0, 0.0, 0.0, 0.0, 0.0, 0.0, 0.0, 0.0, 0.0, 0.0, 0.0, 0.0, 0.0, 0.0, 0.0, 0.0, 0.0, 0.0, 0.0, 0.0, 0.00015113885391926642, 0.0, 0.0, 0.0, 0.0, 0.0, 0.0, 0.0, 0.0, 1.740709288031883e-08, 0.0009533015527210273, 0.013140708194416446, 0.0, 0.0, 0.0, 9.568532328629911e-05, 0.0, 0.0, 0.00025371845981840546, 0.0, 0.0, 0.0, 0.0, 0.0, 0.0, 0.0, 0.0, 0.0, 0.0], "grad": [51435.74719534676, 6482.733595327918, 60394.52684780158, 15214.30055832709, -17196.09398329422, 106058.94906605536, -11993.720843041023, 17266.53825706478, 11034.574206607806, -50463.728489302535, -103011.22110712968, 9166.104060385998, 3194.1589079950663, 7083.887188271656, -50729.99656630019, -14096.69095329476, 21885.727769827055, 76726.98983374365, -99303.96291794795, 123935.24964032652, 16817.018861324614, -4666.172148282414, -16729.269596545848, 18008.083824381258, -112443.38945931301, -25514.838076706044, 6956.393629048405, -2819.128631552823, 2673.5146231409653, 1829.8706410593968], "optimality": 123935.24964032652, "nfev": 108, "njev": null, "status": 3, "message": "`xtol` termination condition is satisfied.", "success": true, "res_time": 1175.062585000007, "tension_error": [-0.3586027966786917, 2.0219705326245543, 0.8455828483097878, -0.257417150508104, -1.5826641513419948, -0.3649942525614998, 1.8753533965417246, 0.5302009432673112, 1.0913346563204764, 0.042776739960635704, 0.0039314329333768935, 0.1492973924594705, 0.35797144073821396, -0.03969763988513568, -0.7199717383545033, -0.003972462226543492, 0.06938366428480076, -0.03683972519987965, -0.30313489125378845, 0.09603424903645459, -0.22752791354587612, 0.26848003274828286, -1.426425446174249, -0.3872230321617364, 0.5184592217867952, 0.5652382901421655, -0.8565183175901054, 0.3495635165811025, 0.20687692625967852, -0.161862899784092], "git_revision": "018ef57f2e70e762a509d3bbb7a77c8182022b6e", "linregress": [4.411857856988943, 0.2331423344466031, 0.4985970422028795, 0.005041111432654741, 1.4495349111581264]}