{"x": [0.14160244237047168, 0.05311389450299431, 0.16781626817340917, 0.27743727508615845, 0.20205380774799336, 0.17302013195677618, 0.30859770274704457, -0.02100721655805667, 0.2081434508064214, 0.250839742393515, -0.010218172220478178, -0.012462832535520323, 0.001791693947914633, 0.0007108260824884178, -0.0015795392398569165, -0.0026574028412800358, 0.0011995177268291726, -0.001283658657320835, -0.002893074897011186, 0.002942732542540919, 0.018650290399033858, 0.025848569965039436, 0.09758375148093834, 0.05584692536176761, 0.10311750091246172, 0.03664152002360991, 0.08315507095017494, 0.06265505152023552, 0.06554852052675578, 0.02698366170007173], "cost": 6.820033502324872, "fun": [0.8375194339190909, 1.1598373376352793, 0.633359711497584, 0.7351594115435455, 0.4983738590676658, 0.6938371914710285, 0.7048403068079845, 1.349386153572875, 0.6871472854364588, 0.867309417446763, 0.6798741427137598, 0.8359911478826489, 0.8029920904770462, 0.7214809106205131, 0.619018727706528, 0.6727153361092395, 0.8593612775734931, 0.8316275869219023, 0.9422920081565936, 0.9485213666076842, 0.0, 0.0, 0.0, 0.0, 0.0, 0.0, 0.0, 0.0, 0.0, 0.0, 0.0, 0.0, 0.0, 0.0, 0.0, 0.0, 0.0, 0.0, 0.0, 0.0, 0.0, 0.0, 0.0, 0.0, 0.0, 0.0, 0.0, 0.009270550787643545, 0.0, 0.0, 0.0010668900244823257, 0.0019357545029468513, 0.0, 0.0, 3.940862281340171e-06, 1.8766020440727286e-05, 0.0, 2.1151864828071483e-06, 2.4214696545831934e-05, 0.0, 0.0, 0.0, 0.0, 0.0, 0.0, 0.0, 0.0, 0.0, 0.0, 0.0], "grad": [5735.873229972669, -47251.6310533112, -45642.444987579715, -16288.630253073548, -81222.91379680412, -84213.87584494101, -13514.860203106527, 67013.60627328626, -57478.004432704714, 7414.204138194976, -13068.778351034558, -103433.55707662409, 54966.805190277344, 55493.82270108345, 94751.77505302758, -40233.66676725633, 109280.35400932058, -45871.71248911395, -4229.139532418531, -23902.066630432204, -63826.24131443081, 28978.727091757464, -27545.789129971046, -18929.91125558128, -6225.626207714036, 33987.541270975315, 50801.808128906465, 25497.79115987558, 73299.5027921532, 31780.09441160391], "optimality": 109280.35400932058, "nfev": 166, "njev": null, "status": 3, "message": "`xtol` termination condition is satisfied.", "success": true, "res_time": 1722.1804739999934, "tension_error": [-0.7053398714054052, 1.135447294724781, 0.20195734698776183, -1.4609545591249955, -1.1239185148562363, -1.1819351111955654, -2.7401517214948803, 3.0663428307260627, -0.40979175137433604, -1.8639838897113312, 0.1550060588083102, 0.18905676193707585, -0.027179363536304978, -0.010782980279375664, 0.02396105164606798, 0.0403118612805635, -0.018196259692498336, 0.019472647850630808, 0.0438869230178209, -0.04464021193849871, 0.5530030405530211, 0.4438076852926354, -0.6443896483160048, -0.011256756805819891, -0.7283346701168827, 0.28008244995738285, -0.42551166753627095, -0.11453362285618365, -0.15842652437587565, 0.4265887451106888], "git_revision": "018ef57f2e70e762a509d3bbb7a77c8182022b6e", "linregress": [8.659602086681113, 0.037424436182490806, 0.6902570487461975, 2.432745435144953e-05, 1.715478045456935]}