{"x": [0.13246997078480816, 0.09526838636530699, 0.2746951066680378, 0.19491394036221574, 0.04424184426552424, 0.23220709872623005, 0.23359976453998507, 0.1522239171758746, 0.14067071665090924, 0.04830604218208459, -0.008927683326077341, -0.019584255563991328, -0.005167026361702868, -0.024648209787691243, 0.003931965648221459, -0.004409504065144558, 0.0075626734922676995, -0.02224075740435444, 0.004761177371837602, 0.007348956553085739, 0.11255879397439106, 0.09980079936645153, 0.17072645586785107, 0.05891112547107432, 0.031377151278893255, -0.025932987208841574, 0.024562090261541394, 0.11115641036747018, 0.09241653992197907, 0.014577408439298216], "cost": 5.386302514687486, "fun": [0.6713318523936848, 0.6066248435943132, 0.5607517079370107, 0.4787953243174723, 0.28279804832623673, 1.2500761429695058, 0.6060225259154312, 0.8734215304919045, 0.4091170191811422, 0.5174184735142138, 0.3245445107956065, 0.8796916486400708, 0.8575685085345716, 0.9833007853911762, 0.972693969109304, 0.744078495116273, 0.8060550924114491, 0.8209308286860739, 0.43860391462336296, 0.7773905976005143, 0.0, 0.0, 0.0, 0.0, 0.0, 0.0, 0.0, 0.0, 0.0, 0.0, 0.0, 0.0, 0.0, 0.0, 0.0, 0.0, 0.0, 0.0, 0.0, 0.0, 0.0, 0.0, 0.0, 0.0, 0.0, 0.0, 0.0, 0.0, 0.0, 0.0, 0.0007115678719780236, 0.007511405424257075, 0.00013795010387922333, 0.014974631542157935, 0.0, 8.573718928182843e-05, 0.0, 0.011001419338847187, 0.0, 0.0, 0.0, 0.0, 0.0, 0.0, 0.0, 0.017440448034301368, 0.0, 0.0, 0.0, 0.0], "grad": [-4095.5462094367567, 6728.5752870110155, -987.7082502945776, 1144.7687220837738, 20526.729025481938, 2315.299628812603, -4314.9689483699, 2723.3792996751104, 1083.4489805886476, -100.69830302973685, 2475.0054308041304, -29602.22737284634, 1564.5623447216271, -37146.92158810349, -2790.197798036976, -252.51274691524918, 115.73646919339637, -876.4274619533323, 2591.3570891790564, -35073.70429583845, -35744.60317610009, -615.1383408895035, 3966.389852245261, -3571.834942337492, 1983.6101454382465, -1545.1781195217814, 2881.5301470991535, 1146.4677630031008, -37509.916903520454, -1863.1291097106082], "optimality": 37509.916903520454, "nfev": 139, "njev": null, "status": 3, "message": "`xtol` termination condition is satisfied.", "success": true, "res_time": 1278.8104560000356, "tension_error": [-0.5668035072564814, 0.4959785616035171, -1.4193568340220997, -0.20910475670712989, 1.2700331591226715, -2.079780464923821, -1.602459522793471, 0.4384877972027174, 0.6137457632416943, 1.208380714079669, 0.13542979867676913, 0.29708623070427714, 0.07838196252761175, 0.3739046253510535, -0.059646528297792704, 0.0668906171954591, -0.11472308224959997, 0.3373844241195804, -0.07222537688460672, -0.11148107186570953, -0.871555746842425, -0.6780214806542755, -1.7539386060909676, -0.05773958877372733, 0.3599410620090393, 1.2293155944659322, 0.4633231274160784, -0.8502820834948311, -0.5660048764115105, 0.6147872194597791], "git_revision": "018ef57f2e70e762a509d3bbb7a77c8182022b6e", "linregress": [4.188614547221234, 0.357088331770815, 0.4701481206669973, 0.008750359204656447, 1.4859851270963966]}