{"x": [0.07955993951721961, 0.028849218900880415, 0.07629913014700324, 0.04442802634538433, -0.004528069361349577, -0.010899267914679121, 0.10376927197264717, 0.3758629730723634, 0.18782217211675026, 0.06410780314271884, 0.0007078406038859194, -0.003111587251637956, -0.008050936975092113, -0.01395304689093337, 0.01676451998959381, -0.01101316491489322, -0.01672669569564833, 0.0011084166166848682, 0.0007784674634746343, 0.0013862301845447812, 0.1017686552634524, 0.0745417377599211, 0.1383843457459554, 0.04366359384004257, 0.03708082650723028, 0.04415711106743988, 0.05024290749143414, 0.08628833953550676, 0.06846565584018866, 0.057730954922903845], "cost": 2.956775599314936, "fun": [0.4298841878616412, 0.7177375535343774, 0.7945917541071329, 0.4835211820942811, 0.42031386472770155, 0.47570657718750664, 0.6599238656169086, 0.7136932819332124, 0.5145087385976619, 0.7159808601610225, 0.5073883564102611, 0.6538504345514554, 0.5705632109039003, 0.5999577485334573, 0.3727846523363533, 0.3245530610590048, 0.36574834130347506, 0.2388681214400015, 0.4674045296864354, 0.44629689457250116, 0.0, 0.0, 0.0, 0.0, 0.0, 0.0, 0.0, 0.0, 0.0, 0.0, 0.0, 0.0, 0.0, 0.0, 0.0, 0.0, 0.0, 0.0, 0.0, 0.0, 0.0, 0.0, 0.0, 0.0, 9.284087231965789e-05, 0.0012947680803542163, 0.0, 0.0, 0.0, 0.0, 0.0, 3.0126310679402515e-05, 0.0005218423011878666, 0.002716484061323201, 0.0, 0.0013357845857823929, 0.004679834210977372, 0.0, 0.0, 0.0, 0.0, 0.0, 0.0, 0.0, 0.0, 0.0, 0.0, 0.0, 0.0, 0.0], "grad": [4915.546618055377, -1069.626488341526, -144.13845889287762, 2046.1451180941808, 2885.466876573232, -1591.579784310146, -42887.81069150774, 2867.3531822244886, 5158.045887949461, 779.4853614731444, 1233.050873788177, 84195.1734562961, -6156.872489897005, 53245.90259063865, 2112.810991962134, -435.4416273759448, -60363.2780410611, 947.4891935820797, -699.6295515919813, 482.37018892734204, 160601.90934506035, -1269.3389811522625, 1694.8992015655863, 77.57841906057044, 3892.0092820206764, 4542.832012295117, 49238.83014857158, 3211.172605708456, -1248.4597181985914, 68476.79622899143], "optimality": 160601.90934506035, "nfev": 141, "njev": null, "status": 3, "message": "`xtol` termination condition is satisfied.", "success": true, "res_time": 1093.2395450000186, "tension_error": [0.23582295482027169, 1.5035338421219853, 1.5902399647400658, 2.073713337821295, 2.0098555007909003, 1.6080571396034533, 0.3670231333779762, -2.954037588174265, -0.10152514051036092, 0.9686735887847785, -0.010737691624825256, 0.047201678158054226, 0.12212986660394408, 0.21166278667692245, -0.2543118392731948, 0.16706581682410418, 0.2537380581110466, -0.016814288070584375, -0.011809076106769551, -0.021028621642995522, -0.707873158656481, -0.2948504492463352, -1.2633202337080445, 0.17356007360079023, 0.2734183259667476, 0.16607359179932366, 0.07375421236055028, -0.4730422438586034, -0.2026784354015654, -0.03983681893912498], "git_revision": "018ef57f2e70e762a509d3bbb7a77c8182022b6e", "linregress": [8.844649346512856, 0.02353050232501397, 0.7194996952777395, 7.4391108447834864e-06, 1.6133875819261394]}