{"x": [0.14033389979658661, 0.033987014759262496, 0.26375647400200697, -0.04899916711378456, 0.13335635271023397, 0.014533177571980395, 0.14458056557958227, 0.3032557230748481, 0.17135548824405053, 0.10582971495173836, 0.027134609576208786, 0.03955174830352112, -0.03974311860272121, 0.05515944968429307, 0.0002196588417212196, -0.02300563676450396, -0.02031430090697102, -0.012825498480782859, -0.03399653902309936, 0.0013388816667768823, -0.014808272946389317, 0.0864121648368943, 0.06320715918485786, 0.1327240538297625, 0.09316048627144823, 0.052535583895895445, 0.09047539345250434, 0.05838129895026565, 0.11824634908394871, 0.08542458571170768], "cost": 8.28818409290924, "fun": [0.9438938102953133, 0.6856458056785868, 0.5090149993754276, 0.837303911775961, 1.011745238803955, 0.8489862616103637, 0.8371324852405274, 0.5654473836847752, 0.7187932332679784, 0.9753643227377401, 1.2262569940543666, 0.8588467280635131, 1.1730755809583313, 0.8077431729907497, 0.566208997968919, 1.2190902644745247, 1.0473847276183725, 1.0934445695749828, 0.39860170523760985, 1.2142863871814422, 0.0, 0.0, 0.0, 0.0, 0.0, 0.0, 0.0, 0.0, 0.0, 0.0, 0.0, 0.0, 0.0, 0.0, 0.0, 0.0, 0.0, 0.0, 0.0, 0.0, 0.0, 0.0, 0.0, 0.11764300082256343, 0.0, 0.0, 0.0, 0.0, 0.0, 0.0, 0.0, 0.0, 0.06277487090823088, 0.0, 0.0, 0.012175947737791753, 0.008383119240206583, 0.0021097099964776564, 0.03929199855385996, 0.0, 0.0032472313579064646, 0.0, 0.0, 0.0, 0.0, 0.0, 0.0, 0.0, 0.0, 0.0], "grad": [2606.984991099525, -34570.76624446458, -57161.7073533807, 29939.021083793807, -30372.52131081691, -18054.299230842527, 13868.408024277203, -33738.94437036505, -142.64493522702787, 26599.3919823802, -5925.110326775438, -33011.84506270479, -17231.733313543788, 2864.084600556139, -13841.093715836165, -38758.82499484754, 10415.177582865064, 35347.41348698064, -4287.277659827677, -37636.987232068044, -9781.859683353272, 19065.280723916945, 44766.94923772433, -38372.135102366025, -23077.650008308174, -42253.71199121461, -16786.62184448912, 51170.89758721874, -3916.576002974565, 19464.488942243646], "optimality": 57161.7073533807, "nfev": 230, "njev": null, "status": 3, "message": "`xtol` termination condition is satisfied.", "success": true, "res_time": 2030.9975980000454, "tension_error": [-0.686096529194515, 1.4255952959920397, -1.2534216450540345, 3.490970820975127, -0.08180241759340703, 1.222255936053196, -0.2520697572470125, -1.8526112841167421, 0.1482686302027834, 0.33576694208496694, -0.4116224307984434, -0.5999860338251548, 0.6028890535836713, -0.8367493439249788, -0.003332146943987533, 0.34898737350449993, 0.30816076036818874, 0.1945582760656472, 0.5157154737060154, -0.02031036137381464, 1.0605576134900914, -0.4749206298883836, -0.12290890086915927, -1.1774556071679623, -0.5772902794276135, 0.038975122136748634, -0.5365583709787745, -0.049702307832417456, -0.9578339463839024, -0.45993940382823273], "git_revision": "018ef57f2e70e762a509d3bbb7a77c8182022b6e", "linregress": [5.66543283712411, 0.2947721071957337, 0.5021475496379425, 0.0046903754451326305, 1.8438659876967405]}