{"x": [-0.06951352491320431, 0.05399299935192567, 0.02100383300943099, 0.035631026804318004, 0.16138483362877631, -0.004095400360942806, 0.23258879862876286, 0.23763412701952025, 0.07976895350288866, 0.21766273111471487, 0.014572412323620195, -0.0014728794020492236, -0.01795084367939173, -0.0153940689925937, 0.00462335728168015, -0.014332174709081064, 0.008308634557940226, -0.0064533368922194715, -0.012939035622282937, -0.0010460717647343297, 0.049125165806329224, -0.009808715355998606, 0.06788443592820631, 0.04624220647580044, 0.047301776415676226, 0.033792852273568305, 0.06206215190895136, 0.13707856446685152, 0.05984358729942062, 0.05813044458374394], "cost": 10.140115398835988, "fun": [1.4059901739627851, 0.9344238805810214, 1.3138105482676834, 0.9239465036321898, 1.0811989586174238, 0.6283800782295047, 1.3569033748009156, 0.6258495556066928, 0.4872014363977248, 0.7451388514166203, 1.3686925120393936, 1.2813153655498377, 1.1025261911019213, 0.9342737264660462, 0.9246881358799218, 0.9960250017934955, 1.3283882387447894, 0.5957969653052023, 0.62890846988542, 0.4272437360403137, 0.0, 0.0, 0.0, 0.0, 0.0, 0.0, 0.0, 0.0, 0.0, 0.0, 0.0, 0.0, 0.0, 0.0, 0.0, 0.0, 0.0, 0.0, 0.0, 0.0, 0.33589839927799264, 0.0, 0.0, 0.0, 0.0, 6.868930033218992e-05, 0.0, 0.0, 0.0, 0.0, 0.0, 3.1952258866541686e-06, 0.0057843504201584, 0.0036480458318123485, 0.0, 0.002943989662678303, 0.0, 0.0002687528096721789, 0.002166235783472535, 1.144680908993823e-06, 0.0, 0.0009437053021807619, 0.0, 0.0, 0.0, 0.0, 0.0, 0.0, 0.0, 0.0], "grad": [45336.96080860403, -17578.14479423803, 49333.86161814506, -16576.965794226977, -23440.33303291997, 18500.730772627194, -13268.295165365922, 12213.37544468866, -15023.3211439751, -53577.95650187366, 11508.188117011963, 16164.008632230512, 25322.128572582104, 5912.701248750167, -18086.771241876944, 40441.10633955315, -19822.150708678946, -4444.013212335773, 61924.26639410136, -6144.955118666545, -17087.496142644195, -4149.691812401494, 1579.738559383307, -45399.88060599619, 13430.3614047004, -40307.061168073866, 45728.838080927846, 64857.53971801111, 24944.213328322083, 19916.5274137929], "optimality": 64857.53971801111, "nfev": 200, "njev": null, "status": 3, "message": "`xtol` termination condition is satisfied.", "success": true, "res_time": 2651.906182000006, "tension_error": [2.4972146886522424, 1.1221115850722236, 2.429050066487246, 2.2071607096972987, -0.5069845605269758, 1.5048448750807624, -1.5871235274601714, -0.8571548798038267, 1.5376039715749736, -1.3607003620507454, -0.2210583412449385, 0.022343059628026775, 0.2723079500901548, 0.2335225823247573, -0.07013469485860806, 0.2174140215952274, -0.12603904779798003, 0.09789483835675633, 0.19628059434846287, 0.015868538715482165, 0.09070995842114707, 0.9847160929959916, -0.19386153489202593, 0.13444343187291852, 0.1183701306143283, 0.3232957322607831, -0.10553954543889811, -1.2435119935088892, -0.07188470493368834, -0.04589693580986937], "git_revision": "018ef57f2e70e762a509d3bbb7a77c8182022b6e", "linregress": [9.387612803343185, 0.060992862498918665, 0.7624918069342375, 9.719229734233024e-07, 1.5053719611181982]}