{"x": [0.09209426326446316, 0.06664452118249102, 0.14612136665848433, 0.16910949855810023, 0.0810150101134799, 0.08278569091304544, 0.11115217519633049, 0.13341458322004468, 0.15406216231013103, 0.08527886485991415, 0.08812489002991894, 0.12909842593145568, 0.08610774182636227, 0.11581162572234122, 0.0779944768978911, 0.11964298290181888, 0.08030912069186581, 0.0608665906298547, 0.10811497386831109, 0.11428938135455771, 0.15863872797229825, 0.14722943484420517, 0.0967425203434031, 0.09781895521288762, 0.06403183663180108, 0.1448362288162299, 0.16933685060679302, 0.0742983565813464, 0.06938037755161017, 0.10072655848904065], "cost": 0.6793002298749699, "fun": [0.22963859580046925, 0.1688587180620705, 0.07267302030303502, 0.22911375313204643, 0.32375125001707944, 0.3307627034023748, 0.30238751124516416, 0.1405157926055578, 0.17374650312894854, 0.22711455166081515, 0.22135219974167336, 0.42881107519781564, 0.39211740602089157, 0.13766227100914855, 0.00268600449383782, 0.4390548284217933, 0.20954831813117053, 0.3187528519887196, 0.003101755367481796, 0.2617740959085979, 0.0, 0.0, 0.0, 0.0, 0.0, 0.0, 0.0, 0.0, 0.0, 0.0, 0.0, 0.0, 0.0, 0.0, 0.0, 0.0, 0.0, 0.0, 0.0, 0.0, 0.0, 0.0, 0.0, 0.0, 0.0, 0.0, 0.0, 0.0, 0.0, 0.0, 0.0, 0.0, 0.0, 0.0, 0.0, 0.0, 0.0, 0.0, 0.0, 0.0, 0.0, 0.0, 0.0, 0.0, 0.0, 0.0, 0.0, 0.0, 0.0, 0.0], "grad": [-0.3039898741250613, 0.3031789554815587, -0.26101925003602844, 0.018575021319602536, 0.08700679967407976, 0.2595809682682424, 0.16507741284886301, 0.00025833955929810415, -0.143234347333885, -0.15300513441038355, 0.4051210472543472, -0.37687521740554386, -0.1975342461911096, -0.11387244727941481, -0.41776055753648206, 0.01800958778743078, 0.25369533989969245, -0.26197202146867904, 0.30411018908604764, 0.089492439972916, 0.36899980018441036, 0.3809047068373794, -0.32396492077253425, -0.3568719117154431, -0.058000900768371055, -0.06846135186656621, 0.43191264980155, 0.20793663875211799, 0.6449882239221285, -0.362078883530204], "optimality": 0.6449882239221285, "nfev": 2248, "njev": null, "status": 2, "message": "`ftol` termination condition is satisfied.", "success": true, "res_time": 3012.252143999998, "tension_error": [0.0790573673553685, 0.3335547881750898, -0.4612136665848432, -0.6910949855810022, 0.189849898865201, 0.17214309086954566, -0.1115217519633048, -0.33414583220044675, -0.5406216231013102, 0.14721135140085856, 0.11875109970081066, -0.29098425931455674, 0.13892258173637734, -0.1581162572234121, 0.22005523102108904, -0.19642982901818873, 0.19690879308134193, 0.391334093701453, -0.08114973868311087, -0.14289381354557706, -0.5863872797229824, -0.47229434844205165, 0.032574796565969094, 0.021810447871123823, 0.35968163368198924, -0.44836228816229895, -0.6933685060679301, 0.2570164341865361, 0.3061962244838984, -0.007265584890406435], "git_revision": "ec36e56dd006ef5715c6882890a8a7f5f3c70256"}