{"x": [0.06808777235830812, 0.08519841241331633, 0.1492414421639459, 0.13910445080782774, 0.08557529472463477, 0.06823992277945748, 0.08951816215008138, 0.13676076775909157, 0.14127305761568276, 0.08032300385655305, 0.09156696901196873, 0.09852867230181528, 0.08697155677880108, 0.10440616610995364, 0.10853591917678927, 0.09266327345377805, 0.11188434925051852, 0.07309994751417527, 0.09715091678952407, 0.09833674346037947, 0.1262213199954459, 0.12209366879651892, 0.08936145926689362, 0.07221687496125018, 0.09158871735500289, 0.11669119343091813, 0.12446277318144933, 0.10080068644976274, 0.05929413256804006, 0.09415299252300004], "cost": 0.6685965091175357, "fun": [0.19534428020895273, 0.06353809893000505, 0.3265426308692615, 0.39255542907549296, 0.24048946054739345, 0.2692521630264107, 0.3984677148288166, 0.24072085827346398, 0.09498377465030408, 0.15834670785600238, 0.1306747138187225, 0.15073693821651246, 0.2529895190228771, 0.2725705688599982, 0.1636327019435717, 0.3637367083042896, 0.32689749152776293, 0.31486908062918484, 0.003730897896715345, 0.3315444621308992, 0.0, 0.0, 0.0, 0.0, 0.0, 0.0, 0.0, 0.0, 0.0, 0.0, 0.0, 0.0, 0.0, 0.0, 0.0, 0.0, 0.0, 0.0, 0.0, 0.0, 0.0, 0.0, 0.0, 0.0, 0.0, 0.0, 0.0, 0.0, 0.0, 0.0, 0.0, 0.0, 0.0, 0.0, 0.0, 0.0, 0.0, 0.0, 0.0, 0.0, 0.0, 0.0, 0.0, 0.0, 0.0, 0.0, 0.0, 0.0, 0.0, 0.0], "grad": [0.21332187671098457, 0.15049545521853758, -0.4076396669631528, -0.4688509037756696, 0.06658048694163377, -121.84795041234332, 0.6171808022571748, -0.14871204198001942, 0.5831910401311504, -0.6542096032139055, -0.33067637060545296, -0.4876273809635066, 0.30532755351840174, 0.10725510645306917, -0.2610317662110373, -121.19065005709666, -122.15434857907326, 1.1981407165745943, -0.8471685492491208, -0.8922447826401411, -121.27740624227124, 0.021050549845594624, -121.96409954099732, 0.259413083257535, -0.5086378466825126, -121.51716247288289, 0.0893526543672325, -1.1243137839590038, -121.5112330510961, 0.8233104158427315], "optimality": 122.15434857907326, "nfev": 1099, "njev": null, "status": 2, "message": "`ftol` termination condition is satisfied.", "success": true, "res_time": 1218.4259420000017, "tension_error": [0.3191222764169188, 0.1480158758668368, -0.4924144216394588, -0.39104450807827734, 0.1442470527536524, 0.31760077220542526, 0.1048183784991863, -0.36760767759091567, -0.41273057615682757, 0.1967699614344695, 0.08433030988031276, 0.014713276981847268, 0.1302844322119892, -0.044061661099536326, -0.08535919176789267, 0.07336726546221958, -0.11884349250518511, 0.2690005248582473, 0.028490832104759306, 0.016632565396205307, -0.26221319995445885, -0.22093668796518917, 0.10638540733106383, 0.2778312503874983, 0.08411282644997117, -0.16691193430918128, -0.2446277318144932, -0.008006864497627358, 0.40705867431959947, 0.058470074769999686], "git_revision": "ec36e56dd006ef5715c6882890a8a7f5f3c70256"}