{"x": [0.033732692155310204, 0.07006635358777859, 0.15073439270115696, 0.18041492751684865, 0.10011739869685134, 0.058220803578982794, 0.09590411186250931, 0.09959928818372649, 0.16689608075408494, 0.08349150955119279, 0.11184102850084109, 0.09404328935730492, 0.10225984590809196, 0.08641192581246256, 0.10397764445512148, 0.0679940268841948, 0.07396989578745727, 0.03805086347289573, 0.06101413975308131, 0.08603841455537217, 0.112343455656459, 0.11103411597821698, 0.08268533292009153, 0.09063961515219938, 0.13450355110840218, 0.10568355105496278, 0.08827799948563224, 0.06466308680425026, 0.057592687544591015, 0.08554454218940245], "cost": 0.6935132480529222, "fun": [0.2333599713869635, 0.10928373027410938, 0.14393139400162974, 0.21648319916643638, 0.2673897618208099, 0.22394640336714233, 0.1829431476512985, 0.47772945857501226, 0.32748367505223, 0.05308268034853605, 0.0706084320194153, 0.12319533245453652, 0.16716490192286243, 0.08452716018791416, 0.24054664524116465, 0.3891224019247529, 0.22911756691043297, 0.578639339193873, 0.17607098802346552, 0.277108956338041, 0.0, 0.0, 0.0, 0.0, 0.0, 0.0, 0.0, 0.0, 0.0, 0.0, 0.0, 0.0, 0.0, 0.0, 0.0, 0.0, 0.0, 0.0, 0.0, 0.0, 0.0, 0.0, 0.0, 0.0, 0.0, 0.0, 0.0, 0.0, 0.0, 0.0, 0.0, 0.0, 0.0, 0.0, 0.0, 0.0, 0.0, 0.0, 0.0, 0.0, 0.0, 0.0, 0.0, 0.0, 0.0, 0.0, 0.0, 0.0, 0.0, 0.0], "grad": [-0.5399334212643367, -0.4137912431293067, 0.8878664805320862, -0.2620466623200881, 0.18792390010386661, -0.3174084057499682, -0.0817262830575185, -0.17817818180844736, 0.6664185299021093, -0.6779183960259967, -0.13920136537705796, 0.6898663032510117, -0.9165566455492751, -0.13361448259473263, 0.1245127989973338, -0.6926904596751084, -301.21996940615713, 0.9830871635101843, -2.179190193738462, 0.2585350472984618, -1.3449959255828063, 1.5490327317562942, -0.8096497295241465, 0.4447176271203048, 0.17765307505114514, 0.19482044735996018, -301.48865223771344, 301.84900694830833, 0.1708947349519221, -0.41573549400298937], "optimality": 301.84900694830833, "nfev": 475, "njev": null, "status": 2, "message": "`ftol` termination condition is satisfied.", "success": true, "res_time": 959.3381340000051, "tension_error": [0.6626730784468979, 0.29933646412221415, -0.5073439270115695, -0.8041492751684864, -0.001173986968513313, 0.4177919642101721, 0.040958881374906914, 0.00400711816273519, -0.6689608075408493, 0.16508490448807214, -0.1184102850084108, 0.05956710642695082, -0.022598459080919592, 0.1358807418753745, -0.03977644455121471, 0.32005973115805203, 0.2603010421254273, 0.6194913652710428, 0.38985860246918697, 0.13961585444627833, -0.12343455656458988, -0.11034115978216977, 0.17314667079908475, 0.09360384847800621, -0.3450355110840217, -0.056835510549627793, 0.11722000514367767, 0.3533691319574975, 0.4240731245540899, 0.14455457810597552], "git_revision": "ec36e56dd006ef5715c6882890a8a7f5f3c70256"}