{"x": [0.08931008388879015, 0.07283402016811742, 0.12969082760152387, 0.14645455581672367, 0.08364380250390124, 0.07986123316865379, 0.0692177564977716, 0.1292244979405925, 0.1661173403020739, 0.08842894727064646, 0.09334581632201981, 0.08992749076844665, 0.11824154515780247, 0.09276017421600126, 0.09693608827347874, 0.07984984475079224, 0.10963502814634488, 0.12625353526266297, 0.08618287011043467, 0.0798036256973015, 0.11186967868371386, 0.1153627727556145, 0.061147833322330473, 0.06047628016437718, 0.08189377304044261, 0.11635859547891575, 0.11164750636271763, 0.10600019320449046, 0.04946603356834002, 0.0820982555450616, 23.65138342448327], "cost": 1.6966366135978266, "fun": [0.1665425931175443, 0.30966475119883385, 0.2696797618383256, 0.5378176616235424, 0.27461634955931985, 0.44571503149569813, 0.34721948429857835, 0.3840394719858435, 0.5974889692225681, 0.364990152101724, 0.36820661853050657, 0.3903969087226674, 0.5201533352343669, 0.34089351010842517, 0.4307683044871786, 0.39684508720054323, 0.3113441865821932, 0.5600591885220719, 0.5195987378551647, 0.42065364544265993, 2.714606757276681e-07, 3.2326965515194623e-06, 2.810225836730861e-07, 3.945190731724235e-06, 1.4307830775954368e-08, 1.1328359564361356e-07, 3.6008090185855583e-06, 1.3610818175091172e-06, 6.035486411805544e-06, 7.764017398337053e-10, 1.1684949590211246e-08, 8.016856759633994e-07, 6.493002650736711e-07, 1.7438258215438065e-08, 2.919397177165466e-07, 8.871571499067047e-07, 2.761747787751153e-07, 1.6056582057420039e-06, 4.0694759282490796e-08, 1.833909269162086e-07, 0.0, 0.0, 0.0, 0.0, 0.0, 0.0, 0.0, 0.0, 0.0, 0.0, 0.0, 0.0, 0.0, 0.0, 0.0, 0.0, 0.0, 0.0, 0.0, 0.0, 0.0, 0.0, 0.0, 0.0, 0.0, 0.0, 0.0, 0.0, 0.0, 0.0], "grad": [383.43220702774704, -412.18188768026346, 398.8111214623733, 380.0615294340769, 384.81090346994944, 393.15010486121736, 409.865261765936, -408.99819247554944, 377.2766429656958, 402.8746045275191, -377.61963829418517, -410.34813874229235, -403.7734959945989, -411.7075213363005, -401.8235922562064, -385.78145967833336, -384.77567350933793, 381.3473290401097, 415.8905741081969, -433.43298723325057, -383.7922144878746, 53.00703341701198, 33.98452791997087, 98.6543823806677, -402.9303500025678, 53.60379953278445, -234.20567743917672, -368.9085652797735, -391.5998145600992, 400.8554573927296, 13.561521896779723], "optimality": 433.43298723325057, "nfev": 404, "njev": null, "status": 2, "message": "`ftol` termination condition is satisfied.", "success": true, "res_time": 965.284979, "tension_error": [0.10689916111209855, 0.2716597983188258, -0.2969082760152386, -0.4645455581672367, 0.16356197496098762, 0.20138766831346216, 0.3078224350222841, -0.2922449794059248, -0.6611734030207389, 0.11571052729353548, 0.06654183677980194, 0.10072509231553353, -0.18241545157802463, 0.07239825783998746, 0.030639117265212623, 0.20150155249207768, -0.0963502814634487, -0.2625353526266297, 0.13817129889565335, 0.20196374302698508, -0.11869678683713858, -0.15362772755614498, 0.3885216667766953, 0.3952371983562282, 0.18106226959557395, -0.16358595478915744, -0.11647506362717622, -0.06000193204490453, 0.5053396643165998, 0.17901744454938404, 0.0009107603313593891], "git_revision": "ec36e56dd006ef5715c6882890a8a7f5f3c70256"}