{"x": [0.053002978705628374, 0.0829247867572957, 0.13876651264122686, 0.14071753475306492, 0.08415542833720491, 0.0575848620116177, 0.07998468576912074, 0.14382852719008168, 0.14261333356255743, 0.08114363973281348, 0.11451602812921159, 0.10103542490254176, 0.08372515693146479, 0.08384875558014047, 0.0870659634065345, 0.11513723468203194, 0.09916376894772566, 0.05240873830531694, 0.07714360692228739, 0.10310065008037775, 0.12804510182166168, 0.1283833724226066, 0.08706384501579444, 0.07605995170247311, 0.08448479616962463, 0.12649996041176234, 0.12840824245443885, 0.08914994439395246, 0.06903201246807482, 0.09009087993662418, 22.502507595461857], "cost": 0.5788881573173883, "fun": [0.029320380041117877, 0.002971612832454553, 0.2340191498499809, 0.34520976864661435, 0.2907849429631621, 0.25175894938599647, 0.005710521163815532, 0.28308805769512807, 0.17049159583248283, 0.19361642757815337, 0.08385229404309086, 0.1970593512708004, 0.13176347816109305, 0.19774258364145061, 0.2825798654544593, 0.42615701405777107, 0.25249118386762187, 0.44771655157831797, 0.003961193652409214, 0.24556530275262087, 8.953145970808235e-07, 3.1182983496961075e-06, 3.806487280881056e-09, 3.1992718821990725e-06, 7.059949948624289e-07, 5.017521043671976e-07, 4.0760360873848085e-06, 1.4766955523755652e-09, 3.778523259522461e-06, 7.918968030469347e-07, 1.8172666335490103e-07, 2.996453772304933e-07, 1.5276625954455447e-11, 1.0350426198210951e-08, 7.879962710225676e-07, 2.551516075650567e-07, 2.1860328903725784e-06, 6.118137254987896e-07, 6.737680895109655e-07, 1.3031085599779757e-07, 0.0, 0.0, 0.0, 0.0, 0.0, 0.0, 0.0, 0.0, 0.0, 0.0, 0.0, 0.0, 0.0, 0.0, 0.0, 0.0, 0.0, 0.0, 0.0, 0.0, 0.0, 0.0, 0.0, 0.0, 0.0, 0.0, 0.0, 0.0, 0.0, 0.0], "grad": [0.4157083761557323, 0.03308454983149045, 0.25650400898881265, -0.06594676141382161, -0.30491536296972477, -1.105068326847499, -0.1730267184605817, -0.34859121802059057, 0.5009527498553981, -0.5717841497353516, -0.16561358273463878, -0.48254951059145673, -0.9639193443772273, 0.6004207885263633, 0.3236452351376957, -0.6519599321616547, 0.021014441516693516, -0.24686686994919205, 0.3848884434465041, 0.5584768816394999, -0.23932988840079128, 0.571024660887991, -0.6388116398340178, -0.9141321804505096, 0.18001547757095349, 0.38761306758879055, -0.7567661262027618, -0.1067969169815548, -0.5594308831440951, -0.47675490117077624, -0.15075270660948395], "optimality": 1.105068326847499, "nfev": 1974, "njev": null, "status": 2, "message": "`ftol` termination condition is satisfied.", "success": true, "res_time": 2533.604648999997, "tension_error": [0.46997021294371627, 0.17075213242704307, -0.3876651264122685, -0.40717534753064916, 0.15844571662795098, 0.424151379883823, 0.20015314230879266, -0.4382852719008168, -0.4261333356255742, 0.18856360267186525, -0.14516028129211586, -0.010354249025417567, 0.16274843068535216, 0.1615124441985953, 0.1293403659346551, -0.1513723468203193, 0.008362310522743444, 0.4759126169468306, 0.22856393077712617, -0.031006500803777426, -0.2804510182166167, -0.28383372422606606, 0.1293615498420557, 0.23940048297526897, 0.1551520383037537, -0.26499960411762336, -0.2840824245443885, 0.10850055606047543, 0.30967987531925184, 0.09909120063375826, 1.57777329932433e-05], "git_revision": "ec36e56dd006ef5715c6882890a8a7f5f3c70256"}