{"x": [0.06121889618858994, 0.11294703529074657, 0.12833002092108275, 0.2640519812828857, 0.10971240091768777, 0.0882917547137468, 0.11999602315994072, 0.14950445145810978, 0.1334110229722494, 0.10640470628781332, 0.0035238933436013524, 0.0013892296930408635, -0.005546101418781773, 0.008751517468912113, -0.005850475039295979, -0.0031013565823735166, -0.0031281850585097863, 0.007800633666858906, -0.0010893523297650321, -0.0010370440345640255, 0.04135879156678262, 0.06441960811537695, 0.04447179428868437, 0.09337193062097632, 0.04347995616552752, 0.060927386968207965, 0.025717075027188816, 0.05264305999050502, 0.04155631053844702, 0.043629389094768475], "cost": 1.4931699941356997, "fun": [0.33284600997491376, 0.3495815062799966, 0.048882817273877964, 0.38555030070987967, 0.4861750144918276, 0.43391727957315, 0.5161419618963964, 0.4435802260573506, 0.11969242454137316, 0.23913668200778335, 0.3300313904250224, 0.28569898457242554, 0.37352945264434134, 0.4558881394158275, 0.5984193163187879, 0.5877249948220212, 0.49882982803086817, 0.3457952657345084, 0.15818006063669707, 0.0901277840555073, 0.0, 0.0, 0.0, 0.0, 0.0, 0.0, 0.0, 0.0, 0.0, 0.0, 0.0, 0.0, 0.0, 0.0, 0.0, 0.0, 0.0, 0.0, 0.0, 0.0, 0.0, 0.0, 0.0, 0.0, 0.0, 0.0, 0.0, 0.0, 0.0, 0.0, 0.0, 0.0, 0.0001705938698590987, 0.0, 0.00020025040005740104, 2.9830127387261368e-05, 3.0610985523943574e-05, 0.0, 1.2927218803987394e-06, 1.1152997192476922e-06, 0.0, 0.0, 0.0, 0.0, 0.0, 0.0, 0.0, 0.0, 0.0, 0.0], "grad": [64804.81284107932, 74068.22826918753, -69748.70568720138, 75093.54482630163, 72164.78389174078, 69198.23228335002, -75199.74559652046, 72663.13615244086, -3.1191033699193382, 75765.62691854665, 0.2172104972835587, 1.1129015527212327, 1.2278199125594984, -1.5547953396507583, -71726.84970824193, 71007.60747587222, -0.37430218566535023, 3.0334586009312177, -0.1315439434447221, -3.5195564268995696, -72105.13162031841, 69917.80448777704, -78527.81281802553, -73628.45721455943, -72280.75946154317, 2181.454486466375, 175.56567341307948, -70022.01238577341, -65265.76025636613, -73297.278315271], "optimality": 78527.81281802553, "nfev": 71, "njev": null, "status": 2, "message": "`ftol` termination condition is satisfied.", "success": true, "res_time": 248.0981299999985, "tension_error": [0.5140500955906877, 0.22779970966595212, 0.8009497530315072, -1.2579043859953523, 0.27686796913890405, 0.10336440639771918, 0.12086905664743779, 0.47974113037029165, 0.7238727488712243, 0.3270445268691337, -0.053456215756258064, -0.021074123126069762, 0.08413239707916273, -0.13275742492669235, 0.08874963725706565, 0.04704648252350875, 0.047453461018290996, -0.11833285394074439, 0.01652508958031893, 0.01573159124156121, 0.20852310896581175, -0.14130132234836185, 0.1612999586244534, -0.5804978154301828, 0.17634579217756804, -0.08832556261073943, 0.44580241699510365, 0.0373447477917017, 0.20552681602056166, 0.17407894748968927], "git_revision": "018ef57f2e70e762a509d3bbb7a77c8182022b6e", "linregress": [3.37719210993259, 0.03326404896602597, 0.7494520932540747, 1.8799937426294422e-06, 0.5638054762464351]}