{"x": [0.05399081979203189, 0.10604330528097078, 0.09375752976210576, 0.18974647662953525, 0.08160255961523624, 0.08554515369691292, 0.05670466901922824, 0.2126445587370921, 0.15235371705160894, 0.12670474438677753, -0.0027543499177085495, -0.00029314724012068273, 0.004746124718507052, -0.0003743257432668874, -0.00859634362551358, 0.00598271024230751, -0.0011233873462666041, -0.018647886467805783, 0.0034595253917069635, 0.004472024719833757, 0.06029528158086717, 0.05367282608170478, 0.05818820120500959, 0.09997491753644319, 0.03705220917554735, 0.06690649043041538, 0.030612472843221557, 0.018856418891648515, 0.037322253302281824, 0.061176696531554255], "cost": 2.5904849746636724, "fun": [0.28995972909561424, 0.29150725402470345, 0.5955189566392403, 0.48606446811740384, 0.18210152780776348, 0.4437294114155078, 0.5605138449000399, 0.8217986109177243, 0.2573594645901144, 0.4302358136997472, 0.3633447206011577, 0.3468580918033265, 0.47624074055246407, 0.6147259157115297, 0.7773128493914501, 0.5764832777765775, 0.4805081748504171, 0.7431601204233499, 0.43060723244300153, 0.4334531475488225, 0.0, 0.0, 0.0, 0.0, 0.0, 0.0, 0.0, 0.0, 0.0, 0.0, 0.0, 0.0, 0.0, 0.0, 0.0, 0.0, 0.0, 0.0, 0.0, 0.0, 0.0, 0.0, 0.0, 0.0, 0.0, 0.0, 0.0, 0.0, 0.0, 0.0, 2.0895719945039507e-05, 2.51916973109687e-08, 0.0, 5.2450434084095994e-08, 0.0006352450685021898, 0.0, 1.417713853362777e-06, 0.006484684472765365, 0.0, 0.0, 0.0, 0.0, 0.0, 0.0, 0.0, 0.0, 0.0, 0.0, 0.0, 0.0], "grad": [29448.51251351982, 28842.468209983104, -286.47962339868036, 1320.7909606504802, 36341.46993201544, -741.4012886011187, -19005.865996703888, -46628.710420843876, -15349.639535113389, -26706.633812865504, 25320.44203725835, 27472.260856345365, -26831.12314002699, 43093.29401050188, -11112.331035568148, 2267.495018844862, -25479.861089223836, -9724.538899204654, -981.6597693035419, -11958.356949353938, -20984.24007572482, 16469.882556193, -714.5958795969432, 48717.33933058395, -6047.665061695976, -29496.42375506882, 45621.18545662366, 2087.3668019697507, 8377.730825526829, 45741.880237381876], "optimality": 48717.33933058395, "nfev": 108, "njev": null, "status": 3, "message": "`xtol` termination condition is satisfied.", "success": true, "res_time": 641.6661790000071, "tension_error": [0.6236974582325561, 0.33252685232923396, 1.3254022169465645, -0.1307161594164691, 0.703284320322322, 0.14502937245545452, 1.080976515232997, -0.478071966813046, 0.4365187789930747, 0.019100128254198944, 0.04178251414351443, 0.004446939957674147, -0.0719970334571295, 0.005678389140673173, 0.13040349260138465, -0.09075559852022147, 0.017041388743765363, 0.2828818426730458, -0.05247977669050065, -0.06783903341593209, -0.07873674743625694, 0.021723560377046376, -0.04677308332816336, -0.6806627917141178, 0.27385244076752296, -0.17902644755242256, 0.3715409634406896, 0.5498761442198136, 0.26975596686923087, -0.0921075005154541], "git_revision": "018ef57f2e70e762a509d3bbb7a77c8182022b6e", "linregress": [3.0473642932604896, 0.08593719561815874, 0.5836848498366167, 0.0007093993036670208, 0.8011473985737153]}