{"x": [0.13655983973936794, 0.10874836451206572, 0.17279259669455252, 0.16963513900863056, 0.10633527262614383, 0.07788882108549619, 0.12266797514304112, 0.1530289285559147, 0.11789196004363799, 0.16380415948104313, -1.6666540796958677e-06, -4.3496892402958e-06, -1.0063581092857243e-07, -1.4627032799583461e-06, -4.780580096775264e-07, -6.293006084421897e-07, -1.0884641287145207e-07, -3.853396332464843e-07, -2.893568712162836e-06, -3.131586132709309e-08, 0.04333863758801113, 0.05825131220910132, 0.031151131872392324, 0.05744058888854604, 0.04072285144655773, 0.030180918389795072, 0.06158891936489537, 0.06889156957350971, 0.032329704644026014, 0.034259484605671416], "cost": 2.647404171742464, "fun": [0.49688070620816566, 0.6119503986081009, 0.38402888174537564, 0.2518707716462166, 0.19539607329425368, 0.43642387479061145, 0.6299317339243301, 0.36287397278159444, 0.30567003571911183, 0.7530121594307677, 0.7379887383729973, 0.8478545341648747, 0.5390441367867154, 0.3995280171109595, 0.2575710922174948, 0.5199660091809698, 0.4264133697298815, 0.40061996692475355, 0.6135414737755216, 0.5251455491919969, 0.0, 0.0, 0.0, 0.0, 0.0, 0.0, 0.0, 0.0, 0.0, 0.0, 0.0, 0.0, 0.0, 0.0, 0.0, 0.0, 0.0, 0.0, 0.0, 0.0, 0.0, 0.0, 0.0, 0.0, 0.0, 0.0, 0.0, 0.0, 0.0, 0.0, 4.629524738998462e-15, 8.229523520872112e-14, 1.0191958615483288e-18, 3.129454962257147e-15, 1.0925511967526094e-16, 2.492151586207705e-16, 1.2895624039591783e-18, 5.72177846831645e-17, 2.42270981865911e-14, 3.071093817813126e-20, 0.0, 0.0, 0.0, 0.0, 0.0, 0.0, 0.0, 0.0, 0.0, 0.0], "grad": [24960.546927268522, 17275.54712514278, -37151.84757370055, 30579.484496019435, -706.699143016387, 2529.7188417961956, -29672.092413035687, -38790.40420561681, -2126.02204167268, -12883.841539295026, -35491.14177235323, 29928.387589679332, -701.8609491754216, -34298.04376966716, -2410.1054058193176, 208.82427559071817, -28025.10196610378, 1285.5635915770602, -477.8367511412422, 593.8997847278195, -29576.841094949283, -13776.155154952954, 35630.33718434351, 8398.102530650413, -2476.6017309137906, -33153.06700053465, -34609.79431914349, -31611.446920171693, 1855.8140006660615, -52.24997065986476], "optimality": 38790.40420561681, "nfev": 95, "njev": null, "status": 3, "message": "`xtol` termination condition is satisfied.", "success": true, "res_time": 551.583725000004, "tension_error": [-0.628845372867072, 0.291492060469419, 0.126468203258912, 0.17436571968243797, 0.3280978109606318, 0.26117323041890017, 0.08033649003093388, 0.4262760592692168, 0.9592914449998003, -0.5436848780829258, 2.528255295724094e-05, 6.598324745671718e-05, 1.526609660752644e-06, 2.2188691454812988e-05, 7.251970935991e-06, 9.546267670533607e-06, 1.651161588450538e-06, 5.845465956472404e-06, 4.3894414019027914e-05, 4.7505054111068006e-07, 0.17848954501952075, -0.04773045494028879, 0.3633696964712468, -0.03543206888926773, 0.21817009568194773, 0.3780874918748799, -0.09836077510980333, -0.20913939610666313, 0.3454911643416351, 0.3162170848127712], "git_revision": "018ef57f2e70e762a509d3bbb7a77c8182022b6e", "linregress": [2.383889720950267, 0.04320808797042619, 0.6523817821358632, 9.357180823333703e-05, 0.5233735660198622]}