{"x": [0.1353649257483436, 0.13167511739670557, 0.20676844761035126, 0.10324386186210993, 0.13623766792939898, 0.054016195063582205, 0.061675591572267964, 0.11850171170972944, 0.19379287555377758, 0.11499269210933966, 0.0, 5.196962303301668e-06, 0.0, 0.0, 0.0, 0.0, 0.0, -6.7864734355250415e-06, 0.0, 0.0, 0.03404065830376446, 0.05134635133575073, 0.06522669584839405, 0.06931769863399821, 0.042558288389800775, 0.05965908584753148, 0.045999740026963575, 0.07780717713400252, 0.031370378238538124, 0.039363884510654375], "cost": 3.373050572691467, "fun": [0.5891523521773712, 0.5534662108678358, 0.5235365974446776, 0.33217308260915934, 0.46460632360421006, 0.38632236615876114, 0.765736943568854, 0.6798572496804997, 0.8093955429478088, 0.37795125384677297, 0.3668268963774111, 0.5364619109396066, 0.5434983091174467, 0.6313655785174414, 0.5290672894333901, 0.35540818504447885, 0.7448185164375938, 0.7969376821701083, 0.6488229600300603, 0.602649210712374, 0.0, 0.0, 0.0, 0.0, 0.0, 0.0, 0.0, 0.0, 0.0, 0.0, 0.0, 0.0, 0.0, 0.0, 0.0, 0.0, 0.0, 0.0, 0.0, 0.0, 0.0, 0.0, 0.0, 0.0, 0.0, 0.0, 0.0, 0.0, 0.0, 0.0, 0.0, 0.0, 0.0, 0.0, 0.0, 0.0, 0.0, 3.125593250472145e-13, 0.0, 0.0, 0.0, 0.0, 0.0, 0.0, 0.0, 0.0, 0.0, 0.0, 0.0, 0.0], "grad": [-4911.0150512202035, 21753.281529440123, 6014.279409395839, -16112.503811968545, 262.35625238020623, 14734.089137721241, 15849.468270716174, 13502.347331882029, -2905.3209180484146, 912.7341192785957, 304.6939511479709, -11438.494420060906, -7774.047909886505, -2189.011038066425, -5.1455668954011635, -145934.95726972196, -7949.876857181217, -594.8926100755649, -8138.470012184888, -27.590631126318783, -7872.311108665435, 949.3910314668659, -8258.56423127196, -6823.3361903760015, 53858.86175419594, -26300.66585897818, -1471.6024571561047, -3312.88620882942, 4888.072339697768, -5235.443130902071], "optimality": 145934.95726972196, "nfev": 64, "njev": null, "status": 3, "message": "`xtol` termination condition is satisfied.", "success": true, "res_time": 475.2065939999884, "tension_error": [-0.6107189502185679, -0.05629867247575078, -0.3889334391759447, 1.1814979139420105, -0.1255109504572494, 0.6233125243373998, 1.0055693781283954, 0.9500417278710149, -0.19209860004082938, 0.19676781919840014, 0.0, -7.8836080174469e-05, 0.0, 0.0, 0.0, 0.0, 0.0, 0.00010294840190105954, 0.0, 0.0, 0.3195366024222138, 0.057015359488113454, -0.15354455782219695, -0.215603623248738, 0.1903271663767337, -0.06908588315963066, 0.13812156215067292, -0.3443860096902509, 0.36004380663586155, 0.23878514348502022], "git_revision": "018ef57f2e70e762a509d3bbb7a77c8182022b6e", "linregress": [3.586727376627448, 0.01080498147522016, 0.6989182882937459, 1.737663346858991e-05, 0.6936196391929773]}