{"x": [0.12408248264210327, 0.08652122421755681, 0.17548064915304143, 0.1555272687516582, 0.08865316823631118, 0.10780149199978818, 0.10708384062947844, 0.12513832939419164, 0.2613508724036595, 0.10741301811312204, 0.0, -2.1935081423427798e-06, 0.0, -9.964828324331726e-06, 0.0, -9.810795600383181e-06, 0.0, 1.6179536734238786e-05, -1.5273215660334325e-05, -1.7277874908967707e-05, 0.026352592437481392, 0.060007555684883834, 0.043172147528434415, 0.07716470157602616, 0.0587115624462038, 0.04987198235351292, 0.0847740228358223, 0.08642438334928824, 0.04077132892349202, 0.03731520042769607], "cost": 3.161985906259502, "fun": [0.6902546193797049, 0.5784045043336715, 0.3438035338089132, 0.405708046097217, 0.4303169380919078, 0.5192256077478085, 0.6906511219200931, 0.35548300810843336, 0.7234797684673834, 0.4723014775949898, 0.4973533390754359, 0.6999748637223993, 0.5527320338478604, 0.2610528775882451, 0.31999189915913, 0.4914328961788582, 0.7341202545877829, 0.7942598107898259, 0.5260618601255939, 0.7239697298185016, 0.0, 0.0, 0.0, 0.0, 0.0, 0.0, 0.0, 0.0, 0.0, 0.0, 0.0, 0.0, 0.0, 0.0, 0.0, 0.0, 0.0, 0.0, 0.0, 0.0, 0.0, 0.0, 0.0, 0.0, 0.0, 0.0, 0.0, 0.0, 0.0, 0.0, 0.0, 1.0554016105047466e-14, 0.0, 9.894855651935894e-13, 0.0, 9.443058560632117e-13, 0.0, 0.0, 3.5628000712669543e-12, 5.157876939754168e-12, 0.0, 0.0, 0.0, 0.0, 0.0, 0.0, 0.0, 0.0, 0.0, 0.0], "grad": [-14603.491929537715, 12926.987361187872, -40942.28579022288, 33442.89389345597, 11289.343905556625, 24395.709847250906, 11036.08926047272, -279.7265645776148, 14675.44115565925, 4829.09191749256, 13641.812784994028, 23282.99980044325, 32037.43958685574, 50189.30394192548, 35081.00089854996, -73.17452240282398, 21207.9044936333, -42467.01756135555, 43783.671558755676, -13718.179920341681, 17214.392490869897, -23.198293639079566, 35473.24708758839, -6023.516342538982, -40833.03247431596, 17889.920446757198, -26092.638101883193, 10711.733828741086, 12835.955446894011, -6744.53255800613], "optimality": 50189.30394192548, "nfev": 65, "njev": null, "status": 3, "message": "`xtol` termination condition is satisfied.", "success": true, "res_time": 590.9770489999937, "tension_error": [-0.43956827846511576, 0.6286699178484932, 0.08569139812488617, 0.3883771220670742, 0.596329081070974, -0.1925914083843195, 0.3167422990898919, 0.8493665847153362, -1.216929519576298, 0.3117487930804929, 0.0, 3.3274742759481586e-05, 0.0, 0.0001511629215018061, 0.0, 0.00014882629955498448, 0.0, -0.00024543785017564217, 0.00023168928001557972, 0.00026209925184611396, 0.4361618426391445, -0.07437204735182441, 0.18101514034213903, -0.3346398826947592, -0.054712288264243764, 0.07938101552079357, -0.45007059508023606, -0.47510598040017965, 0.21743470950148236, 0.26986295648236497], "git_revision": "018ef57f2e70e762a509d3bbb7a77c8182022b6e", "linregress": [3.4682408070219517, 0.02469781079137906, 0.7414703057526743, 2.7617160799961973e-06, 0.5931297640070242]}