{"x": [0.14833506148336695, 0.09317174598961557, 0.1819386169373157, 0.2319103526737239, 0.10106961380681787, 0.1553004916262904, 0.07372868572474431, 0.14250776944713953, 0.15551978498795335, 0.1086447494765573, 0.013091313597181136, 0.005591976048342923, 0.05084826257001876, 0.016285342638085894, 0.014162691179379275, -0.03541272016888586, -0.004353686436425261, 0.024936789474780834, 0.021046319294770886, -0.00197678409322014, 0.058276383212450544, 0.08544237031202429, 0.048101840782643214, 0.07063713420500581, 0.03545338324653256, 0.08643579787578781, 0.07689887728081134, 0.043113594773146906, 0.08360333797775699, 0.04384999872426906], "cost": 2.6823598030179525, "fun": [0.37604151151159754, 0.5104826360953691, 0.510602113147584, 0.522693157682002, 0.7337165755840427, 0.5238746326153281, 0.37986177423400225, 0.5555318048687912, 0.33093241169697923, 0.691095445030829, 0.5493229659923383, 0.586749219211876, 0.5366728261955205, 0.33693241472067026, 0.5792954379467817, 0.6126235468285463, 0.5120649932469276, 0.32273280393963355, 0.5270119587337581, 0.4140406120326885, 0.0, 0.0, 0.0, 0.0, 0.0, 0.0, 0.0, 0.0, 0.0, 0.0, 0.0, 0.0, 0.0, 0.0, 0.0, 0.0, 0.0, 0.0, 0.0, 0.0, 0.0, 0.0, 0.0, 0.0, 0.0, 0.0, 0.0, 0.0, 0.0, 0.0, 0.0, 0.0, 0.0, 0.0, 0.0, 0.044409702406027526, 8.25223221769354e-05, 0.0, 0.0, 7.724630475736737e-06, 0.0, 0.0, 0.0, 0.0, 0.0, 0.0, 0.0, 0.0, 0.0, 0.0], "grad": [-52153.41477264644, 1.8792283378731882, -25545.489683619293, -8.032611123240475, 15.016008749348188, 52253.23406693722, -1.2086700351594721, -46989.297425109544, -31826.313051833735, 8.692473530740992, -25264.454030049637, -0.2867365460059778, -4.512335202485511, 15.459697740938662, -54507.722617341235, -3.521617033214886, -1055.144275804707, 2.0741036240573174, 2.7435953335705956, -53248.68325085231, -15097.403447249282, -6109.89469203577, -17544.199429378335, 25.63939344923115, -25308.629644199842, 26901.303823643117, 50997.18444683132, -8378.200946138637, 15.899709692697442, -7042.103485840105], "optimality": 54507.722617341235, "nfev": 193, "njev": null, "status": 3, "message": "`xtol` termination condition is satisfied.", "success": true, "res_time": 918.6849309999961, "tension_error": [-0.8074713222783834, 0.5277838546013183, -0.012273689226572142, -0.7703272472579654, 0.4079759929878614, -0.9131344341405401, 0.8227282025533161, 0.5858783220181292, 0.38849064811575607, 0.2930638639134102, -0.19859059737277832, -0.08482829898550506, -0.7713501601032795, -0.2470428883175051, -0.21484301638948758, 0.5371984408385394, 0.06604388350834585, -0.3782822771446146, -0.31926522042423194, 0.02998711558129072, -0.048110773194442416, -0.46020918992530335, 0.10623343711957774, -0.2356189942270722, 0.2981060646671522, -0.47527913473029704, -0.3306074221482273, 0.1819033649319825, -0.4323117198098035, 0.17073237743134598], "git_revision": "018ef57f2e70e762a509d3bbb7a77c8182022b6e", "linregress": [1.4160084295346038, 0.2771775440128427, 0.3476817239683135, 0.05975079334537882, 0.7216529698977959]}