{"x": [0.09643572570074592, 0.1417714639831783, 0.18204018871037503, 0.14398339472292565, 0.14728704468919068, 0.13395428276361065, 0.19493435455586747, 0.1559906906365495, 0.1695017280810857, 0.10980433531142303, -0.003617987982385621, 0.0009044519519827844, -0.00021100475174061603, 0.00042309189498413623, 0.0014124076943709603, 5.553973271602254e-05, 0.0060771880556579555, -5.12265434796348e-05, -0.0004924140767071341, 0.0017441472384127313, 0.08851452778761361, 0.061395847694606834, 0.06543864195380597, 0.05286698999239039, 0.07948000403300667, 0.0908458954433983, 0.04446614719839394, 0.05051135906153738, 0.07019027015578004, 0.053802453378273475], "cost": 3.0190102778225336, "fun": [0.5682454019083497, 0.5124701457955685, 0.48259932156943336, 0.3258589622736014, 0.17252880084913605, 0.773061555011315, 0.5903704640474512, 0.7863059792247981, 0.3742798903568881, 0.19024455067034288, 0.4994996113299599, 0.667037591755193, 0.2947529339999642, 0.23266505828352274, 0.27688705464470187, 0.8255656955742676, 0.5929758121608735, 0.594159235369506, 0.790737636760867, 0.647560597925696, 0.0, 0.0, 0.0, 0.0, 0.0, 0.0, 0.0, 0.0, 0.0, 0.0, 0.0, 0.0, 0.0, 0.0, 0.0, 0.0, 0.0, 0.0, 0.0, 0.0, 0.0, 0.0, 0.0, 0.0, 0.0, 0.0, 0.0, 0.0, 0.0, 0.0, 4.735887310459091e-05, 0.0, 9.394565671024538e-09, 0.0, 0.0, 0.0, 0.0, 1.344265826563123e-10, 1.1939644033735512e-07, 0.0, 0.0, 0.0, 0.0, 0.0, 0.0, 0.0, 0.0, 0.0, 0.0, 0.0], "grad": [1674.21222136187, -8029.817964802827, 14961.426040489707, -16786.372177740202, 8803.560328616877, 831.812653095519, 7317.232449678006, -11213.075386723143, -17017.80859319008, -2863.4824378199746, 1650.1636037692128, 96.73913379563703, -17676.924491862545, -1994.3430334885438, -579.1260091609746, 1027.94905918591, 4825.508583030565, 1125.971907232386, -2638.102081159791, 6774.651935024983, -3120.1956725234168, -4185.387400176334, -1837.8544216495375, 2364.0691924034927, 4662.430737123257, -1482.608941905491, -15017.86932694042, 10063.914649736373, -14836.19776134929, -18652.061343821344], "optimality": 18652.061343821344, "nfev": 108, "njev": null, "status": 3, "message": "`xtol` termination condition is satisfied.", "success": true, "res_time": 687.096114, "tension_error": [-0.02017675326428573, -0.20945667950126146, -0.013814497101834456, 0.563493608456624, -0.2931260881617202, -0.5893199950305906, -1.0159189278097347, 0.38134717596785334, 0.17638951627095545, 0.2754733568996159, 0.054883598148943794, -0.013720216241547524, 0.003200867459602108, -0.006418154415502834, -0.02142572520907556, -0.0008425181030247644, -0.09218879353556195, 0.0007770885477186784, 0.007469747395638817, -0.0264580967686121, -0.5068127323255022, -0.09543194615358488, -0.156759705284072, 0.033947808858569836, -0.3697622021333086, -0.5421787551482652, 0.16138562298699963, 0.06968189698312768, -0.22884022463902473, 0.01975716013231172], "git_revision": "018ef57f2e70e762a509d3bbb7a77c8182022b6e", "linregress": [1.9268641246343654, 0.07132761718022035, 0.4980653799564955, 0.00509551196271658, 0.6339787180549499]}