{"x": [0.07868210307118699, 0.13878974662658125, 0.2291309864527155, 0.1444004229505247, 0.0704561532543636, 0.04692657924168011, 0.042175679394871594, 0.2946527223959674, 0.22840310213727402, 0.12582414767528394, 1.5241295365893492e-06, -2.587957828411132e-06, -4.869983411818698e-08, 3.1668588301819586e-07, 1.8654177250437252e-07, 7.069562040367251e-07, 1.0369169695319536e-06, -3.5073345938322536e-07, 7.106068509179766e-07, -7.748096849564037e-07, 0.047222804625802965, 0.02648842984755152, 0.07660542090079657, 0.06878373460171483, 0.053990272685861436, 0.07647976848775373, 0.04477262537689693, 0.061361863112772766, 0.09939021338822561, 0.08451989548271535], "cost": 3.530544704813698, "fun": [0.6014992523778249, 0.7282402383121747, 0.3703556319845142, 0.534862621375775, 0.6498286160242481, 0.7539124359272286, 0.6495982038096748, 0.9838252683689013, 0.49755608399779, 0.3708616265639052, 0.7661951102575079, 0.32692061534644035, 0.4821537521316963, 0.48231465964091585, 0.5764932453840036, 0.33822905400511133, 0.8205112222637736, 0.5873868066533973, 0.49476824741589553, 0.3335096848941836, 0.0, 0.0, 0.0, 0.0, 0.0, 0.0, 0.0, 0.0, 0.0, 0.0, 0.0, 0.0, 0.0, 0.0, 0.0, 0.0, 0.0, 0.0, 0.0, 0.0, 0.0, 0.0, 0.0, 0.0, 0.0, 0.0, 0.0, 0.0, 0.0, 0.0, 0.0, 1.733291412228882e-14, 1.1550012274330887e-19, 0.0, 0.0, 0.0, 0.0, 4.314511157870927e-17, 0.0, 4.651415352849985e-16, 0.0, 0.0, 0.0, 0.0, 0.0, 0.0, 0.0, 0.0, 0.0, 0.0], "grad": [47562.449056105426, -19648.04253797391, -2676.724597787808, 41179.305351898336, -4430.869712514085, 2806.840638187593, 1189.8530713432513, 57010.96683460751, -15815.985536349086, 526.1618223393425, -1610.8864675308112, 10545.153207954196, -5865.503191848198, -146671.7040305448, 11794.598979171387, -73955.14366658159, -16209.403124925937, 1614.442899881601, 51900.76402908476, -6944.753910250064, 69454.8752163745, -8329.94703821797, -58219.12722565069, 11650.634483902206, 2542.89756799033, -3086.7386792023053, -313.3238287570614, -2930.094038415671, 2520.35478163875, -9568.790600933455], "optimality": 146671.7040305448, "nfev": 96, "njev": null, "status": 3, "message": "`xtol` termination condition is satisfied.", "success": true, "res_time": 925.082224999991, "tension_error": [0.2491394232494408, -0.16422508172096753, -0.7281652446407013, 0.5571674377308661, 0.8723713627595354, 0.7308594890299421, 1.301376149487054, -1.722106806370123, -0.7171234970002716, 0.032458468934210845, -2.3120506043789845e-05, 3.925840499538479e-05, 7.387592603058891e-07, -4.804012845712532e-06, -2.8297727162075617e-06, -1.072427559189135e-05, -1.572966370996272e-05, 5.320502537845673e-06, -1.0779654613985884e-05, 1.1753588900264229e-05, 0.11956810473740678, 0.4341012371688725, -0.32615579264769085, -0.20750357772163616, 0.016908007660701375, -0.32424968998027925, 0.15673645740870845, -0.09491641206620767, -0.6717930365731307, -0.44621557300871995], "git_revision": "018ef57f2e70e762a509d3bbb7a77c8182022b6e", "linregress": [5.0035181013393295, -0.0007286282726897686, 0.7370310052205075, 3.4001818648203573e-06, 0.8670951557758801]}