{"x": [0.060007101262187126, 0.15334729158608915, 0.11980317107306403, 0.17618630166307636, 0.2039656365506431, 0.10332745031031806, 0.11590148366141097, 0.17476713116886017, 0.17392112557435244, 0.15251965634081954, -7.592085384969741e-06, -3.34178822317704e-06, 2.6026758236724346e-06, 1.8354705096544073e-05, 2.7852338470052543e-05, 4.643041694061092e-06, -7.511465752127228e-05, -1.3554187338249825e-05, -3.07086586458844e-05, -1.4575898663857366e-05, 0.06648212378730954, 0.044898538549221975, 0.0818661748963695, 0.053998883265567295, 0.05114220659108503, 0.047112623892183125, 0.05838695587049602, 0.02519093053195688, 0.05932744875491323, 0.039684491298116395], "cost": 3.696601698624307, "fun": [0.42747931189347227, 0.40379476197371716, 0.6620629783755206, 0.7014359808736778, 0.6890979574679186, 0.7581194173000317, 0.42120726161801036, 0.38968480272861306, 0.25399309661049463, 0.22116276571892451, 0.7011803563994067, 0.8245492539393499, 0.3528576794015913, 0.7355218267679805, 0.738581072735611, 0.3959197337592421, 0.8034693549070775, 0.6565772081886002, 0.6135329981998682, 0.7952411062747864, 0.0, 0.0, 0.0, 0.0, 0.0, 0.0, 0.0, 0.0, 0.0, 0.0, 0.0, 0.0, 0.0, 0.0, 0.0, 0.0, 0.0, 0.0, 0.0, 0.0, 0.0, 0.0, 0.0, 0.0, 0.0, 0.0, 0.0, 0.0, 0.0, 0.0, 4.3760598322956487e-13, 3.7319582154515793e-14, 0.0, 0.0, 0.0, 0.0, 4.238128051069137e-10, 2.490121005135496e-12, 2.89589319670628e-11, 3.096749105862548e-12, 0.0, 0.0, 0.0, 0.0, 0.0, 0.0, 0.0, 0.0, 0.0, 0.0], "grad": [-177.9300805528785, -2998.7510548516548, 19349.857201976774, -93.2031297234766, -21344.604479720303, -7962.189703840717, -9284.04221134315, -18926.221442523718, -5091.427247004056, -22355.218652378844, 6308.000491127155, 1121.9084042773477, -14291.989506455753, -6439.480235681266, 14081.464161850403, 434.29262000873916, -6254.848206315168, 2574.547864899513, -15726.754368484711, -9172.4101999635, -6504.160590312938, -8057.293446617672, -545.3473941335956, -6458.693828580802, -10827.209585153958, -6347.022528567661, -8837.939314818439, 3029.234441805395, -28205.372539556676, 17351.90012249296], "optimality": 28205.372539556676, "nfev": 100, "njev": null, "status": 3, "message": "`xtol` termination condition is satisfied.", "success": true, "res_time": 638.9580339999957, "tension_error": [0.5324325960587426, -0.38505789031034, 0.9302990496055837, 0.07498689910993536, -1.1529202816517736, -0.12472177825232877, 0.18298177275826008, 0.09651521360091969, 0.10934881926980987, -0.3725029563425029, 0.00011516925026002944, 5.069374548303102e-05, -3.948167177830726e-05, -0.00027843438495803315, -0.0004225101242848195, -7.043330043280385e-05, 0.0011394627894188638, 0.00020561222832406778, 0.0004658394911810878, 0.0002211112277933513, -0.17258895565874305, 0.15482639911520632, -0.4059595702332355, 0.016777388211795908, 0.06011216306651098, 0.1212395074997122, -0.04978812131167605, 0.4537838429106059, -0.06405506575195569, 0.23392165190556868], "git_revision": "018ef57f2e70e762a509d3bbb7a77c8182022b6e", "linregress": [2.3485262271466163, 0.03511015498107142, 0.5289653679185281, 0.002652417293520804, 0.7120564152150762]}