{"x": [0.12032276051991662, 0.047367354874270545, 0.2074375330273617, 0.17839032305414285, 0.1317246652749529, 0.10555559330554509, 0.13331468023161305, 0.14542597871926777, 0.12650298403231303, 0.10431389785251154, -0.0001336861394021042, 1.4000850030787337e-06, 0.01810204518383639, -0.011926083676478016, -0.013054847884668047, 0.013095346501365844, -0.044781935272866565, 0.008335344567072439, 0.024638189882932725, -0.008789261291897396, 0.04269212730202887, 0.0827755619281225, 0.05414917260098119, 0.0560409150124845, 0.06576665467034033, 0.0823334304272472, 0.0529196227837325, 0.05124921780031972, 0.07138138811318666, 0.05964860380850432], "cost": 3.9363560502134582, "fun": [0.18166549424862935, 0.7403190147791571, 0.9420451190807012, 0.44269165229945695, 0.45062512483411316, 0.5508178020856362, 0.37412694177204076, 0.7362483952512816, 0.47270535563413046, 0.7567257051449423, 0.88507285941972, 0.6928110035662758, 0.6247047493303376, 0.6633996000995344, 0.266784546770608, 0.6988537558627119, 0.78060436929902, 0.5169756258241639, 0.6533232572904737, 0.5087770384862187, 0.0, 0.0, 0.0, 0.0, 0.0, 0.0, 0.0, 0.0, 0.0, 0.0, 0.0, 0.0, 0.0, 0.0, 0.0, 0.0, 0.0, 0.0, 0.0, 0.0, 0.0, 0.0, 0.0, 0.0, 0.0, 0.0, 0.0, 0.0, 0.0, 0.0, 2.3892365268015345e-09, 0.0, 0.0, 0.0016962644348113747, 0.0022249253658527175, 0.0, 0.08980666596360604, 0.0, 0.0, 0.0006789802265393021, 0.0, 0.0, 0.0, 0.0, 0.0, 0.0, 0.0, 0.0, 0.0, 0.0], "grad": [-1143.3820107733331, -2742.0848928131923, -35772.733188051774, -7772.421687368904, 1144.5819744033663, 10180.77476206767, 21096.70651710148, -5648.978856925636, -26881.152347216557, 6595.474783593295, 2894.036099680894, -8987.640569452977, -1742.3396469006489, 16279.50939238205, -1803.818162431524, -8454.071941873754, 3967.4228756767125, 6186.966875872786, 17678.793677719063, -15909.566153600139, 3800.3534564342635, -2090.3663317503397, 930.9353624598351, -21536.630199364285, 9425.995143611926, -711.7153546657395, -299.02807158554253, 3357.9295598612853, -2205.4298173850902, 2560.970001867225], "optimality": 35772.733188051774, "nfev": 79, "njev": null, "status": 3, "message": "`xtol` termination condition is satisfied.", "success": true, "res_time": 587.0576770000043, "tension_error": [-0.38253462354132983, 1.222620268561442, -0.3990832283220949, 0.04155267408544877, -0.05705029626557528, -0.15852191948104283, -0.08117026083068817, 0.5416101194188487, 0.8286652564811388, 0.35876135139375814, 0.002027971455060168, -2.1238794340236656e-05, -0.27460162343839645, 0.18091447157292778, 0.19803742541048128, -0.1986517751029765, 0.6793261204332154, -0.126444229190208, -0.3737526269395235, 0.1333299853728338, 0.18829687741193313, -0.4197546498895484, 0.01449755214515169, -0.014199511200482023, -0.16173554218835734, -0.4130476713862562, 0.03314938802811339, 0.05848884086818886, -0.2469090628000598, -0.06892687433468453], "git_revision": "018ef57f2e70e762a509d3bbb7a77c8182022b6e", "linregress": [1.4870591150709598, 0.16389418635107172, 0.34060833229307536, 0.06550030094380445, 0.7757408013317011]}