{"x": [0.09379035323371838, 0.053524672180570505, 0.18463459427147155, 0.2279219866203442, 0.14042729836915155, 0.09123315902085856, 0.21150626876960546, 0.16142199348763883, 0.17930073580582637, 0.10059115357492807, -0.0002279495223407541, 0.0006000095599719569, 3.9301175555445115e-05, 0.00018045107431811588, 0.0014189514565913029, -0.0017443215712557867, 0.00011513976002996694, 6.276465698387354e-05, -0.00026780819100122896, -1.1108857207014712e-07, 0.08254452627628818, 0.0606761568517839, 0.08524644321017771, 0.0589878345360238, 0.06671132644017508, 0.07546489518347788, 0.0679356332132303, 0.05353551795333198, 0.07327569286952669, 0.034245935072979745], "cost": 3.5271018430512955, "fun": [0.5680991965944314, 0.5096032031843423, 0.44264713106454284, 0.6560061661979878, 0.5386581385896307, 0.2799793610705233, 0.7427115012729267, 0.6291192187645017, 0.3927464446743306, 0.4201893428339935, 0.5158889914009106, 0.7969502672444947, 0.8004886816974494, 0.6838930351255585, 0.49962130809417693, 0.7050225401323705, 0.3156646043872975, 0.5573574578844257, 0.7606950026043968, 0.673305389530891, 0.0, 0.0, 0.0, 0.0, 0.0, 0.0, 0.0, 0.0, 0.0, 0.0, 0.0, 0.0, 0.0, 0.0, 0.0, 0.0, 0.0, 0.0, 0.0, 0.0, 0.0, 0.0, 0.0, 0.0, 0.0, 0.0, 0.0, 0.0, 0.0, 0.0, 1.1844481650784618e-08, 0.0, 0.0, 0.0, 0.0, 5.30737353671741e-06, 0.0, 0.0, 1.9207532104076396e-08, 1.3709075025125632e-18, 0.0, 0.0, 0.0, 0.0, 0.0, 0.0, 0.0, 0.0, 0.0, 0.0], "grad": [33698.929911162064, 38699.29779960468, -7241.040262360589, 34585.334465333806, -27686.2468811055, 11257.569818146605, 30522.81798068885, -37540.232744037145, 26456.29386698588, -8093.708499397455, -14152.84941927194, -43092.9973606527, 34661.85182952002, -41710.32886984336, -15328.080964420047, -49011.129072025375, 39951.035180632265, -9.199287961896822, -8908.461176255469, -47.36858172191431, -47891.67211989694, -13670.046171261329, 10285.715380613578, 47666.83789909024, 46624.75156733053, -2820.246147571349, -5494.726837975666, -43677.49940945001, -6805.345078626948, 28245.858034112523], "optimality": 49011.129072025375, "nfev": 100, "njev": null, "status": 3, "message": "`xtol` termination condition is satisfied.", "success": true, "res_time": 560.9821450000018, "tension_error": [0.019952611493550154, 1.1292159426322894, -0.053170711921740436, -0.7098251447605867, -0.18906616251639613, 0.05874434332093476, -1.2673090055804863, 0.2989562325607262, 0.027742034620547744, 0.415234065492562, 0.0034579136368895185, -0.009101932824362705, -0.0005961849338548304, -0.0027373789787688337, -0.021524991767679965, 0.0264607413361864, -0.0017466294391292397, -0.000952117648988934, 0.004062555543983681, 1.6851743505288674e-06, -0.41624992075968725, -0.08451449059506101, -0.45723704508220636, -0.058903238159951195, -0.17606587884250924, -0.30885442087625103, -0.19463817959932012, 0.023806476123833173, -0.2756449960106633, 0.31642262643175284], "git_revision": "018ef57f2e70e762a509d3bbb7a77c8182022b6e", "linregress": [2.476522510753057, 0.05515139685062387, 0.48496445836533114, 0.006603600108242169, 0.8439757772897186]}