{"x": [0.08823569455942623, 0.06651725971209739, 0.23366151679580768, 0.2019454962208141, 0.14985546879247652, 0.06052460516928964, 0.15441171082022878, 0.23256456798415298, 0.14798651497807508, 0.10137987309634079, 1.543446090563206e-05, 5.103642160991682e-07, 8.924688410142045e-08, -2.516781816442865e-07, 1.2669665934105064e-07, -6.605293755481617e-06, -4.408942079858981e-08, -7.075984917476525e-08, 6.46290361048241e-08, 3.1116067566670895e-07, 0.05953760415664314, 0.043945002540967684, 0.03282194064467319, 0.06807371908086686, 0.060700765429961945, 0.055307859904393596, 0.03873694333336761, 0.07756181950527302, 0.06681526903485778, 0.05077198618229684], "cost": 2.254035598867676, "fun": [0.28712699495691096, 0.5668991995444647, 0.9656979919411187, 0.3870151222566089, 0.4661117591934301, 0.2727703392170408, 0.640257382942618, 0.304975711490194, 0.49860564851741057, 0.1876141493088594, 0.5081563243176164, 0.47364079045039764, 0.6566283132333294, 0.21701145765182442, 0.42124631414268604, 0.6022546018353944, 0.24863721090637328, 0.41294116765196776, 0.1764340689857306, 0.423141817916961, 0.0, 0.0, 0.0, 0.0, 0.0, 0.0, 0.0, 0.0, 0.0, 0.0, 0.0, 0.0, 0.0, 0.0, 0.0, 0.0, 0.0, 0.0, 0.0, 0.0, 0.0, 0.0, 0.0, 0.0, 0.0, 0.0, 0.0, 0.0, 0.0, 0.0, 0.0, 0.0, 0.0, 1.5941776004779414e-17, 0.0, 2.8818834298686157e-13, 8.570441219568251e-20, 3.5429146944511327e-19, 0.0, 0.0, 0.0, 0.0, 0.0, 0.0, 0.0, 0.0, 0.0, 0.0, 0.0, 0.0], "grad": [12623.214951021702, 60468.42978750784, 37446.457886833174, 37856.52319385826, -399.24125882299285, 873.5860117758871, -25267.553379393084, -31024.11679120818, 50171.680881918845, 19008.722072366516, -30741.59256037419, 67173.54463780449, 19674.45609964832, 776.4238160533482, -1937.9347204041305, -14670.709109578413, 49932.088407277006, 30930.620574790468, -4926.624836152422, 1607.2898058977225, -197.84786300909482, 2042.5394068219853, 35977.49895549143, -40621.82755949962, 26257.93787725343, -21648.211757204917, 39954.09103823293, 24167.337094312774, 1426.8159647518835, -70993.17313143179], "optimality": 70993.17313143179, "nfev": 96, "njev": null, "status": 3, "message": "`xtol` termination condition is satisfied.", "success": true, "res_time": 840.0937440000125, "tension_error": [0.10421481911243168, 0.932122984759856, -0.7968917876702644, -0.3157709722899407, -0.3320881734552851, 0.5245822448093185, -0.4012047536479031, -0.780251462146264, 0.5027676899363945, 0.403269469292632, -0.00023413531336047584, -7.742044661938837e-06, -1.353843668612178e-06, 3.817869006605687e-06, -1.9219435144455125e-06, 0.00010019997023111772, 6.688209207742958e-07, 1.0734018869313543e-06, -9.803996208942308e-07, -4.7201974042448e-06, -0.06724304887227796, 0.16929120313124094, 0.33802411829684714, -0.19673289337568148, -0.08488779402290988, -0.003079324464271977, 0.24829561941936656, -0.34066402123602496, -0.1776426512433292, 0.06572827573504193], "git_revision": "018ef57f2e70e762a509d3bbb7a77c8182022b6e", "linregress": [3.5219135443006038, -0.005998136903200474, 0.8319953333650565, 1.2121997616516896e-08, 0.4438146550693148]}