{"x": [0.11051497431572031, 0.16977548768012696, 0.1595111675767186, 0.23480369021399874, 0.14205698891488877, 0.10843545714703483, 0.13479006132667082, 0.18750857909130325, 0.16730858331345239, 0.14028886915479957, 0.004437781829815333, 0.006458803706012774, -0.013334930550856789, 0.007072196177929826, -0.001331619093754941, -0.0010040577152248772, -0.00186827391038, 0.0014771185323322132, -0.006752218393999127, 0.002180627249441348, 0.06750621336382416, 0.08788437373226364, 0.061684919771105295, 0.05487998461008546, 0.07538386630921784, 0.05907596616724209, 0.054562673371040094, 0.05122879349060245, 0.04327084080293077, 0.04837423751625867], "cost": 0.08982564785619772, "fun": [0.04909291827704075, 0.12103964040184724, 0.19562914447834417, 0.17858928038816274, 0.05570939199527746, 0.07176113931410881, 0.022365946624458982, 0.06323628800739729, 0.12318677352083776, 0.09388491408071704, 0.035400971730510725, 0.14460632438092852, 0.012479853208442714, 0.05578041816349846, 0.11688674871654543, 0.06004009162689075, 0.01256264179894009, 0.03498138026961273, 0.0770010609563025, 0.07529230884890266, 0.0, 0.0, 0.0, 0.0, 0.0, 0.0, 0.0, 0.0, 0.0, 0.0, 0.0, 0.0, 0.0, 0.0, 0.0, 0.0, 0.0, 0.0, 0.0, 0.0, 0.0, 0.0, 0.0, 0.0, 0.0, 0.0, 0.0, 0.0, 0.0, 0.0, 0.0, 0.0, 0.0023712223217644407, 0.0, 2.361239508717445e-06, 1.0122226076436656e-06, 6.521111820832742e-06, 0.0, 0.0003078502013964296, 0.0, 0.0, 0.0, 0.0, 0.0, 0.0, 0.0, 0.0, 0.0, 0.0, 0.0], "grad": [0.22635364113930206, -0.4126850825483585, -0.6397976263790334, 0.13449301184523102, -0.21988709254539385, 0.27801768564695045, 0.49665411044649205, 0.25324322292208734, -0.4529223862894029, -250.70910049793463, -0.7145300001690735, -0.5704365258202435, -0.8939277728787323, 0.5724491944628798, 0.8086022347285035, -0.5650212707249296, -0.8649682496094191, 1.428117158021897, -1.2573458718756827, 1.1221306487176892, 250.5711593283555, 0.5932478874188774, 1.4246022564628051, -0.5693380163208939, 0.6751504822139351, -0.22049367340691983, 0.32574076885883785, -0.5454521312562557, -0.5025735845706949, -249.79714401658518], "optimality": 250.70910049793463, "nfev": 941, "njev": null, "status": 2, "message": "`ftol` termination condition is satisfied.", "success": true, "res_time": 995.2266010000021, "tension_error": [-0.23375397546219195, -0.634267815032837, 0.32794278584341136, -0.8142181544812093, -0.21378799173607135, -0.20220843545884792, -0.10355127025690147, -0.096768045220178, 0.20965874676460636, -0.18696624029179043, -0.06731958088475193, -0.09797776798859797, 0.20228618040204754, -0.10728271485414412, 0.020200190709565843, 0.015231200443184706, 0.028341054483503495, -0.022407365735201627, 0.10242876503580825, -0.03307934416964558, -0.18812403235319067, -0.4972535181672091, -0.0998170673203393, 0.003411392427270689, -0.30762524151053716, -0.06024016383674855, 0.008224891702750927, 0.0587986704233034, 0.17951799827206236, 0.10210127500692813], "git_revision": "018ef57f2e70e762a509d3bbb7a77c8182022b6e", "linregress": [1.6378531552704603, 0.06619062309116273, 0.5494526162136668, 0.0016615817829146308, 0.470679286379422]}