{"x": [0.14479053942974981, 0.19963955381902523, 0.29355425800128593, 0.1981344429460356, 0.12864113150481782, 0.11173837414236235, 0.1881383124688745, 0.24782704226121466, 0.17225286875814586, 0.12437986307426571, 3.7081102042627777e-07, -3.0235675906519995e-07, 3.777274482672726e-06, -3.1338458521567077e-06, 0.0, 0.0, -1.6672927801843207e-06, -2.7038230347026157e-06, -4.6928203303965755e-07, 2.5525039424274933e-07, 0.04659062231550538, 0.028689467778283354, 0.04516039671577621, 0.0665298623728596, 0.05216172724778547, 0.030783712402475214, 0.04778757944000832, 0.0714546665610536, 0.050667948416133125, 0.09035102989237742], "cost": 3.8904825663853395, "fun": [0.9403432034804082, 0.7484066681470036, 0.4085861012707597, 0.7402855235737446, 0.4035237122680723, 0.5044578506117862, 0.41682460950578054, 0.47882386185033116, 0.7763640597875783, 0.45320560999178694, 0.87402944835902, 0.5108131918306503, 0.7106466719415664, 0.537483306171894, 0.6621134966815878, 0.4672292933574565, 0.2503857741798569, 0.5985902683188269, 0.6117641494694593, 0.84997679635457, 0.0, 0.0, 0.0, 0.0, 0.0, 0.0, 0.0, 0.0, 0.0, 0.0, 0.0, 0.0, 0.0, 0.0, 0.0, 0.0, 0.0, 0.0, 0.0, 0.0, 0.0, 0.0, 0.0, 0.0, 0.0, 0.0, 0.0, 0.0, 0.0, 0.0, 0.0, 2.7641336919744447e-17, 0.0, 3.0777468227399566e-14, 0.0, 0.0, 4.6348492026128794e-15, 1.9766728211136264e-14, 1.0334792974723008e-16, 0.0, 0.0, 0.0, 0.0, 0.0, 0.0, 0.0, 0.0, 0.0, 0.0, 0.0], "grad": [-53435.980225831576, -45026.13112831249, 50369.50297106035, -20333.368956800008, 6106.430390478872, -60805.40869681368, 52803.42385189628, -50885.970421972976, -50011.49658920402, 56234.1763563386, -6557.520255410622, 43765.82639488166, 55876.29697563544, 61759.40603103908, -42703.116142634644, -64047.33429599875, 62162.895716697814, 52374.50441660895, -16832.96019967643, -43170.846905409446, -47829.091282260684, 59107.998514156774, 2443.7932494714046, 6010.110864915698, -47474.70123707078, 54122.474110446856, 45843.06156244248, 55060.26971151765, -58214.39041982342, -43827.3523309296], "optimality": 64047.33429599875, "nfev": 66, "njev": null, "status": 3, "message": "`xtol` termination condition is satisfied.", "success": true, "res_time": 378.4645790000068, "tension_error": [-0.7537021762867709, -1.0872951365829824, -1.7054434899876103, -0.2579586419352002, -0.010274179500477001, -0.2523125181626669, -0.9128253728499724, -1.0117777991764136, 0.1346556851730918, 0.05436775554348384, -5.625072038204044e-06, 4.58664510300818e-06, -5.7299918024761815e-05, 4.753933325590879e-05, 0.0, 0.0, 2.5292241817766858e-05, 4.101603919773867e-05, 7.118842474121507e-06, -3.872058208369523e-06, 0.12915808680593915, 0.40071227018252686, 0.15085410333778773, -0.17331313311822724, 0.04464639526979244, 0.36894331988768836, 0.11100067054514273, -0.24802067093841962, 0.06730649185357039, -0.5346718197542795], "git_revision": "018ef57f2e70e762a509d3bbb7a77c8182022b6e", "linregress": [4.281757888156623, -0.0019438516937824168, 0.6461224226209741, 0.00011487109011971448, 0.9558414640103348]}