{"x": [0.11213530865882125, 0.14976169202805664, 0.20055650779746065, 0.20140539783109934, 0.15360033498755538, 0.11251920495688214, 0.1443188863443247, 0.18416641728106722, 0.18869589759341016, 0.13768472504225565, -0.0012726105126524426, -0.0019265458092512153, -0.0033712169711853025, -0.0026848705210653543, 0.002245312514584466, 0.0059802611753102895, 0.0051964249539503725, 0.002845972898653283, 0.003871215477646104, 0.00045464913227621364, 0.045732347471648026, 0.05177969240734198, 0.05409365997900222, 0.05187900881920685, 0.05887408713008877, 0.06464673114091099, 0.06007704129388524, 0.0501416266551057, 0.04530975128318264, 0.04648082573530276], "cost": 0.023845240389677582, "fun": [0.039477505834274514, 0.039748698100893855, 0.034927492918747124, 0.07209582896088589, 0.050142729522810875, 0.03900490826538691, 0.028683554570583365, 0.05782102878991976, 0.0981250907270085, 0.04113279195997019, 0.04818802810782201, 0.03684048025188139, 0.01869311060467808, 0.043289360218109335, 0.0348074908315737, 0.0683980970860724, 0.03483245342863403, 0.04576537331159143, 0.04465900423737104, 0.03895393599101192, 0.0, 0.0, 0.0, 0.0, 0.0, 0.0, 0.0, 0.0, 0.0, 0.0, 0.0, 0.0, 0.0, 0.0, 0.0, 0.0, 0.0, 0.0, 0.0, 0.0, 0.0, 0.0, 0.0, 0.0, 0.0, 0.0, 0.0, 0.0, 0.0, 0.0, 2.0610404696591695e-06, 7.150526496427398e-06, 3.831423103506618e-05, 1.9353968931720386e-05, 0.0, 0.0, 0.0, 0.0, 0.0, 0.0, 0.0, 0.0, 0.0, 0.0, 0.0, 0.0, 0.0, 0.0, 0.0, 0.0], "grad": [0.09793981258891496, 0.3953505553298448, -0.11054116559938951, -0.15430636899848554, 0.07922439632468412, -0.3057776334527321, 723.9650602423692, -723.1213764146936, 0.2284914796693573, -0.11694129298354553, 0.10026923963421308, 0.10198599183074411, -0.2815046160219632, -0.3379119101018354, 0.19244728242344006, 0.1816295253185109, 0.25006757391562007, 723.324217906732, -721.9921845911576, -0.040484607811960796, -0.320277236241304, 0.2186779881565888, -0.149425342871239, -0.47618036598973723, 0.30556730222136985, 0.04485074436767261, 0.1114934314887237, -723.7224550874691, 724.9790584359544, -724.1626367177912], "optimality": 724.9790584359544, "nfev": 756, "njev": null, "status": 3, "message": "`xtol` termination condition is satisfied.", "success": true, "res_time": 509.38416100000904, "tension_error": [-0.25833387439680544, -0.33066561310428716, -0.2947005091397013, -0.30757787073009246, -0.38889646921881854, -0.26415744546896475, -0.24810017579408303, -0.04606863255358559, -0.1147792469880383, -0.1474622950905803, 0.019305051403317123, 0.029225018580839954, 0.051140169182494775, 0.04072853626863995, -0.03406059676516467, -0.09071844704001489, -0.07882792877484973, -0.04317240236090517, -0.058724969695174274, -0.006896866544636888, 0.14217781264829926, 0.0504417286882221, 0.01533965898788338, 0.048935133844644874, -0.05717773024001987, -0.14474669832099382, -0.07542611946597588, 0.07529060682849813, 0.14858844737122506, 0.13082366209676566], "git_revision": "018ef57f2e70e762a509d3bbb7a77c8182022b6e", "linregress": [1.1573790273996936, 0.048453941348459054, 0.6756691554517207, 4.181667173536252e-05, 0.23864413378690089]}