{"x": [0.09857618559617841, 0.09450725378580717, 0.14532735909084232, 0.1251018637561914, 0.11020576491794068, 0.09285330008524158, 0.11774998549256514, 0.2109948826072033, 0.1689758407292175, 0.11749613225253089, 0.0014443481107603785, 0.018070467643530652, 0.012207624491396361, 0.005094495325040432, 0.017032958495800322, 7.535260607442934e-05, -0.0008897228151922729, 0.0057377855748224375, -0.0010746751901358933, 0.0115411695673133, 0.09947618853330706, 0.08804211493374761, 0.058433117798031904, 0.04331995631758706, 0.05458833350180009, 0.08529512603497398, 0.0823963264876308, 0.0831555303148962, 0.0792218764352282, 0.0721026940956069], "cost": 0.15788692020446193, "fun": [0.09136980625983782, 0.13343717605315317, 0.07090019352030692, 0.08014305740418844, 0.16141694575260576, 0.14616407827651395, 0.10193826651625135, 0.07964672090528248, 0.17611312124838557, 0.08643812699088776, 0.17198067202046852, 0.19011994057288686, 0.11446242438800096, 0.052529367857935966, 0.0512671269832009, 0.20792674943186676, 0.0918239412518566, 0.1224229626059785, 0.10290416789781691, 0.11863536783533027, 0.0, 0.0, 0.0, 0.0, 0.0, 0.0, 0.0, 0.0, 0.0, 0.0, 0.0, 0.0, 0.0, 0.0, 0.0, 0.0, 0.0, 0.0, 0.0, 0.0, 0.0, 0.0, 0.0, 0.0, 0.0, 0.0, 0.0, 0.0, 0.0, 0.0, 0.0, 0.0, 0.0, 0.0, 0.0, 0.0, 7.043105308599866e-07, 0.0, 1.2411711400102766e-06, 0.0, 0.0, 0.0, 0.0, 0.0, 0.0, 0.0, 0.0, 0.0, 0.0, 0.0], "grad": [1.2512503088055837, -0.3434434193182955, -0.6762770242812735, -0.7055521511114573, 2182.8704800684277, 1.3275406991788552, 1.6221541630886256, -0.24710760247224273, -1.1151177182155183, -0.41164288834457663, -1.9536990076863525, 1.61796010427293, -0.2874976791201389, -1.1591768505851052, 1.4980585523147023, -1.712318128825295, 0.6287113714778404, -0.3925730547512979, 0.2872029266903907, 1.7128558048002234, -0.53325942975001, -1.015608344489071, 1.707311454810972, -0.3878782307590707, -2182.366945293943, -0.5558255497327926, 2181.4618824851214, 0.7775316159946277, 0.7942652185639142, 1.299939492402843], "optimality": 2182.8704800684277, "nfev": 693, "njev": null, "status": 2, "message": "`ftol` termination condition is satisfied.", "success": true, "res_time": 640.3467490000039, "tension_error": [-0.05264677287927236, 0.5075246736510736, 0.5431061443040756, 0.8499197555472998, 0.2693838117390275, 0.034167376356116844, 0.15494065372398486, -0.4530469633499276, 0.18436704141257168, 0.15879151759713145, -0.021910250029600495, -0.27412260331972554, -0.18518534616503074, -0.07728169235289363, -0.2583839564759242, -0.0011430723848169621, 0.013496780445567288, -0.08704017793495165, 0.016302442562887313, -0.17507546066628418, -0.6730972491178988, -0.4996463964066966, -0.050488381426688815, 0.1787729332850037, 0.007835636594127707, -0.4579755463171143, -0.4140017823783467, -0.4255186359366328, -0.3658464977648589, -0.2578510194550619], "git_revision": "018ef57f2e70e762a509d3bbb7a77c8182022b6e", "linregress": [1.697687493273883, 0.14304889999460652, 0.4843101938671421, 0.006687920122154817, 0.579577786182141]}