{"x": [0.06072320054333455, 0.06316974970456374, 0.11482037141601627, 0.2506363062693191, 0.06616279238638041, 0.08843841645187892, 0.15907495273024783, 0.13261507475285186, 0.1280474483824634, 0.12458065071245647, 0.0, 0.0, 0.0, 0.0, 0.0, 0.0, 0.0, 0.0, 0.0, 0.0, 0.0352087356321822, 0.04336358628627761, 0.034431603369277544, 0.04085268206153077, 0.08346093364135522, 0.04920507687370912, 0.0607490062086562, 0.014995525369732367, 0.0658282455661794, 0.06440791892823168], "cost": 4.737087638770317, "fun": [0.48949392407974274, 0.7587520153384426, 0.769404766984811, 0.4820343973077132, 0.6900410134404695, 0.5934544855241641, 0.7895460658325171, 0.7486536612295321, 0.6398947988109899, 0.7333173109734887, 0.7012234870417372, 0.5546843487973262, 0.6585644190224973, 0.8562390223906068, 0.37458101263201354, 0.5968734692232718, 0.4960774123191164, 0.9642806537201352, 1.0145460620184166, 0.4550293613366819, 0.0, 0.0, 0.0, 0.0, 0.0, 0.0, 0.0, 0.0, 0.0, 0.0, 0.0, 0.0, 0.0, 0.0, 0.0, 0.0, 0.0, 0.0, 0.0, 0.0, 0.0, 0.0, 0.0, 0.0, 0.0, 0.0, 0.0, 0.0, 0.0, 0.0, 0.0, 0.0, 0.0, 0.0, 0.0, 0.0, 0.0, 0.0, 0.0, 0.0, 0.0, 0.0, 0.0, 0.0, 0.0, 0.0, 0.0, 0.0, 0.0, 0.0], "grad": [2724.368157232464, -8319.33539292778, 25678.48901198795, 3752.524747776217, 9746.22797374233, 2257.4560466777093, -11071.238603278598, 1109.08010905526, -3107.596075226396, -4263.181621314997, -417.685861535326, 1434.486854139845, 7696.77466903516, 7374.44537485728, -3260.3395455971095, -371.2364237984202, -2690.7128391330057, 10804.795088449984, 17339.194010109328, -999.2943922246473, -1215.403084598595, -12723.520012300989, -2929.617913704988, -1663.0213083386943, -18235.94056302854, -1092.296075614677, -7034.934664784601, 15138.914944786695, 3715.4403809118394, -5375.677363136512], "optimality": 25678.48901198795, "nfev": 44, "njev": null, "status": 3, "message": "`xtol` termination condition is satisfied.", "success": true, "res_time": 471.7883809999912, "tension_error": [0.5215696232206384, 0.9829035276880007, 1.0058863581775104, -1.0543933406502222, 0.9375001287294591, 0.10113959969889726, -0.471944484212746, 0.7359470018630703, 0.8052362785072733, 0.05132187808303114, 0.0, 0.0, 0.0, 0.0, 0.0, 0.0, 0.0, 0.0, 0.0, 0.0, 0.30181728245435163, 0.1781110820902178, 0.3136061040406839, 0.21620061116892514, -0.430151496389551, 0.08949773579047944, -0.08561958957478502, 0.608444533497045, -0.162669854295894, -0.14112400151338614], "git_revision": "018ef57f2e70e762a509d3bbb7a77c8182022b6e", "linregress": [4.854351118995194, -0.013501421062719121, 0.8513777544676646, 2.4724258091926255e-09, 0.5652223181249584]}