{"x": [0.08190284192952883, 0.16215160813661816, 0.18830045985928048, 0.21333694397209432, 0.1251919371188603, 0.0610878314638362, 0.15222243220627216, 0.22207841639526682, 0.22421079607333724, 0.15852844562164825, 0.021564918007715716, 0.02959214511407862, 0.020199722390368356, 0.028184239435497437, 0.030098078114483215, 0.030457957832175312, 0.027422175504452133, 0.015331094093702575, 0.01600113013282556, 0.020525485072083877, 0.07317812168879365, 0.08132613726163054, 0.08886321499719047, 0.07057084849157085, 0.08160560524592125, 0.04803817824287216, 0.06287385058901669, 0.09546730355216093, 0.08242107121312427, 0.0951091010773232], "cost": 0.18758474719540003, "fun": [0.1749290226468476, 0.1011310122261658, 0.2170435605684656, 0.018383387885763082, 0.09957644267898487, 0.08698303031955751, 0.16152792375226113, 0.1514148380628744, 0.12963225559899297, 0.1755853750606758, 0.12359023055817324, 0.14363158054897296, 0.16836955873390477, 0.12231161838790044, 0.13787550032287116, 0.06941181630448828, 0.14185606943071583, 0.13240399911882864, 0.07031445274186707, 0.16469138823651808, 0.0, 0.0, 0.0, 0.0, 0.0, 0.0, 0.0, 0.0, 0.0, 0.0, 0.0, 0.0, 0.0, 0.0, 0.0, 0.0, 0.0, 0.0, 0.0, 0.0, 0.0, 0.0, 0.0, 0.0, 0.0, 0.0, 0.0, 0.0, 0.0, 0.0, 0.0, 0.0, 0.0, 0.0, 0.0, 0.0, 0.0, 0.0, 0.0, 0.0, 0.0, 0.0, 0.0, 0.0, 0.0, 0.0, 0.0, 0.0, 0.0, 0.0], "grad": [-0.054891993289651886, 0.7378207677700428, -0.14449900639829627, 0.7161727324608066, -0.8599744542686123, -1.6082588001747113, 0.21267504079106625, -0.3316419051520292, -0.3278744048964727, 1.566398527828555, -0.2749848420224281, -0.6782228746811505, 0.883980888515701, 0.8524542463017327, 1.2851318599504715, -1.2974982994727307, -0.45406511582137155, -0.9650761982731639, 0.17198868866328398, 0.21680741499236578, -0.4598046845411554, -0.39943159777867066, 0.15057982560088012, -0.08913648723028844, -1.2526029475726803, -0.29543580362900945, 0.7898391203602562, 0.4545744782469461, 1.6508955660403928, 0.126176988851054], "optimality": 1.6508955660403928, "nfev": 538, "njev": null, "status": 2, "message": "`ftol` termination condition is satisfied.", "success": true, "res_time": 645.7317479999911, "tension_error": [0.20028195382043337, -0.5186162586321469, -0.10878059641247965, -0.488575205957878, 0.0420488794864856, 0.5160383011126262, -0.3679941713382172, -0.6211802510932485, -0.6535276966685162, -0.46365416465393344, -0.3271321794910932, -0.44890237577168807, -0.30642264479336134, -0.4275449445499528, -0.4565772004586916, -0.46203644850040143, -0.4159847042288347, -0.23256727538038988, -0.24273148512778872, -0.3113643494651961, -0.2741648757061344, -0.3977673903048832, -0.5121021939774655, -0.2346134633969831, -0.4020068207894458, 0.10719917533290142, -0.11785272734873936, -0.6122838817430624, -0.4143771511128204, -0.6068500768822767], "git_revision": "018ef57f2e70e762a509d3bbb7a77c8182022b6e", "linregress": [0.3814162188226186, 0.351229245713556, 0.14596099009410382, 0.4415214860466863, 0.4885478555497296]}