{"x": [0.06821989891319785, 0.06946560020132898, 0.21323972026353377, 0.20855803392017339, 0.123009935115306, 0.11320593262258981, 0.1193698076877643, 0.21871257413481193, 0.1718036204388796, 0.1498469657978614, -3.19185411867295e-05, 1.155174246153111e-05, -2.1750716750519972e-06, -4.081270922563889e-07, -6.271844601533221e-07, -2.685729999132418e-06, 9.743291646853166e-07, -3.527561966694316e-07, -1.0500176069169314e-06, -9.947856907057756e-07, 0.04147271632028839, 0.04958563760337533, 0.03435399389660159, 0.050206521856181095, 0.04642566430938828, 0.06869807666606484, 0.04737666940698974, 0.05075292808711025, 0.05669857313775219, 0.0357329676465571], "cost": 1.9604425159471748, "fun": [0.682971507956177, 0.6476081757564971, 0.8699701118539291, 0.22019062624462504, 0.5623514941271518, 0.3370308710107706, 0.42928884633363684, 0.30802090254848846, 0.25923971867238416, 0.22283885821086016, 0.39230241248514763, 0.3305351409417125, 0.46144397080140287, 0.45946437165966686, 0.17333583770771727, 0.4293491184787935, 0.35860564931116024, 0.3817608754519849, 0.3595716786555465, 0.3140694952110511, 0.0, 0.0, 0.0, 0.0, 0.0, 0.0, 0.0, 0.0, 0.0, 0.0, 0.0, 0.0, 0.0, 0.0, 0.0, 0.0, 0.0, 0.0, 0.0, 0.0, 0.0, 0.0, 0.0, 0.0, 0.0, 0.0, 0.0, 0.0, 0.0, 0.0, 3.2518394996782854e-11, 0.0, 1.02901266118999e-14, 6.798080062874398e-17, 2.4670949691517857e-16, 1.937256160187453e-14, 0.0, 4.389589966487969e-17, 1.157683235854267e-15, 9.844384974096071e-16, 0.0, 0.0, 0.0, 0.0, 0.0, 0.0, 0.0, 0.0, 0.0, 0.0], "grad": [-39945.461363733026, -47249.50754536464, -69809.58035692983, -45074.047406641155, -12111.408837416562, -28683.647587763116, -52746.454326889245, 8971.490898742932, -52455.24465550429, 51666.97436787787, 52750.0535101903, 45981.612120597194, 46686.790453637324, -29999.96077835892, 119.81339269316959, -2102.7672168387835, 6442.5082526649785, 7289.030733458472, 2647.3930916058143, 10117.89961671245, -175.8346472186007, 1304.7136683490955, 12406.91565908103, 18121.873467027137, 49545.52191807411, -289.0710387918189, 354.8542358856472, 49955.6478107397, 2067.0716899997865, -57677.42492784665], "optimality": 69809.58035692983, "nfev": 98, "njev": null, "status": 3, "message": "`xtol` termination condition is satisfied.", "success": true, "res_time": 666.9890620000078, "tension_error": [0.4078473602450379, 0.8873977022533758, -0.48710035668331825, -0.4160808305877772, 0.07514907818982694, -0.2745748612884639, 0.1303685238919143, -0.5701216143717047, 0.14147062329442855, -0.3319591860341572, 0.0004841929814365698, -0.00017523584773234045, 3.2995068070953115e-05, 6.191143650600752e-06, 9.514166449392127e-06, 4.074157424695282e-05, -1.4780228845349833e-05, 5.351186747112677e-06, 1.5928395745898905e-05, 1.5090547110390056e-05, 0.20679491074595324, 0.08372476411120452, 0.3147834122936787, 0.07430616957913269, 0.1316604414194037, -0.2062041771317585, 0.11723403042288633, 0.06601738029890382, -0.02417595237229025, 0.29386486819707935], "git_revision": "018ef57f2e70e762a509d3bbb7a77c8182022b6e", "linregress": [2.4201224978081624, 0.015184035449986255, 0.7135110868700731, 9.593283975115232e-06, 0.4491123283235743]}