{"x": [0.06273519197905188, 0.08020883171352558, 0.12921271877400123, 0.12481957198344067, 0.10173796733437797, 0.07026199390934482, 0.08376636538949639, 0.15051727018113173, 0.14133049691870306, 0.08349851015546846, -0.004816783351134827, -0.004761715367989861, -0.002139427297184619, -0.0030303682362337486, 0.004043038081344873, -0.0025272901108916233, -0.0039397912955342505, 0.00021759838930160256, -0.0018986734063957946, -0.005055096788699884, 0.057417060235076735, 0.05553113763730117, 0.04876602658491056, 0.04804639665542433, 0.0638287461192128, 0.0842885476080842, 0.06929749731611662, 0.060040941481637, 0.06315139287026936, 0.05508108614849105], "cost": 0.07546371613610968, "fun": [0.0570212247195361, 0.06834201345687345, 0.06067563915757948, 0.07934651563777592, 0.1710201298579186, 0.13065860075842953, 0.05029514736134925, 0.062207819563709014, 0.14036122969564707, 0.05262404307390447, 0.04078918467731859, 0.05737320072104851, 0.05391761290621584, 0.07121489488478319, 0.10361443254857866, 0.1522354465033422, 0.07447757045965665, 0.04926519380506442, 0.03532802910391142, 0.04207930044817402, 0.0, 0.0, 0.0, 0.0, 0.0, 0.0, 0.0, 0.0, 0.0, 0.0, 0.0, 0.0, 0.0, 0.0, 0.0, 0.0, 0.0, 0.0, 0.0, 0.0, 0.0, 0.0, 0.0, 0.0, 0.0, 0.0, 0.0, 0.0, 0.0, 0.0, 0.0001117561261625928, 0.00010796681638906792, 9.79247785605847e-06, 2.7828270452750325e-05, 0.0, 1.6142295529675763e-05, 6.115326498090766e-05, 0.0, 6.844643020080217e-06, 0.000129177961249271, 0.0, 0.0, 0.0, 0.0, 0.0, 0.0, 0.0, 0.0, 0.0, 0.0], "grad": [-0.41744084182903896, -0.14020436723301188, -0.011136520151706075, 669.3540138484638, -669.0291064303268, 0.4722215093253247, 668.9632276171703, -669.0209924908013, -0.23887424797034262, 0.20146378859064207, -0.41848754867004406, -0.32550776916656066, 0.22168985478751962, 1.4492204407915867, -1.2379391969247666, 669.63796207116, -0.06132090585178057, 0.4364739459659456, 1.0843884850713206, -0.4994725966556736, -670.2593574212062, -669.7287515606281, 670.2539201464814, 669.5976861513253, -668.9147640938819, 670.4741860460178, -670.8941983100153, 670.3023485118235, -671.0525269424734, -1.0655025145561434], "optimality": 671.0525269424734, "nfev": 4327, "njev": null, "status": 3, "message": "`xtol` termination condition is satisfied.", "success": true, "res_time": 3537.5790290000004, "tension_error": [0.49104842470515453, 0.7244266796830684, 0.7875595387791733, 0.854202021904135, 0.39783730634583153, 0.37686950136431346, 0.6704601519820634, 0.46437702853725843, 0.6037371299182852, 0.6745234211521249, 0.07306889992483943, 0.07223353809596784, 0.032454355464756904, 0.045969614418428936, -0.06133145782620736, 0.03833809717646306, 0.05976524059989587, -0.003300890609485085, 0.028802204086925107, 0.07668403049036157, -0.03507514753732234, -0.006466368707693258, 0.09615797339627408, 0.1070745049210229, -0.13233815483182043, -0.44270610756945217, -0.215297176400907, -0.07487849808129173, -0.12206294559926226, 0.0003607532115735407], "git_revision": "018ef57f2e70e762a509d3bbb7a77c8182022b6e", "linregress": [3.8743353825095634, 0.0035797306763850067, 0.8810528605115484, 1.3242461680022964e-10, 0.39309157222340724]}