{"x": [0.10590654439272547, 0.10864243609870998, 0.09264128596441941, 0.2269848319238911, 0.09996283870966284, 0.05338483398962842, 0.14757304010627473, 0.16961827429358162, 0.1606184300020522, 0.10312305425164417, 0.0, 0.0, 0.0, 0.0, 0.0, 1.037219008351837e-05, 0.0, 0.0, 0.0, 0.0, 0.05023465033364737, 0.08936310636792619, 0.0702001713783584, 0.08637810834029015, 0.06564608214671129, 0.08391948719711886, 0.05340103278116023, 0.043500514744588006, 0.03365693079247317, 0.05204377331316216], "cost": 3.140779637412585, "fun": [0.42765516501861583, 0.7231894524838782, 0.5614501218239272, 0.6482082843450039, 0.4514314031597171, 0.460396959052404, 0.8082328731648907, 0.3917718741675337, 0.5866250134066882, 0.4739422690812431, 0.4775930080098021, 0.6714356870118747, 0.26925906118024073, 0.3621044300499956, 0.8143536913856521, 0.5581176716741555, 0.614240280856807, 0.4371723068445329, 0.2884042621397719, 0.7350099589676459, 0.0, 0.0, 0.0, 0.0, 0.0, 0.0, 0.0, 0.0, 0.0, 0.0, 0.0, 0.0, 0.0, 0.0, 0.0, 0.0, 0.0, 0.0, 0.0, 0.0, 0.0, 0.0, 0.0, 0.0, 0.0, 0.0, 0.0, 0.0, 0.0, 0.0, 0.0, 0.0, 0.0, 0.0, 0.0, 0.0, 0.0, 0.0, 0.0, 0.0, 0.0, 0.0, 0.0, 0.0, 0.0, 0.0, 0.0, 0.0, 0.0, 0.0], "grad": [-15426.27343504997, 8569.341579055374, 13973.081351798275, 1404.4809530046105, -15114.533579619492, 10499.951589947399, -6138.419290091884, 13784.950476333544, 18963.021309526765, 15125.797864392713, -1774.9524005307096, 14968.089704661954, 12144.555887293667, 1035.500343146014, -19508.088380453955, -11796.973779011165, -8806.661823812694, 3303.850536105037, 8565.963697351459, 7125.86229758634, 22451.023504491717, 5547.032122735506, 2094.8066445819286, 19487.306875249145, -6748.523801623562, -21880.36913225919, -10593.669750104305, -2987.0587350800342, 2283.20250454515, 7164.350685312804], "optimality": 22451.023504491717, "nfev": 65, "njev": null, "status": 3, "message": "`xtol` termination condition is satisfied.", "success": true, "res_time": 447.7820669999928, "tension_error": [-0.16384572335560466, 0.29309895703720096, 1.342335240584767, -0.695608839451133, 0.42476537978772066, 0.6328900485410366, -0.2974645374932546, 0.17462155144532632, 0.31114600644743245, 0.3768260276631222, 0.0, 0.0, 0.0, 0.0, 0.0, -0.00015734245532040783, 0.0, 0.0, 0.0, 0.0, 0.07387947052393494, -0.5196853692790853, -0.22899042268385514, -0.4744040048793778, -0.15990649964679066, -0.43710759165764707, 0.025846568623421606, 0.1760339258040029, 0.32535761305877176, 0.04643571474223692], "git_revision": "018ef57f2e70e762a509d3bbb7a77c8182022b6e", "linregress": [3.254505374628273, 0.02480627160269311, 0.6935928472111931, 2.139964677946431e-05, 0.6387859078872958]}