{"x": [0.10534826894642803, 0.18635443511509237, 0.14200321579283978, 0.19578271201603067, 0.15900197881736938, 0.1009608272383175, 0.1920675127304285, 0.08983534125716644, 0.22589141767395587, 0.14882627330526343, 0.0, 0.0, 0.0, 0.0, 0.0, 0.0, 0.0, 0.0, 0.0, 0.0, 0.05028053024946071, 0.039731489872345316, 0.0670183649771802, 0.029406701026644923, 0.050707989853871906, 0.08862318709569944, 0.05560357044686594, 0.061029194700219364, 0.024351762803094205, 0.04248007010267012], "cost": 2.8194240602556673, "fun": [0.2736975999238879, 0.39140164745242895, 0.4880680267973853, 0.520896323633275, 0.3474914741930031, 0.3763091936543377, 0.22497307790985965, 0.5289682534937231, 0.7823354583466027, 0.28881454384998856, 0.6639902003604135, 0.6480861834898739, 0.5533271996212362, 0.351479670533402, 0.5638658502329889, 0.6268053783704364, 0.7323600084088503, 0.5611702220403229, 0.6005477007826181, 0.6321386054882727, 0.0, 0.0, 0.0, 0.0, 0.0, 0.0, 0.0, 0.0, 0.0, 0.0, 0.0, 0.0, 0.0, 0.0, 0.0, 0.0, 0.0, 0.0, 0.0, 0.0, 0.0, 0.0, 0.0, 0.0, 0.0, 0.0, 0.0, 0.0, 0.0, 0.0, 0.0, 0.0, 0.0, 0.0, 0.0, 0.0, 0.0, 0.0, 0.0, 0.0, 0.0, 0.0, 0.0, 0.0, 0.0, 0.0, 0.0, 0.0, 0.0, 0.0], "grad": [30375.7635671886, -43604.62666902787, 19081.660981559784, -15327.421120815994, 20848.715049310573, 26257.414970513622, 30418.259605564974, -6160.557221279334, -19401.50236567377, 13541.020091696297, -7498.2101158223995, 18975.86809528222, 6948.258835523842, 36211.863559522695, -28835.02912204856, 24980.605521155572, -20016.22612004188, -49111.61801737592, -13920.283865633284, 23975.98355472736, -11439.143908791762, 40019.539275112606, -36149.53456218599, 19444.432979612327, 23331.289073415708, 15953.452755752483, 3775.3483950530035, -22260.781676011677, -59840.78861112438, -5358.634661286193], "optimality": 59840.78861112438, "nfev": 35, "njev": null, "status": 3, "message": "`xtol` termination condition is satisfied.", "success": true, "res_time": 465.72109900000214, "tension_error": [-0.15537688227592603, -0.8857645842822274, 0.593532222512544, -0.2222837154442267, -0.4708374957624594, -0.08882094323406196, -0.9724299512100311, 1.3849004294385685, -0.6790221319783779, -0.3164756419013069, 0.0, 0.0, 0.0, 0.0, 0.0, 0.0, 0.0, 0.0, 0.0, 0.0, 0.07318348842701641, 0.23320870015611248, -0.18072354486110032, 0.38983209546282477, 0.06669907740419675, -0.5084610556005267, -0.007565148812078888, -0.08986994989985492, 0.4665137205759519, 0.19151371012969193], "git_revision": "018ef57f2e70e762a509d3bbb7a77c8182022b6e", "linregress": [4.17314342178598, -0.009197784226819494, 0.7543962646978222, 1.4708916156908944e-06, 0.6862243056646802]}