{"x": [0.12133123063539185, 0.14179411621375834, 0.34772335231092266, 0.08719564954363614, 0.12213694976856954, 0.08825132124475049, 0.08218732364371432, 0.14729650630140317, 0.16293250718730537, 0.07100469190906789, -3.28999824625787e-07, -3.466555635056393e-07, -1.708873425775966e-07, -5.69182634009217e-07, 2.2088311632105365e-07, -1.6891638929201486e-07, 5.238894906214019e-07, -1.7929749118053893e-07, -2.6854473785114484e-07, 4.903608190962187e-07, 0.037179561751308064, 0.08276784118936806, 0.060468854955242464, 0.02409081018692481, 0.08516701780242389, 0.05872093960561988, 0.10074484311310025, 0.04601322890301396, 0.048550101036946604, 0.04728297729950342], "cost": 2.7088910733745895, "fun": [0.3927043485215617, 0.36373117930410936, 0.30764327538032343, 0.8430610218211748, 0.610360214552861, 0.5405271836166342, 0.5466399898725686, 0.49051532645410995, 0.20968148162342953, 0.21807828149789926, 0.4922847041697256, 0.5735517763129416, 0.3937064915780877, 0.5950347679975938, 0.7595327875824026, 0.7537259327633314, 0.506209745242945, 0.3391830245769953, 0.4060769549604776, 0.5183172188180377, 0.0, 0.0, 0.0, 0.0, 0.0, 0.0, 0.0, 0.0, 0.0, 0.0, 0.0, 0.0, 0.0, 0.0, 0.0, 0.0, 0.0, 0.0, 0.0, 0.0, 0.0, 0.0, 0.0, 0.0, 0.0, 0.0, 0.0, 0.0, 0.0, 0.0, 3.561123205198978e-17, 4.1657626698183913e-17, 4.990334862344136e-18, 1.843974552517606e-16, 0.0, 4.819648527433706e-18, 0.0, 5.763982296113553e-18, 1.9366446494325506e-17, 0.0, 0.0, 0.0, 0.0, 0.0, 0.0, 0.0, 0.0, 0.0, 0.0, 0.0], "grad": [3610.0110171702554, -4034.4838504974337, -7073.058653222334, -8694.261705722605, -348.6777295913773, 7573.037576576028, 6840.210574970964, -2120.430879412037, 959.4315674085292, -9318.909350249838, 3827.827946775131, 4742.559253155547, 6175.011401876502, -1524.2009481312048, 2622.0178228486707, 6477.124282851944, 7477.516308964387, -3634.9256254936267, 6356.07037460725, 4176.9587616555045, -5728.1417190591865, -3867.0780751935226, 8442.194550958413, -7277.646403221324, -5832.974580798231, 1516.9979512448274, -8433.719291731184, 3528.9176317993906, -925.5820110133897, 5626.615429841406], "optimality": 9318.909350249838, "nfev": 66, "njev": null, "status": 3, "message": "`xtol` termination condition is satisfied.", "success": true, "res_time": 717.2949149999913, "tension_error": [-0.39783275853581523, -0.20980030582793388, -2.527169493129836, 1.4249436191749163, 0.08839195715832149, 0.10397776782262304, 0.6944136568189605, 0.5132348775318532, 0.27604227394765507, 0.8640502253647944, 4.990810984929943e-06, 5.258642299578355e-06, 2.5923005505909556e-06, 8.634299259811541e-06, -3.350718756687957e-06, 2.562401886299406e-06, -7.947218293069297e-06, 2.719879530549986e-06, 4.073728699208481e-06, -7.438600203839845e-06, 0.2719205472329637, -0.41963752901317314, -0.0813697941392723, 0.47047227947429104, -0.456032189736307, -0.05485453645624342, -0.6923422904188031, 0.13791694067148766, 0.09943348759428704, 0.11865530655814206], "git_revision": "018ef57f2e70e762a509d3bbb7a77c8182022b6e", "linregress": [5.624252843937663, -0.040672304719940044, 0.6676038181335816, 5.570869325322134e-05, 1.1853359676978734]}