{"x": [0.08937010579474645, 0.16678540475150433, 0.20154593445053856, 0.1916258924086044, 0.16148816947415234, 0.12031428789657624, 0.10864704522782331, 0.2202012605179261, 0.18106796871460054, 0.08835876839830613, -2.911274849898875e-06, -4.502430966891713e-07, 4.469697939120248e-06, -3.214021168935507e-06, -1.4470344311406769e-06, -2.321745947496822e-06, -1.8146799819869503e-05, -2.8693215345271432e-05, 7.93788866789819e-07, -7.05012943080968e-05, 0.0566867044155541, 0.092300651712038, 0.05104393737835044, 0.0587062215932862, 0.04572294041579877, 0.05305484958926022, 0.023660713740870386, 0.0409793629781239, 0.05384266821296866, 0.08692760775703645], "cost": 3.372787041646119, "fun": [0.5792726265463545, 0.5275577148681183, 0.40152019238957465, 0.344010898640695, 0.48080098956370587, 0.4887124079982247, 0.34724620676456297, 0.5313568510609703, 0.6265931782541428, 0.5048636528076349, 0.9083612144272245, 0.6962817689741583, 0.715583085586576, 0.62409138178605, 0.360478671357671, 0.5143323406780526, 0.29198665717428013, 0.6371307519593608, 0.7787166447954399, 0.7925596470287289, 0.0, 0.0, 0.0, 0.0, 0.0, 0.0, 0.0, 0.0, 0.0, 0.0, 0.0, 0.0, 0.0, 0.0, 0.0, 0.0, 0.0, 0.0, 0.0, 0.0, 0.0, 0.0, 0.0, 0.0, 0.0, 0.0, 0.0, 0.0, 0.0, 0.0, 2.4674571859722896e-14, 9.1272761032638e-17, 0.0, 3.320062036067679e-14, 3.0299579048429997e-15, 1.251538138513824e-14, 5.975856298580884e-12, 2.3623141606243145e-11, 0.0, 3.5042192445876834e-10, 0.0, 0.0, 0.0, 0.0, 0.0, 0.0, 0.0, 0.0, 0.0, 0.0], "grad": [-21.318713838750632, 18366.517912965544, -9.051108688651262, -150.6090356276115, -40039.38165491965, -31865.069182998992, -44007.42317414803, -80.19707203758686, 1188.2180113429056, -44185.20182668332, 24.912889748702394, 14.212407134151016, 6.139410841148468, -25.117027301373007, -15.941237211753213, -52.165546825142656, -66.88324992779974, 63.004538817293216, -10.068172695411393, 32797.91012059184, -3741.479117032116, -7141.262329187832, 7038.5715769633225, 13336.665253666153, 12853.713084854313, -8280.50770132221, 492.15652113306385, 10181.60647262702, -34390.6001912238, -4941.615568188514], "optimality": 44185.20182668332, "nfev": 100, "njev": null, "status": 3, "message": "`xtol` termination condition is satisfied.", "success": true, "res_time": 574.2836229999957, "tension_error": [0.08700620187045045, -0.5889093144834976, -0.30970976154456314, -0.1592262321075344, -0.5085521287553976, -0.3824060968416987, 0.2930290381786242, -0.5927044603121626, 0.0009337363970703932, 0.6007950224955583, 4.416300986650053e-05, 6.8300285430275715e-06, -6.780373697540143e-05, 4.875556445650289e-05, 2.1951000559720937e-05, 3.5220064910865906e-05, 0.00027528053543901727, 0.0004352659290959296, -1.2041496376467082e-05, 0.001069479701044952, -0.023995908054057997, -0.5642468932519279, 0.06160287226963612, -0.05463126941433903, 0.14232051435861698, 0.031098045212802315, 0.4769966904522886, 0.21427890646639797, 0.0191471153124333, -0.48273971669451127], "git_revision": "018ef57f2e70e762a509d3bbb7a77c8182022b6e", "linregress": [2.0652418443458385, 0.05040184549963289, 0.5735974457205264, 0.000920447024357044, 0.55736720445076]}