{"x": [0.11075334514133767, 0.12145172987311431, 0.14527030543523867, 0.19022715465967718, 0.13016214429839604, 0.10063137387736999, 0.14484662957136618, 0.22749110432593844, 0.14380944838491896, 0.13263955962497714, -1.1333200455195923e-05, -1.927175990446369e-05, 0.000301439112254521, 5.664546165548847e-06, 2.404782485757394e-05, 1.4398270308392413e-05, 3.6457960186507825e-05, 5.626839343518869e-06, 2.9350333609092396e-05, 4.438714960913793e-06, 0.07059817016993834, 0.02120070612373259, 0.06043761898159588, 0.08475643630388761, 0.05220725932673683, 0.03780685846468467, 0.08396279188483398, 0.03849976579110179, 0.07149259661398086, 0.06955924182420709], "cost": 2.081753856865273, "fun": [0.5483007419632181, 0.46748333175966905, 0.5869876276129827, 0.4203554895576507, 0.48948024717044886, 0.5659986943833387, 0.4238240943061631, 0.42507979212118147, 0.45558462064614175, 0.3119709540631696, 0.3675702986954148, 0.47168934664079903, 0.3498917668807295, 0.3025876064310179, 0.4056295473396633, 0.4335627621710784, 0.6029151231144452, 0.6074378143342178, 0.4015816025683644, 0.28298831086585774, 0.0, 0.0, 0.0, 0.0, 0.0, 0.0, 0.0, 0.0, 0.0, 0.0, 0.0, 0.0, 0.0, 0.0, 0.0, 0.0, 0.0, 0.0, 0.0, 0.0, 0.0, 0.0, 0.0, 0.0, 0.0, 0.0, 0.0, 0.0, 0.0, 0.0, 1.4556525019284102e-12, 7.157545693342941e-12, 0.0, 0.0, 0.0, 0.0, 0.0, 0.0, 0.0, 0.0, 0.0, 0.0, 0.0, 0.0, 0.0, 0.0, 0.0, 0.0, 0.0, 0.0], "grad": [-91162.42586468543, -94560.73159932264, 91365.13576959535, 85066.8882220626, -84974.2071589122, -98556.61848843565, -81558.9592518564, 87646.96050444704, 86427.87043062567, -86636.94973028653, -5.5186192218986205, -2.164817876350106, 85596.19208278612, -2.8517892025455622, -113.68585470183186, -2.9047207800597716, -112.8422203330368, -2.8051563912454887, 89871.78347827356, 97865.22472148425, 2059.7799129320997, 2993.8283918855936, -87712.71502780268, 1232.2525497788927, 3024.0781009879024, 11480.568049168156, -6563.304764285398, -11787.489764406704, -11349.574184261124, 10578.703175316716], "optimality": 98556.61848843565, "nfev": 100, "njev": null, "status": 3, "message": "`xtol` termination condition is satisfied.", "success": true, "res_time": 427.8564159999951, "tension_error": [-0.23736997658417147, 0.09878650063633171, 0.5439716280818891, -0.13800787513630414, -0.03334740565506069, -0.08382325226353005, -0.2561058539057261, -0.7032888127410237, 0.5661323128860246, -0.07092891999233512, 0.00017192064278617712, 0.0002923457820669947, -0.0045727247254267285, -8.59291619982466e-05, -0.00036479699829433996, -0.00021841666846129736, -0.0005530543622444842, -8.53571628435113e-05, -0.00044523418076051937, -6.733373615350282e-05, -0.23502792359518634, 0.5143141359937485, -0.08089595546602173, -0.44980381361046995, 0.04395568973505357, 0.262404677941874, -0.43776450845507514, 0.25189351885492195, -0.24859605642691834, -0.21926774801962695], "git_revision": "018ef57f2e70e762a509d3bbb7a77c8182022b6e", "linregress": [2.0253605726277555, 0.04923742885891855, 0.6169560703361422, 0.0002820693191083354, 0.4882502751199657]}