{"x": [0.06583422530690886, 0.09055511727176238, 0.10571653270482813, 0.19465477843612286, 0.12273987560735879, 0.12696750142172503, 0.16893649880138284, 0.07897896319995291, 0.2004173173512218, 0.16249829716786626, -1.702919172832684e-05, 1.3526828069218603e-05, 4.3798511898986053e-07, 1.0383708914063103e-05, -3.5591721337653975e-05, 9.08644467495046e-05, -6.725314994267873e-05, -1.661357735766743e-06, -0.00017664414601797307, -0.00011856227867340584, 0.06891956901368639, 0.07255365500609198, 0.07952513332215216, 0.04909794572925322, 0.04314909094017643, 0.0538609178470529, 0.03846355945757795, 0.06975075117074532, 0.02689360936119411, 0.044953030778329156], "cost": 4.762143216609992, "fun": [0.6664302524616261, 0.7382813374886308, 0.5897592680602753, 0.746733881939679, 0.16939172975366715, 0.5734637458694322, 0.681262148492587, 0.6503089895102372, 0.9266050848934146, 0.35820992455020817, 0.6107563048507533, 0.7465018172580428, 0.5849577123283972, 0.4254570517449874, 0.7016015585595887, 0.838062841361985, 0.9689696802212061, 0.9553047621293524, 0.5372960926148973, 0.7809717207465321, 0.0, 0.0, 0.0, 0.0, 0.0, 0.0, 0.0, 0.0, 0.0, 0.0, 0.0, 0.0, 0.0, 0.0, 0.0, 0.0, 0.0, 0.0, 0.0, 0.0, 0.0, 0.0, 0.0, 0.0, 0.0, 0.0, 0.0, 0.0, 0.0, 0.0, 4.938352713342445e-12, 0.0, 0.0, 0.0, 4.508654718257156e-11, 0.0, 3.041850675647307e-10, 4.585529312902558e-15, 5.5118545483507275e-09, 1.6666316022005442e-09, 0.0, 0.0, 0.0, 0.0, 0.0, 0.0, 0.0, 0.0, 0.0, 0.0], "grad": [13285.183253498997, 11564.03377549549, 7063.458813433538, 8128.124426461763, 2605.9945482087433, 51541.369410074534, 18854.0880576044, -24644.191923063285, -7422.919382612712, -3435.4141461436284, 16128.59303033298, -49575.71547507374, 7646.9807017883395, -44103.929759155355, -15330.980424181671, -28084.91040766258, -519.2715284131268, 22234.44150252591, 2929.2702220218202, -13141.305008570193, 3628.1694130699084, 619.3182971478337, 14251.995582406906, 17789.09884083133, -6493.150346580396, -4325.12308841969, -5149.638760987751, -498.273552573078, -9722.93672472918, 6789.074291415595], "optimality": 51541.369410074534, "nfev": 73, "njev": null, "status": 3, "message": "`xtol` termination condition is satisfied.", "success": true, "res_time": 634.281873999993, "tension_error": [0.4440371851310155, 0.5674771868497431, 1.143988371746994, -0.205173361943953, 0.07924578541567662, -0.48333299303127936, -0.6215406504605371, 1.549587845081181, -0.2925890392965905, -0.523875408625542, 0.00025832681594551294, -0.00020519719788879021, -6.644079356506481e-06, -0.00015751719190600202, 0.0005399138252628908, -0.0013783815219136292, 0.0010202064997658772, 2.5202209292950213e-05, 0.002679629222820471, 0.001798547836536384, -0.20956413771181315, -0.2646919369795101, -0.3704467974891438, 0.09112287736369086, 0.18136490063178, 0.018870274817572304, 0.2524427561296844, -0.22217287707708744, 0.42795480724339735, 0.15399977127146577], "git_revision": "018ef57f2e70e762a509d3bbb7a77c8182022b6e", "linregress": [4.195102731623334, -0.006160898370497381, 0.7413160167969844, 2.7819442564674496e-06, 0.7177674645205221]}