{"x": [0.053786655320389884, 0.18169437045249306, 0.19327046535415512, 0.26015496953042455, 0.13524057360693212, 0.1172125242103577, 0.09401909981175581, 0.16871873342485913, 0.26303619622146956, 0.13911805853532377, -5.088426057903972e-07, 6.507359916068652e-08, -2.4548229896430336e-08, 2.0755227352823448e-07, 4.121328862155223e-08, -5.162907362619517e-08, -4.0515689967726344e-07, -2.597343879653554e-06, -3.9341153462268736e-07, 3.015618493798395e-07, 0.03161092380235236, 0.060423094763748485, 0.06869591936168393, 0.04236991370460799, 0.025016208022821063, 0.03304932008528379, 0.05847622990852921, 0.06998254295425103, 0.054800947884807126, 0.029107401301723297], "cost": 3.5343922517796913, "fun": [0.6967145803018213, 0.4722694728808, 0.41852998181749557, 0.39780883618175344, 0.8060156797595939, 0.6076764798741738, 0.7434234267062995, 0.38789406031071955, 0.62786869030599, 0.6502645612499398, 0.7122342797263981, 0.522781363358275, 0.5322123613195576, 0.25171769397688804, 0.6590376061331111, 0.5516252887827127, 0.6406766036318258, 0.6307460498199299, 0.4777252359165615, 0.7651411806764408, 0.0, 0.0, 0.0, 0.0, 0.0, 0.0, 0.0, 0.0, 0.0, 0.0, 0.0, 0.0, 0.0, 0.0, 0.0, 0.0, 0.0, 0.0, 0.0, 0.0, 0.0, 0.0, 0.0, 0.0, 0.0, 0.0, 0.0, 0.0, 0.0, 0.0, 1.3174993327672172e-16, 0.0, 1.4793146068219456e-20, 0.0, 0.0, 1.3762045769574644e-19, 6.650736132282499e-17, 1.7522188889442508e-14, 6.088934007883528e-17, 0.0, 0.0, 0.0, 0.0, 0.0, 0.0, 0.0, 0.0, 0.0, 0.0, 0.0], "grad": [52300.971504947825, -41357.795822594344, 37253.14203769875, -6062.10983307171, 8241.934732015794, 8548.872880621591, -36955.976008405574, -3479.778832535204, -14215.505505668674, 86238.21927928166, -5926.025587137075, 5796.501553540778, 1001.4529232833276, -35344.74164273434, -426.5447289058068, -6519.519585241314, 53122.28630331639, 2473.0970927304415, -9573.505774117502, 10846.16236993979, -21599.332577240715, -53159.46862406696, -11371.535825334096, 5197.61302984695, -1553.0265786231162, 34048.17979008544, 28622.692184062624, 16100.30539224627, -3131.9597672179802, -9110.667114976164], "optimality": 86238.21927928166, "nfev": 64, "njev": null, "status": 3, "message": "`xtol` termination condition is satisfied.", "success": true, "res_time": 783.558640999996, "tension_error": [0.6267945610622074, -0.8150730514370712, -0.18417382206904545, -1.1987880959343886, -0.11038538221951831, -0.33535343869683804, 0.5149297967960594, 0.18826726829067728, -1.2424952858579594, -0.1692054572652379, 7.718962371690098e-06, -9.871434852267297e-07, 3.723879657596857e-07, -3.1484945861296567e-06, -6.251910128264832e-07, 7.83194787682496e-07, 6.146086879618829e-06, 3.940078807324532e-05, 5.967913845626895e-06, -4.574586604210387e-06, 0.35639481550455704, -0.08067562821793658, -0.20617145158725603, 0.19318474373019337, 0.4564343215815335, 0.33457485259818803, -0.05114237689582984, -0.2256890764569887, 0.004610351597478972, 0.3943723664390309], "git_revision": "018ef57f2e70e762a509d3bbb7a77c8182022b6e", "linregress": [3.7205788821916252, 0.011028154130192314, 0.6942055764092605, 2.08976576896368e-05, 0.7290230119486979]}