{"bounds": [[-1e-08, -1e-08, -1e-08, -1e-08, -1e-08, -1e-08, -1e-08, -1e-08, -1e-08, -1e-08, -1e-08, -1e-08, -1e-08, -1e-08, -1e-08, -1e-08, -1e-08, -1e-08, -1e-08, -1e-08, -1e-08, -1e-08, -1e-08, -1e-08, -1e-08, -1e-08, -1e-08, -1e-08, -1e-08, -1e-08], [1000, 1000, 1000, 1000, 1000, 1000, 1000, 1000, 1000, 1000, 1000, 1000, 1000, 1000, 1000, 1000, 1000, 1000, 1000, 1000, 1000, 1000, 1000, 1000, 1000, 1000, 1000, 1000, 1000, 1000]], "method": "trf", "xtol": 0.000001, "ftol": 0.00001, "verbose": 2}