{"x": [0.049646794888901134, 0.08535061389071474, 0.15443894021904508, 0.14624062393712076, 0.08236608314594528, 0.042808597149309686, 0.0812372466026884, 0.1160772557558641, 0.15564845616923403, 0.07963366590929696, 0.12511134310233668, 0.08547624152898085, 0.08082869477502334, 0.10715397503179931, 0.11616054768932813, 0.13217046933984264, 0.10720156380121895, 0.08414177396669086, 0.11534850405100101, 0.10673411377950824, 0.1406531041432694, 0.13327525819971084, 0.08264657319299615, 0.06069504636543842, 0.10542040639757723, 0.1503421667606028, 0.14937156944599686, 0.09770743364080241, 0.07459925309277776, 0.10167707424478542], "cost": 0.5487400717851585, "fun": [0.12645644432728267, 0.12546065073426588, 0.1945771586006326, 0.198694622270853, 0.15680191199743726, 0.1745234022124052, 0.14522587840089585, 0.39299417894404565, 0.14393236911248375, 0.31741697919428274, 0.45845154677449945, 0.331644667190137, 0.17439105621250836, 0.069683824546062, 0.025004927361506085, 0.1795994643912666, 0.3544991518329753, 0.2932522723132988, 0.016823603235268724, 0.1899829883968566, 0.0, 0.0, 0.0, 0.0, 0.0, 0.0, 0.0, 0.0, 0.0, 0.0, 0.0, 0.0, 0.0, 0.0, 0.0, 0.0, 0.0, 0.0, 0.0, 0.0, 0.0, 0.0, 0.0, 0.0, 0.0, 0.0, 0.0, 0.0, 0.0, 0.0, 0.0, 0.0, 0.0, 0.0, 0.0, 0.0, 0.0, 0.0, 0.0, 0.0, 0.0, 0.0, 0.0, 0.0, 0.0, 0.0, 0.0, 0.0, 0.0, 0.0], "grad": [-0.738339367899786, -0.2886156656406163, -0.005657369209059571, -0.06485977748851546, -28.391264743799194, -1.1053423807285219, 29.01294546442413, -0.12980292091569257, -0.27115127873287503, 1.9892747470339973, 0.07440697288713571, 0.10874471839767286, 0.0806121666689894, -0.541453829997344, -0.3760494510640817, -0.7033210841609183, 28.153168147090927, -0.8353750599874131, 1.4452893575221548, -0.12588308204719612, -0.3923536867926529, 0.9079242879875395, 0.17638465818025928, -0.22723953604927472, 0.19782663507309772, 29.522783257094126, -28.617412100634628, 1.238879445177643, 0.4198813269899717, -0.8337653468747606], "optimality": 29.522783257094126, "nfev": 1220, "njev": null, "status": 2, "message": "`ftol` termination condition is satisfied.", "success": true, "res_time": 1756.3954259999991, "tension_error": [0.5035320511109886, 0.14649386109285262, -0.5443894021904507, -0.4624062393712075, 0.1763391685405473, 0.5719140285069032, 0.18762753397311607, -0.16077255755864092, -0.5564845616923403, 0.20366334090703042, -0.25111343102336675, 0.14523758471019152, 0.19171305224976662, -0.07153975031799306, -0.1616054768932812, -0.32170469339842633, -0.07201563801218946, 0.1585822603330915, -0.15348504051001008, -0.06734113779508236, -0.4065310414326939, -0.33275258199710833, 0.17353426807003858, 0.39304953634561585, -0.05420406397577224, -0.5034216676060279, -0.49371569445996855, 0.02292566359197598, 0.25400746907222244, -0.016770742447854148], "git_revision": "ec36e56dd006ef5715c6882890a8a7f5f3c70256"}