{"x": [0.060605764396245855, 0.08668736344646882, 0.1458589679680823, 0.12833457976536594, 0.08448410321408474, 0.060442186561941696, 0.0873318661983425, 0.138077167655911, 0.14656626463524386, 0.0705787169442683, 0.09844357111587251, 0.10296936463474551, 0.07141860933912497, 0.06123962474001174, 0.12958862291510187, 0.09398352347492993, 0.09936751577646032, 0.0839221379769969, 0.09954743859745009, 0.10291816430114024, 0.10986235329085768, 0.12400534264771308, 0.09425654197248529, 0.06412259841933178, 0.09577674313466523, 0.132970115874496, 0.11898311019514275, 0.08570253411636732, 0.06166308455740329, 0.08983670709848832], "cost": 0.5364676795265325, "fun": [0.22546640876565965, 0.07522235658545853, 0.18039335403152468, 0.1786547343874778, 0.2621084666396865, 0.1372425937690408, 0.2637236321587497, 0.1838504884667973, 0.3064217848665906, 0.10981527661208389, 0.3016837867888691, 0.12791034498277154, 0.0009279252021261384, 0.37566843618267054, 0.2294500979982363, 0.24773777272911646, 0.27320329404433724, 0.2664053652633574, 0.015061475730257151, 0.3831181050235212, 0.0, 0.0, 0.0, 0.0, 0.0, 0.0, 0.0, 0.0, 0.0, 0.0, 0.0, 0.0, 0.0, 0.0, 0.0, 0.0, 0.0, 0.0, 0.0, 0.0, 0.0, 0.0, 0.0, 0.0, 0.0, 0.0, 0.0, 0.0, 0.0, 0.0, 0.0, 0.0, 0.0, 0.0, 0.0, 0.0, 0.0, 0.0, 0.0, 0.0, 0.0, 0.0, 0.0, 0.0, 0.0, 0.0, 0.0, 0.0, 0.0, 0.0], "grad": [-0.23979535647798078, 0.08614511262417279, 0.033872220412952014, -0.0674609648944624, 0.0966382097396501, 0.005137477061506246, 0.17817159880546457, 0.25071391008511434, -0.6370904001918678, 0.6036759948929105, 30.86293848880014, -32.872416797751484, 0.009266994244718552, 0.712013069749723, 0.09497043515312864, -0.36774113004926623, -0.27119082419870666, 0.14059651768778725, 0.27499337243925004, -0.25649737798300276, 0.6751494256974642, -0.7965058981601936, -0.3326991577389249, 0.24077968127454996, 0.5781686840516511, -0.14165392554008965, -0.3043536596735985, 0.49870925310891034, -1.2704847712695868, 0.7687849877100015], "optimality": 32.872416797751484, "nfev": 914, "njev": null, "status": 2, "message": "`ftol` termination condition is satisfied.", "success": true, "res_time": 1144.4232189999966, "tension_error": [0.39394235603754146, 0.13312636553531182, -0.4585896796808228, -0.28334579765365936, 0.15515896785915265, 0.3955781343805831, 0.12668133801657502, -0.3807716765591099, -0.46566264635243854, 0.294212830557317, 0.01556428884127492, -0.029693646347455083, 0.28581390660875033, 0.38760375259988267, -0.29588622915101864, 0.060164765250700775, 0.006324842235396894, 0.16077862023003112, 0.004525614025499142, -0.029181643011402386, -0.09862353290857676, -0.24005342647713077, 0.057434580275147196, 0.3587740158066822, 0.04223256865334771, -0.32970115874496, -0.18983110195142747, 0.1429746588363269, 0.38336915442596714, 0.10163292901511689], "git_revision": "ec36e56dd006ef5715c6882890a8a7f5f3c70256"}