{"x": [0.019404887563277236, 0.07546836124339426, 0.1494401798559583, 0.16576993525811953, 0.07698650888516212, 0.010073217117930128, 0.07796170098698676, 0.15328516248743065, 0.1669057596308534, 0.08775482719812369, 0.12480351158099326, 0.16412660634806198, 0.05132430613357417, 0.0914575290640355, 0.1106683676399648, 0.1155426901351614, 0.08643690609439517, 0.07998017027597729, 0.0533453377600659, 0.10890356683826959, 0.1881756007267196, 0.1320935607315459, 0.08987787187472729, 0.01650052555329635, 0.0654478017517181, 0.14645795440290024, 0.14242171592116992, 0.06430817383230782, 0.03483240661781663, 0.042068018683276115], "cost": 2.5801823378579085, "fun": [0.4789327344078043, 0.5994244776742936, 0.5060346773588325, 0.28117591029887135, 0.6542002115723556, 0.5726427977213061, 0.3957022190470231, 0.5968607684481032, 0.5119786924743179, 0.7247244202272657, 0.5119902680769963, 0.4787689544526361, 0.3526197616543389, 0.5009367917700559, 0.47950941787573476, 0.5161104330410219, 0.425800249428191, 0.542276349881877, 0.3541790005697784, 0.46554850449739077, 0.0, 0.0, 0.0, 0.0, 0.0, 0.0, 0.0, 0.0, 0.0, 0.0, 0.0, 0.0, 0.0, 0.0, 0.0, 0.0, 0.0, 0.0, 0.0, 0.0, 0.0, 0.0, 0.0, 0.0, 0.0, 0.0, 0.0, 0.0, 0.0, 0.0, 0.0, 0.0, 0.0, 0.0, 0.0, 0.0, 0.0, 0.0, 0.0, 0.0, 0.0, 0.0, 0.0, 0.0, 0.0, 0.0, 0.0, 0.0, 0.0, 0.0], "grad": [36876.42728483816, 35574.14215531433, 4980.297825511742, -78453.56911990813, 33364.61856977843, -1940.8425013358574, -6697.843335183213, -38199.61459941052, 22860.394090482765, 26977.332971456315, -15539.540800605597, -3863.169895244287, 10977.651524894998, -2532.7518115740945, -1829.5984168632795, 47196.50436560936, 4088.363333326186, 77779.52349721202, -32258.640809346172, 11662.886578252359, -43651.54608976485, -39634.329886576495, 51393.784177818816, -21855.292499599855, 4260.1070874873185, -39384.33066373324, -860.2967426300609, 1244.6996781788878, -59815.14002081863, -39597.942389272546], "optimality": 78453.56911990813, "nfev": 153, "njev": null, "status": 2, "message": "`ftol` termination condition is satisfied.", "success": true, "res_time": 1136.7880679999998, "tension_error": [0.8059511243672276, 0.24531638756605745, -0.49440179855958305, -0.6576993525811953, 0.23013491114837886, 0.8992678288206987, 0.2203829901301324, -0.5328516248743065, -0.669057596308534, 0.12245172801876314, -0.24803511580993254, -0.6412660634806197, 0.4867569386642583, 0.0854247093596451, -0.10668367639964788, -0.15542690135161394, 0.1356309390560484, 0.2001982972402272, 0.466546622399341, -0.0890356683826958, -0.8817560072671959, -0.320935607315459, 0.10122128125272717, 0.8349947444670365, 0.345521982482819, -0.46457954402900237, -0.42421715921169917, 0.35691826167692187, 0.6516759338218338, 0.5793198131672389], "git_revision": "ec36e56dd006ef5715c6882890a8a7f5f3c70256"}