{"x": [0.18276096722985202, 0.5529326306004353, 0.16539239269243938, 0.14731380941414218, 0.08149930271095057, 0.010390393057750531, 0.2253060348383419, 0.27380336222956775, 0.0003766665394738008, 0.09153041576716106, 0.11934166200018566, 0.1313325778449441, 0.1497103582862947, -0.0374319995859528, 0.35050916543147553, -0.04941100784821199, 0.12256175849508638, 0.14875840448083602, -0.03809071626565313, 0.38416105056763783, 0.09155014281278799, 0.0029239913417281843, 0.0488091583422526, -0.011113741406004553, 0.16446513864099596, -0.01404847019061364, -0.022558851937079977, 0.013155133420283405, 0.0364445386471827, 0.0280379107643409], "cost": 12.727899692794765, "fun": [1.060421955650982, 1.0254923828389715, 0.8211031917994777, 0.7557813591110784, 0.8462151520783311, 1.5418938397830568, 1.0685534627178275, 0.7461551947727284, 0.9737265201363294, 0.9601030187336849, 1.0471029485444834, 0.8201856798223853, 0.9850531277828608, 1.550932067342718, 0.5764127057692731, 1.3738575734659235, 1.5495108752658486, 1.1229639027931966, 1.260076375949689, 1.6544888618329672, 0.0, 0.0, 0.0, 0.0, 0.0, 0.0, 0.0, 0.0, 0.0, 0.0, 0.0, 0.0, 0.0, 0.0, 0.0, 0.0, 0.0, 0.0, 0.0, 0.0, 0.0, 0.0, 0.0, 0.0, 0.0, 0.0, 0.0, 0.0, 0.0, 0.0, 0.0, 0.0, 0.0, 0.052448018145135576, 0.0, 0.1206343912965191, 0.0, 0.0, 0.055265921765610855, 0.0, 0.0, 0.0, 0.0, 0.001372716526409959, 0.0, 0.0027725992590485983, 0.01148024037293549, 0.0, 0.0, 0.0], "grad": [-28727.41194740447, -35193.720599493805, -1008.4521845074412, -7668.808332424892, 5149.402480655757, -59957.556124372764, -33344.36727369312, 10875.868711887966, -43699.86157730087, -18058.495703990193, -30754.279824436897, 31122.201570286183, 12778.098368715466, -8337.735615643187, -22295.941561661915, -45134.86841434834, 38985.872061860064, 18752.12322458268, 18218.144009209536, 4456.904838080522, 3678.6909058688025, 35415.299049402645, -60223.97734271972, 8130.239039141035, -2630.30837065192, 24559.596966068042, -75952.57899763041, -32408.3529583762, -14236.13649877143, 69720.71451081175], "optimality": 75952.57899763041, "nfev": 170, "njev": null, "status": 3, "message": "`xtol` termination condition is satisfied.", "success": true, "res_time": 2328.211030000006, "tension_error": [-1.329700137327587, -6.44662616512043, 0.2387266808021063, 0.512972395431051, 0.7048506910423215, 1.2851005119897736, -1.4766465763942405, -1.4058293862663789, 2.7419568867973623, 0.5526822536002867, -1.8103708059655874, -1.992268758602673, -2.2710531883805554, 0.5678301954536169, -5.317100077921812, 0.7495475142754451, -1.8592185309683724, -2.2566123858213656, 0.5778226945217981, -5.8275872740538786, -0.5528619386765722, 0.7915654354624035, 0.09550367989144677, 1.0045128766368268, -1.658956638147784, 1.0490316743981223, 1.178131155695786, 0.6363626284940068, 0.2830705877730116, 0.4105961596532609], "git_revision": "018ef57f2e70e762a509d3bbb7a77c8182022b6e", "linregress": [-3.5167843871371205, 1.8180002106871496, -0.13801870832128324, 0.46702399644118386, 4.769275267045996]}