{"x": [0.049358970368544225, 0.16955197869165553, 0.13795716928589372, 0.2209410386060496, 0.13925911229088725, 0.09385847286737165, 0.1306835458043807, 0.23930009241418274, 0.0981642704420136, -0.08784139102329232, -0.005171854612894031, -0.004807709981355992, -0.021275311581256444, 0.007881294979757857, 0.015393722133106212, 0.0058383558561534744, 0.00049375382917865, 0.039131051343240394, -0.008923499092194863, -0.006970482412195793, 0.05144971466541891, 0.12391011971227406, -0.01961010792295305, 0.1121125318032042, 0.08678271728437248, 0.04762253849792662, 0.18488107311864124, 0.07697548505401665, 0.015608923278888683, 0.004736615367848928], "cost": 14.03379517542266, "fun": [1.6948637009946115, 1.1734148927039305, 0.9689095139129, 0.8851759367974265, 0.971668375068726, 0.8861308871658905, 0.7163216466519274, 0.7719255133794009, 1.0924900068266976, 1.9760612693987691, 1.6212547857897004, 1.3746458397594918, 2.0448461160469447, 1.1921921853061632, 0.6129243410947508, 0.5682517868185935, 0.9677744236517392, 1.000692673900261, 0.6853705797763475, 0.6873237738034318, 0.0, 0.0, 0.0, 0.0, 0.0, 0.0, 0.0, 0.0, 0.0, 0.0, 0.0, 0.0, 0.0, 0.0, 0.0, 0.0, 0.0, 0.0, 0.0, 0.0, 0.0, 0.0, 0.0, 0.0, 0.0, 0.0, 0.0, 0.0, 0.0, 0.6777938336602095, 0.00013833718164215408, 0.00011112577036053702, 0.009630033267054153, 0.0, 0.0, 0.0, 0.0, 0.0, 0.0007105678461904536, 0.0003386791859222472, 0.0, 0.0, 0.007541191187679915, 0.0, 0.0, 0.0, 0.0, 0.0, 0.0, 0.0], "grad": [204521.00341321272, 44127.87541342778, -105906.88820792758, 46169.546718127516, 109753.41147389228, 116183.25460329722, 119945.64202601856, -264861.0680448271, -211935.1691540992, 212409.36026701995, 5652.248723632885, 127513.31280964459, 131006.17804310762, 30504.289812859755, 86022.8882826829, 125072.46561127767, 230832.74771226136, -52130.82458165355, 60105.68622461085, -200354.58348094183, -225605.22296743628, -111824.8584409394, 8939.852344543102, -52865.74904094714, 11679.131978327818, -200960.1601029156, 17031.67886527926, -23171.86909392073, -31279.63600980795, 100153.61248806807], "optimality": 264861.0680448271, "nfev": 80, "njev": null, "status": 3, "message": "`xtol` termination condition is satisfied.", "success": true, "res_time": 1411.965487999958, "tension_error": [0.6939609758790386, -0.6308772627242983, 0.6549093170911564, -0.6039266322778065, -0.17134519285182226, 0.018919260742336873, -0.04125688210109577, -0.8824269856526727, 1.2585535193278428, 3.273689125670088, 0.07845520539061407, 0.07293126011419807, 0.3227389524244124, -0.11955645753060296, -0.233517320589003, -0.08856579353488499, -0.007490070966812553, -0.593604209722106, 0.13536632532857526, 0.105739753000224, 0.05544737433269997, -1.0437513437567463, 1.1333997518593548, -0.8647861075313665, -0.48054177946641236, 0.11350428326785891, -1.968659143839198, -0.33176953497451517, 0.5991395041505022, 0.7640685700418792], "git_revision": "018ef57f2e70e762a509d3bbb7a77c8182022b6e", "linregress": [4.115120069990766, 0.3068232933756278, 0.37769594240998555, 0.03961450699199431, 1.9065104171514622]}