{"x": [0.007613627420935319, 0.040063174519557744, 0.14098748342082698, -0.01658424096852135, 0.151678768760396, 0.14032540079745318, -0.01582210935532466, 0.24896315124837468, 0.06939105706169682, -0.017365506502257128, 0.003572466526760149, 0.020760363450017298, -0.004812378345126293, -0.017139174121538092, 0.010282206999422722, 0.011147553426465846, -0.012441153745802925, -0.003576493886857647, -0.016421696661038033, -0.02004570820656982, -0.006152553128152376, 0.11938139577451731, 0.008157375872358624, 0.0012471386094921304, 0.012883024070887088, 0.07640522818931604, 0.03695527415202136, -0.018033215206565614, 0.07538798394166311, 0.021312835414992085], "cost": 9.029859556300025, "fun": [1.0586596947327807, 0.5447794041210126, 0.7616744194839394, 0.5089520042546964, 1.4283242363924948, 0.9136166216488822, 0.9838919146343917, 1.1559260945544492, 0.9185357135312137, 0.6594105446375181, 1.2280540662815873, 0.6453935584571681, 0.9007282435966512, 0.854182022620406, 1.0189160315449481, 0.511793023241576, 0.8243346440934632, 1.7561479764898746, 0.21773574581097424, 0.8766618922336303, 0.0, 0.0, 0.0, 0.0, 0.0, 0.0, 0.0, 0.0, 0.0, 0.0, 0.0, 0.0, 0.0, 0.0, 0.0, 0.0, 0.0, 0.0, 0.0, 0.0, 0.0, 0.0, 0.0, 0.004561280687627763, 0.0, 0.0, 0.00396089331943562, 0.0, 0.0, 0.00523675631246207, 0.0, 0.0, 0.00011144979952914598, 0.005034654500339182, 0.0, 0.0, 0.0019256704726287467, 4.574803673645438e-05, 0.0044284737727308945, 0.008054975297788073, 0.0002328981923509212, 0.0, 0.0, 0.0, 0.0, 0.0, 0.0, 0.0058643447929236005, 0.0, 0.0], "grad": [1619.0548168399623, 28756.20740514499, 45884.89668631405, 42334.49816414382, -14228.182217382062, -1336.773709953702, -41.548228779503006, 15904.335417395276, 153310.04886185803, -3301.727271575048, 43821.008724895735, 9835.039832249342, -7694.010512801189, -11675.488616005972, 8429.573996354502, -10022.474729445932, -16911.36162635786, -6361.0478795611525, -21775.409684662845, -29607.52305077925, -24747.044146416076, 15211.425809444054, -25508.097753240556, -9208.273814816494, 19768.214317241534, 8617.11166215508, -14616.557459440395, -27671.86468471552, 19101.061758349064, -7693.289693322906], "optimality": 153310.04886185803, "nfev": 232, "njev": null, "status": 3, "message": "`xtol` termination condition is satisfied.", "success": true, "res_time": 3171.171235000016, "tension_error": [1.3272230646645542, 1.3334221013334615, 0.6089405233703223, 2.999247855269958, -0.3597469891372241, -0.6859676023834314, 2.1811820932299133, -1.0290121707133746, 1.6950329903231678, 2.2045948821083923, -0.0541930537663016, -0.3149273713909554, 0.07300207754157197, 0.25999520995396547, -0.15597744375824898, -0.169104443016589, 0.18872790236402096, 0.054254147394657545, 0.249111330622491, 0.3040863040940584, 0.9292534050441795, -0.9750522032572654, 0.7121768429805045, 0.8170026983718061, 0.640490431089689, -0.3231189400150295, 0.27532291079220533, 1.109478847038345, -0.30768770453848304, 0.5126131743011797], "git_revision": "018ef57f2e70e762a509d3bbb7a77c8182022b6e", "linregress": [8.481432760627314, 0.20255938651752026, 0.7361677806624713, 3.538825687347961e-06, 1.4735781161534365]}