{"x": [0.19277816981230847, -0.05251831593350641, -0.08219980682049727, 0.16372193342954014, 0.325274610513961, 0.35063205263412695, 0.0076806586656383265, 0.1916980066225456, 0.09584868656412046, 0.4144550993512405, 0.0008893795986198627, -0.0009255531804211551, 0.0005482738319646687, -0.018330352368897084, -0.0002113892999533596, -0.004161829889073663, -0.0017186813887639907, 0.005298827454659059, 0.0065170958561399815, 0.016906871627137873, 0.11658902794310565, 0.17856216735048025, 0.014570101987606322, 0.02488607579253, 0.005286258703802423, 0.14777077794388987, 0.018317448425612993, -0.010485344114436308, 0.14592583351664729, 0.03775515423787332], "cost": 12.379061286296631, "fun": [0.5961721087794156, 1.161364114212375, 1.5662637739982699, 1.4743173411578374, 1.2587685787584713, 0.6065736078302787, 1.2692675867087315, 1.0936023451361323, 0.7917868070600315, 1.0429934994288448, 1.035528356475735, 1.1541662105871335, 1.1477593237665917, 1.0693198069145164, 0.9839098967694401, 0.7443156360910174, 1.174820688730943, 1.329821655644684, 1.2920737767914627, 0.6465749213945959, 0.0, 0.0, 0.0, 0.0, 0.0, 0.0, 0.0, 0.0, 0.0, 0.0, 0.0, 0.0, 0.0, 0.0, 0.0, 0.0, 0.0, 0.0, 0.0, 0.0, 0.0, 0.14485462771838928, 0.555408332160229, 0.0, 0.0, 0.0, 0.0, 0.0, 0.0, 0.0, 0.0, 7.928739193366354e-07, 0.0, 0.00615903171994219, 9.446023062639894e-09, 7.208633978039233e-05, 5.076754031141107e-06, 0.0, 0.0, 0.0, 0.0, 0.0, 0.0, 0.0, 0.0, 0.0, 0.0, 0.0011527843287437204, 0.0, 0.0], "grad": [23050.773201198637, -52665.187426940145, -11243.598155141153, 34991.135369938536, 2683.2927281522893, 277867.51336133486, 180268.14381899242, 453347.73840403854, -33220.37887940902, -1490.6683478503128, 13107.919644303507, -178266.62201025075, -38419.389217645956, -16463.912405743373, -21506.798460569742, 66512.73393053912, -33691.13131071538, 38810.558430882826, -244614.07793092786, 74681.34076266503, -25520.59455326276, 8893.39128062638, 4445.83216011285, -64287.8632943866, 3220.540485577753, 50157.505432085236, 46235.04156761646, -80173.77545182053, 37587.89092168721, 78983.592436981], "optimality": 453347.73840403854, "nfev": 201, "njev": null, "status": 3, "message": "`xtol` termination condition is satisfied.", "success": true, "res_time": 3503.9768519999925, "tension_error": [-1.481657557802375, 2.737850568977463, 3.994612783530677, 0.2640669570427948, -2.993134514335148, -3.876245133333947, 1.824653414381224, -0.16032017922898573, 1.293680107822109, -4.345970990271771, -0.013491573971546388, 0.014040314414260902, -0.008317120127438599, 0.27806496269225583, 0.0032067009199894464, 0.06313348753733829, 0.02607178883573685, -0.08038133849475618, -0.09886203929032573, -0.2564712632704135, -0.9326929708083554, -1.8728035780912664, 0.6148980557479328, 0.45840838149226076, 0.7557306750232713, -1.405709090528972, 0.5580521355763514, 0.9949803119638022, -1.377721936053918, 0.26318901277679657], "git_revision": "018ef57f2e70e762a509d3bbb7a77c8182022b6e", "linregress": [12.17171780034712, 0.29924075656922555, 0.5943279101072859, 0.0005339481740699106, 3.1125986350349977]}