{"x": [0.13518185047225822, 0.23584418787599581, -0.06607013900679079, 0.05422189670591605, 0.16448815362908203, 0.024602955180016612, -0.059390503320519525, 0.031804589681305694, 0.10742116837375167, 0.253547650201896, 0.04886856175631485, 0.030018434722375604, -0.005440270936277402, -0.01563794903530962, -0.009338045631774494, 0.004318868041603834, -0.006586613152553197, -0.04206890385581241, 0.01636108981714167, -0.020974748484507002, -0.02914857128723188, 0.07098179005384117, 0.06137754826851943, 0.08717237177243749, 0.06572814257203283, 0.027680550443645036, 0.050742046526184366, 0.08284341852388347, 0.020287367139597046, -0.04180488325384342], "cost": 17.69056148371824, "fun": [0.5660166297825648, 1.3957445777475366, 1.7791572013400743, 1.4851577235413604, 0.9313037613809879, 1.0941238297502218, 1.6169895074354428, 1.3627161929317413, 1.515940168944628, 1.2933944054423474, 1.7233059917107647, 0.5004127291099518, 1.373451146599901, 1.2376434239336156, 1.1225692638771678, 0.7562102407189962, 1.4682709388116713, 1.0231004764871452, 1.1859191580093233, 2.004136436082769, 0.0, 0.0, 0.0, 0.0, 0.0, 0.0, 0.0, 0.0, 0.0, 0.0, 0.0, 0.0, 0.0, 0.0, 0.0, 0.0, 0.0, 0.0, 0.0, 0.0, 0.0, 0.0, 0.2884135509428837, 0.0, 0.0, 0.0, 0.20948407695841767, 0.0, 0.0, 0.0, 0.0, 0.0, 0.00016101323913747013, 0.003824189284400713, 0.0008142691395621518, 0.0, 0.0002857501526887802, 0.07445323774750653, 0.0, 0.009227632400160597, 0.024765769025346458, 0.0, 0.0, 0.0, 0.0, 0.0, 0.0, 0.0, 0.0, 0.07306023163976205], "grad": [227232.55268301384, -1799.885399809341, -5585.559468685697, -299729.7570482119, -196936.36012756114, 26853.478215752857, -72859.25284795112, -10945.073515539028, -244582.2791261683, -159795.19749758433, -230108.84059654892, -36720.8473334798, -208071.7286656855, -94900.17319709214, -92750.99937631727, 148565.8575713308, -242839.50987793464, -209731.68447477452, 22522.645943916494, -521999.09828546556, 124711.68192960648, -93164.64840909505, 8722.709414725592, -107858.34919436215, -3275.881480545807, 29456.961551516004, -198210.13577686835, 238784.60364915064, -78370.96530869289, -90334.88317511286], "optimality": 521999.09828546556, "nfev": 80, "njev": null, "status": 3, "message": "`xtol` termination condition is satisfied.", "success": true, "res_time": 1879.9395989999757, "tension_error": [-0.6079417630270694, -1.6365066310341407, 3.7499314272427817, 1.925143788169048, -0.5540608274061304, 1.0695009710341365, 2.842099221208853, 2.2652064075890683, 1.1181296515138035, -1.9050618934811436, -0.7413187989037824, -0.455369038367238, 0.0825269860877617, 0.2372221563217229, 0.14165484972475684, -0.06551570077283814, 0.09991659209130772, 0.6381703933318562, -0.2481919462349037, 0.3181795165443846, 1.278094867706123, -0.24084730156232498, -0.09515435033164547, -0.4864527002444828, -0.16115132727728734, 0.41601718933355214, 0.06618244972975798, -0.4207840104489619, 0.5281691653700502, 1.4700866441865845], "git_revision": "018ef57f2e70e762a509d3bbb7a77c8182022b6e", "linregress": [11.039508397000844, 0.13441625019123848, 0.7598149993371991, 1.1166092864361473e-06, 1.7851277642556262]}