{"x": [0.09557503725726763, 0.15916768049569543, 0.10168406294417498, 0.14310177213143438, 0.11528439899425355, 0.1447893233575203, 0.1554666926908897, 0.2090408727013693, 0.34989511976266524, 0.20051378374695542, -0.0040034055860095384, 0.013638455225743997, 0.0003884874699923869, 0.004468703986769964, -0.01244849582978989, 0.00564086555087698, -0.004350165669776499, -0.0035705365378975724, -0.0014583633167415966, 0.0024505291786694754, 0.05609105288982153, 0.044789109147574, 0.03973119660633781, 0.12028050942058134, 0.030494626882010427, 0.030931341302426373, 0.026860890958399997, 0.04608198820731701, 0.08339899167409807, 0.11686780482347776], "cost": 2.369001018417287, "fun": [0.3507613752320526, 0.22012836068886568, 0.7539460892497747, 0.8135293163572005, 0.7063016202814775, 0.43338925776028264, 0.44272039892248866, 0.15063995305726832, 0.464958779391362, 0.3513540629439579, 0.3391126811438865, 0.27689189425372357, 0.6454569341764419, 0.657278535865188, 0.637962223008432, 0.4287367136294051, 0.3008012255216881, 0.4543337548912828, 0.36884454950811313, 0.16483696665168862, 0.0, 0.0, 0.0, 0.0, 0.0, 0.0, 0.0, 0.0, 0.0, 0.0, 0.0, 0.0, 0.0, 0.0, 0.0, 0.0, 0.0, 0.0, 0.0, 0.0, 0.0, 0.0, 0.0, 0.0, 0.0, 0.0, 0.0, 0.0, 0.0, 0.0, 6.41636073441487e-05, 0.0, 0.0, 0.0, 0.0019290817590730408, 0.0, 8.232228001721843e-05, 4.5519810448825694e-05, 3.1016814663614724e-06, 0.0, 0.0, 0.0, 0.0, 0.0, 0.0, 0.0, 0.0, 0.0, 0.0, 0.0], "grad": [141906.86406236063, -143415.220600885, -11205.7738005947, 9127.709705599611, -141602.0429799149, 7.9758777705636446, 3.206866757989297, -4.671887235605247, 1.6733280280812197, 3.648918367153123, -3.7349259094955283, 121403.54476145733, -1.548002502475958, 135254.48969108218, 145074.36605257523, -120414.84497919455, -2.7798825392396345, 1.1273671734355788, -5.5616963927191705, 4.101143094964703, 0.1688545339719767, 1.3678652445621502, 152427.2542380049, 16041.563167430599, 139345.80031229978, 8368.893220697008, -5708.56265732629, -142537.83714102977, -143232.34796544697, -143331.38925512214], "optimality": 152427.2542380049, "nfev": 163, "njev": null, "status": 3, "message": "`xtol` termination condition is satisfied.", "success": true, "res_time": 711.2887179999962, "tension_error": [-0.007120413969273715, -0.4733511316203253, 1.2051595118859184, 0.5768675113733861, 0.19234272891981447, -0.7536837289011272, -0.41720845551912816, -0.42340532413692644, -2.5601144373017624, -1.100556895408025, 0.060730246888466725, -0.2068905423750285, -0.005893217526638394, -0.06778865906977051, 0.18883927918148918, -0.08556993544860125, 0.0659904747234445, 0.054163776517819485, 0.022122855747693744, -0.03717366098205625, -0.014960085067836897, 0.15648640443721587, 0.23321314889772937, -0.98869143928598, 0.3733286449946573, 0.3667038416861197, 0.4284511338425375, 0.1368738863427441, -0.4292118586527627, -0.9369219174908899], "git_revision": "018ef57f2e70e762a509d3bbb7a77c8182022b6e", "linregress": [5.315507190534438, 0.06858967775426056, 0.6303567060531963, 0.000188795209927367, 1.237120631721307]}