{"x": [0.13741356548636546, 0.03214305067900564, 0.3524313378202107, 0.4897794930840968, 0.15425144459118847, -0.07355244905019888, 0.09789147170139378, 0.23140705174720277, 0.014693746528709301, 0.17550771742527657, 0.0019074580867987235, 0.004957832708670104, -0.0009865795298333658, 0.0035249820408817553, 0.0056348905482508016, -0.002736306549935469, -0.0010702587065526724, 0.0028699081440238423, -0.0024988556208586222, -0.0012704559892552567, -0.06343155934540176, 0.003396812027179694, 0.0676013031339677, 0.05640634658852827, 0.07614662237547733, 0.0880049348408069, 0.10157450570198384, 0.05340266070250798, 0.14802811030056656, 0.1037817374365992], "cost": 14.821010644531153, "fun": [1.1096174578603046, 1.1350466816294305, 1.0913479753002908, 0.7655525136790834, 0.8677521721356262, 1.1394133210586332, 1.3826783336789865, 1.084959802646151, 1.1602901317910057, 1.2873559834114248, 2.2726075609510414, 1.050248108247237, 1.118134969838748, 0.9148419876128382, 1.0562501953178796, 1.0651215992769563, 1.2598929791370836, 1.4102167849630955, 0.8292970646248822, 1.4523255505779415, 0.0, 0.0, 0.0, 0.0, 0.0, 0.0, 0.0, 0.0, 0.0, 0.0, 0.0, 0.0, 0.0, 0.0, 0.0, 0.0, 0.0, 0.0, 0.0, 0.0, 0.0, 0.0, 0.0, 0.0, 0.0, 0.39791601036267504, 0.0, 0.0, 0.0, 0.0, 0.0, 0.0, 9.602764994108552e-07, 0.0, 0.0, 2.048774924623529e-05, 1.225931794256127e-06, 0.0, 1.560355271162763e-05, 2.050590187503048e-06, 0.2552208575163743, 0.0, 0.0, 0.0, 0.0, 0.0, 0.0, 0.0, 0.0, 0.0], "grad": [-162474.95274908745, -212426.54448837187, 263955.31148953235, 98136.42193223021, -13713.876204849861, 220386.0693830247, -169253.66689774062, 115392.03475083073, 88715.37705027322, 118855.49117155961, 140607.56279274845, 226776.48982732306, -85043.5365681955, -141891.2050138742, -157471.35211016834, -81460.71004630008, -9220.505735203466, 7034.373093023595, -22015.08871510194, 129664.09798734148, 118501.57253472126, 140511.3883077584, 164525.83905349075, -17961.475203434155, -69760.97007896539, 211730.08623107607, -33806.13079471143, 163013.23277539277, 54882.23266002767, -77359.84448709925], "optimality": 263955.31148953235, "nfev": 108, "njev": null, "status": 3, "message": "`xtol` termination condition is satisfied.", "success": true, "res_time": 1897.1727369999862, "tension_error": [-0.6417960905189098, 1.4535675789500315, -2.5985879682714907, -4.682110908840069, -0.39877357163339155, 2.5584837393976003, 0.4561872847399472, -0.7626923502009104, 2.5247718467637674, -0.7212237129965362, -0.02893546458183237, -0.07520856879489146, 0.014966062552160554, -0.05347273090897123, -0.08547929677189181, 0.04150880263564525, 0.016235446068871024, -0.04353549156819656, 0.03790675601885304, 0.01927236804535426, 1.7981556719681004, 0.78439291288268, -0.18956651053665666, -0.01974297896990693, -0.3191959812780727, -0.49908238754596157, -0.7049279784722705, 0.02582187363230967, -1.409612731371154, -0.738410903273018], "git_revision": "018ef57f2e70e762a509d3bbb7a77c8182022b6e", "linregress": [12.204232577895521, -0.014395752957548247, 0.7076693779890825, 1.2220600675024884e-05, 2.302714560445858]}