{"x": [0.004175178216763535, 0.07488139334980097, 0.135246613642328, 0.19390249832647966, 0.16237010709669744, 0.17811974457247193, 0.21260552139995614, 0.30398179337385, 0.47267765894148356, 0.38041651852781516, 0.002973144359566802, -0.00661543264628054, 0.0015490801042582114, 0.0023329407000786343, -0.007382774081509281, -0.0030810131860629056, 3.1609567099812566e-05, 0.002081316611118436, -0.0037871986112784266, -2.925309938601506e-05, 0.09194142067657021, 0.1052087606533727, -0.07506354196262398, -0.01138608185773576, 0.053769109397329304, 0.009882569045995286, 0.06359267193526173, -0.017320547282452796, 0.08409685660528506, 0.06553177725850057], "cost": 17.401089949877758, "fun": [1.2599578640362155, 1.3186246878589254, 1.9290626745116595, 1.6567987882668638, 1.4353366481882084, 1.0352919839080756, 0.9515120061230685, 1.0309659766412307, 0.7046716132002858, 0.6558176911803718, 1.0465977499666794, 1.215753633896511, 2.412943895089908, 1.3368320602273605, 1.3284639807519991, 1.2276631245488367, 1.1641819112794884, 1.4875786915061633, 1.013053112578791, 0.8686126886917104, 0.0, 0.0, 0.0, 0.0, 0.0, 0.0, 0.0, 0.0, 0.0, 0.0, 0.0, 0.0, 0.0, 0.0, 0.0, 0.0, 0.0, 0.0, 0.0, 0.0, 0.0, 0.0, 0.0, 0.0, 0.0, 0.0, 0.0, 0.0, 0.0, 0.0, 0.0, 0.00028951745758959153, 0.0, 0.0, 0.00040240070845520506, 2.9246955951126547e-05, 0.0, 0.0, 5.431930992405327e-05, 2.5033159123315796e-11, 0.0, 0.0, 0.42294817933156365, 0.0014761242170400655, 0.0, 0.0, 0.0, 0.005196187708874127, 0.0, 0.0], "grad": [-22057.272636009337, -1366.9827478527632, -12123.050340063115, 42778.71963463975, -52191.348853151474, 23938.851581803752, -35187.336024714554, -51484.01564402346, 104398.16566134425, -69931.1210639141, 82531.17373476569, -119501.32109955233, -32565.86027706668, -61602.23388129905, 17389.52113291716, -60932.98731551858, 42006.511884433196, 18890.174751668572, 49373.6411625585, -8332.492175341522, -89715.7089197938, 26925.631133424984, -50380.094633886896, 36642.73989858497, -109080.81914972248, 14897.335779167377, -42044.48957825268, -60985.99041139924, 55186.35394189577, -44356.49128851546], "optimality": 119501.32109955233, "nfev": 139, "njev": null, "status": 3, "message": "`xtol` termination condition is satisfied.", "success": true, "res_time": 2220.411519999965, "tension_error": [1.379383123043987, 0.8052420355497658, 0.6960274875842821, -0.19376153873334168, -0.5219308105818319, -1.2592944310379102, -1.2839842792193323, -1.8636255137693314, -4.422682133160672, -3.829617757323386, -0.045101548447285894, 0.10035377361879984, -0.023498997331265856, -0.03538988534837657, 0.11199407181192947, 0.046737880396157276, -0.0004795059538103464, -0.03157283690865799, 0.057450463545925916, 0.0004437591719844586, -0.5587974854901469, -0.7600583407879893, 1.9746087344844034, 1.008644184973197, 0.020262976530745207, 0.6860062726712183, -0.12875699295168427, 1.098667926672916, -0.4397982228507586, -0.15817253491789712], "git_revision": "018ef57f2e70e762a509d3bbb7a77c8182022b6e", "linregress": [10.447616786961436, 0.09602630300698389, 0.6111284434760996, 0.00033399610093131927, 2.5572541565136855]}