{"x": [0.12048024485159585, 0.2199875213000084, -0.0331615728610918, 0.28984194717034156, 0.05541663360192463, 0.10521016853082546, 0.0501394338351242, 0.31673704160630595, 0.18810981264295104, 0.09278108363644719, -7.10572651829677e-05, -0.00691818902156551, -0.012719871388719743, 0.001219278473597375, -0.00036677073396489563, -0.007639819342350717, -0.001983006072287435, -0.0004263980285030134, -0.0007599956861957355, -0.009952921081044471, 0.0733579373359114, 0.1371047200011658, 0.03887193452465373, 0.15609827761822156, 0.032126722375914706, 0.11921429945102842, 0.05171447757455043, -0.008140998184960696, 0.05808795350692717, 0.12883753151203542], "cost": 4.24296353119193, "fun": [0.6837750448320682, 0.4519296929612385, 0.9813727711060419, 0.7324353105180408, 0.41108703260581214, 0.48677351250954004, 0.5359406472825361, 0.7526578771061334, 0.39419404484232357, 0.42716928609197863, 0.6293291935088156, 0.45699657064971005, 0.48582009254212766, 0.773855879026713, 1.0350440955024454, 0.6590354471793703, 0.5917348831115093, 0.7374095708712638, 0.6419346137308356, 0.6813930878339702, 0.0, 0.0, 0.0, 0.0, 0.0, 0.0, 0.0, 0.0, 0.0, 0.0, 0.0, 0.0, 0.0, 0.0, 0.0, 0.0, 0.0, 0.0, 0.0, 0.0, 0.0, 0.0, 0.0364674472283287, 0.0, 0.0, 0.0, 0.0, 0.0, 0.0, 0.0, 3.5877772004096173e-10, 0.00033111379236633087, 0.0020580132213330947, 0.0, 4.933828202071185e-08, 0.0004459121100038617, 7.797800721186613e-06, 7.752567639420572e-08, 4.389685250823987e-07, 0.0009859427127047674, 0.0, 0.0, 0.0, 0.0, 0.0, 0.0, 0.0, 0.0005395515863410937, 0.0, 0.0], "grad": [-98148.68791913634, 2404.843279324037, 4103.82294667409, 48643.273891984594, 155813.10211668175, -7209.280993941769, -91213.55166176407, -126939.13822715177, 109161.24663716987, 101834.98480072214, 111862.17285463438, -103506.57100255588, 246080.57491947414, -29143.17206431833, 92231.78300923805, 106223.98425725196, -57533.476463595376, 4291.680759288456, 94532.96860054057, -177431.18650121975, 25131.38367852301, 104153.48420095988, 135889.4964093192, -610.3366095760409, 97592.18690105033, -169752.6210077589, -92144.3284535259, -91200.12156753594, -35646.12876062116, 36584.827154635845], "optimality": 246080.57491947414, "nfev": 167, "njev": null, "status": 3, "message": "`xtol` termination condition is satisfied.", "success": true, "res_time": 1739.392571000033, "tension_error": [-0.38492360515672436, -1.3959666069723569, 3.250720117312573, -1.649129047584411, 1.1005155569846743, -0.15328194781206533, 1.1805688111035002, -2.0571181184126828, -0.10588854556538409, 0.5337100643365636, 0.0010779135825911288, 0.10494648075853298, 0.1929559504353086, -0.01849602323235231, 0.0055637823214795285, 0.11589335751182546, 0.030081500803265774, 0.00646830729173134, 0.011528865778209146, 0.15098229283227457, -0.27689261547899996, -1.2439087637142257, 0.24624785078877276, -1.5320343154707412, 0.34857033356182593, -0.9725174111255119, 0.05143101463768013, 0.9594174133190666, -0.045252361202026255, -1.1184984381222032], "git_revision": "018ef57f2e70e762a509d3bbb7a77c8182022b6e", "linregress": [8.492569809070707, 0.08164657651169904, 0.6868048492066421, 2.7731294310402817e-05, 1.6985044615570193]}