{"x": [-0.004207703462880059, 0.1335488137469036, 0.15591077350845825, 0.018580265107760927, 0.13774623040391135, -0.010987725790840832, 0.10990389006050741, 0.05726382687899474, 0.18021302138682635, 0.034097454205147794, 0.00827647207736437, -0.006522826921465237, -0.022336571364011237, 0.009159930489389385, -0.011983472060679378, -0.00957281952214349, -0.0223534584360196, 0.002963776827435383, -0.01332509907466566, -0.008038899645614926, 0.051680176613581714, -0.017641053860841534, 0.03418493966420488, 0.05437497243294683, -0.02504053987722123, 0.08442555623359498, 0.0496248689930148, 0.03105556918758127, 0.11258093642801496, 0.012557759003806115], "cost": 8.33900241672869, "fun": [0.8613462374713826, 1.2811935745486744, 0.54918251045505, 0.5291616226679742, 0.9393488796747027, 0.5746721233907491, 0.844639111078345, 0.8494825333309226, 0.49585185642062773, 0.6317411374816476, 0.6221726203187369, 1.1165805939143827, 0.5714676535728959, 1.0674833252143523, 1.6656214104547624, 0.8627727311091686, 0.6802750218254623, 1.0459136853168411, 0.9040482118199666, 1.1946643072585348, 0.0, 0.0, 0.0, 0.0, 0.0, 0.0, 0.0, 0.0, 0.0, 0.0, 0.0, 0.0, 0.0, 0.0, 0.0, 0.0, 0.0, 0.0, 0.0, 0.0, 7.449641543885029e-05, 0.0, 0.0, 0.0, 0.0, 0.0013265494318809821, 0.0, 0.0, 0.0, 0.0, 0.0, 0.00027752848502280483, 0.011144216246126482, 0.0, 0.0017208697599185232, 0.0008772423982191262, 0.011169511376831445, 0.0, 0.0023659814773099364, 0.0005195051071986214, 0.0, 0.005490015591144869, 0.0, 0.0, 0.015701135597539734, 0.0, 0.0, 0.0, 0.0, 0.0], "grad": [-21166.2077034901, -79209.6566474122, -29139.495649046436, -20038.793630821143, -3890.8947768027174, -53971.57062450585, -8764.32046517492, -34011.809075094076, 32679.933917875427, -421.8199232802408, 19619.63306461472, -141086.6403478174, 1532.5081529685892, 70996.98806711829, -5717.216097726105, 25550.12596420839, 60004.088083409646, 2699.0208132754415, -35282.332325847005, -27612.09214107552, 173085.66501071077, -53663.362360395826, -72015.85018414623, 22900.391058862508, -90200.02767592581, 31904.042247045698, 58744.00853865523, 22409.45305970376, 16717.326982411796, 8275.715846022704], "optimality": 173085.66501071077, "nfev": 169, "njev": null, "status": 3, "message": "`xtol` termination condition is satisfied.", "success": true, "res_time": 1866.110794999986, "tension_error": [1.5065484734198427, -0.08472198345358464, 0.3825594905373687, 2.4658147344323926, -0.1483953096748053, 1.6093990143006618, 0.27396314656470944, 1.8789987832576955, 0.013902984997264015, 1.423919968656164, -0.12555115434228245, 0.09894897752445145, 0.33883788800184445, -0.13895290600728202, 0.18178503306518787, 0.14521628661111707, 0.33909405891190036, -0.04495944629778977, 0.2021370403852449, 0.12194726457291778, 0.051951348084638756, 1.103529898116166, 0.31734790521112644, 0.011072248550989445, 1.2157774840697082, -0.44478447996374476, 0.08312963780501448, 0.36481934860296716, -0.8718916400329615, 0.6454245871235048], "git_revision": "018ef57f2e70e762a509d3bbb7a77c8182022b6e", "linregress": [5.113947810911142, 0.21739560926677504, 0.49560481082441044, 0.005353856746194681, 1.693696761536682]}