{"x": [0.12170160454207755, 0.10256122875787252, 0.07275528511927642, 0.4033178123546272, 0.03972205387154676, -0.03882928600146279, 0.04501185887486901, 0.16499263076017553, 0.27107718264108804, -0.026197011783292194, -0.01709137960016708, 0.040408404550116406, 0.0119897121477296, -0.02295468314623131, -0.015917226578565258, 0.0038945018745386788, -0.018654624614733245, -0.02623615002809301, 0.00820902412251101, -0.010867221661024658, -0.04466531836095597, 0.1234320720085867, 0.10936589793561699, -0.04888058284312227, 0.12838703303903634, 0.03541363959544476, -0.044407682786933314, 0.08172482343772225, 0.19500499490631504, 0.10902432756678697], "cost": 21.0043801216491, "fun": [1.7233734328221575, 1.0229222171727208, 1.06302819578201, 1.4983083124255547, 1.3069637198236184, 1.4183775041053694, 2.1577998209709843, 1.0504947762320933, 0.8859395041028141, 0.445920933111962, 2.355301974929065, 1.183387803975856, 1.2228710452642682, 2.089841854215251, 1.400483085199038, 1.094578878653214, 2.139311678014766, 1.2450178877247808, 1.0606912489528983, 0.9479374613894288, 0.0, 0.0, 0.0, 0.0, 0.0, 0.0, 0.0, 0.0, 0.0, 0.0, 0.0, 0.0, 0.0, 0.0, 0.0, 0.0, 0.0, 0.0, 0.0, 0.0, 0.0, 0.0, 0.0, 0.0, 0.0, 0.058543436812018394, 0.0, 0.0, 0.0, 0.01797857500739651, 0.004992652738183319, 0.0, 0.0, 0.012095223759594863, 0.004032758314307255, 0.0, 0.006491716456879156, 0.018059275239502386, 0.0, 0.001283380914939178, 0.08910689314744914, 0.0, 0.0, 0.1167909328032979, 0.0, 0.0, 0.0875738284791587, 0.0, 0.0, 0.0], "grad": [-57800.32676415391, 605996.954646373, 19084.464819793844, 402226.9159115398, -13570.859661002221, 18178.690469902434, -105919.66617423043, -43370.98556212196, 349690.43897689355, -300652.3708583518, 707289.5989078523, -444282.1678669511, -82275.63644932122, -18903.95134857757, -76735.52353216309, -16835.449439121294, 41150.14656051767, -113371.78586586137, 72293.71169621436, 431928.63148959354, 252347.1390006465, -72952.62578706563, -449403.6370442303, 236221.20916342066, 439931.8913039372, 52880.07559003568, 2297.9892996576746, -93485.3199278102, -397842.127303106, 144054.8888770676], "optimality": 707289.5989078523, "nfev": 140, "njev": null, "status": 3, "message": "`xtol` termination condition is satisfied.", "success": true, "res_time": 2304.5643689999706, "tension_error": [-0.40345119971316523, 0.3853487217074687, 1.6439988404883603, -3.3705177903605756, 1.3385967809224735, 2.0317456362017774, 1.2583523098236011, 0.24479092793405705, -1.364474206054499, 2.3385656938563626, 0.2592701839678598, -0.6129812061194853, -0.18187969297885984, 0.34821442513564804, 0.24145869788313512, -0.0590782161005275, 0.28298405797891074, 0.39799311720427455, -0.12452799272091658, 0.16485190927746, 1.5134784331350875, -1.0364995291589816, -0.8231206431393213, 1.577422504551871, -1.111664535610871, 0.2987089617983463, 1.5095701925930034, -0.4038153185961563, -2.1222354569146358, -0.8179391414445334], "git_revision": "018ef57f2e70e762a509d3bbb7a77c8182022b6e", "linregress": [7.5491808249700725, 0.44460079384620943, 0.5861748057214204, 0.0006643596373144084, 1.9718671490417612]}