{"x": [0.13951841838690693, 0.002505689112100086, 0.0006052578534238449, 0.19184108797282406, 0.02799954715400038, 0.2245734850582417, 0.027253479239117622, 0.2177654391716714, -0.024886693922720218, 0.020424242689726313, 0.12824883688895936, -0.010556110429657208, 0.008940648034278041, -0.004379385255399459, -0.016445457440992847, 0.022652957401058566, 0.014446295339640924, 0.01180928684721976, 0.005014763235068175, -0.024338869292073777, 0.011333714610269099, 0.14929816027601697, 0.12422351927374985, 0.031333069898607506, 0.12680171286035666, 0.034256473708303224, 0.026744703899198176, 0.06088197798306776, -0.0044423210511747415, 0.017042878928141224], "cost": 8.173591845132531, "fun": [0.21653650699393423, 1.0393966119981524, 1.0583300817898926, 0.9657522784679133, 0.8030974397019871, 1.0263937667093486, 1.0623388023751814, 0.9774948904715502, 1.23273816136982, 0.8682626874131395, 1.058753755955058, 0.963530561367766, 0.8140598731193621, 0.7895987896914476, 0.820758728982461, 0.7761969921895344, 0.5069677294094543, 0.9355503031410003, 0.9320367222531559, 0.7057693590086216, 0.0, 0.0, 0.0, 0.0, 0.0, 0.0, 0.0, 0.0, 0.0, 0.0, 0.0, 0.0, 0.0, 0.0, 0.0, 0.0, 0.0, 0.0, 0.0, 0.0, 0.0, 0.0, 0.0, 0.0, 0.0, 0.0, 0.0, 0.0, 0.015413512520482857, 0.0, 0.0, 0.0011762828752460578, 0.0, 8.399229644657336e-05, 0.004447724459764534, 0.0, 0.0, 0.0, 0.0, 0.014417872982468565, 0.0, 0.0, 0.0, 0.0, 0.0, 0.0, 0.0, 0.0, 8.766572459436966e-05, 0.0], "grad": [-16244.768057212113, 2842.326753526725, -19853.91903721172, -3793.5223513554974, -13149.838559330867, -23840.56697835412, -13762.969578547301, 19680.211758874102, 29301.2690653463, 6520.307846428695, -13790.770318578801, 10318.425332886267, 18871.943414182737, 3148.2590072816965, -11950.247854872414, -7844.196045277502, -6973.8327652708895, 3059.3442497417627, 20300.411788833804, -1300.9616562721242, -5726.084540404736, 3930.6192010921236, -22357.7576780801, -9492.54579752439, 16531.44374250287, 357.60482081007024, 6018.2845950865085, 4143.6484324183675, -2849.08388203738, 17635.891392592057], "optimality": 29301.2690653463, "nfev": 232, "njev": null, "status": 3, "message": "`xtol` termination condition is satisfied.", "success": true, "res_time": 2275.7390550000127, "tension_error": [-0.6737259646142306, 1.9031558723197757, 2.7384892374087366, -0.16249067271031384, 1.5164230620257855, -1.9639812452973635, 1.5277406484388962, -0.5557539119462412, 3.1251931303253784, 1.6313377516536307, -1.9454894989015095, 0.16013246192574837, -0.13562646871505277, 0.06643372550349595, 0.24947177325112727, -0.34363735229022296, -0.2191451912007222, -0.17914270497964732, -0.07607218474620242, 0.3692120394344277, 0.663992907675818, -1.4288789403306803, -1.048505504266907, 0.36060976095807745, -1.0876157891673583, 0.31626275906100754, 0.43021365043971416, -0.08763672436558226, 0.9033097892800437, 0.5773869040865598], "git_revision": "018ef57f2e70e762a509d3bbb7a77c8182022b6e", "linregress": [8.029364264431397, 0.3522642762685234, 0.6070511954627547, 0.00037517904968962097, 1.9863678090668135]}