{"x": [0.07182669787934716, 0.12370234623605943, -0.038982044651604084, 0.18166435534204667, 0.02513759302049921, 0.067643973991506, 0.17931032928473076, 0.3281934065900377, 0.06370120735454747, 0.35928373405330655, -0.015335709955392966, -0.00398280151612621, 0.008313471069719204, -0.013020067365579617, 0.0035243828177628452, -0.0017183179231730068, 0.001340660535416442, 0.0006485349689363185, -0.003040376354305502, -0.0023163118815619555, 0.04604544649269611, 0.026332758079049563, 0.15643041751953285, 0.022349608222239137, -0.01844778053145299, 0.07326202095302872, -0.029429169581411924, 0.0891049863975496, -0.003214872749888402, 0.07625715807308157], "cost": 6.274314402057158, "fun": [1.0567088839699994, 1.1193671735973394, 0.967137873777957, 0.8248864563418518, 0.4023601447916413, 0.8455333434991656, 1.117348396179229, 0.6256422446423126, 0.8976833896955212, 0.7702249759070686, 0.3804464799147038, 0.7197010461229865, 0.5846588680140135, 0.272809451043595, 0.9050529744699947, 0.6688389774525617, 0.7037328870568403, 0.5200727262170376, 0.9351283015486852, 0.8109240888320194, 0.0, 0.0, 0.0, 0.0, 0.0, 0.0, 0.0, 0.0, 0.0, 0.0, 0.0, 0.0, 0.0, 0.0, 0.0, 0.0, 0.0, 0.0, 0.0, 0.0, 0.0, 0.0, 0.05923710745964144, 0.0, 0.0, 0.0, 0.0, 0.0, 0.0, 0.0, 0.003606713607633146, 6.317801714112622e-05, 0.0, 0.002207189867697268, 0.0, 5.073533826599283e-06, 0.0, 0.0, 2.8104899639682666e-05, 1.2427709835225206e-05, 0.0, 0.0, 0.0, 0.0, 0.006278159859719195, 0.0, 0.025487898129234104, 0.0, 3.322701767382122e-05, 0.0], "grad": [-212601.06677671062, 8721.366869932937, 8422.136469956924, -11269.735365631517, 231578.329989973, -49248.30720666818, 230199.16656433995, -103107.09421770409, 29279.86059976652, -19136.963271278713, -224640.59774469555, 280551.0775881838, -230644.62924964636, 24093.941111900367, 45538.20657127569, -38076.64276330636, 25269.473503431258, -20969.22130929854, -3990.611573317154, -60417.33185677871, -237176.13008694962, 1573.093093323157, 60902.62712659087, 2998.2960717734077, 8407.982796524371, -40504.01511951622, 286136.5421347894, -20221.880448934324, -80165.44459436543, 230350.14480869833], "optimality": 286136.5421347894, "nfev": 200, "njev": null, "status": 3, "message": "`xtol` termination condition is satisfied.", "success": true, "res_time": 2277.627856999985, "tension_error": [0.3531334955152723, 0.06464544636730411, 3.3390146158965903, -0.008113237822168015, 1.559837894067382, 0.416583937624506, -0.7789079900662125, -2.2309071235381697, 1.7813459980986, -3.509040890701957, 0.23263729636977953, 0.06041769043520739, -0.12611241597117806, 0.19750981723644795, -0.05346364090617964, 0.02606627519126549, -0.02033734618195902, -0.009838046116772562, 0.0461214340300892, 0.03513763205245508, 0.13742821123013754, 0.4364627228419021, -1.537072760308465, 0.49688569748209427, 1.1157676564010015, -0.27543759787262256, 1.2823514445919595, -0.5157697806156247, 0.884689832651005, -0.32087276871848436], "git_revision": "018ef57f2e70e762a509d3bbb7a77c8182022b6e", "linregress": [9.651463235795317, 0.0921618058381718, 0.6402216395957099, 0.00013879553626541558, 2.188530399671927]}