{"x": [0.14040707248198292, 0.15354877917989618, -0.08918542412617189, -0.06646225940997744, 0.01302129322842031, 0.004725054478223606, 0.09548202978142804, -0.039836631186371534, -0.15272558007365675, -0.08797361979488853, 6.501999088828838e-05, 0.005790859663510561, -0.0005147375627810734, -0.0011374172791863695, 0.000903324359253133, -0.0008438997756541615, 0.00181526303494676, 0.0017452683420317242, -0.000569939992159588, -0.005287414488179376, 0.00017017047648279623, 0.06657884344915442, 0.08314856558979623, 0.013827412488655462, 0.1315334563989767, 0.07011780850508585, 0.06596429748962149, 0.10479562469291988, 0.08867820179617472, 0.033565178729896096], "cost": 26.20700150787399, "fun": [1.840768950431664, 0.8671765182225737, 1.0813614805112644, 0.9756720158885418, 1.3972856994056995, 1.4006760451728406, 1.320571084368137, 1.005592946719963, 2.084318964508304, 1.9499915882351406, 1.3387413741153902, 0.7870782008667907, 0.5788486181649274, 1.2418255877880435, 1.1074870731522721, 1.421712971074006, 1.2291328256940746, 1.3730921996002383, 1.9133395027540414, 1.7306195057266172, 0.0, 0.0, 0.0, 0.0, 0.0, 0.0, 0.0, 0.0, 0.0, 0.0, 0.0, 0.0, 0.0, 0.0, 0.0, 0.0, 0.0, 0.0, 0.0, 0.0, 0.0, 0.0, 0.709384419907948, 0.29357921413181326, 0.0, 0.0, 0.0, 0.06321902805868473, 3.5623398567569966, 0.6808593187781106, 0.0, 0.0, 1.363821666569947e-07, 1.4714972837919756e-06, 0.0, 6.009974292038778e-07, 0.0, 0.0, 1.8513451651534328e-07, 0.00014781893540760635, 0.0, 0.0, 0.0, 0.0, 0.0, 0.0, 0.0, 0.0, 0.0, 0.0], "grad": [415236.9989677377, -48346.85064206933, 658571.477438287, 724111.5984646147, 478070.1793344914, 23377.430598455292, 439254.23327467847, 98981.7607959462, -432673.0149477672, 441428.4943103222, -57951.78653511754, -25534.915585128176, 366785.24730949325, -430871.7980407807, -66494.24277897763, 802326.726915837, 50828.36568984098, 299613.0354465784, 93165.16501966405, -518227.9101656776, -14623.569167122416, -64994.57004437231, 102537.29883133754, 444136.21191789454, 20085.22894740499, 250088.8611073377, 365863.15678209235, -575693.9744805675, 43645.16933949996, -272758.6446635378], "optimality": 802326.726915837, "nfev": 77, "njev": null, "status": 3, "message": "`xtol` termination condition is satisfied.", "success": true, "res_time": 1393.466528000019, "tension_error": [-0.6872065329535993, -0.38811438584994407, 4.100582127512342, 3.7558797550811476, 1.7436378768418168, 1.3710416946278212, 0.4927376665384583, 3.35197839139447, 5.064463821514964, 3.275694989370949, -0.0009863302666936436, -0.08784529309007709, 0.007808386784418038, 0.017254217864308023, -0.013703111058625095, 0.012801661141629032, -0.027536898251098528, -0.026475103514020795, 0.008645788115104084, 0.0802082078295887, 0.8333399240671574, -0.1740561587228881, -0.425412983520023, 0.6261643927861731, -1.159394665211675, -0.22774100702490577, -0.1647337138581534, -0.7537912143782936, -0.5092956091501432, 0.3267494593988739], "git_revision": "018ef57f2e70e762a509d3bbb7a77c8182022b6e", "linregress": [19.386983237169463, -0.2875021715658178, 0.8584485765529652, 1.3081112778261175e-09, 2.1890179817486572]}