{"x": [0.09128641062786426, 0.14956724821672235, 0.14475167692177157, 0.16213591031429145, 0.0948977917860321, 0.08078853100196173, 0.11097443874502844, 0.24458303844477852, 0.15439874369292916, 0.1954589716421492, -0.011005296494737611, 0.018057522798675674, 0.0126355418972371, 0.01859190032501875, 0.007527335615012843, -0.00140714140463541, 0.0008425817256347023, 0.012430116117890548, -0.008870686272754558, 0.005745422545199678, 0.15390507087412963, 0.1312980622093713, 0.10912684943292826, 0.06816742076286998, 0.08017280533096127, 0.09360925865541615, 0.09900079802735982, 0.11417900433410146, 0.09617905143700789, 0.12691297968129275], "cost": 0.3737374435027705, "fun": [0.20735106235666176, 0.19307109757419336, 0.299227512842307, 0.0775477323333417, 0.13718843974956813, 0.13573389131326774, 0.12584413898567737, 0.1134890107802168, 0.20808294879532832, 0.324854568221808, 0.21113008548944112, 0.24754751290191293, 0.24882675688032843, 0.07682726608142648, 0.22894127789144095, 0.13798224181221774, 0.14685839585643545, 0.16968935662654072, 0.08872044224838084, 0.23130463272063456, 0.0, 0.0, 0.0, 0.0, 0.0, 0.0, 0.0, 0.0, 0.0, 0.0, 0.0, 0.0, 0.0, 0.0, 0.0, 0.0, 0.0, 0.0, 0.0, 0.0, 0.0, 0.0, 0.0, 0.0, 0.0, 0.0, 0.0, 0.0, 0.0, 0.0, 0.0013329235534825996, 0.0, 0.0, 0.0, 0.0, 2.7862060220381204e-06, 0.0, 0.0, 0.0006980260969714918, 0.0, 0.0, 0.0, 0.0, 0.0, 0.0, 0.0, 0.0, 0.0, 0.0, 0.0], "grad": [0.18688143418158826, 0.4048452409399986, -1.260921986415704, -0.8915168048724984, 1.0421453537879344, 0.13554122864885204, 0.8584515262751765, 0.14900787372226615, -0.43972751166548074, 0.5971091492284769, -0.5502586710074083, -0.26568266712998434, 1.5272245402881568, 1.5934041494307374, -1.298680061480452, -1.5020854033273507, 0.5861417143079246, 0.37471414578707624, 0.22341350134275662, -0.1969159548197884, -0.08565340319854586, -0.2263709753881652, 0.5345988828474494, 1.2226950643070835, -0.031061157306135234, -0.789819872428088, -0.7213170079043755, 0.5616522177126266, 0.6526560719138685, 0.5641740269521534], "optimality": 1.5934041494307374, "nfev": 816, "njev": null, "status": 2, "message": "`ftol` termination condition is satisfied.", "success": true, "res_time": 1099.670403999975, "tension_error": [0.05793653527571312, -0.32771596925367835, 0.5518390392121338, 0.2881263667854575, 0.5016003503060016, 0.2171856565025091, 0.2577233016326126, -0.9625674085610408, 0.4054964480918825, -1.0238771834716485, 0.16694645567310257, -0.2739262346013716, -0.19167670187362978, -0.28203255268712196, -0.11418701914929819, 0.021345837456272335, -0.01278166678897767, -0.18856046545217664, 0.13456517353553832, -0.08715602807467032, -1.498764144816132, -1.1558238186052743, -0.8194943618958375, -0.198154314752971, -0.3802717528059825, -0.5840979977787946, -0.6658857432701024, -0.8961337649928521, -0.6230808454382109, -1.089303667490144], "git_revision": "018ef57f2e70e762a509d3bbb7a77c8182022b6e", "linregress": [1.8350616548232361, 0.34497258325512137, 0.2969780174811944, 0.11100507009723284, 1.1150596514436002]}