{"x": [0.1153598467866669, 0.09595245012852006, 0.02804304127353413, 0.14491637321521647, 0.1013770976992139, -0.022124818044538842, 0.2795259377731594, 0.17912235849679417, 0.46020731644329105, -0.032665351943408846, -0.028705471275438675, -0.027289257644841736, -0.0026400384485690555, 0.05595966196607959, 0.035993468237012334, 0.04975016042144468, -0.013201948572572519, -0.04122814345023492, -0.04181627698178581, -0.0013772124066311093, 0.061745841763384934, 0.008043146990509694, 0.022291054957934077, -0.0076908093672801705, 0.027114053856702427, -0.031516714076498614, 0.01898260406700612, 0.09118359164843123, 0.001261870151562184, -0.02462216616787239], "cost": 18.90419925255585, "fun": [1.1879902203353643, 0.6653317285921477, 1.3334476117587344, 0.6822639272465741, 0.8984275990459302, 1.5371308293128554, 1.624802144439112, 1.499447229720208, 1.6269338862523575, 1.833056302270117, 1.134583444673993, 1.7035156838234997, 1.1857501897496083, 1.1573593368739328, 0.5082630111517914, 1.3758396437319007, 0.8224995716916903, 1.2528394569770405, 1.9888080508605592, 2.0843062662040626, 0.0, 0.0, 0.0, 0.0, 0.0, 0.0, 0.0, 0.0, 0.0, 0.0, 0.0, 0.0, 0.0, 0.0, 0.0, 0.0, 0.0, 0.0, 0.0, 0.0, 0.0, 0.0, 0.0, 0.0, 0.0, 0.010830265995198651, 0.0, 0.0, 0.0, 0.03485475426496405, 0.02365342548215304, 0.02032240794024476, 1.8400547925148802e-05, 0.0, 0.0, 0.0, 0.002300986708221134, 0.07007794137463999, 0.07311998460877181, 2.612178070505278e-06, 0.0, 0.0, 0.0, 0.0004549002125863702, 0.0, 0.03130565503143987, 0.0, 0.0, 0.0, 0.014927214506158134], "grad": [53372.608886201655, -55948.270886771556, -57102.20082704577, 12349.5445088604, -56417.32656477085, -29527.409245708408, -924.5397671607052, 1072.0035444547243, -9459.768236557256, 40246.93403583245, -6399.399083352315, -2407.0014605182355, -17505.087762256626, 53611.96146725909, 71385.21173581832, 23498.544937349103, 10985.820828693839, -37615.87404234967, -148654.66387378535, 51891.47751503441, 13704.048740336915, 47880.06408065131, -62070.546808274754, 25243.044404886037, 97789.79222808132, 15902.740203680434, 36214.00527821152, -49600.07281988947, -11986.573593828169, -40075.267340200044], "optimality": 148654.66387378535, "nfev": 261, "njev": null, "status": 3, "message": "`xtol` termination condition is satisfied.", "success": true, "res_time": 4663.7173499999335, "tension_error": [-0.3072489774005294, 0.48560155624274054, 2.3222677666192904, 0.5493406546873488, 0.4033115710854953, 1.778344765026079, -2.2991433284113927, 0.030447955313340568, -4.233511447745846, 2.436688126481038, 0.43545184722211333, 0.4139683873065036, 0.04004844958425889, -0.8488882812352297, -0.5460081836436584, -0.7546923388661032, 0.2002688908221101, 0.6254163553240153, 0.634338132997327, 0.02089182514128795, -0.10074123239744497, 0.7139096547197701, 0.49777392979355395, 0.9525882081694036, 0.4246107422093152, 1.3140187562978518, 0.5479619597365046, -0.5473014871483947, 0.8167792260885858, 1.209430902861651], "git_revision": "018ef57f2e70e762a509d3bbb7a77c8182022b6e", "linregress": [7.463003473734311, 0.3910636548298786, 0.514043910278626, 0.0036629758888348882, 2.3534347365290573]}