{"x": [0.1412256112825869, 0.1951433854386101, 0.0037185055083317283, 0.05777835966941822, 0.25524155290193357, 0.1539068981941608, 0.24481564568020153, -0.002035251191090632, 0.18424992394866838, 0.26718373992400946, 0.0015053958386646664, 0.00082099059880243, 0.0009067901294902196, -0.0011386083729696152, -0.0291283224618708, -0.0010292441184037385, -0.0025057835336302447, -0.002878402440093254, 0.0004087598775192185, -0.0005256955476346768, 0.05225323478051758, 0.044495809604490726, -0.0016764830094948293, 0.10401013095034306, 0.018364388739603124, 0.07846582568374132, 0.21171791164360665, 0.0775837743933304, 0.07444952836595314, 0.03885671631818895], "cost": 7.318306822475141, "fun": [0.6941458216199741, 0.7686283258792398, 1.3581644571526343, 0.788674625365621, 1.233360670585506, 0.4142617550116763, 0.6400117288133729, 0.7548175739383057, 0.8276816226542513, 0.9743971586049051, 0.6218914497310569, 0.7987859638868572, 0.7148546809508125, 0.7474597859939924, 0.7346069359617112, 0.8429775112343807, 0.6179886333263767, 0.8123918686283613, 1.1810103699880357, 1.0043098052633972, 0.0, 0.0, 0.0, 0.0, 0.0, 0.0, 0.0, 0.0, 0.0, 0.0, 0.0, 0.0, 0.0, 0.0, 0.0, 0.0, 0.0, 0.0, 0.0, 0.0, 0.0, 0.0, 0.0, 0.0, 0.0, 0.0, 0.0, 8.430513976695723e-06, 0.0, 0.0, 0.0, 0.0, 0.0, 1.4761249450990824e-06, 0.02471419228325883, 1.090323020704792e-06, 1.573369231848141e-05, 2.3848141644238913e-05, 0.0, 1.4527901825067651e-07, 0.0, 0.0, 4.711915235372137e-06, 0.0, 0.0, 0.0, 0.0, 0.0, 0.0, 0.0], "grad": [-114595.14895469161, -35962.12238411409, -10076.948412091728, 25747.39042764542, -75630.02976602665, 6979.698099150699, 14300.504211776668, 24623.77253166343, 29509.165945711582, -35652.20861512652, -4451.371365931861, -3006.0774138080064, 15430.355465427445, 32371.97015025201, 75808.8479129899, 158333.97385284514, -20999.06839209103, -28897.2596959241, 30027.33878602565, 78287.69216240992, -17032.984579473068, 43846.297243098285, 5881.698111829659, 20996.0227263587, -99182.05846848381, 164716.86142339872, -56424.075218801074, 23095.67890673085, 6507.0713495465425, -3169.554319022749], "optimality": 164716.86142339872, "nfev": 137, "njev": null, "status": 3, "message": "`xtol` termination condition is satisfied.", "success": true, "res_time": 1573.2639919999056, "tension_error": [-0.699623477072923, -1.0190898523747192, 2.691262371520299, 1.8711935027975222, -1.930757798372174, -0.8919941146357819, -1.7726004730627603, 2.778544825767056, -0.04733539916798352, -2.111916552002685, -0.022836322471664203, -0.012454137030887111, -0.013755685567411441, 0.017272286335755588, 0.44186635017401155, 0.015613269271941411, 0.03801185000546101, 0.04366434703546219, -0.006200742779245953, 0.00797461553922745, 0.04325825836095764, 0.16093565477696886, 0.8613530043587933, -0.7418755521024698, 0.5573400676141131, -0.35437747525101065, -2.375764493100501, -0.340997069123252, -0.2934516653507741, 0.24647870559874643], "git_revision": "018ef57f2e70e762a509d3bbb7a77c8182022b6e", "linregress": [10.592268408352547, 0.048739187304168374, 0.7444494955996555, 2.3963280781734053e-06, 1.7953217532156038]}