{"x": [-0.010046815799949031, 0.1791775172303396, 0.4148644137950447, 0.2168343859192198, -0.07639728681285257, 0.1137601959872274, 0.279319963560066, 0.11937557649569557, 0.2239052858201254, 0.0422442024710286, -0.004083570488484197, -0.02452514783000082, -0.003550407541995197, -0.005614846740691543, -0.010376316111703634, 0.0055192067316244585, -0.02229612419890176, 0.008149917457702827, -0.01337719549183228, -0.0015909653979665126, -0.004969737875350354, 0.14676240082623382, 0.045608723410595506, 0.02678170341637158, -0.011233346478528666, 0.04669816428730528, 0.12131735486243539, -0.0334337880843052, 0.030727844148424846, 0.017180262228511475], "cost": 11.706361517574448, "fun": [1.1059300465571877, 0.8065227554188908, 0.8868823270888415, 1.1400218947450331, 1.4252974224583974, 1.1159560825205472, 0.6903578002736739, 1.1244468201155975, 1.0422567550966544, 1.2535226526239027, 0.6122478355806782, 0.7628599541930902, 1.335808493892651, 0.676311193959866, 1.004896810894849, 1.308767641209667, 0.7547294548352029, 1.7778691396135142, 1.198892782948045, 0.6985020492301409, 0.0, 0.0, 0.0, 0.0, 0.0, 0.0, 0.0, 0.0, 0.0, 0.0, 0.0, 0.0, 0.0, 0.0, 0.0, 0.0, 0.0, 0.0, 0.0, 0.0, 0.0010141105941655396, 0.0, 0.0, 0.0, 0.4458962353926532, 0.0, 0.0, 0.0, 0.0, 0.0, 6.809577542429727e-05, 0.014751456453159298, 4.47542849129147e-05, 0.00017701648778877766, 0.001117196539549496, 0.0, 0.011083785813518052, 0.0, 0.0023938405615136576, 4.0270053143048905e-06, 0.00012274404988016281, 0.0, 0.0, 0.0, 0.0014175143466651564, 0.0, 0.0, 0.03737289633634721, 0.0, 0.0], "grad": [93430.04217400707, 567945.429595538, -381421.0339328691, -549337.5372040942, -30456.064946922917, -549787.5632083543, 533009.2156644865, -39445.22626124712, -161222.1710911212, 326596.3620439742, -194523.1576667824, -118513.29778659134, 250138.59618537192, -15790.184148466196, 160665.44092181, -161692.72906238423, 106354.25974204374, 18863.077699686422, 225882.75881645788, 34637.84284863452, 167141.2038807437, 471053.2031221659, -183313.59378298922, -598423.3041412027, -516032.9295340639, 202170.10000217173, 480870.23086843337, -16737.951602646746, -645704.7157737056, -286225.0828488647], "optimality": 645704.7157737056, "nfev": 77, "njev": null, "status": 3, "message": "`xtol` termination condition is satisfied.", "success": true, "res_time": 2029.4925020000665, "tension_error": [1.5951257425026775, -0.7768932781716379, -3.5456756506208045, -0.5416301633844434, 3.1000861121392753, -0.28298284050828243, -2.2960187724439596, 0.9367855081204304, -0.6488932141745735, 1.300336678655741, 0.06194632010775015, 0.37203781897519317, 0.05385842676883573, 0.08517523929994529, 0.15740504570876007, -0.08372441418660755, 0.3382243188117476, -0.12363136551954107, 0.2029273246091541, 0.024134382423595845, 0.9113105159756475, -1.3904123662785137, 0.14405314593336815, 0.4296523808495064, 1.006327243287282, 0.1275267131272132, -1.0044200179463654, 1.3431000910005901, 0.3697908215431697, 0.575302848007157], "git_revision": "018ef57f2e70e762a509d3bbb7a77c8182022b6e", "linregress": [8.65706425561534, 0.22362963078831521, 0.6160833642915813, 0.00028935937350869223, 2.0917148941014285]}