{"x": [-0.024985379010405703, 0.1157022255263483, 0.05490760132351933, 0.2706287090118067, 0.08609319573451056, 0.16826585367627966, 0.2001266334317358, 0.08073819044791775, 0.3663651035877095, 0.17669092489023622, 0.005112724928524447, -0.005193208709407456, 0.007102348011850449, 0.026446419267551095, 0.037512703228082464, 0.0056182057406962685, -0.015211932498730256, 0.020537963864735692, 0.0026628013942249854, -0.007252066601502035, 0.004304040982854799, 0.040490837471599976, 0.07971313196834247, 0.017748449816782648, -0.007180934931101479, 0.04430033397924288, -0.02180168830437716, 0.08463763243254749, 0.015128673888254172, 0.061227720647637485], "cost": 9.620742784580738, "fun": [1.228928157353175, 1.0705577693041934, 0.8880829879206602, 0.8597306940087306, 0.6090538312735301, 0.9709151117321082, 0.9380597483297735, 0.8619582533412508, 0.9617081931028857, 0.5814925877708014, 0.7402829796546168, 1.2304374525174024, 0.608748292631005, 0.718334092256453, 1.1591596059039773, 1.1065293191621874, 1.3136715360940026, 1.1788664067939145, 1.2002855213897048, 0.885772281376699, 0.0, 0.0, 0.0, 0.0, 0.0, 0.0, 0.0, 0.0, 0.0, 0.0, 0.0, 0.0, 0.0, 0.0, 0.0, 0.0, 0.0, 0.0, 0.0, 0.0, 0.01559760167438537, 0.0, 0.0, 0.0, 0.0, 0.0, 0.0, 0.0, 0.0, 0.0, 0.0, 0.00014005780969130287, 0.0, 0.0, 0.0, 0.0, 0.003520085147953301, 0.0, 0.0, 0.00038140409512398677, 0.0, 0.0, 0.0, 0.0, 0.00037029084465519627, 0.0, 0.010362639235735722, 0.0, 0.0, 0.0], "grad": [-286051.5720722022, 7016.210592319525, -36733.11734836908, 96351.86541275078, -4576.795683174099, -246233.28015857097, 18678.155409888142, 23234.44917965107, 13110.645242681741, 252296.9453231895, 53630.56159711616, 18587.332586016546, -52838.11717153208, 174287.61471111525, -207593.80842682938, -5703.38819228437, -9397.804772792257, -222586.66708740327, -52350.98117937002, -58684.098708746955, -15027.087750116065, -11382.309196993983, -236993.3300457175, -55363.59428972873, -11104.142844126058, 49241.98286387831, 5145.071546951747, -106057.64800316, 31064.825025557075, 203214.00247102889], "optimality": 286051.5720722022, "nfev": 230, "njev": null, "status": 3, "message": "`xtol` termination condition is satisfied.", "success": true, "res_time": 3133.198053000029, "tension_error": [1.8217384632073734, 0.18600444819718628, 1.9147418916274794, -1.3576710197062551, 0.6351629585590162, -1.1098143910866585, -1.094683962046389, 1.5229009899008856, -2.8099582671249066, -0.739172551784789, -0.07755822899063325, 0.07877913948259627, -0.1077401075111706, -0.40118282720267323, -0.5690544411629351, -0.08522619414206725, 0.2307596361275542, -0.3115536483364529, -0.04039375541947687, 0.1100112855664515, 0.7706305704772399, 0.22168966562759587, -0.3732986704639265, 0.5666836432392821, 0.9448535932956421, 0.16390095087973322, 1.1666452511674756, -0.44800160089862145, 0.606424717560603, -0.09288151831116015], "git_revision": "018ef57f2e70e762a509d3bbb7a77c8182022b6e", "linregress": [8.151136919249053, 0.1479719124854555, 0.7657564153801122, 8.185912822739809e-07, 1.29374229936245]}