{"x": [0.02834025828743929, 0.24473751126601992, 0.178094878091394, 0.2992291834946721, 0.11786163277042432, 0.15434221094152412, -0.1107381535804854, -0.08504213805311009, 0.10054003168117996, 0.1941618201722922, 0.007924328893880872, 0.016810681277687763, -0.009417491420007675, -0.0003153815472873077, -0.007917257155035584, -0.0005383284656529563, -0.006454606842555896, -0.006597140168654445, -0.004716325693536488, 0.0071072779612120635, 0.05981449029151793, 0.04789560640675813, 0.0037906978151541317, 0.052885524237620704, -0.022939491268065583, 0.029408418788637623, 0.0031833984016820197, 0.032290623757462174, 0.170676225642171, -0.037583275220204354], "cost": 20.438849269991138, "fun": [0.7824561132742701, 1.02316663673928, 0.7127169266020174, 0.9974434588028783, 1.2416398971821525, 1.5967850249751439, 1.868792926815827, 2.4150659061055753, 1.2172415708605282, 1.1951571434576662, 0.900572153596769, 0.8004085723109097, 1.1189530017411802, 1.0536297953260645, 1.7611420225198529, 1.3343125622434961, 1.1324519905387886, 1.9200187123129975, 1.4911931967405476, 1.8098437458839558, 0.0, 0.0, 0.0, 0.0, 0.0, 0.0, 0.0, 0.0, 0.0, 0.0, 0.0, 0.0, 0.0, 0.0, 0.0, 0.0, 0.0, 0.0, 0.0, 0.0, 0.0, 0.0, 0.0, 0.0, 0.0, 0.0, 1.3579751845036507, 0.6150387951579398, 0.0, 0.0, 0.0, 0.0, 0.0008352292587507539, 3.13695897158185e-08, 0.0004962771203594335, 1.560062634067528e-07, 0.0002689115042650837, 0.0002871224391533528, 0.00010490866611052112, 0.0, 0.0, 0.0, 0.0, 0.0, 0.012071225051037238, 0.0, 0.0, 0.0, 0.0, 0.05308647307348974], "grad": [-38422.88583337233, 172229.4971468706, 114988.31610058856, -148319.024484971, -83459.58397645102, 169047.2387992525, -36183.26549957061, 28360.71278137939, 98500.31061835955, -14162.658606199126, 49628.154210385874, 7643.756739738467, -39525.10460424275, -35671.24692324476, -28345.784141435768, 8220.231794667696, 26534.475649764194, -61792.9674456823, 20755.5773181373, 49421.82295166676, 69338.78476418176, -42609.85529604532, 129804.21179421901, 164539.89291622693, 27024.021894285128, 231.3917060334038, 18968.58957055984, 130675.53701179012, 68364.04074474963, -36927.883847723184], "optimality": 172229.4971468706, "nfev": 79, "njev": null, "status": 3, "message": "`xtol` termination condition is satisfied.", "success": true, "res_time": 1808.336317999987, "tension_error": [1.0128074046355728, -1.7714152016327764, 0.04603446968277581, -1.791530102718378, 0.1532470040042293, -0.8985976550598291, 3.6210249159543215, 4.037729943105666, 1.2225140615454908, -1.0041998544267352, -0.12020926678840109, -0.2550120896880995, 0.14286001423532022, 0.004784226533968573, 0.12010199101112137, 0.00816625243778526, 0.09791410305422706, 0.10007628320256105, 0.07154499278710043, -0.10781489309945191, -0.07144331361430242, 0.1093619396645508, 0.7784178047814323, 0.03366665091327896, 1.183905319729278, 0.3898060376209022, 0.7876303221052503, 0.34608400756939506, -1.7531766313319088, 1.4060463433374306], "git_revision": "018ef57f2e70e762a509d3bbb7a77c8182022b6e", "linregress": [9.910345209695382, 0.12826976412413316, 0.6139433474074756, 0.0003079455372902673, 2.407970336341567]}