{"x": [0.2341030517832281, 0.039258075549383674, 0.16583267932170562, 0.1640828829462382, -0.07246559315577616, 0.11261697995687295, 0.2547498966140989, 0.30606437281364013, 0.21775722766825042, 0.13739145602057792, 0.007013284243954634, -0.013357237923394317, -0.009006743338683672, -0.0010334549360100811, -0.002623671953250724, -0.010761589786266512, 0.005439143668065118, -0.0035844853681482112, 0.002351373141926484, -0.00014443883705258292, 0.008831201610737938, 0.12110558642698849, 0.09381398928915466, 0.07004527769946951, 0.04052424758850206, 0.04148224009579829, -0.030697527268802358, 0.11612572571581015, -0.034223828705730326, -0.07167533433080679], "cost": 22.183381379350728, "fun": [1.3066649934106798, 1.3844895456820683, 1.4494440570828795, 1.4746118170689548, 1.6215387264898806, 1.3972071705315783, 0.8429776651634572, 1.238657590807999, 1.4346155774125429, 1.561271365014531, 1.4209306094743668, 1.515270385415623, 1.32177180378581, 1.3787588800894275, 0.8552127290090408, 1.3271086074721823, 2.126855863851167, 1.278490553245885, 2.0080586097050044, 2.0533167878317373, 0.0, 0.0, 0.0, 0.0, 0.0, 0.0, 0.0, 0.0, 0.0, 0.0, 0.0, 0.0, 0.0, 0.0, 0.0, 0.0, 0.0, 0.0, 0.0, 0.0, 0.0, 0.0, 0.0, 0.0, 0.38053582951764064, 0.0, 0.0, 0.0, 0.0, 0.0, 0.0, 0.0023831423559063872, 0.0007306398593674179, 1.1037599501203713e-06, 1.806045129546435e-05, 0.001246319242504497, 0.0, 4.605538698022775e-05, 0.0, 3.0133664535555887e-09, 0.0, 0.0, 0.0, 0.0, 0.0, 0.0, 0.02892745198984168, 0.0, 0.04008535929266181, 0.3682215333745129], "grad": [348407.49778985453, 137739.56570900732, 254922.77496790834, 53833.56067879837, -288026.8283398339, 26835.73869324744, -256821.04869472992, 116018.06008686325, 46320.2609049639, -19262.245312409785, -134425.65075862117, -184460.097333653, -25418.740639227814, -101629.94724985058, 138324.00845208683, -14702.856482995488, 73511.78158529228, 41806.1213716596, 236525.86363235873, -46734.01626295906, -39281.53262802421, 99203.90829755456, 59371.03567334449, 35559.073981807014, -11162.615946770311, -354073.7522471562, -115494.56159415784, 271637.4935673802, 442415.3904770321, -357373.4596066884], "optimality": 442415.3904770321, "nfev": 109, "njev": null, "status": 3, "message": "`xtol` termination condition is satisfied.", "success": true, "res_time": 2533.785891999956, "tension_error": [-2.108541402272466, 1.3456351679783167, 0.2320476883486633, 0.2585914805285113, 3.04044370985096, -0.2656406576395508, -1.9232995463657299, -1.8952175073423247, -0.5556293463434394, -0.14301350774975524, -0.10638904165063626, 0.20262457535417816, 0.13662911110750728, 0.01567714588582464, 0.039800175638482656, 0.16324951109532923, -0.08250988582765297, 0.05437537533955441, -0.035669498972359395, 0.002191086075600404, 0.7019551448356587, -1.0012075656750246, -0.5872036890872201, -0.22664074035507525, 0.22118284597007062, 0.2066504384396629, 1.3015919821401134, -0.9256648398725444, 1.3550847278204858, 1.9232108229890692], "git_revision": "018ef57f2e70e762a509d3bbb7a77c8182022b6e", "linregress": [5.763712099404069, 0.3219686127812255, 0.45149978600352975, 0.012263433903877581, 2.1525963706278413]}