{"x": [-0.004982435531575535, 0.18380338878229444, -0.09194841649188373, 0.6302549646469221, 0.4224767118749923, 0.09372854868037095, 0.17642734519058278, 0.1920184822464377, 0.1958859510283734, 0.244419201129227, 0.0002888173222683927, 5.6661919446557897e-05, -0.00023518023616616094, -0.0002022633433943332, -0.0005158542457580867, -0.0005390816377318943, -0.0001043686187193323, -0.00021645464382266221, -0.00021796611002078206, -0.0002926511735956913, 0.038876627309033004, 0.09026418595805734, 0.026959514381188068, 0.05442621866502486, 0.06270175606973132, 0.011503996978331606, 0.17175381645898946, -0.01829874947825454, 0.040813937539054136, 0.11103264029596492], "cost": 10.04428471922277, "fun": [1.1569340531887469, 1.0652302632089536, 1.1941269121820837, 1.3112374239107292, 1.0172062989399582, 0.8370282065935822, 0.7286219897766552, 0.6860074704501806, 0.6214256594829773, 0.19267254143523727, 0.5784134745531738, 0.810647437847809, 1.4509324968313868, 1.3795163770524987, 1.0974084215747513, 1.1832483542714822, 1.010846694995364, 1.0167659058906884, 0.8657671496816622, 0.5441185910234734, 0.0, 0.0, 0.0, 0.0, 0.0, 0.0, 0.0, 0.0, 0.0, 0.0, 0.0, 0.0, 0.0, 0.0, 0.0, 0.0, 0.0, 0.0, 0.0, 0.0, 0.0001236872871076068, 0.0, 0.7773789258215488, 0.0, 0.0, 0.0, 0.0, 0.0, 0.0, 0.0, 0.0, 0.0, 1.3007758534661992e-08, 8.274686435794377e-09, 1.3727170505877384e-07, 1.5666198220391812e-07, 1.1368673847779134e-09, 1.0141465622797275e-08, 1.0355400988983089e-08, 2.5064024720201605e-08, 0.0, 0.0, 0.0, 0.0, 0.0, 0.0, 0.0, 0.006127230724168907, 0.0, 0.0], "grad": [-38666.60943028437, -240463.95211325336, 448923.0598862995, 34757.0444368932, 217082.98477711563, 89448.82714664776, 30002.531711426127, -88470.81630152854, -257799.33917733244, -166852.12673203892, 356325.45437326067, -14444.339228867466, -239718.430862332, 146355.02290421142, -4929.707799153966, 85695.61997137635, -397683.9815873957, 379948.541731511, 346908.7909515278, 7191.3611113409215, -269271.82310001086, 429233.18528147653, 293687.9587510441, -120567.13349297948, 70161.16427167748, 12861.409520371806, 274307.89372635033, 38310.14860785382, 6761.72328842141, -57242.8195799089], "optimality": 448923.0598862995, "nfev": 108, "njev": null, "status": 3, "message": "`xtol` termination condition is satisfied.", "success": true, "res_time": 2398.8652230000007, "tension_error": [1.5183008849088786, -0.8470661136211118, 4.142495744535563, -6.813074131651499, -4.467656015319819, 0.02089016470992623, -0.7351741409590958, -0.165181681103469, -0.22384981474977922, -1.7665865494317374, -0.004381256635181094, -0.0008595412788524985, 0.0035676010083942654, 0.0030682633864904927, 0.007825326470251309, 0.008177677791854616, 0.0015832350347872546, 0.0032835403950685514, 0.003306468802746297, 0.0044394148039297665, 0.2461766629093973, -0.5333544279840189, 0.42695505139817164, 0.01029486133419624, -0.11524211435442358, 0.6614097843746647, -1.7695233029204251, 1.1135069080305593, 0.21678835187244128, -0.8484045352828326], "git_revision": "018ef57f2e70e762a509d3bbb7a77c8182022b6e", "linregress": [15.415070931200946, -0.12676454389912006, 0.6126745508096598, 0.00031945651641099136, 3.7579245267640586]}