{"x": [0.0007677855036547874, 0.05577871172739993, 0.39478040946839693, 0.22939710376140757, 0.24572039702125312, 0.10408163671577605, 0.14138484492577852, 0.6596755228949185, 0.22724073969576383, 0.09419971667024553, -0.044270728853380084, 0.009502991674057255, 0.043410504287244835, -0.04720471160652077, -0.020564147598354454, 0.11573973567507563, -0.06294805217483875, 0.01390446609873303, -0.00034811119043178467, 0.025194927079187406, 0.12785440727823366, 0.03574242189538322, 0.008457730619894698, 0.22193469687450149, 0.11223476286300754, -0.022845474261480876, 0.0015822193355303827, -0.014076054771463817, 0.0013252034868517133, 0.10122104664260653], "cost": 6.487398590222721, "fun": [0.8055221354110291, 0.9348729298402338, 0.9202874571521229, 0.35663891252185936, 0.6678768275916962, 0.9843450437251022, 0.5414988069697444, 0.7571764239719281, 0.5227142403758231, 0.7905204766706169, 0.6066617497133521, 0.8262451058672826, 1.0770188040006194, 0.617735863064573, 0.7061214045878411, 1.133742502917311, 1.2631230089499619, 0.5727633486674152, 0.6580546058340783, 0.6958928062342185, 0.0, 0.0, 0.0, 0.0, 0.0, 0.0, 0.0, 0.0, 0.0, 0.0, 0.0, 0.0, 0.0, 0.0, 0.0, 0.0, 0.0, 0.0, 0.0, 0.0, 0.0, 0.0, 0.0, 0.0, 0.0, 0.0, 0.0, 0.0, 0.0, 0.0, 0.08676608784605337, 0.0, 0.0, 0.1051855412599301, 0.008696252415821294, 0.0, 0.2494289671365856, 0.0, 4.218460172682509e-08, 0.0, 0.0, 0.0, 0.0, 0.0, 0.0, 0.011923411559239741, 0.0, 0.00278896358733351, 0.0, 0.0], "grad": [-14494.049409901041, 27093.802572642868, 56215.899598306394, -21069.999788854708, -13570.325613412493, 27632.070302282107, -12118.806772767046, -59074.07488174457, -138198.6071835417, 15178.81818356295, -35074.230230320805, 33643.560785661786, -99414.98632786589, -18831.06949864136, -6391.715642489931, 29872.527139621532, 62401.218880435685, 16440.25288270768, 107851.38415198648, 81027.67104647541, 98535.29784557047, -4182.901379978958, 24689.66791263368, 71562.65036459496, -7031.04372192161, -137542.55334519214, 26602.529481782807, -48881.530188813886, 4897.262992985659, 89849.23139175806], "optimality": 138198.6071835417, "nfev": 200, "njev": null, "status": 3, "message": "`xtol` termination condition is satisfied.", "success": true, "res_time": 2423.3743620000314, "tension_error": [1.4310720654374853, 1.095022959874386, -3.2410084079290353, -0.7322021500980551, -1.786325230930599, -0.13616251929626655, -0.20359180513286684, -7.259373595348425, -0.6994908698456601, 0.512189902930039, 0.6715712998437462, -0.14415702285108561, -0.6585219974039724, 0.7160787805715089, 0.31195084631526526, -1.755730857477121, 0.9548996891760179, -0.21092583324040973, 0.005280723645248461, -0.38219813331007363, -1.1035847911888361, 0.2937214505859929, 0.7076205676843583, -2.530749511767357, -0.8666403094801366, 1.1824791149896041, 0.811919642263031, 1.0494501227340092, 0.8158184817908198, -0.6995661295464549], "git_revision": "018ef57f2e70e762a509d3bbb7a77c8182022b6e", "linregress": [10.030389150580804, 0.4377623909119843, 0.4636729598433049, 0.009858729258812982, 3.6221286287631833]}