{"x": [0.00913254614258513, 0.19335284712392561, 0.20015343090116938, 0.18115217211737736, 0.2381222478714131, 0.060366462793506034, 0.2985461339270224, 0.42649408926060345, -0.14145278253029497, 0.32329508488900544, 0.0002098273977760939, -0.0031564745264129074, 2.5294288790749912e-05, -0.003023464728183754, -0.00012424998666479386, -0.002793084290632704, -0.0002840786924654783, -0.0003426757785979383, -0.001979669522933153, -0.0015899861150013824, 0.09076269384532779, -0.04732373478015021, 0.0966752174438624, -0.03915663392302348, 0.031931358497431436, 0.11258046341306405, 0.029866969548813405, 0.0789137044294371, 0.061556494112383286, 0.09073161563898534], "cost": 27.578041897976565, "fun": [1.6994386513740845, 1.7957412112944666, 1.5387788178482844, 1.3919543080914067, 1.1447045824487958, 0.816012094255377, 1.0813879109074682, 1.4507904805047114, 1.6908617291495909, 2.1286505505981475, 1.5334657048660325, 2.0803280064644145, 1.6885501492581674, 1.9106002505638047, 0.7619099196338098, 0.6099474639767981, 1.2468020165192677, 1.4744233139010536, 1.3411933346261116, 2.100280324016687, 0.0, 0.0, 0.0, 0.0, 0.0, 0.0, 0.0, 0.0, 0.0, 0.0, 0.0, 0.0, 0.0, 0.0, 0.0, 0.0, 0.0, 0.0, 0.0, 0.0, 0.0, 0.0, 0.0, 0.0, 0.0, 0.0, 0.0, 0.0, 2.8303131213645942, 0.0, 0.0, 3.144900187560705e-05, 0.0, 2.7638515921706082e-05, 1.918178648015829e-09, 2.178974393202616e-05, 2.2925350334987668e-08, 4.02392821627081e-08, 7.758505841822948e-06, 4.019573692924605e-06, 0.0, 0.10598320171013355, 0.0, 0.060036594933385395, 0.0, 0.0, 0.0, 0.0, 0.0, 0.0], "grad": [312890.90118679137, -460541.4166603865, -351223.3336254085, -59854.58936708256, -734431.6488938448, -507794.1949905712, 550213.4105267674, 149992.8695161412, 458719.9002776281, 86338.02426308565, 169624.45350684147, -63324.20118720544, -167105.6647296407, 555291.6853979314, 435143.1848911687, 348357.71333673544, -63555.94330841688, 753768.3716461116, 746855.2080386358, -17836.934912533892, 624664.7917294347, -678673.8678307738, 62001.43522541794, 385671.9870200892, 137740.6558546832, 318322.906424048, -788990.4874814099, 86609.08533711286, 504450.94281801675, -648164.6402796607], "optimality": 788990.4874814099, "nfev": 139, "njev": null, "status": 3, "message": "`xtol` termination condition is satisfied.", "success": true, "res_time": 3619.2706589999725, "tension_error": [1.3041816048405315, -0.9919280193858124, -0.28858597517583046, -0.0003435994435338184, -1.6710639955020088, 0.5269812087210514, -2.5876729773502425, -3.722093714462324, 4.893459469539113, -2.963105810687006, -0.0031830074163453335, 0.04788260224147952, -0.0003837054153340432, 0.045864890642817034, 0.0018848283552411597, 0.04237010088190898, 0.004309373296942841, 0.0051982703700261, 0.03003088652957109, 0.024119527047349716, -0.5409166163307556, 1.5538056700341456, -0.6306075082872713, 1.4299136384224544, 0.3515339345056922, -0.8718844645634434, 0.3828499847608853, -0.36117163742564895, -0.09786889549676554, -0.5404451709317125], "git_revision": "018ef57f2e70e762a509d3bbb7a77c8182022b6e", "linregress": [13.083790217244472, 0.0013566640572082456, 0.6733850599151755, 4.5395437999717714e-05, 2.7146075124523428]}