{"x": [0.11281431957297074, 0.02924043179773132, -0.030931845942330605, 0.16652442135543402, 0.12957991369903052, 0.07872292936451339, 0.1757501591732522, 0.22032425225624905, 0.16031888625283128, 0.18633499421772745, -0.0027365060997210414, 0.037514966163201484, -0.00592574338700064, -0.0037181074088108324, -0.006053312199392218, -0.004380916657976645, -0.0024694598813807906, -0.00356688462008747, 9.476702052068856e-05, 0.00940777654095184, 0.06781668907727463, 0.10253594326458575, 0.09556254970057988, 0.06190360318605269, 0.007615540406485872, 0.0028127046169066057, 0.14230154565959416, 0.050806103677679425, 0.11166431523522614, 0.02116495237254087], "cost": 10.868828729500763, "fun": [0.7275626391599316, 1.075123754068535, 1.5328209617979547, 1.3592215972718418, 1.07110939830854, 0.5985268942628519, 0.7971903364588006, 0.9067591290121692, 0.7999056120425171, 0.9206338122583061, 0.6402662883060094, 1.0927538173404534, 1.220837538930061, 1.266633304160454, 1.3788703261287325, 0.6992886468894561, 1.0593463750737324, 0.8011727935000611, 1.2955809067382382, 0.9338646100922399, 0.0, 0.0, 0.0, 0.0, 0.0, 0.0, 0.0, 0.0, 0.0, 0.0, 0.0, 0.0, 0.0, 0.0, 0.0, 0.0, 0.0, 0.0, 0.0, 0.0, 0.0, 0.0, 0.029594943517893844, 0.0, 0.0, 0.0, 0.0, 0.0, 0.0, 0.0, 2.0492231884473736e-05, 0.0, 0.00020807912914412954, 5.1400316665504124e-05, 0.00022180902848866437, 8.408043964167232e-05, 1.5059339532496019e-05, 4.5380281300312094e-05, 0.0, 0.0, 0.0, 0.0, 0.0, 0.0, 0.0, 0.0, 0.0, 0.0, 0.0, 0.0], "grad": [-22479.920140708608, 14036.444578051713, 3187.3336573197944, -4284.1509825440935, 57787.4739401508, -21517.674594406442, 52064.46455802535, -8649.742843210726, 17535.060789532305, 9078.428785806807, 60753.91971855317, -1516.8473708161137, 22830.939100375086, 31269.95702689366, 15716.542957248175, -13982.418399340222, -49874.26270517157, -26266.55309558282, -10180.333300741318, 55668.40365891266, -17869.553439633073, -15244.34866069158, 20341.160829110315, -44342.323680696965, -45158.03028192556, 22224.070600713017, 58540.80434680132, 31566.238210306525, 1774.3798383217818, 20505.027573211813], "optimality": 60753.91971855317, "nfev": 228, "njev": null, "status": 3, "message": "`xtol` termination condition is satisfied.", "success": true, "res_time": 2274.200649000006, "tension_error": [-0.2686342298242866, 1.4975992808337821, 3.2168959485240185, 0.22155420633967957, -0.0245151733753599, 0.24852010281837636, -0.7249014685709614, -0.5945702014850522, 0.3156899791859568, -0.8854696727447028, 0.041511829735319264, -0.5690887690883771, 0.08989143147221218, 0.056402374439405885, 0.09182660523998705, 0.0664569563389934, 0.03746083304712206, 0.05410837821618376, -0.0014375821858315448, -0.14271264295582403, -0.19283383912286003, -0.7195126462732812, -0.6137287321296613, -0.103134417385139, 0.7203962953713323, 0.7932536157200925, -1.3227427710342927, 0.06521072539614019, -0.857986820712181, 0.5148565077545938], "git_revision": "018ef57f2e70e762a509d3bbb7a77c8182022b6e", "linregress": [4.970674220782373, 0.1740910812289841, 0.4821271596673762, 0.006975909989640223, 1.7069821818273798]}