{"x": [0.11206316818308454, 0.033056780832335486, 0.20280374592891987, 0.09013826956985513, 0.07857401754912431, 0.04923381035540156, 0.07488950526219107, 0.47784999244991444, 0.1568435596287126, 0.0665894195375187, -0.04707217376523133, 0.019636845414041596, 0.000531223186396075, -0.0063037655102044735, 0.002383088707525006, 0.008151418621094773, 0.006730766312794315, 0.016227454602017865, -0.005251277266414037, -0.002447132937164353, 0.07649201976417858, 0.010482679558504243, -0.029852420343436197, 0.14007150024439052, 0.03344039364263537, 0.005026531821313743, 0.01495463346871363, 0.04600103471410024, 0.15047773846421905, 0.04600536393378112], "cost": 7.499400159676938, "fun": [0.6893981558814684, 0.7114780332658224, 1.142443516807069, 0.7045231958726894, 0.9593866260208357, 0.4172529984981585, 0.20499421314580943, 0.8615367559680561, 0.40491484034613495, 0.47951113579654286, 0.5815239752364909, 1.413644835344367, 1.851482179889972, 0.949113300039481, 0.9263377898297257, 0.7590311479745476, 0.6340994861802944, 0.968733643305211, 0.5463020345876781, 0.43928079204034226, 0.0, 0.0, 0.0, 0.0, 0.0, 0.0, 0.0, 0.0, 0.0, 0.0, 0.0, 0.0, 0.0, 0.0, 0.0, 0.0, 0.0, 0.0, 0.0, 0.0, 0.0, 0.0, 0.0, 0.0, 0.0, 0.0, 0.0, 0.0, 0.0, 0.0, 0.10430203039453162, 0.0, 0.0, 0.00025049562733780626, 0.0, 0.0, 0.0, 0.0, 0.00014480876466339392, 1.4654556759782069e-05, 0.0, 0.0, 0.0266034918909818, 0.0, 0.0, 0.0, 0.0, 0.0, 0.0, 0.0], "grad": [34588.69904557058, -4919.176260272958, -23804.020899166648, 25178.136015689037, 34144.29146557479, -28435.79072333067, -48448.1012087323, 42775.11963269884, 756.0969823289271, -86629.87743771504, -14480.701617599887, -11720.440496441774, 49374.69539622622, 6679.987659666414, 50024.04747562682, 12692.006189754882, -17988.21444724621, -5743.435806287734, -8241.442940345718, 28253.96320961802, 4057.7861114126727, 4613.051316757283, -14974.330504418254, 19525.922764356394, 2461.8290800591203, -13597.30502769239, -22981.33271651528, -25166.167004801136, -47864.46958966954, 15648.578360982252], "optimality": 86629.87743771504, "nfev": 229, "njev": null, "status": 3, "message": "`xtol` termination condition is satisfied.", "success": true, "res_time": 1913.0289169999887, "tension_error": [-0.2572395288932041, 1.4397066156753935, -0.32879031683183896, 1.3803051140692286, 0.7492262323858495, 0.6958596090141076, 0.8051189807076808, -4.501144603227213, 0.3684094549838521, 0.9310283457283827, 0.7140682283927088, -0.29788400013052296, -0.00805846786432364, 0.09562589338926075, -0.03615061288590755, -0.12365413763729287, -0.10210334455071116, -0.24616474728313537, 0.07966001895576046, 0.03712214119954415, -0.3244355375108367, 0.6769028084325723, 1.288772008964276, -1.2889137707673466, 0.3286424050409108, 0.759670639975169, 0.6090648491735992, 0.13810192220469097, -1.4467727242740571, 0.13803624947321125], "git_revision": "018ef57f2e70e762a509d3bbb7a77c8182022b6e", "linregress": [7.305558237376035, 0.1916305659888225, 0.5365234228122766, 0.0022396674354498883, 2.1715467973349574]}