{"x": [0.17794205592579204, 0.20437827341375012, 0.4019165464257912, 0.2738991413297193, 0.1259934028494149, -0.023412649440614174, -0.023411538690932095, 0.43546395982555725, 0.17834851741978108, 0.15382138557088587, -0.008368351440401439, 0.016765216514848826, 0.011211806422624948, 0.008589057726328484, -0.0006348227089297333, 0.0012512653626379588, 0.018620314514085894, -0.006817586255796055, -0.00372862905517006, -0.01963862269336772, 0.03757452213950142, 0.11748623858087848, 0.01951951225474457, 0.017174914872442007, 0.09796948211175203, 0.019658305625823234, 0.061491115986275116, 0.03639677640810966, -0.027769521702978684, 0.06255540235061113], "cost": 8.151306456653465, "fun": [0.6858433033919578, 0.9303855941967246, 0.7501857140311378, 0.6069743521019652, 0.9021186190701548, 0.8609187677706175, 1.2743577199988108, 1.0272579667613757, 0.647730343736109, 0.6170539252066342, 0.906846564900646, 1.1744853607712527, 0.5044423343785652, 0.8934472314350145, 0.8515027840205043, 0.5580029938341315, 1.055587311945258, 0.9890412325416394, 1.3169168995194547, 0.9393393091879192, 0.0, 0.0, 0.0, 0.0, 0.0, 0.0, 0.0, 0.0, 0.0, 0.0, 0.0, 0.0, 0.0, 0.0, 0.0, 0.0, 0.0, 0.0, 0.0, 0.0, 0.0, 0.0, 0.0, 0.0, 0.0, 0.012833694217718128, 0.01283186772488208, 0.0, 0.0, 0.0, 0.0005860298423133694, 0.0, 0.0, 0.0, 2.5583347029719794e-07, 0.0, 0.0, 0.00031687788008145814, 5.1837916573939955e-05, 0.007574135651958028, 0.0, 0.0, 0.0, 0.0, 0.0, 0.0, 0.0, 0.0, 0.021414364902955587, 0.0], "grad": [-13633.923887075318, 53975.98659601308, -41129.76567453564, -40283.936474307855, 17979.424583273612, -80474.19197963583, 65282.49740682903, 17396.1815665381, 13421.6298964725, -7246.629844364885, -29588.377864634407, -17954.28209689398, 72536.18151773853, -37514.581943842146, 3245.188955083025, -38155.30681512488, 16272.957040177294, 120800.57169427196, -23365.835331129838, -3632.6615955831116, -18550.074578739834, -16216.247568095587, -4314.475703366836, 28457.078205537662, -48643.71925761993, -27868.819673502338, 67896.06190657975, 24247.66095922291, 49678.228044965435, -38361.084533627814], "optimality": 120800.57169427196, "nfev": 198, "njev": null, "status": 3, "message": "`xtol` termination condition is satisfied.", "success": true, "res_time": 3852.3292359999614, "tension_error": [-1.2565989571094485, -1.1591798369312452, -3.3492610817942494, -1.4072823213422772, 0.029890927801719765, 1.797880711847878, 2.2963110521604597, -3.8581634786328376, 0.04218685077366424, -0.39224972839081307, 0.12694493178534139, -0.254322405314979, -0.17007913824449755, -0.13029296808749039, 0.009630035981974098, -0.01898125302655983, -0.2824635858862596, 0.10342037238115734, 0.05656198409357184, 0.2979109608293446, 0.26592913782643995, -0.9463033388743135, 0.5398172524123845, 0.5753839655075758, -0.6502410455672909, 0.5377118060590232, -0.096877132445445, 0.28379512404807405, 1.2571751732300476, -0.11302198019507818], "git_revision": "018ef57f2e70e762a509d3bbb7a77c8182022b6e", "linregress": [10.22904211084117, 0.06921909048017438, 0.6624486602906831, 6.662065026824262e-05, 2.1859879512165046]}