{"x": [0.0634611688987352, 0.09801911839815629, 0.23635198154739265, 0.20641158737907794, 0.15386692501947913, 0.23174842075766766, -0.004404283892594484, 0.20628524574129598, 0.37731232680541676, 0.13183963022527784, -0.0004941880007517116, 0.0029267846457754062, -0.004435839123633063, -0.006844246721851543, 0.016375914850975212, 0.0010913411677590061, -0.008860827917285277, -0.01092053696202772, 0.014228390807277913, 0.005790007548540328, 0.0315073857371112, 0.09778574393841723, 0.05730813949664094, 0.18272864638906977, -0.010804937319055448, 0.07404747267579631, 0.004290999367708791, 0.08943231800499334, 0.11810441910223268, 0.10867920667424161], "cost": 6.390092726819956, "fun": [0.7994385663147726, 0.6932141817242312, 0.5739569897555953, 0.5693223878664408, 0.6442552409923756, 0.8273375244883547, 1.585731520108877, 0.7151963057490716, 0.6983590552685736, 0.6056464932442844, 0.6673539202195553, 0.26774151244733446, 0.7379530206237536, 1.0427109272303485, 1.3073699691044982, 0.5322794998424933, 0.7849557361607968, 0.638103655367162, 0.7507776201336857, 0.5463145194928931, 0.0, 0.0, 0.0, 0.0, 0.0, 0.0, 0.0, 0.0, 0.0, 0.0, 0.0, 0.0, 0.0, 0.0, 0.0, 0.0, 0.0, 0.0, 0.0, 0.0, 0.0, 0.0, 0.0, 0.0, 0.0, 0.0, 8.543305080341652e-05, 0.0, 0.0, 0.0, 1.2069147324120573e-07, 0.0, 8.728253697864475e-05, 0.0003206099304371066, 0.0, 0.0, 0.0006957014477469316, 0.001302362789812014, 0.0, 0.0, 0.0, 0.0, 0.0, 0.0, 0.0012614404566229102, 0.0, 0.0, 0.0, 0.0, 0.0], "grad": [25318.731247055253, 1273.402439209035, -3422.9071675473688, -27980.646515920547, 5230.93505337425, 46316.37170972662, 348.6722121862558, 52338.00445619861, 125.93469549646943, 7374.16048454997, -23805.03565013574, 5105.122864148293, -1848.7949154873568, 6360.811128344964, 12470.263247413895, -12184.766575280833, 23377.14093295648, 25063.17439826553, 43502.231463451855, -14480.880229771854, -21755.184211844193, -47113.74554876172, -17868.182901459266, 21272.92875111053, 34204.101416996884, -9429.848880026064, -18603.582050892423, 15614.53937653123, -12871.922396080303, 165388.2105129348], "optimality": 165388.2105129348, "nfev": 139, "njev": null, "status": 3, "message": "`xtol` termination condition is satisfied.", "success": true, "res_time": 2098.0811279999325, "tension_error": [0.48003561158380337, 0.45425092949381013, -0.8377051864374215, -0.38351999567533096, -0.39294054572041315, -2.072822482357568, 2.007977719008067, -0.3816034377123792, -2.9760237717237534, -0.05879427390330253, 0.007496657196026034, -0.044398287984726455, 0.06729011071902768, 0.10382480222243286, -0.24841683675511161, -0.016555259549311654, 0.13441562576959226, 0.16566068353809546, -0.21583965650926665, -0.08783236680733911, 0.3579654513368154, -0.6474538024589599, -0.03342285845634679, -1.936007591582534, 0.9998284278499926, -0.2873526227228011, 0.7708284071666849, -0.5207352853358875, -0.9556809187564714, -0.8127037795606681], "git_revision": "018ef57f2e70e762a509d3bbb7a77c8182022b6e", "linregress": [5.501312837884262, 0.2526601035737843, 0.4748167313474523, 0.008018142778237836, 1.9270180448260634]}