{"x": [-0.006836590155711731, -0.003376948162694023, -0.027242910337912252, 0.16013911137647344, -0.030423451322356482, 0.2471034251897157, 0.06901238789645275, 0.0005763646310410404, 0.399794349517957, -0.00989327944120029, -0.005786216731524794, 0.0007394150904323089, 0.00045151595406900727, -3.4189947781758126e-05, -0.006428237219269877, -0.0034247233616358976, -0.007070392812268372, -0.003337076667721369, -0.005317096532533933, 0.03579402496972936, 0.21037694832606868, 0.22805321699108963, 0.030250988061293158, 0.0038114240828451915, 0.0330404486412539, -0.008001401230489105, 0.10202897156130881, 0.0015863540864148615, -0.001023611901665341, -0.005245690024266005], "cost": 10.03566509982099, "fun": [1.1352641830607, 0.8195301710875819, 0.9664611943087226, 1.3246791715989477, 1.1200908618045016, 1.3438305219456914, 0.8418200556481581, 1.1609902332440385, 0.7558548771149259, 1.0861478699845557, 1.051317547233715, 0.8188464715844708, 0.9445610304188047, 1.0096382463667442, 1.1251173370935244, 1.1493919839940283, 0.7724016783357477, 0.35710307201017977, 0.7718268056110349, 0.9790789124655159, 0.0, 0.0, 0.0, 0.0, 0.0, 0.0, 0.0, 0.0, 0.0, 0.0, 0.0, 0.0, 0.0, 0.0, 0.0, 0.0, 0.0, 0.0, 0.0, 0.0, 0.0003195351477143751, 3.850997018224982e-05, 0.020219038682057024, 0.0, 0.028159532491868543, 0.0, 0.0, 0.0, 0.0, 0.0009683242952201253, 0.00019372429555268125, 0.0, 0.0, 3.996642593678257e-11, 0.00026562912095716277, 4.0167655988582394e-05, 0.00035345215031865507, 3.716195502794864e-05, 0.00015032237722745686, 0.0, 0.0, 0.0, 0.0, 0.0, 0.0, 0.0005122690833793847, 0.0, 0.0, 1.0725214348490691e-06, 0.00014434703637171417], "grad": [-85.68471909943128, -4906.625962890907, 9257.742418875865, -20636.741527657636, -6603.121351079079, 20305.101332096223, 11660.270961974054, -1861.1829196977678, -56099.786907919486, -12129.402026746337, -1504.6318210014265, 30841.989401162762, -1794.8671018272253, 23496.42578831351, 1392.2653314199604, -10445.747770975542, 10876.292425381685, -5931.278544765983, -564.3476131058142, 13716.714433015242, 4055.9415417487544, -508.74696489318563, 7547.487001665381, -19290.77791692795, 18918.124103027487, 6340.992706022422, -11551.639608542704, 19922.694726840964, 5003.155281211652, 5223.627659884061], "optimality": 56099.786907919486, "nfev": 267, "njev": null, "status": 3, "message": "`xtol` termination condition is satisfied.", "success": true, "res_time": 3427.0619779999834, "tension_error": [1.5464277548135144, 1.9923933993147964, 3.160936100040296, 0.3184171004808136, 2.402679286934099, -2.3057524691144873, 0.8942727726345058, 2.7389275373738573, -3.317068105242209, 2.09124384023282, 0.0877748614538803, -0.011216665419046822, -0.006849337339318755, 0.0005186494161735951, 0.09751408519490444, 0.051951842202468325, 0.10725535843484127, 0.05062227285306529, 0.08065847394504454, -0.5429826998144244, -2.3554225538208406, -2.623565298049662, 0.37702455973921434, 0.7781033946306465, 0.33470942926663133, 0.9572997768898311, -0.7118220648310537, 0.8118569195544166, 0.8514491805485376, 0.9154966124809867], "git_revision": "018ef57f2e70e762a509d3bbb7a77c8182022b6e", "linregress": [12.929896782470571, 0.2317205346609239, 0.7599689494507057, 1.1077860471131025e-06, 2.089808107777193]}