{"x": [0.05979710568597476, 0.0870117848987513, 0.1380832951484292, 0.13186572818208464, 0.08789616619187765, 0.0627749491553336, 0.08565705036753792, 0.1379108444454119, 0.13261624168334915, 0.09741532666476314, 0.12085487928125671, 0.09266094732778025, 0.07583695742399187, 0.06943093837728675, 0.10066038299397607, 0.11100240352832075, 0.10562797197989662, 0.07068213303350467, 0.08464945419367713, 0.10692182425645211, 0.1305137663024216, 0.12316243054537941, 0.07671850653239705, 0.07185787165400065, 0.08411690448519546, 0.13721028450771924, 0.1357017325189002, 0.08323946843004185, 0.07564999683868215, 0.07918517665725652], "cost": 0.5934179158505439, "fun": [0.28928890186705414, 0.10663245247000372, 0.29230705992925826, 0.31436270637096936, 0.19864333877841892, 0.11753770048876735, 0.21894118447335112, 0.2887392158445637, 0.26397939437123075, 0.4093472197558747, 0.19494218564122268, 0.2897803634653543, 0.4189620883486161, 0.09514511465314818, 0.21236304429358982, 0.15986772356519427, 0.20525910362380212, 0.04704106059162271, 0.036331786019492766, 0.2506052136613444, 0.0, 0.0, 0.0, 0.0, 0.0, 0.0, 0.0, 0.0, 0.0, 0.0, 0.0, 0.0, 0.0, 0.0, 0.0, 0.0, 0.0, 0.0, 0.0, 0.0, 0.0, 0.0, 0.0, 0.0, 0.0, 0.0, 0.0, 0.0, 0.0, 0.0, 0.0, 0.0, 0.0, 0.0, 0.0, 0.0, 0.0, 0.0, 0.0, 0.0, 0.0, 0.0, 0.0, 0.0, 0.0, 0.0, 0.0, 0.0, 0.0, 0.0], "grad": [805.0166518206601, -806.0065335019018, 804.3593530865793, -805.1592777835443, -804.3335059540896, 0.32599169400541994, -804.845213039426, -805.6858093879057, -805.079762058488, 806.6054807302712, 803.2492313203354, 0.6364004254470967, -803.3250779359606, 805.7521568383828, -805.0972993194191, -806.1308159119042, -803.5571379699106, -806.1822697169487, -804.7426886027245, 806.5930850500033, -807.1249617408454, 807.4083671309824, -806.0891742461479, -1.1009217875571258, 804.3877488974781, -805.0702882442235, 804.8500256922275, 805.7486458656406, 805.117754343167, 805.6902381682639], "optimality": 807.4083671309824, "nfev": 634, "njev": null, "status": 2, "message": "`ftol` termination condition is satisfied.", "success": true, "res_time": 933.458815, "tension_error": [0.40202894314025245, 0.129882151012487, -0.380832951484292, -0.31865728182084635, 0.12103833808122355, 0.372250508446664, 0.1434294963246209, -0.379108444454119, -0.32616241683349145, 0.025846733352368617, -0.20854879281256705, 0.07339052672219751, 0.2416304257600814, 0.3056906162271325, -0.0066038299397606914, -0.11002403528320742, -0.05627971979896618, 0.2931786696649534, 0.15350545806322877, -0.06921824256452103, -0.30513766302421585, -0.23162430545379406, 0.23281493467602957, 0.28142128345999357, 0.15883095514804546, -0.3721028450771924, -0.35701732518900187, 0.1676053156995816, 0.24350003161317857, 0.20814823342743483], "git_revision": "ec36e56dd006ef5715c6882890a8a7f5f3c70256"}