{"x": [0.07130000060465709, 0.08458232290853333, 0.12375296405068648, 0.1335853605537539, 0.08191115477933439, 0.07271166999242352, 0.07328897661656157, 0.13000511829967323, 0.13614743396177997, 0.08353248375408895, 0.07852103394877613, 0.10960544606114235, 0.08061934110235418, 0.09587325167590531, 0.12166747476946103, 0.07636415613931552, 0.12004287589804884, 0.0785689991127986, 0.07523550031207092, 0.12803906219663144, 0.13921645258749632, 0.1290240998117038, 0.10899393519940175, 0.0602419971395595, 0.09431665645689177, 0.12215942867184475, 0.1244958941476348, 0.10465188136281244, 0.05513093328504887, 0.10561814690679425, 22.027434463738707], "cost": 1.1399405026104805, "fun": [0.18001188836151838, 0.11184922181215469, 0.21713247392021068, 0.37258138157635107, 0.33955524759190003, 0.33491897868586606, 0.080456876350831, 0.25414446250103306, 0.2724487932323108, 0.11118514353958894, 0.3284305083635097, 0.2831115337076073, 0.45582759839478315, 0.20275602809682142, 0.4012337829222699, 0.5233018660302701, 0.3005651228630968, 0.5888989853776269, 0.48407221016794455, 0.34738040153385735, 1.764200857840483e-07, 1.5343391274873404e-06, 9.667602099353232e-08, 2.6702235424170497e-06, 8.463052034460443e-08, 3.332829382736677e-10, 3.2167207274187963e-06, 3.772804169296175e-08, 2.7683329853578057e-06, 1.4963364400113437e-07, 9.662406763714198e-07, 8.401942806818843e-07, 2.3268178778589505e-07, 6.653419450001234e-07, 2.0523906789044896e-06, 1.90783055976196e-06, 1.7200824555981182e-06, 1.1112214254452899e-08, 2.7882161476966127e-06, 2.4520351215553963e-06, 0.0, 0.0, 0.0, 0.0, 0.0, 0.0, 0.0, 0.0, 0.0, 0.0, 0.0, 0.0, 0.0, 0.0, 0.0, 0.0, 0.0, 0.0, 0.0, 0.0, 0.0, 0.0, 0.0, 0.0, 0.0, 0.0, 0.0, 0.0, 0.0, 0.0], "grad": [0.11320098188161598, 0.5732285571345831, 1.1831166609524248, -1.6086512555309103, 1.077581839671804, -0.8250513829841477, -1.8572256220155499, 1.4312714819147048, -0.17009492420402905, 1.0280070122633747, -0.00038770506011065464, -0.6662249616582654, 1.2787753188331692, 1.5601286739910605, -0.019999404973632617, -0.92852218975109, -1.1728374948023053, -0.19154811786551063, 1.245701555472925, 1.0232648299367395, 688.9993215216277, 3.5258888577984524, -3.037806337821438, 0.2830958192418169, 1.4684230383956889, -2.495466678572831, 3.9679040786709083, -1.3971682582660012, -0.7590272455166147, 1.0741854205453683, -0.08762495084755019], "optimality": 688.9993215216277, "nfev": 462, "njev": null, "status": 2, "message": "`ftol` termination condition is satisfied.", "success": true, "res_time": 736.4462980000008, "tension_error": [0.2869999939534291, 0.15417677091466672, -0.2375296405068647, -0.33585360553753885, 0.18088845220665617, 0.2728833000757648, 0.2671102338343843, -0.3000511829967323, -0.3614743396177997, 0.16467516245911057, 0.21478966051223874, -0.09605446061142345, 0.19380658897645828, 0.04126748324094695, -0.2166747476946103, 0.23635843860684486, -0.20042875898048831, 0.214310008872014, 0.24764499687929084, -0.28039062196631437, -0.39216452587496314, -0.29024099811703785, -0.0899393519940174, 0.397580028604405, 0.056833435431082324, -0.22159428671844741, -0.24495894147634797, -0.046518813628124295, 0.4486906671495113, -0.05618146906794241, -0.00022691684354349048], "git_revision": "ec36e56dd006ef5715c6882890a8a7f5f3c70256"}