{"x": [0.06677051226280789, 0.0928604787010396, 0.15893112068549323, 0.14473556668827256, 0.09952120896472864, 0.06679856188813539, 0.0973219505738452, 0.12506245865068993, 0.15892532838689086, 0.10031901362720935, 0.1218532973508841, 0.07373463591099697, 0.06417499646140044, 0.08176176153285766, 0.08663965921179476, 0.10149704210998683, 0.1351893318784966, 0.07987061717245922, 0.08203676124282562, 0.0797953930164126, 0.1233060840450866, 0.12130744536130926, 0.06239848595424393, 0.06422384505154494, 0.07493491179339691, 0.145388495232829, 0.10633285590000265, 0.09304049342397752, 0.0531301720774707, 0.06944709567897052, 22.726015432456666], "cost": 1.2883916633751467, "fun": [0.30835345670484504, 0.19930638397706213, 0.30806215740619247, 0.3087491972328917, 0.46385113518270393, 0.6339609538497442, 0.6278132381287177, 0.29586827145063815, 0.07189543312637978, 0.3228986270292248, 0.1378075286996316, 0.38688539090784974, 0.4776096872527802, 0.1420053088998008, 0.38653428958136143, 0.18412811637818757, 0.4040197742948886, 0.3048369008957017, 0.28227608143957267, 0.3278243073279572, 6.80686348748057e-07, 4.365329732237847e-06, 2.0151375328800766e-07, 2.0443381443525956e-06, 1.070771631699277e-06, 9.316772568589175e-07, 7.695357883614881e-07, 1.1466939467709125e-06, 3.434700129710862e-06, 1.125501943797247e-06, 2.315405578766481e-06, 9.138670640628208e-08, 3.0929430567862764e-07, 2.379388576617988e-08, 2.2074182658349046e-07, 1.1351703898452281e-06, 3.060160196727957e-06, 4.692180133583524e-09, 5.023731526373851e-09, 1.7688673170075566e-06, 0.0, 0.0, 0.0, 0.0, 0.0, 0.0, 0.0, 0.0, 0.0, 0.0, 0.0, 0.0, 0.0, 0.0, 0.0, 0.0, 0.0, 0.0, 0.0, 0.0, 0.0, 0.0, 0.0, 0.0, 0.0, 0.0, 0.0, 0.0, 0.0, 0.0], "grad": [-1224.5638651600125, 551.1837012777253, 76.86978219147981, 6.139736452565741, -6.4338084665292135, -1072.3558810585794, 7.295738103423207, 750.5265821518683, -0.10830429222747284, -537.0712742637422, 961.3048883859778, -822.9846076277447, -293.5002790484091, -638.2720307225327, -909.8435967002081, -7.857010670176512, -169.69966122393112, 90.05422850053772, 718.307436602953, 1.2324055197186112, 1361.8060944709237, 9.111018719110156, -306.60445547504446, -165.25412582453828, -5.619118866719446, 5.460528420872496, -7.162732727211247, -1393.0204945335763, 1245.4964549647427, 1180.3052656490281, 0.2976883169682785], "optimality": 1393.0204945335763, "nfev": 537, "njev": null, "status": 2, "message": "`ftol` termination condition is satisfied.", "success": true, "res_time": 2404.740895, "tension_error": [0.33229487737192115, 0.07139521298960408, -0.5893112068549322, -0.44735566688272554, 0.004787910352713615, 0.3320143811186461, 0.026780494261548077, -0.2506245865068993, -0.5892532838689085, -0.003190136272093469, -0.21853297350884093, 0.2626536408900304, 0.3582500353859956, 0.18238238467142343, 0.1336034078820525, -0.014970421099868292, -0.351893318784966, 0.20129382827540787, 0.17963238757174385, 0.20204606983587406, -0.23306084045086592, -0.21307445361309255, 0.37601514045756074, 0.3577615494845507, 0.2506508820660309, -0.45388495232829007, -0.0633285590000264, 0.06959506576022484, 0.46869827922529306, 0.30552904321029484, -0.00043503329251883514], "git_revision": "ec36e56dd006ef5715c6882890a8a7f5f3c70256"}