{"x": [0.040807126217052514, 0.10013575502254743, 0.12473170111994657, 0.16343675552599213, 0.092926347205332, 0.039052115083952954, 0.07514315406097455, 0.1331797792239611, 0.14158435116675006, 0.07957435460438142, 0.11886373907284346, 0.11043149588834132, 0.07574447220004164, 0.08767709165261209, 0.1102836392720008, 0.14003319937847228, 0.10837386124901424, 0.08177490949383971, 0.08188718035286247, 0.12406687496595392, 0.12525183319884758, 0.13682927938709127, 0.09520048911114272, 0.067598178642046, 0.10888756167802947, 0.1613705379030065, 0.148624536188645, 0.08727297198604915, 0.07547064347552389, 0.10648028381964378, 23.35276927029721], "cost": 0.37695602013927587, "fun": [0.14316186524311741, 0.012327275730828237, 0.19368382780265658, 0.22990901202196248, 0.19395585309922292, 0.1892823713264839, 0.22584243026182954, 0.04040625809741121, 0.2148399570960542, 0.0183905845948468, 0.2702356865301129, 0.26709053694369866, 0.22141750815614886, 0.04894414859319041, 0.22127056545997364, 0.1602539299520084, 0.36929399254243833, 0.2311670642014456, 0.0064805344019466795, 0.10014205012581354, 3.519886195940201e-06, 6.049605644261639e-07, 1.498081236574947e-06, 4.971717681546218e-06, 2.9024328866682294e-06, 1.302563094440892e-06, 3.3682498603090038e-06, 7.063682954151535e-08, 3.84523967366497e-06, 1.5028979968353204e-06, 7.110272512258283e-08, 1.203189612352663e-06, 1.4238740699986258e-07, 5.110559952676894e-07, 8.850363265285593e-07, 1.0023136907953555e-06, 7.075042344741022e-07, 1.2604745785706959e-11, 1.7791266376536566e-06, 2.7072623122174367e-08, 0.0, 0.0, 0.0, 0.0, 0.0, 0.0, 0.0, 0.0, 0.0, 0.0, 0.0, 0.0, 0.0, 0.0, 0.0, 0.0, 0.0, 0.0, 0.0, 0.0, 0.0, 0.0, 0.0, 0.0, 0.0, 0.0, 0.0, 0.0, 0.0, 0.0], "grad": [-0.9820719485000315, 0.8882097457944294, -0.17332293706142876, -0.22744618676856332, -0.06000185438959238, -0.3108983951688309, 0.39877220586560047, 0.18497803726756645, -0.09323861602028727, 0.2224400812798077, 0.5193076720601912, -0.26241049922805004, 0.3840415094294667, -0.3968197640300891, -0.23705290382612731, 0.67373895045055, 23.29823232998985, 0.794484830175326, -0.38374804395726936, -0.6547950022411441, 23.943521967511085, -23.483035373792156, -0.5616149056386845, 0.8724793420705454, -0.42365968345146054, 0.3959070660928491, 0.10929894591597544, -23.345404886117002, 24.362012862172953, -0.6223274990305363, -1.140056754809482], "optimality": 24.362012862172953, "nfev": 2256, "njev": null, "status": 2, "message": "`ftol` termination condition is satisfied.", "success": true, "res_time": 2513.9872219999997, "tension_error": [0.5919287378294749, -0.0013575502254742355, -0.24731701119946561, -0.6343675552599212, 0.07073652794668012, 0.6094788491604705, 0.24856845939025457, -0.3317977922396109, -0.4158435116675005, 0.20425645395618586, -0.18863739072843458, -0.10431495888341316, 0.24255527799958362, 0.12322908347387918, -0.10283639272000794, -0.40033199378472273, -0.08373861249014236, 0.18225090506160294, 0.1811281964713754, -0.24066874965953916, -0.2525183319884758, -0.3682927938709127, 0.04799510888857286, 0.3240182135795401, -0.08887561678029468, -0.6137053790300651, -0.48624536188644985, 0.12727028013950856, 0.24529356524476117, -0.06480283819643773, -0.0014258082574172338], "git_revision": "ec36e56dd006ef5715c6882890a8a7f5f3c70256"}