{"x": [0.06804885564807622, 0.10143401119147187, 0.12941910606443968, 0.15073508498741794, 0.0849780401301182, 0.03691991634913733, 0.08059876219825304, 0.1513595032499979, 0.11695495390818109, 0.09929889996881956, 0.12431104117696416, 0.10051833513176175, 0.09429772805886201, 0.07302053920293675, 0.09003685547095425, 0.15181288501301543, 0.08498275822193134, 0.07303731025991395, 0.0847061085672514, 0.11860478484608228, 0.1606309758105663, 0.15563414730380884, 0.0977528119000301, 0.04945623695430065, 0.08619450242742656, 0.13561408331305547, 0.1615809838261008, 0.06121248116766621, 0.06127298856778495, 0.06566009908307509, 23.07647487707302], "cost": 1.6377238694974832, "fun": [0.17659857641940807, 0.2947394305816088, 0.26058284339106025, 0.23046034174285124, 0.33050175506792434, 0.610168261100905, 0.651170582917783, 0.4642963091720237, 0.2838220275974244, 0.4736020811999561, 0.35633545785792875, 0.2644956802193723, 0.45704251477135, 0.3690292572511833, 0.15639985636384368, 0.41375641184427564, 0.2935971121715375, 0.5309893676386725, 0.46502075339397275, 0.536970433330878, 1.114568610656721e-06, 7.831655350490093e-07, 4.5437095744485354e-07, 4.323988948364931e-06, 2.309583261348079e-06, 1.907841574710813e-06, 5.007082474192089e-06, 1.183673015413507e-06, 3.117362407096436e-07, 9.76565270048423e-07, 5.660928609534113e-07, 3.869595235541033e-08, 4.5271876561071024e-07, 2.89555019333197e-07, 3.816277825981616e-06, 4.4662658469123755e-06, 1.426937270132655e-07, 1.3616085393732146e-07, 1.1491202534569713e-06, 3.2561361313729584e-08, 0.0, 0.0, 0.0, 0.0, 0.0, 0.0, 0.0, 0.0, 0.0, 0.0, 0.0, 0.0, 0.0, 0.0, 0.0, 0.0, 0.0, 0.0, 0.0, 0.0, 0.0, 0.0, 0.0, 0.0, 0.0, 0.0, 0.0, 0.0, 0.0, 0.0], "grad": [-1672.6383232494595, 1055.3822881046879, 452.362484310058, 2284.922631523449, -1621.7739975328632, 1087.810110553892, 692.2955101840898, -547.6686295272227, 273.78911882087857, 792.4098719867939, 359.80382036270674, -1268.3120356279528, 313.56430863952875, 1680.5855892970353, 796.5402691941338, -1516.345970736345, -2936.8148442688416, -2074.1210661961873, -1401.0806417105812, 1298.9318693479809, -273.03102358550393, -781.0244049625205, -958.1231557457533, 1369.3585394290085, 1144.6199127384766, -3037.506539468229, 3006.3516273781775, 2140.299614573184, 1769.5993119651512, -1021.3900633836636, -86.99192376172837], "optimality": 3037.506539468229, "nfev": 474, "njev": null, "status": 3, "message": "`xtol` termination condition is satisfied.", "success": true, "res_time": 2985.382628999998, "tension_error": [0.3195114435192378, -0.01434011191471865, -0.29419106064439676, -0.5073508498741793, 0.15021959869881807, 0.6308008365086267, 0.19401237801746962, -0.5135950324999788, -0.1695495390818108, 0.007011000311804433, -0.24311041176964157, -0.005183351317617491, 0.05702271941137996, 0.2697946079706326, 0.09963144529045759, -0.5181288501301542, 0.15017241778068666, 0.2696268974008606, 0.15293891432748605, -0.18604784846082273, -0.6063097581056628, -0.5563414730380883, 0.022471880999699045, 0.5054376304569935, 0.13805497572573447, -0.3561408331305546, -0.615809838261008, 0.3878751883233379, 0.3872701143221505, 0.34339900916924915, -0.0007175781628186069], "git_revision": "ec36e56dd006ef5715c6882890a8a7f5f3c70256"}