{"x": [0.0705829753385583, 0.09026248696512476, 0.10490838002948712, 0.13850441631722515, 0.09937989026612357, 0.07884514362538626, 0.08009257461624843, 0.13089320253180803, 0.0926125195470166, 0.07984653096827933, 0.13275394304351523, 0.1288847410504649, 0.09044426625568384, 0.06860239988765794, 0.09931196282954656, 0.12510770398290288, 0.06583194706590256, 0.11172902339797403, 0.07050234701371479, 0.12083586281049791, 0.1509900403070524, 0.14378886604047886, 0.09512471687806012, -0.013229256378209037, 0.0001662248219557439, 0.20612651133302407, 0.3144077208837974, 0.05502056241831362, 0.0821933754909239, 0.09020398598369478, 23.19395142511868], "cost": 2.0396070683086047, "fun": [0.35866755650016474, 0.3427422601079172, 0.34497170657919074, 0.7163577488359534, 0.6245264229554736, 0.6607759676367145, 0.6451735269722298, 0.27690417903370973, 0.20871639168817996, 0.2798263589668815, 0.3915566789827386, 0.22435154821439615, 0.48824301119823266, 0.3425365927468994, 0.43621451145117174, 0.5715609799519638, 0.5316867611314042, 0.407936834072795, 0.385127564968996, 0.2927847808995802, 3.872831778601646e-07, 2.1450218365273735e-07, 1.128693654247011e-06, 1.530728538723327e-06, 4.21675819599272e-07, 1.55608407696336e-09, 2.5807037966151335e-06, 1.4654106897821e-06, 1.6297046439245048e-07, 8.581346290493622e-08, 1.4970724063024608e-08, 1.4776701024481982e-06, 4.77067126438701e-07, 9.430772560818188e-07, 6.654202616509612e-07, 3.5136153580833118e-06, 2.1065416158319942e-06, 1.6996388456924384e-06, 2.533462812465016e-06, 1.420406364406383e-07, 0.0, 0.0, 0.0, 0.0, 0.0, 0.0, 0.0, 0.0, 0.0, 0.0, 0.0, 0.0, 0.0, 0.0, 0.0, 0.0, 0.0, 0.0, 0.0, 0.0, 0.0, 0.0, 0.0, 2.3152948141113756e-06, 0.0, 0.0, 0.0, 0.0, 0.0, 0.0], "grad": [-107.95900067918654, -1365.1917275182545, 15237.334441089843, -15126.96693639039, -20552.23990476262, 18619.33239635078, 345.3994668281216, 366.4933993085578, -898.2176962715647, -81.26672263243151, -590.771810633284, -8034.751585986651, -3707.250333815538, 15769.813942886973, -825.1289815167077, 2307.613820068915, 2030.3121020937, 22.368729584297743, 74.40662853787782, -99.32034317318391, -5612.997809374538, 607.5767786347552, -539.8506595366803, 588.6027736139629, 1434.562922388876, -953.440376543467, -28171.06012964008, 10757.95159426209, 439.19658758244975, -83.29981468605135, -23.210065124418612], "optimality": 28171.06012964008, "nfev": 293, "njev": null, "status": 2, "message": "`ftol` termination condition is satisfied.", "success": true, "res_time": 1397.6726540000018, "tension_error": [0.29417024661441704, 0.09737513034875245, -0.04908380029487111, -0.3850441631722515, 0.006201097338764394, 0.21154856374613742, 0.19907425383751579, -0.30893202531808023, 0.07387480452983403, 0.20153469031720675, -0.32753943043515227, -0.288847410504649, 0.09555733744316161, 0.3139760011234206, 0.006880371704534455, -0.2510770398290288, 0.3416805293409744, -0.1172902339797402, 0.29497652986285217, -0.20835862810497902, -0.509900403070524, -0.4378886604047885, 0.04875283121939883, 1.1322925637820904, 0.9983377517804426, -1.0612651133302404, -2.1440772088379743, 0.4497943758168638, 0.17806624509076108, 0.09796014016305227, -0.0011449267283413524], "git_revision": "ec36e56dd006ef5715c6882890a8a7f5f3c70256"}