{"x": [0.05408638014605015, 0.1005080498053028, 0.14402140544234085, 0.14417190806474853, 0.09210070022212123, 0.07243539691894937, 0.09330812803927924, 0.1469743741198893, 0.13843853372926007, 0.0654321234073796, 0.08173265752078442, 0.09229574564516634, 0.096115986312228, 0.087464195760935, 0.10453796325217626, 0.09447593476194291, 0.11001883531168478, 0.09766466646213168, 0.09555442679096585, 0.08731099471334339, 0.10639259519765451, 0.04169531324444426, 0.0944110831232269, 0.05068023700920596, 0.07210330946590796, 0.11729203282324721, 0.1276158862978349, 0.10744988288077234, 0.07583695247491849, 0.04498573567953919, 24.08267660042152], "cost": 1.0632051593094642, "fun": [0.4763268390290489, 0.440931355653431, 0.3124536162023237, 0.2444968369712854, 0.18068387488443657, 0.3008011976706371, 0.3414466415271187, 0.2712993875642653, 0.2786885252220081, 0.4272567759603177, 0.23677996359294845, 0.36913303346371346, 0.3205650115942245, 0.079059386907215, 0.374762101283782, 0.24864437075934487, 0.19984571588747768, 0.4735095871420908, 0.3170817149486162, 0.32537121675597935, 2.1549714139527783e-06, 1.893412118795351e-06, 2.2651039351588026e-11, 2.7114106861900907e-06, 3.86724154005742e-07, 4.356709044215867e-07, 2.880065968384596e-06, 7.286057117429753e-08, 5.329935948086776e-06, 1.287258901520026e-07, 1.1157883072345835e-07, 1.4594238754271705e-08, 7.485347974344265e-08, 2.9151353634496683e-07, 1.0124441733826772e-07, 2.415817574991663e-07, 1.5262548796326837e-07, 4.4531114697620754e-09, 6.795417241837493e-08, 3.111784583388671e-08, 0.0, 0.0, 0.0, 0.0, 0.0, 0.0, 0.0, 0.0, 0.0, 0.0, 0.0, 0.0, 0.0, 0.0, 0.0, 0.0, 0.0, 0.0, 0.0, 0.0, 0.0, 0.0, 0.0, 0.0, 0.0, 0.0, 0.0, 0.0, 0.0, 0.0], "grad": [64.67117901515145, -84.52796514617603, -2.2670049957461034, 6.547587870138241, 9.476226141954573, -14.159556267700864, -95.12541931976737, -3.352382528308847, 494.9460870635655, -409.00206688468825, -664.746911124756, 32.006001820450436, -3.590633221215403, 1.3391270248025844, -0.2654740383769626, 4.827298602723856, 1.1248235299534883, -7.41885042558327, 0.3632746898538821, -0.10675901640995633, 436.42739771817367, -210.9210971394191, 420.1885311097274, -1273.5811230711406, 314.119966488845, -275.37949734320387, -738.3399231822123, 0.5894262522955938, -5.646833549162789, 585.8966161328772, 20.53795023613447], "optimality": 1273.5811230711406, "nfev": 372, "njev": null, "status": 2, "message": "`ftol` termination condition is satisfied.", "success": true, "res_time": 1320.411489, "tension_error": [0.45913619853949855, -0.005080498053027932, -0.44021405442340844, -0.4417190806474852, 0.07899299777878774, 0.2756460308105063, 0.06691871960720769, -0.46974374119889306, -0.38438533729260066, 0.34567876592620406, 0.1826734247921559, 0.0770425435483367, 0.038840136877720116, 0.12535804239065002, -0.04537963252176258, 0.055240652380570965, -0.10018835311684779, 0.023353335378683282, 0.04445573209034159, 0.12689005286656618, -0.06392595197654505, 0.5830468675555575, 0.05588916876773112, 0.49319762990794047, 0.2789669053409205, -0.17292032823247205, -0.276158862978349, -0.07449882880772335, 0.24163047525081513, 0.5501426432046082, 0.001163102064022706], "git_revision": "ec36e56dd006ef5715c6882890a8a7f5f3c70256"}