{"x": [0.0640093394028427, 0.0506727903589531, 0.14448878685713976, 0.12840637939232477, 0.09841393711834513, 0.05218408856368711, 0.06259155109555219, 0.13568490749686477, 0.1325652501025648, 0.09499386670510747, 0.08711018496323646, 0.09947914687824098, 0.09624100429065476, 0.10382433621539536, 0.1058647779187663, 0.10874093660064399, 0.09135171889590818, 0.09013178206686319, 0.10788033444151668, 0.1059932717617172, 0.1376415439685065, 0.1651369512446065, 0.07758045847245211, 0.09063214956413206, 0.10167222963811069, 0.1606929655242077, 0.12468213952061095, 0.06975489668400223, 0.0763062655827615, 0.10820020898549615, 22.882384971869143], "cost": 1.353395763680667, "fun": [0.5752382843634191, 0.6631058054921005, 0.5060201157200978, 0.2452879344122973, 0.35042457064113314, 0.1627538496986064, 0.27061431176708, 0.17113807380347681, 0.3690293621690134, 0.46310074335169704, 0.3386808259937577, 0.44116572771537754, 0.30099624305130657, 0.3300919957524058, 0.16063513543955657, 0.3502415559903871, 0.4421996402973825, 0.28000908362008325, 0.17340545949553074, 0.23691744187828442, 1.778635404000727e-07, 8.801441198947772e-06, 2.586438298643368e-07, 8.995465935580009e-07, 2.137198897386617e-06, 1.0831527635217549e-07, 5.342638750009303e-06, 9.732262257810364e-09, 1.4116088503987334e-06, 9.600409321447907e-07, 1.5299121885483247e-07, 1.048556741753964e-08, 5.750692308079001e-08, 4.163402344855339e-09, 8.27228876334037e-09, 3.0238489238269737e-07, 1.4882458668603457e-09, 3.1501111139581804e-07, 3.561005557491978e-09, 3.565709670389579e-07, 0.0, 0.0, 0.0, 0.0, 0.0, 0.0, 0.0, 0.0, 0.0, 0.0, 0.0, 0.0, 0.0, 0.0, 0.0, 0.0, 0.0, 0.0, 0.0, 0.0, 0.0, 0.0, 0.0, 0.0, 0.0, 0.0, 0.0, 0.0, 0.0, 0.0], "grad": [3749.9853212448947, -1097.2807034727673, -2830.69664779939, -901.5150371761308, -2264.546639513864, 2185.1948493950085, -5180.313775035665, 3856.996869727015, 5107.150628296832, -1164.985924512419, -621.6651540845975, 2293.056039131485, 2683.625887811692, -2666.639750615427, 3658.878488684339, 351.346272649492, 3286.3757181216965, 5939.124875725632, 955.6793898071824, -3095.4139717557537, 2117.2195071230594, -4073.563820601661, 2409.586743369347, 587.5841009641963, -5711.18133549293, -3794.483586934256, -957.4456820775874, 1457.7309356805072, 3757.439778231228, -581.1329022426428, 139.7130810038994], "optimality": 5939.124875725632, "nfev": 429, "njev": null, "status": 2, "message": "`ftol` termination condition is satisfied.", "success": true, "res_time": 1679.041839, "tension_error": [0.35990660597157303, 0.49327209641046904, -0.4448878685713975, -0.28406379392324765, 0.015860628816548733, 0.47815911436312897, 0.37408448904447816, -0.3568490749686476, -0.3256525010256481, 0.05006133294892537, 0.1288981503676355, 0.005208531217590212, 0.0375899570934525, -0.03824336215395352, -0.05864777918766301, -0.08740936600643984, 0.08648281104091826, 0.09868217933136816, -0.07880334441516673, -0.05993271761717198, -0.37641543968506497, -0.651369512446065, 0.22419541527547895, 0.0936785043586795, -0.016722296381106866, -0.6069296552420769, -0.2468213952061095, 0.3024510331599778, 0.23693734417238502, -0.08200208985496144, -0.0016188130526149328], "git_revision": "ec36e56dd006ef5715c6882890a8a7f5f3c70256"}