{"x": [0.05368219307182149, 0.0985532780155852, 0.14122668962575247, 0.1443593291581868, 0.0646089915449111, -0.0016093142637081382, 0.0763993731744598, 0.1382614858612333, 0.1742309812550159, 0.11152260671899342, 0.13222018374955619, 0.1174363499816546, 0.11159682450296698, 0.0829626915727423, 0.16052498328158704, 0.09822025416360533, 0.11949857274243622, 0.04699686487364713, 0.07390375542102409, 0.08652689014477312, 0.11852481594800784, 0.10935907566476287, 0.07825346414408131, 0.017279340378603472, 0.06980722925327652, 0.11522253143818087, 0.1375740111551983, 0.07361311056521179, 0.014200818741007431, 0.052885727977565376, 22.776696932539085], "cost": 3.2354935083322145, "fun": [0.38981906471142447, 0.5756153689212122, 0.40794271573413454, 0.4161086766124681, 0.6773777172138936, 0.8145198056672331, 0.7868371523503725, 0.7612206450077604, 0.37620528449619406, 0.6140882613459341, 0.5345033816554151, 0.34857064001240834, 0.5465845622262596, 0.44832137805901967, 0.17074295697678313, 0.9272198232406739, 0.6221084649679088, 0.529437575464244, 0.5600211124970346, 0.17850857239820708, 2.0134142640304578e-06, 1.821020058450759e-06, 9.813430440170436e-09, 6.360116349431457e-06, 4.384864024163817e-06, 6.08535531582578e-06, 3.826920986071062e-06, 1.2938045988833484e-06, 3.932340236950074e-06, 3.3455134508759526e-06, 2.1856174087694722e-07, 3.4100057816241827e-08, 8.199135686657775e-07, 6.015909095127926e-06, 3.881879270465078e-06, 4.5276684154221986e-07, 5.256497643891234e-06, 7.239807589285236e-07, 1.5934353025391844e-07, 2.087877080452909e-06, 0.0, 0.0, 0.0, 0.0, 0.0, 4.1679507797826236e-09, 0.0, 0.0, 0.0, 0.0, 0.0, 0.0, 0.0, 0.0, 0.0, 0.0, 0.0, 0.0, 0.0, 0.0, 0.0, 0.0, 0.0, 0.0, 0.0, 0.0, 0.0, 0.0, 0.0, 0.0], "grad": [-99657.8232980661, 87958.10860189136, 94661.6508203338, -96223.84827887724, 77394.07527782599, -64994.183444769544, -92452.68602009187, 38876.19084415238, -53679.49303551374, -99635.41178035692, 94614.59712248592, 75763.85685076934, -97702.04347691446, -86259.27043349945, 80815.38540184112, -86876.50132463546, 544.4462562120107, 101847.90724047327, 77211.02427306335, -92212.69819492841, -80551.65164334193, -73202.39489883423, -92368.4955167445, -74898.69741790429, 92582.74058942517, 45135.07331044026, -8866.782526582041, -75109.92660606024, -81306.15902732156, -82423.970975576, 2.6042611096146526], "optimality": 101847.90724047327, "nfev": 174, "njev": null, "status": 2, "message": "`ftol` termination condition is satisfied.", "success": true, "res_time": 772.1995380000008, "tension_error": [0.4631780692817851, 0.014467219844148116, -0.4122668962575246, -0.443593291581868, 0.35391008455088896, 1.0160931426370814, 0.23600626825540205, -0.3826148586123329, -0.7423098125501589, -0.11522606718993411, -0.3222018374955618, -0.17436349981654595, -0.11596824502966979, 0.17037308427257702, -0.6052498328158703, 0.01779745836394675, -0.19498572742436215, 0.5300313512635287, 0.26096244578975913, 0.13473109855226886, -0.1852481594800784, -0.09359075664762864, 0.21746535855918694, 0.8272065962139653, 0.3019277074672348, -0.15222531438180864, -0.3757401115519829, 0.26386889434788213, 0.8579918125899257, 0.4711427202243463, 0.00022455036193181087], "git_revision": "ec36e56dd006ef5715c6882890a8a7f5f3c70256"}