{"x": [0.024238534813901726, 0.04804020652381162, 0.17678105191275453, 0.20037424734646747, 0.07687175303719966, 0.034670017556158964, 0.04912422680065756, 0.20273036699996314, 0.15046454448284388, 0.043999722269627055, 0.10843538108873506, 0.10554325846093086, 0.0912516973342397, 0.043683543340845434, 0.11398817168418024, 0.1626935625610189, 0.1126599516312859, 0.0748224424725372, -0.0005460458771456116, 0.11977942517693882, 0.15126210118064695, 0.17000642489052176, 0.09226476816704199, 0.04420065365151766, 0.14121891439043788, 0.13706257531478658, 0.16946659922793408, 0.08118914441432061, 0.02575414326423516, 0.09868028078122676, 22.759536285114425], "cost": 2.908706102249214, "fun": [0.5198410303622442, 0.7178775030644982, 0.6920585787986558, 0.3162025606420488, 0.3734821805636159, 0.689377598830891, 0.6040249202134835, 0.8905050795287287, 0.4080229394313339, 0.5102905487132386, 0.3975484167901299, 0.44255216353433496, 0.5072350864673959, 0.6479969360562698, 0.4652165353461679, 0.2625108747198875, 0.38426733314142525, 0.29523471122105227, 0.734470839000884, 0.40342278706891066, 5.665195761863251e-07, 1.6574205271459706e-05, 5.56638870773373e-07, 1.5252866100610729e-05, 1.7809864776117293e-06, 2.0892416488374874e-07, 2.3594846306928723e-05, 2.7317162033910104e-06, 1.1334758368891865e-05, 3.905045296603161e-07, 8.364373294257038e-09, 2.0424871943795005e-07, 2.2627292743392706e-06, 4.942740766494437e-06, 2.37221510046564e-06, 2.5033622226678978e-06, 1.4316770993383918e-06, 5.680409036116275e-06, 1.4478218984387311e-05, 1.286873362751107e-07, 0.0, 0.0, 0.0, 0.0, 0.0, 0.0, 0.0, 0.0, 0.0, 0.0, 0.0, 0.0, 0.0, 0.0, 0.0, 0.0, 0.0, 0.0, 1.6281236958103903e-10, 0.0, 0.0, 0.0, 0.0, 0.0, 0.0, 0.0, 0.0, 0.0, 0.0, 0.0], "grad": [-128.40908505682899, -851.5921786158744, 1878.6688755044586, -5360.942784832314, 2742.2669866065075, -5505.117543725541, 2537.3712965016084, 1948.8376652130157, 1441.6373771492454, 3164.110595369443, 1855.8570483784838, 2588.994191820826, -6183.98399710533, -244.77476027751288, -5573.671017073692, 5059.589581169375, 15876.669685209516, -1606.8445297203261, -2268.1411760033916, 4844.385861778366, 3200.8181069101647, -4831.967171167145, -157.89004230827982, -873.9860548216961, 2807.781653206166, -2462.361666254619, 3020.9086551804253, 639.2891017246263, -13525.913019377565, -3801.3434541755087, 207.84188264597321], "optimality": 15876.669685209516, "nfev": 163, "njev": null, "status": 4, "message": "Both `ftol` and `xtol` termination conditions are satisfied.", "success": true, "res_time": 899.1202840000005, "tension_error": [0.7576146518609828, 0.5195979347618838, -0.7678105191275453, -1.0037424734646745, 0.23128246962800345, 0.6532998244384104, 0.5087577319934244, -1.0273036699996312, -0.5046454448284388, 0.5600027773037295, -0.08435381088735053, -0.05543258460930858, 0.08748302665760307, 0.5631645665915457, -0.13988171684180234, -0.626935625610189, -0.126599516312859, 0.25177557527462796, 1.0054604587714562, -0.19779425176938814, -0.5126210118064695, -0.7000642489052175, 0.07735231832958017, 0.5579934634848235, -0.4121891439043787, -0.3706257531478657, -0.6946659922793408, 0.18810855585679395, 0.7424585673576484, 0.013197192187732465, 0.00032568041948305773], "git_revision": "ec36e56dd006ef5715c6882890a8a7f5f3c70256"}