{"x": [0.07965414902703323, 0.11425931711608261, 0.175730808139332, 0.21414539333817084, 0.10849244943173306, 0.111098764688222, 0.14415640534048763, 0.252436728146268, 0.21139711926740448, 0.10937556611341141, -2.060271498681612e-06, -8.416007181564806e-07, -5.608785848122473e-06, 5.160572473835054e-05, -2.48009070006771e-06, 8.227201850407892e-06, 1.7981120287572788e-06, -4.892993770980763e-05, 3.061865611817556e-06, -7.618935078972714e-06, 0.06071648368594985, 0.052521450248024806, 0.06448360705558681, 0.04242397151472851, 0.05233053706584981, 0.04200654474430383, 0.05468101892722137, 0.057328752494126604, 0.06459400383169457, 0.04396519865574404], "cost": 2.7401292890785918, "fun": [0.5713160376346101, 0.44131235384952844, 0.3914397216746494, 0.3963536290123632, 0.49324723811455423, 0.23592816673773173, 0.5135586995456856, 0.5726758025422215, 0.3888232315818859, 0.8780132787567274, 0.5531841932503382, 0.7584599962763297, 0.6530521283908698, 0.7158721103143681, 0.4445213452133126, 0.3013736548602953, 0.5896764823785369, 0.3183621795807807, 0.47060376304470375, 0.23841670152958677, 0.0, 0.0, 0.0, 0.0, 0.0, 0.0, 0.0, 0.0, 0.0, 0.0, 0.0, 0.0, 0.0, 0.0, 0.0, 0.0, 0.0, 0.0, 0.0, 0.0, 0.0, 0.0, 0.0, 0.0, 0.0, 0.0, 0.0, 0.0, 0.0, 0.0, 8.745272850973157e-15, 5.960988612876697e-16, 1.7644387008048928e-13, 0.0, 1.5254665586295253e-14, 0.0, 0.0, 1.171450625623304e-10, 0.0, 4.422652519218405e-13, 0.0, 0.0, 0.0, 0.0, 0.0, 0.0, 0.0, 0.0, 0.0, 0.0], "grad": [2507.905602709389, -37358.90548044385, 23445.676394712522, -16554.407469008882, -31033.609739939624, -12358.946791671342, 4539.265136870344, -24593.49651147095, -46.9747981581902, 27593.31417112708, 25111.560699987378, 467.63784918169426, -6904.580342327337, -11528.570560455093, 7241.976102436005, 25184.6700452336, -3562.69643259405, 13728.48776882871, -33128.26849494297, 529.1474443904906, 31414.783583467797, -19738.22305184826, -32570.463404630307, -11129.003467793027, -3853.4425552203356, 10668.838181220573, 18224.385482004276, -911.7119591014957, 4350.169118641086, 6629.039979311701], "optimality": 37358.90548044385, "nfev": 130, "njev": null, "status": 3, "message": "`xtol` termination condition is satisfied.", "success": true, "res_time": 644.2601149999973, "tension_error": [0.2343938298746962, 0.2078928584794493, 0.08189657477451501, -0.5008390969236669, 0.29537420173069856, -0.2426098689487363, -0.2456353964291858, -1.0817051037832426, -0.4591487512294711, 0.28197763399420084, 3.1253589995841984e-05, 1.2766785252477838e-05, 8.508329770317817e-05, -0.0007828405933115008, 3.762209880688902e-05, -0.0001248037424243458, -2.7276723552858414e-05, 0.0007422498504119426, -4.6447418466619325e-05, 0.00011557655062234563, -0.08512623440730094, 0.039189524576416036, -0.14227216363737033, 0.19236470586884316, 0.042085610031326735, 0.19869692234831673, 0.0064296314697737415, -0.033735550338176254, -0.14394684368781152, 0.16898483521267627], "git_revision": "018ef57f2e70e762a509d3bbb7a77c8182022b6e", "linregress": [2.708756678082479, -0.022353885064588047, 0.7627004605102022, 9.613937220340727e-07, 0.4340848986252408]}