{"x": [0.08055780930368193, 0.143032286280641, 0.190773195683248, 0.14381236536510364, 0.10280783147611786, 0.091980608930527, 0.1202510485174111, 0.17243745399075303, 0.2273816144454781, 0.08622900097943308, -3.1931864285359716e-07, -2.244551446443522e-06, 3.559506491141073e-06, -4.361294439632947e-07, -3.60072345191796e-06, -7.481916889290766e-07, 8.35859505547287e-07, 9.902055283866085e-07, 3.478795585559767e-06, -6.253360642445618e-07, 0.06486729390782661, 0.05276642053313876, 0.06095843140777432, 0.07251196340633255, 0.043926633551657865, 0.05917398177077362, 0.06727791960144265, 0.06542268430362537, 0.05894278937146145, 0.055988190112448315], "cost": 1.9237002903564457, "fun": [0.4588585626257481, 0.6206665108006514, 0.46087182410597083, 0.3669366742485965, 0.3083011272854355, 0.29534820408297063, 0.23130218420512938, 0.31477804683037497, 0.27860235101972786, 0.7532094644739011, 0.5451498812707289, 0.4828185607546657, 0.48439804998573754, 0.5325223838960846, 0.33971508699446035, 0.19913561271316763, 0.28341695505610615, 0.506048519728229, 0.524250986317273, 0.33156125878183285, 0.0, 0.0, 0.0, 0.0, 0.0, 0.0, 0.0, 0.0, 0.0, 0.0, 0.0, 0.0, 0.0, 0.0, 0.0, 0.0, 0.0, 0.0, 0.0, 0.0, 0.0, 0.0, 0.0, 0.0, 0.0, 0.0, 0.0, 0.0, 0.0, 0.0, 3.2559132445965174e-17, 1.1308075316578261e-14, 0.0, 8.295569825761577e-17, 4.6684133463481837e-14, 4.188308266297503e-16, 0.0, 0.0, 0.0, 2.445346620855066e-16, 0.0, 0.0, 0.0, 0.0, 0.0, 0.0, 0.0, 0.0, 0.0, 0.0], "grad": [3883.2585020040005, -1473.0707439789385, 989.0188410957684, 2212.175509825877, 9549.025065625154, -21977.280084439495, -38.12453168364835, 17417.117978368773, -5168.720487101519, 201.1480242552327, -16521.13072474134, -17356.81577777378, 15062.018780336415, 3437.143206221832, 805.1904870324773, 24637.41807077443, -18624.684890835633, -3466.7029225769998, -320.5567765721895, 1086.3652160905385, 1138.1549517050887, -956.8710884149455, -14124.4690957862, 788.7635187898139, 305.72435023884884, -18959.38144035407, -14555.171942731056, -764.0955546027024, 1187.0195129904582, 439.9989064316755], "optimality": 24637.41807077443, "nfev": 131, "njev": null, "status": 3, "message": "`xtol` termination condition is satisfied.", "success": true, "res_time": 739.5378409999976, "tension_error": [0.2206856230679814, -0.22858290784919044, -0.14629112435006675, 0.5660880633282473, 0.381607845685628, 0.04740579253568388, 0.11700041216731824, 0.1318555924751715, -0.7016278899768197, 0.6331028410226578, 4.843950881309202e-06, 3.404905163062722e-05, -5.399645460942868e-05, 6.615929422634696e-06, 5.462170132755289e-05, 1.1349803314295884e-05, -1.2679693087643486e-05, -1.5021067667836367e-05, -5.27720987161178e-05, 9.486126937163106e-06, -0.1480925574904967, 0.03547341198784933, -0.08879649577973121, -0.2640594901558823, 0.16956985420266257, -0.061727025877955116, -0.18466089671662742, -0.15651763337444224, -0.058219918944290634, -0.01339969311371178], "git_revision": "018ef57f2e70e762a509d3bbb7a77c8182022b6e", "linregress": [2.242943499429971, -0.0026899860504718265, 0.7319441561978071, 4.2937670358338246e-06, 0.3945853459337816]}