{"x": [0.08821151547806975, 0.17689272257554836, 0.16417234903854697, 0.21671438130601267, 0.10763569436406459, 0.0756245781575489, 0.1850547573460255, 0.11879035660265536, 0.23977531928204648, 0.11360450338197263, -6.170693071540367e-05, -7.148299843764732e-06, -8.945708930566685e-07, 1.0937392888117138e-07, 1.5521929460399492e-06, 4.85962647217482e-06, -4.918621348022533e-06, -7.261486665169629e-07, 7.41964737259626e-07, 2.5808122820733524e-06, 0.055186666728312184, 0.060822194009467666, 0.057559702440131234, 0.05654407711179429, 0.059012145721412626, 0.04917007374187762, 0.05678347574255648, 0.04322209646306183, 0.08661727460199269, 0.03403985997403713], "cost": 2.7372571630742515, "fun": [0.4296869178427595, 0.5553224321605175, 0.37856850783806406, 0.14546175599018416, 0.5537405558723285, 0.5695625485860278, 0.6450495277340913, 0.6515893885744133, 0.2845669079601066, 0.36463793968515096, 0.6771822384642641, 0.45766635526817345, 0.19216751949161265, 0.408989844724026, 0.40730079546012293, 0.5136134986250779, 0.5262344952016277, 0.5275326796757267, 0.7446746886137292, 0.8483621912384113, 0.0, 0.0, 0.0, 0.0, 0.0, 0.0, 0.0, 0.0, 0.0, 0.0, 0.0, 0.0, 0.0, 0.0, 0.0, 0.0, 0.0, 0.0, 0.0, 0.0, 0.0, 0.0, 0.0, 0.0, 0.0, 0.0, 0.0, 0.0, 0.0, 0.0, 2.3496427530506654e-10, 3.6526518828556795e-13, 7.158866931496252e-16, 0.0, 0.0, 0.0, 1.1899539944775318e-13, 3.82892299800145e-16, 0.0, 0.0, 0.0, 0.0, 0.0, 0.0, 0.0, 0.0, 0.0, 0.0, 0.0, 0.0], "grad": [-199.32035292905866, -22271.772808776106, -2313.6340002214843, -23621.732316179772, 26288.856599576113, -24132.014168541893, -22138.331458368222, -1979.7869852383096, -1075.0948817730268, -2915.2643524106625, -770.2549079551363, 20255.23317754746, 156.5388525607027, 26528.239882722773, 2071.7323504474016, 28417.72421080214, 23310.7390778819, -2967.0011222410576, -1020.5148457767716, -2488.0798629634264, -6748.918874296351, -29211.09164548899, -1882.240927181076, 26040.377821104215, -3439.0364536589823, 490.9361990889116, -10596.245109611671, -192.86330043073582, -2657.48285859954, 27458.751108701497], "optimality": 29211.09164548899, "nfev": 78, "njev": null, "status": 3, "message": "`xtol` termination condition is satisfied.", "success": true, "res_time": 433.2933519999933, "tension_error": [0.10458160722539397, -0.7422337513028582, 0.2572343115489194, -0.5398097358431289, 0.30837087310575995, 0.29552099485981637, -0.8660489321717558, 0.9456630869279775, -0.8896360091686153, 0.2178261512433475, 0.0009360723155735354, 0.00010843718054990644, 1.3570324072190621e-05, -1.6591638197557616e-06, -2.3546218040201845e-05, -7.371881491904434e-05, 7.461374632142499e-05, 1.10154184600773e-05, -1.1255342659704745e-05, -3.915000958454687e-05, -0.001240866844503838, -0.08672982262937161, -0.037238979340911776, -0.0218323022978389, -0.05927203024436413, 0.0900287209210956, -0.02546389486037031, 0.18025743266886712, -0.47803207248545415, 0.31954871280183883], "git_revision": "018ef57f2e70e762a509d3bbb7a77c8182022b6e", "linregress": [3.77318605818189, -0.03313718763077941, 0.7966959423156307, 1.3864098667841106e-07, 0.5409372850436153]}