{"x": [0.11035148261723172, 0.0753692497347611, 0.14156978294838252, 0.2678680511646191, 0.16479714775121618, 0.10889196053618146, 0.18233692589378644, 0.11686324274587437, 0.18952607922634923, 0.13032886703295318, -3.2092304341819104e-05, 5.642665655122839e-07, 1.069410064693061e-05, 2.899852136276861e-06, 3.6398096411696463e-06, 3.929491976129958e-07, -2.1156290394672742e-07, 4.4535612682804345e-06, -1.017999177943195e-06, 3.2453588327058877e-07, 0.05512605013894465, 0.04900149776036157, 0.03427856567448792, 0.054878100477355814, 0.04641623689737375, 0.06196381078077219, 0.0634730042701562, 0.057904991124715664, 0.05128229523588296, 0.048956080900743625], "cost": 2.4485496020311652, "fun": [0.3156836428167159, 0.5524987979072196, 0.4904880847490988, 0.719663491229787, 0.43210102045001975, 0.4061072506496337, 0.3710043661369906, 0.5755466366231538, 0.33213511835658355, 0.4354302818101748, 0.383636939126576, 0.4709836794208966, 0.5200889028508311, 0.23965719004041325, 0.7071427277978338, 0.7556790763613873, 0.5392379088696226, 0.2606950300891461, 0.5042768256681028, 0.4818516209317437, 0.0, 0.0, 0.0, 0.0, 0.0, 0.0, 0.0, 0.0, 0.0, 0.0, 0.0, 0.0, 0.0, 0.0, 0.0, 0.0, 0.0, 0.0, 0.0, 0.0, 0.0, 0.0, 0.0, 0.0, 0.0, 0.0, 0.0, 0.0, 0.0, 0.0, 3.305237765329552e-11, 0.0, 0.0, 0.0, 0.0, 0.0, 9.46931489111908e-18, 0.0, 1.0549752762504748e-15, 0.0, 0.0, 0.0, 0.0, 0.0, 0.0, 0.0, 0.0, 0.0, 0.0, 0.0], "grad": [524.0388530399656, 7850.350842691547, -104.70156571633538, -9149.217891922588, 9599.72646135696, -4062.2944348894976, -4103.779107841403, -18961.473350215936, -1672.635053930231, 56.269824361642726, 1233.1242615814588, -1803.7013727072706, -10152.198352869924, -2726.019327777146, -14860.104794063065, -13014.02465755018, -2599.858268003788, 3724.9187813840067, 1316.4220406659847, 3753.3285104868755, 3682.6446227879396, 2433.2004577963494, -2642.303369903033, -1392.2033388498533, 7779.509962823891, 7469.3441488418175, 775.5591956196918, 846.5327865650441, 5033.321375235881, -6476.2520271843005], "optimality": 18961.473350215936, "nfev": 128, "njev": null, "status": 3, "message": "`xtol` termination condition is satisfied.", "success": true, "res_time": 685.6231440000047, "tension_error": [-0.23127386421687504, 0.797841426726048, 0.6001072454743562, -1.3157928165034167, -0.5587481589595132, -0.20913343042442933, -0.8248203902342304, 0.9748967225889474, -0.1273728087562614, -0.03587653057484383, 0.0004868289070459031, -8.559724239338298e-06, -0.00016222572471992857, -4.398973134063111e-05, -5.521462499521212e-05, -5.960900356700776e-06, 3.20933443117175e-06, -6.75589493856842e-05, 1.544268750205993e-05, -4.923094573296755e-06, -0.0003213346215655001, 0.09258595894182275, 0.31592763174706845, 0.0034399740544338205, 0.13180345192554932, -0.10404774530391245, -0.12694167679390544, -0.042476886570668136, 0.05798706786891724, 0.09327491664002238], "git_revision": "018ef57f2e70e762a509d3bbb7a77c8182022b6e", "linregress": [4.24673076263562, -0.05843176167387584, 0.771367675422227, 6.054672797535602e-07, 0.6621211345013129]}