{"x": [0.08431464852950327, 0.10226981046472103, 0.16300039235646485, 0.170295249187417, 0.09645487469826049, 0.11858410998350337, 0.1706881812936245, 0.176695776936857, 0.2136327871608388, 0.0716609846523701, 0.0, 0.0, 0.0, 0.0, 0.0, 0.0, 0.0, 0.0, 0.0, 0.0, 0.03540672418576716, 0.04715065853038002, 0.046882167892685914, 0.06177532602655513, 0.0463752823461805, 0.053520170819634706, 0.03931512440036022, 0.05480350738035338, 0.06732719080410131, 0.049425482400862385], "cost": 3.4352224146928934, "fun": [0.5817742096508701, 0.5824184413693959, 0.449275110365353, 0.3488930182283037, 0.3466241833376527, 0.7575707265362142, 0.6957599432614202, 0.5952520798891128, 0.5696385449614608, 0.9881511047092718, 0.45065007682950775, 0.5886963844537918, 0.386400390868072, 0.2333374569645234, 0.42613327150423114, 0.9086017287721396, 0.6386772541510427, 0.48731027189726644, 0.4760044338764059, 0.6350521002490793, 0.0, 0.0, 0.0, 0.0, 0.0, 0.0, 0.0, 0.0, 0.0, 0.0, 0.0, 0.0, 0.0, 0.0, 0.0, 0.0, 0.0, 0.0, 0.0, 0.0, 0.0, 0.0, 0.0, 0.0, 0.0, 0.0, 0.0, 0.0, 0.0, 0.0, 0.0, 0.0, 0.0, 0.0, 0.0, 0.0, 0.0, 0.0, 0.0, 0.0, 0.0, 0.0, 0.0, 0.0, 0.0, 0.0, 0.0, 0.0, 0.0, 0.0], "grad": [-838.9398338769619, -82.1531795833555, -1136.4562138327722, -2774.3025348723168, 6545.51038300083, -5078.094546909442, 818.509557089843, 124339.91257931123, -6850.895872972235, 120472.70622871842, -2261.630251814601, -1992.9108670239618, -2554.948614053318, 1117.9941367359215, 2010.4242898457317, 2006.2778723649203, -6429.365389249499, 2001.5355806367434, -814.0119471802655, 2014.8260405339136, 5058.072771367901, 1035.768181475996, 2019.8436933229739, -9231.503046714399, -656.080833636286, -2667.1934329808137, -123361.42114256675, -2301.862904579052, -113261.1407821377, -114699.1287551333], "optimality": 124339.91257931123, "nfev": 34, "njev": null, "status": 3, "message": "`xtol` termination condition is satisfied.", "success": true, "res_time": 563.8605270000044, "tension_error": [0.16369570066248718, 0.38976943415108256, 0.2750124799398913, 0.16435208172594754, 0.4779799532081149, -0.3561599097980767, -0.6481130543648034, 0.06725833938858364, -0.49306304250272137, 0.854094496554519, 0.0, 0.0, 0.0, 0.0, 0.0, 0.0, 0.0, 0.0, 0.0, 0.0, 0.2988138661174398, 0.12066253548966076, 0.12473544350862015, -0.10118849824228168, 0.13242471798309402, 0.024039286714327153, 0.23952481711359822, 0.0045715249552378615, -0.18540832343562105, 0.08615426189256183], "git_revision": "018ef57f2e70e762a509d3bbb7a77c8182022b6e", "linregress": [2.291721917250505, 0.02249452832031079, 0.6617551889528301, 6.822552724636733e-05, 0.4906645032252713]}