{"x": [0.09579103241111159, 0.12794083204038165, 0.18208470192103526, 0.18293661882682552, 0.129772502337784, 0.09800825372587468, 0.12961400897915246, 0.18318126831906548, 0.1829610493639021, 0.12855077103239285, 0.0008077786756749488, 0.0006172882015490864, -1.838134206613339e-07, -7.491353159386544e-08, -1.4566633183564505e-07, -7.026175438377222e-08, -2.455637401134539e-07, 0.0001837532187614656, 0.000244095309128435, 0.00040122136946869967, 0.054444495048499936, 0.05467416154983153, 0.05537952163289055, 0.05491456053845524, 0.05523848350891002, 0.055147875752346594, 0.054757018854320605, 0.05481848937134208, 0.0548999852211307, 0.0551597488910564], "cost": 1.3384737758283281e-34, "fun": [0.0, 0.0, 0.0, 0.0, 0.0, 0.0, 0.0, 0.0, 0.0, 0.0, 0.0, 0.0, 0.0, 0.0, 0.0, 0.0, 0.0, 0.0, 0.0, 0.0, 0.0, 0.0, 0.0, 0.0, 0.0, 0.0, 0.0, 0.0, 0.0, 0.0, 0.0, 0.0, 0.0, 0.0, 0.0, 0.0, 0.0, 0.0, 0.0, 0.0, 0.0, 0.0, 0.0, 0.0, 0.0, 0.0, 0.0, 0.0, 0.0, 0.0, 0.0, 0.0, 6.21057271937618e-18, 4.2041752727665693e-19, 3.0908473155635e-18, 3.4686219560070587e-19, 1.480787426523137e-17, 0.0, 0.0, 0.0, 0.0, 0.0, 0.0, 0.0, 0.0, 0.0, 0.0, 0.0, 0.0, 0.0], "grad": [0.0, 0.0, 0.0, 0.0, 0.0, 0.0, 0.0, 0.0, 0.0, 0.0, 0.0, 0.0, -1.2455346364588813e-25, -7.997674218461096e-27, -6.085711860772187e-26, -6.583409198107288e-27, -3.058779572877919e-25, 0.0, 0.0, 0.0, 0.0, 0.0, 0.0, 0.0, 0.0, 0.0, 0.0, 0.0, 0.0, 0.0], "optimality": 3.058779572877919e-25, "nfev": 1093, "njev": null, "status": 3, "message": "`xtol` termination condition is satisfied.", "success": true, "res_time": 372.7595579999979, "tension_error": [-0.010396984063869399, 0.0003491157059079136, -0.014489746764931664, -0.02741302493537324, -0.02743667491402144, -0.044031447262525884, -0.025032386716614344, -0.031124271209493612, -0.02778362754267908, -0.00890344309083011, -0.012253716829594655, -0.009364043706293691, 2.7883845836622666e-06, 1.136411780230643e-06, 2.2097067373415427e-06, 1.0658459651090496e-06, 3.725115091026854e-06, -0.0027874713421323716, -0.003702839512311942, -0.006086386278201292, 0.010017615060536524, 0.006533655459585648, -0.004166407541560802, 0.0028868878220833774, -0.002026909080561408, -0.0006524214579890469, 0.0052767394539431, 0.004344253450495986, 0.0031079902311648435, -0.0008325327731421242], "git_revision": "018ef57f2e70e762a509d3bbb7a77c8182022b6e", "linregress": [0.12494726065772829, 0.0014637211899654005, 0.6769562064191402, 3.991333799649702e-05, 0.025673123536240947]}