{"x": [0.09100210795033019, 0.09305901765651331, 0.19490917300973823, 0.11310603079301426, 0.16317141869639643, 0.10951838118411922, 0.1341233026206035, 0.14592223660170717, 0.15406175425685936, 0.11261486058011383, 0.0009582972413763388, 0.00019905728960046537, 0.0, 0.0, -0.0004551743251344973, 0.0, -6.999771142550416e-05, 0.0, 0.0, 0.000882577065198119, 0.048989728293170796, 0.05792683297909298, 0.0488431157972304, 0.05333981510363417, 0.05895129399707749, 0.03898048952974435, 0.06468620144963652, 0.062039168566122516, 0.05275163886477805, 0.059003748002411205], "cost": 2.9294950259738397, "fun": [0.3249101704790376, 0.5160268250022794, 0.4027792728645468, 0.458277354715612, 0.6961180862312238, 0.500889929055775, 0.6680161449926234, 0.3270596292152788, 0.29832285231658845, 0.5382770127483636, 0.74172340927092, 0.5575172534690577, 0.553320495137345, 0.428112213225785, 0.7142363614299239, 0.7875422247200542, 0.7390903920396605, 0.42589477070686627, 0.3400087248312237, 0.3513419282208244, 0.0, 0.0, 0.0, 0.0, 0.0, 0.0, 0.0, 0.0, 0.0, 0.0, 0.0, 0.0, 0.0, 0.0, 0.0, 0.0, 0.0, 0.0, 0.0, 0.0, 0.0, 0.0, 0.0, 0.0, 0.0, 0.0, 0.0, 0.0, 0.0, 0.0, 0.0, 0.0, 0.0, 0.0, 9.430468546953521e-08, 0.0, 3.4296635905478953e-10, 0.0, 0.0, 0.0, 0.0, 0.0, 0.0, 0.0, 0.0, 0.0, 0.0, 0.0, 0.0, 0.0], "grad": [-1145.6332564297209, 554.4524989262908, -2365.464489249615, 914.8159500176446, -2346.3195817011106, -724.6144784884893, -2893.9603475410686, -1374.9067348039862, -2994.8289847018877, -2195.761302869744, -1088.9942572821087, 2434.478330932322, 4152.149393751664, 4335.358186683381, 2598.375688197284, 536.2041175657155, 3085.25062214972, -1698.8859456887178, -302.00632843285985, -1638.6415044631224, 689.1563998810433, -393.18719236517234, -1556.0400789563096, -38768.83185458636, -511.1286885286946, -3197.4682626393437, 325.5141706109987, -339.0401978056066, 2427.6650020930174, 804.6473488934065], "optimality": 38768.83185458636, "nfev": 74, "njev": null, "status": 3, "message": "`xtol` termination condition is satisfied.", "success": true, "res_time": 448.92948700000125, "tension_error": [0.06224930634693157, 0.5294939035467836, -0.20903243765607615, 1.0318922991318005, -0.5340864241560284, -0.21863601011264255, -0.09343677649289002, 0.5340820628496584, 0.4106084586567984, 0.23283868254877185, -0.014537030238630183, -0.003019628684296011, 0.0, 0.0, 0.0069048335345564425, 0.0, 0.0010618405268140094, 0.0, 0.0, -0.013388381945334194, 0.0927644975966968, -0.04280821977694424, 0.09498855730888542, 0.0267752191411429, -0.05834893110712552, 0.24460110975329757, -0.14534544894522294, -0.10519089625651304, 0.035697644669171004, -0.0591446398170643], "git_revision": "018ef57f2e70e762a509d3bbb7a77c8182022b6e", "linregress": [2.9077928101098167, -0.03165383605615768, 0.7801457361508721, 3.712696584009695e-07, 0.44066030329942757]}