{"x": [0.08614215821851792, 0.10176836868350889, 0.19712447372568304, 0.2102848681606993, 0.12461245408173684, 0.0840150811947539, 0.11947230545918373, 0.1792003176568381, 0.11106007337851394, 0.11365759112324979, -0.0006291071529222405, 0.005169874699117013, 0.006870643150858068, 0.0017358478301132804, -0.01833112129527619, -0.0025922121822198703, 0.019603829723252617, -0.02134716809776046, -0.005030490035828208, 0.013086837972364753, 0.055611644394813, 0.04758699167101243, 0.055580486312349436, 0.04937541887112987, 0.038170212695401246, 0.046505686167791244, 0.07784656986117246, 0.04575709355928241, 0.029548821228154665, 0.035803076494526936], "cost": 1.888913147699494, "fun": [0.2151896208247527, 0.2563969710700292, 0.5095908705609657, 0.38869528100922934, 0.47424195234264493, 0.6429992956062475, 0.47662386087823966, 0.5788676342339116, 0.5485571565727291, 0.29593206014028417, 0.32395774427579394, 0.23574539902304192, 0.43505114119458027, 0.3603359833950909, 0.20254137579037973, 0.34243433848046734, 0.5521283523394678, 0.6407034183370456, 0.5050558683056392, 0.23964600841333256, 0.0, 0.0, 0.0, 0.0, 0.0, 0.0, 0.0, 0.0, 0.0, 0.0, 0.0, 0.0, 0.0, 0.0, 0.0, 0.0, 0.0, 0.0, 0.0, 0.0, 0.0, 0.0, 0.0, 0.0, 0.0, 0.0, 0.0, 0.0, 0.0, 0.0, 2.489853929352146e-07, 0.0, 0.0, 0.0, 0.006159806834439775, 1.7418535653912053e-05, 0.0, 0.009727938354361422, 0.00012730072566621424, 0.0, 0.0, 0.0, 0.0, 0.0, 0.0, 0.0, 0.0, 0.0, 0.0, 0.0], "grad": [-0.29043334146486516, -10.4274783969758, 4.130284247872859, 10.26400231292463, -10.322391197122721, -2.765310864139841, 8.052116370836497, 3.7328740749396587, -5.756380854745945, -8.996465401086388, -6.969382192041081, 4.545165881730274, 3.836014788631098, -0.09702141381839668, -1.7509755545439716, -6.714805478843962, 12.113807695240926, -13.294904077939048, 7.572702874608685, 1.777163406827074, 7.322962796665568, 21.352552567195474, 6.126918431222052, -14.473249327048443, -7.673729954570254, 25.457496631889228, -26.297653534858824, 5.717283648552368, -7.321424021783447, 21.510007560298185], "optimality": 26.297653534858824, "nfev": 103, "njev": null, "status": 2, "message": "`ftol` termination condition is satisfied.", "success": true, "res_time": 445.720276, "tension_error": [0.1359730250003514, 0.3973761286313089, -0.24263776604990145, -0.4422762953013909, 0.050839432218682194, 0.16824003118513678, 0.1288136689490194, 0.0292653424266445, 1.062928749532956, 0.21702082898327482, 0.009543333018713789, -0.07842517079883642, -0.10422522671505542, -0.026332197679892432, 0.27807662703348707, 0.039322942038061276, -0.29738316377764007, 0.32382899036687923, 0.07631075475176474, -0.19852270372717096, -0.007687627746989462, 0.11404351606059536, -0.007214970655438233, 0.08691370793305019, 0.25689272276638514, 0.13044653812809862, -0.34498358342971924, 0.1418024232506295, 0.3876761822683967, 0.2928013417681925], "git_revision": "018ef57f2e70e762a509d3bbb7a77c8182022b6e", "linregress": [1.3006122439253058, 0.11685569050404516, 0.39595453726247154, 0.03031239280741225, 0.5700250601509662]}