{"x": [0.11252186857273544, 0.07087021222547725, 0.22908823402549708, 0.18944643467787628, 0.13106561276011564, 0.10667902100385275, 0.1603064710294356, 0.10090306297573381, 0.16184407351333321, 0.13631885211993378, -0.0001230455147987573, 0.0038598378428837355, 0.0017056307997751032, -0.0005430434421515951, 0.0011987578670789, -0.0025235775011769835, -1.6083679663445745e-05, -0.001633081112977953, -0.0032160102866005125, 0.00026231619014000364, 0.03420763107401564, 0.04699267434823678, 0.04201290459612151, 0.056251551679160613, 0.046029963955366265, 0.038158010998143095, 0.03343348788959904, 0.052475250524770305, 0.03946278267164991, 0.05621850131601739], "cost": 2.57875488999861, "fun": [0.3509674606951631, 0.5736431343225047, 0.8780657736242837, 0.22774192680912117, 0.46721874099494826, 0.3984871619532665, 0.3844415828163956, 0.6247532124499279, 0.3434765317145257, 0.5859468687501612, 0.6597090612657763, 0.4832103099221707, 0.5778614107349281, 0.45988940127054, 0.23099972138540523, 0.5438183371087376, 0.6374182054457708, 0.46761160509335414, 0.3488524487222655, 0.44272108605565497, 0.0, 0.0, 0.0, 0.0, 0.0, 0.0, 0.0, 0.0, 0.0, 0.0, 0.0, 0.0, 0.0, 0.0, 0.0, 0.0, 0.0, 0.0, 0.0, 0.0, 0.0, 0.0, 0.0, 0.0, 0.0, 0.0, 0.0, 0.0, 0.0, 0.0, 1.862933544684744e-09, 0.0, 0.0, 1.601414366992312e-07, 0.0, 1.6071260492980565e-05, 4.160602677206845e-12, 4.355352078490792e-06, 3.3262300869332426e-05, 0.0, 0.0, 0.0, 0.0, 0.0, 0.0, 0.0, 0.0, 0.0, 0.0, 0.0], "grad": [-95432.34620240916, 35.938066592248454, 11327.951871356443, -4055.5081567340076, 95158.79930617337, 38.119352467076226, -62915.853663977316, -42.53672272271861, -2.1042093245566753, -16.141239995215948, -94147.17475008863, -13.861600601235072, 5198.56743932127, 94140.85615658064, 1641.9435211138018, 62801.376986914955, 92762.60893704492, 32.324579399756836, -2.6538046436291203, -95139.13604322387, 63.03829813294008, -118.7715754296932, -97640.02672941978, -85.52312974410748, -93066.24823665082, 62.4630037147745, -86.6820798074982, 60.493526153026735, 38.6501566396686, 25.266805200604296], "optimality": 97640.02672941978, "nfev": 193, "njev": null, "status": 3, "message": "`xtol` termination condition is satisfied.", "success": true, "res_time": 706.6012200000041, "tension_error": [-0.26419785157944037, 0.8660902346045484, -0.7275167054396945, -0.1261646291231546, -0.04705270269713853, -0.17556392035100002, -0.49062618127054686, 1.2170070051973803, 0.29255342784448946, -0.1267424859159219, 0.0018665569430089746, -0.058552374999663, -0.02587381601626915, 0.008237776963762919, -0.018184732888820002, 0.038281778200099904, 0.0002439837323126881, 0.024773262925603265, 0.04878573866800625, -0.003979243833229354, 0.3170036845493802, 0.12305909965981648, 0.1986004456454786, -0.017394794939833178, 0.13766307584585052, 0.25707781819851805, 0.32874716287217143, 0.039890358039113324, 0.23728489335921146, -0.016893432619598688], "git_revision": "018ef57f2e70e762a509d3bbb7a77c8182022b6e", "linregress": [3.0210573820807003, 0.008712168212744953, 0.6690512932903431, 5.29470637900242e-05, 0.6342138619124684]}