{"x": [0.06678192645511552, 0.11559236767177611, 0.10848459519228841, 0.20768725903944923, 0.16963853250883618, 0.13308601888213054, 0.13022746998443616, 0.21146222379363214, 0.15422723830697913, 0.0805925563485922, 0.00792259888636538, -0.0004094536038768579, -0.006244735217417988, -0.0030952459632163027, 0.001767689687170768, 0.0010139254154301791, -0.0018618317472354178, -0.00021643146385813818, 0.0033100462274242653, 0.0049997925967078995, 0.07046789722123542, 0.07612677377946142, 0.06540193958798893, 0.04533913811523548, 0.06091424349586848, 0.06599502046429075, 0.032111504499985205, 0.06645937085697966, 0.04808804273423099, 0.05108538330334042], "cost": 4.60570124350447, "fun": [0.8922624399798545, 0.6067906859892293, 0.4987343411831923, 0.8372986104780923, 0.5309041040629466, 0.6988855414677572, 0.7660594965627879, 0.5833421416243951, 0.5135178217211696, 0.6479700867816964, 0.5143942961684085, 0.8809436760137003, 0.6171162758372478, 0.5934769764892989, 0.7631157048448834, 0.8241271464315836, 0.5333927331578352, 0.7940226778184959, 0.6173404928417701, 0.620433922627382, 0.0, 0.0, 0.0, 0.0, 0.0, 0.0, 0.0, 0.0, 0.0, 0.0, 0.0, 0.0, 0.0, 0.0, 0.0, 0.0, 0.0, 0.0, 0.0, 0.0, 0.0, 0.0, 0.0, 0.0, 0.0, 0.0, 0.0, 0.0, 0.0, 0.0, 0.0, 6.864581948690335e-08, 0.0002435241778565347, 2.965415120013205e-05, 0.0, 0.0, 6.453886066915486e-06, 1.0138207845985104e-08, 0.0, 0.0, 0.0, 0.0, 0.0, 0.0, 0.0, 0.0, 0.0, 0.0, 0.0, 0.0], "grad": [1974.18568481853, -7255.54071666581, 2384.1199691090123, 7311.175312164965, -846.3190063420027, -1664.1610123463342, -3098.5137238886573, -632.8340333429323, -6902.816067526588, 8146.2823794427295, 5398.739567916598, -2789.01484196998, -1643.402664758584, -300.88805160408947, 9381.54506666421, -441.835559041406, 84.15599945310447, 74.97210649100066, -3285.9986024174577, -1220.06694694908, 3289.6240991523778, -278.71937203296443, 1127.6144238328484, 5666.505249977688, 3703.974574611455, 972.923671337056, -514.5188288564999, 6078.481545562436, -4918.456534813456, -444.91560866243583], "optimality": 9381.54506666421, "nfev": 108, "njev": null, "status": 3, "message": "`xtol` termination condition is satisfied.", "success": true, "res_time": 629.1129879999935, "tension_error": [0.4296608938783367, 0.1876709529985289, 1.1019978427699568, -0.40287148360693226, -0.632190253520157, -0.5761487390202333, -0.03433837320909493, -0.460136363867366, 0.4080981241418551, 0.7186057126778215, -0.1201830231862285, 0.006211266362746887, 0.09473042472444453, 0.04695378659198589, -0.026815227390208644, -0.015380889965471328, 0.028243329146946668, 0.003283188763204588, -0.05021223063339018, -0.07584508545681873, -0.23305172903591787, -0.31889488509619995, -0.1562029433748492, 0.14814265952198097, -0.08812618078369241, -0.16519977051834606, 0.34880118335769633, -0.17224380175247916, 0.10644274863414963, 0.06097415224537515], "git_revision": "018ef57f2e70e762a509d3bbb7a77c8182022b6e", "linregress": [3.0486961262783216, 0.0396151270897622, 0.7441839441635619, 2.4270220305942896e-06, 0.5171480232245268]}