{"x": [0.09211370189971474, 0.1306937450852738, 0.16895905573466347, 0.17147298048350865, 0.0862276659719359, 0.08934376210184025, 0.17608889978485856, 0.1962427148406581, 0.17326048965991103, 0.15762113263249974, 0.0167479028400806, 0.032423385089147654, 0.03784358581280955, 0.04093012836746791, 0.09844064691226496, 0.16025270384467, 0.12335429105498841, 0.03214784210337686, 0.022916391541100336, 0.02844695517597182, 0.08288448451355274, 0.0703280878045516, 0.0724047674539258, 0.06185303436639791, 0.09931447665098458, 0.2504404567933847, 0.3308139590185875, 0.1645314840326979, 0.06456309158331462, 0.08187361460285213], "cost": 0.43993308311006374, "fun": [0.2430291611736734, 0.19406529943062245, 0.22701331298412533, 0.1723441554958544, 0.26301395063673816, 0.18439401975736927, 0.18511488701988724, 0.1756398887131125, 0.06587412181847253, 0.2407570535831197, 0.21986795210368343, 0.18982942614833792, 0.17792280526800802, 0.02798748406731354, 0.30551583136905897, 0.19471778134186402, 0.3652212565113015, 0.21980330062366657, 0.08280404244464355, 0.18622003506931098, 0.0, 0.0, 0.0, 0.0, 0.0, 0.0, 0.0, 0.0, 0.0, 0.0, 0.0, 0.0, 0.0, 0.0, 0.0, 0.0, 0.0, 0.0, 0.0, 0.0, 0.0, 0.0, 0.0, 0.0, 0.0, 0.0, 0.0, 0.0, 0.0, 0.0, 0.0, 0.0, 0.0, 0.0, 0.0, 0.0, 0.0, 0.0, 0.0, 0.0, 0.0, 0.0, 0.0, 0.0, 0.0, 0.0, 0.0, 0.0, 0.0, 0.0], "grad": [1.1894041681213712, 1.962524739680293, -0.5571222367302506, -0.19351286601857098, -1.5263624734537657, -0.2966706878687279, -0.881816789589599, -1.0630325408722823, -0.35987402336884067, 1.791972164628362, -0.6320558653882978, 0.08865976961601829, 2.1286537787177005, -1.9046476254267213, 0.11358106696078085, 0.3183187968411125, 0.652711573077651, -0.14119230981658015, -0.42006602584739694, 0.2538213491715058, -0.7526200474223674, -0.7117130341742876, -0.27719910595474806, 0.7803800739299722, -0.6109822153382396, -0.5314071774989608, 1.082212936067844, -0.5809347051746759, 2.1774985827041835, -0.1394676179951695], "optimality": 2.1774985827041835, "nfev": 506, "njev": null, "status": 2, "message": "`ftol` termination condition is satisfied.", "success": true, "res_time": 629.137195999996, "tension_error": [0.04538681926299395, -0.04141160158514851, 0.1846216638437465, 0.14648631448271107, 0.6331230926142489, 0.08740582637508186, -0.7300400438494431, -0.22926179560843563, 0.1193704324502534, -0.44989054749042123, -0.254059762991929, -0.49185128489229124, -0.5740738129527416, -0.620895571914966, -1.4933097989707373, -2.430976842077065, -1.8712409696136594, -0.4876713952471541, -0.347633555028086, -0.43153024942044904, -0.4214069669887763, -0.23093086963006287, -0.26243336546897655, -0.10236730627523169, -0.670644137054369, -2.963171808340786, -4.182409412066222, -1.6599630742760771, -0.14347791581236657, -0.4060724279494375], "git_revision": "018ef57f2e70e762a509d3bbb7a77c8182022b6e", "linregress": [-4.49146497180267, 1.0531863341796126, -0.29152001924457815, 0.11804221640768467, 2.7851909806268806]}