{"x": [0.08604041473372546, 0.12549670550035316, 0.2150326651704684, 0.1607079326500969, 0.12895045474132283, 0.11542998774743464, 0.11359152163072563, 0.2096648992435562, 0.16917113886874952, 0.12183786838142861, 0.004531480307176392, 0.0023799590253970955, 0.008235031815751826, -0.009312075177505878, -0.005336119500604042, -0.0016142431542596964, -0.002647388218228863, 0.01317285434331489, 0.0007444954707582663, 0.0036017437701459667, 0.05286102931334181, 0.055405857400205906, 0.07543541659677094, 0.06176195529825792, 0.04481139818766362, 0.0749370625805623, 0.0679061863642501, 0.06316913756223874, 0.06726341390960473, 0.054102172434750864], "cost": 0.07202736432999768, "fun": [0.006781014287734448, 0.028935764614595332, 0.0905679377086913, 0.1334745221200079, 0.046072672096635375, 0.03741278004717618, 0.0993225679539136, 0.1283884419918203, 0.14770955816368544, 0.0789411271539769, 0.03757919465281659, 0.04872078548694841, 0.11833962873386165, 0.03836638877762017, 0.10418346973218377, 0.09913702952301921, 0.014969654946117177, 0.0997829372274566, 0.08800098645641184, 0.036913455294338066, 0.0, 0.0, 0.0, 0.0, 0.0, 0.0, 0.0, 0.0, 0.0, 0.0, 0.0, 0.0, 0.0, 0.0, 0.0, 0.0, 0.0, 0.0, 0.0, 0.0, 0.0, 0.0, 0.0, 0.0, 0.0, 0.0, 0.0, 0.0, 0.0, 0.0, 0.0, 0.0, 0.0, 0.0008074942161646698, 0.00015194158086941474, 4.2063640779144315e-06, 1.8554655499882512e-05, 0.0, 0.0, 0.0, 0.0, 0.0, 0.0, 0.0, 0.0, 0.0, 0.0, 0.0, 0.0, 0.0], "grad": [-0.6561911127908491, -0.7784259478834383, 0.6038719839926782, -0.11995622722177257, 0.2654681231561984, 0.14731586596383145, -0.08281914673840253, 0.40076678551884504, -0.07363189491418354, 0.1463297236990695, 0.31698226145715447, -0.4921752243327838, -0.1867311889320909, -0.408619825613785, -0.04884487398259091, -0.48101443196281285, 0.8935129298368907, 0.4598483168819664, 0.2920211872458296, 0.09713919694898038, 0.18399617476009889, 0.04234634266946413, -0.02194380817330674, -0.23712667212773963, 0.18947719035920316, 0.5197752467557006, 0.2243927150062126, -0.3970507409432189, 0.1508401944571084, -0.9414895099436937], "optimality": 0.9414895099436937, "nfev": 1128, "njev": null, "status": 2, "message": "`ftol` termination condition is satisfied.", "success": true, "res_time": 745.00288, "tension_error": [0.13751643768187735, 0.037425650924148526, -0.5142986968255403, 0.30978828293025473, -0.014966503602470723, -0.30831299096920334, 0.2180230798186161, -0.43287158608760234, 0.18140443770534673, 0.09292891602761205, -0.0687409536487547, -0.03610313671487591, -0.12492252022945427, 0.1412608871182574, 0.08094704564297252, 0.02448749775411216, 0.040159942990666005, -0.19982754165378697, -0.011293732991855562, -0.054637179194224256, 0.03403823025167281, -0.004565911817781982, -0.3084072411413545, -0.10098566902272771, 0.15614828758183655, -0.3008473869642071, -0.19419148131451355, -0.12233212630081958, -0.1844408505015541, 0.015210528044706201], "git_revision": "018ef57f2e70e762a509d3bbb7a77c8182022b6e", "linregress": [1.1698348926722906, 0.07125267068401232, 0.5640861624818988, 0.0011678163647949123, 0.32361658721244246]}