{"x": [0.12223230388433659, 0.11475381443344643, 0.19715675600763094, 0.17203983819335333, 0.1558402167430965, 0.09692060256837311, 0.07978002013585941, 0.1365902753681628, 0.16132688384276292, 0.13508710007187946, 0.0, -8.011153617259038e-06, 0.0, 0.0, 0.0, 0.0, 4.189972698457744e-06, 0.0, 0.0, 0.0, 0.06985710574454626, 0.05405200638980165, 0.04959050355909006, 0.037488097796245956, 0.056330808929557934, 0.03083653629813637, 0.07013069895924472, 0.05659264025478197, 0.05534672571613965, 0.05658095733751557], "cost": 3.0470273389529448, "fun": [0.3603960907104289, 0.43554658452672584, 0.5393730267533454, 0.5002650417073902, 0.4390679186203792, 0.6072750610738612, 0.8744129233989083, 0.5178313615279537, 0.5515920088394133, 0.552554322699211, 0.3767801308219274, 0.2795699010169534, 0.5753659491955077, 0.4072281714263546, 0.6238556151727227, 0.7122432355038569, 0.8282064597010927, 0.4592923220202886, 0.4740192091485666, 0.5425311012575033, 0.0, 0.0, 0.0, 0.0, 0.0, 0.0, 0.0, 0.0, 0.0, 0.0, 0.0, 0.0, 0.0, 0.0, 0.0, 0.0, 0.0, 0.0, 0.0, 0.0, 0.0, 0.0, 0.0, 0.0, 0.0, 0.0, 0.0, 0.0, 0.0, 0.0, 0.0, 5.141444815775518e-13, 0.0, 0.0, 0.0, 0.0, 0.0, 0.0, 0.0, 0.0, 0.0, 0.0, 0.0, 0.0, 0.0, 0.0, 0.0, 0.0, 0.0, 0.0], "grad": [-3290.362526880296, 9011.309137221393, 1099.3436204630968, 665.9388232211131, 7507.8487388486255, 3416.9996032207564, 2552.6423091908514, 584.4602675998036, -2000.0215651803549, 4112.521218390825, -8825.29775222968, 2239.1537827964457, -4045.62301721879, 1916.3926852120824, -6325.560416830583, 819.7245644549591, -434.1204210596688, 867.3462379969078, -1162.9360602247364, 1755.5871417860149, -1574.5674827156593, -1031.161077990925, 1108.9744851422188, -1093.2878159799982, -1365.2447693171807, -4792.2943118446165, -357.9635883942718, -5619.503295485538, 3832.3036622692525, -13660.265727673508], "optimality": 13660.265727673508, "nfev": 66, "njev": null, "status": 3, "message": "`xtol` termination condition is satisfied.", "success": true, "res_time": 407.61892900000385, "tension_error": [-0.41150172104719357, 0.20039150905981115, -0.24312747685004388, 0.13788728350023877, -0.4228746832899474, -0.027532163863804072, 0.7309315996620249, 0.6756446144050832, 0.30039901223685334, -0.10805724297048362, 0.0, 0.00012152636713546702, 0.0, 0.0, 0.0, 0.0, -6.356040400266046e-05, 0.0, 0.0, 0.0, -0.2237862383481064, 0.015971529204776146, 0.08365094928391434, 0.26724016454864363, -0.018597099398105173, 0.3681420000722983, -0.2279365506556356, -0.022568988002037507, -0.003668905083109817, -0.0223917622789068], "git_revision": "018ef57f2e70e762a509d3bbb7a77c8182022b6e", "linregress": [2.1451656364268206, 0.009004508847754583, 0.6639076233108363, 6.335382488958782e-05, 0.45663384426346065]}