{"x": [0.09074480131186835, 0.09033109809173047, 0.14413168400810517, 0.1326186601174886, 0.15922177728403, 0.08763161288669541, 0.11573038825172641, 0.22302358627399343, 0.10890496617300308, 0.08405051442120005, 1.13715885352999e-06, -1.4476829042827136e-07, -1.641757771730926e-08, 2.87588702263861e-07, 8.319738000176879e-07, -7.706503030191883e-07, -3.952105525608043e-08, 1.9992724313860466e-07, 1.1039672488500862e-07, -2.2943744781611624e-08, 0.06309461125616292, 0.04665105496013892, 0.035684898413668044, 0.04949304936220139, 0.07977511533630186, 0.057486146146560814, 0.05554248532535412, 0.06711616957111535, 0.061768618068052374, 0.06453768423211714], "cost": 2.7574568527131125, "fun": [0.7016948653410684, 0.23635042132160197, 0.27855977710462576, 0.34178276728559054, 0.6120620681310868, 0.46824946288737657, 0.37795163802215875, 0.3112890806271407, 0.7141485232650684, 0.4392098947290689, 0.735493219329451, 0.2803556940946012, 0.418663455117576, 0.3960083242965846, 0.5459095961970125, 0.6419377617311903, 0.7399700096551658, 0.6635264843608217, 0.38520933447590217, 0.6616375795116597, 0.0, 0.0, 0.0, 0.0, 0.0, 0.0, 0.0, 0.0, 0.0, 0.0, 0.0, 0.0, 0.0, 0.0, 0.0, 0.0, 0.0, 0.0, 0.0, 0.0, 0.0, 0.0, 0.0, 0.0, 0.0, 0.0, 0.0, 0.0, 0.0, 0.0, 0.0, 3.0340332611795347e-18, 4.4251423155999634e-21, 0.0, 0.0, 4.576906711404182e-16, 6.172848193310408e-20, 0.0, 0.0, 1.2077941151211712e-20, 0.0, 0.0, 0.0, 0.0, 0.0, 0.0, 0.0, 0.0, 0.0, 0.0], "grad": [152.13672146040247, -18048.82046850591, -16581.304928253117, -1498.578452752019, 1014.0319488994876, -1219.0123431227973, -19610.418498167255, -1766.8965204583085, 3536.457686625851, -6043.702020908062, 500.264327352402, 19020.401826006768, -16023.916970107715, -5791.860829634481, -17449.27917655317, -147.92208391778763, -1828.5354480714846, -494.8133312379887, 2404.4921394829153, -3794.7318541239733, 3433.068978434799, -320.6010761496242, 715.4927643670146, 2948.426902373622, 526.8664258011505, 858.7367952245863, 18563.296081782264, 197.50510063498595, 2063.7089434922473, 1813.650492727302], "optimality": 19610.418498167255, "nfev": 65, "njev": null, "status": 3, "message": "`xtol` termination condition is satisfied.", "success": true, "res_time": 489.210739999995, "tension_error": [0.0661525570528898, 0.5708754785838192, 0.5612441124446941, 0.7358926131495372, -0.47417176076739764, 0.11337852444719597, 0.18557722961327833, -0.635518143883128, 1.0956209636616387, 0.6661497116637536, -1.725029763849601e-05, 2.196083766794551e-06, 2.490488477028382e-07, -4.36261890422821e-06, -1.2620748308984762e-05, 1.1690492547290832e-05, 5.995204311504354e-07, -3.0328255718003205e-06, -1.6746792734101805e-06, 3.4804849401284826e-07, -0.12120158859475079, 0.12824134495956127, 0.2945940614597588, 0.08512929498489674, -0.374238936234726, -0.03612315638149367, -0.006638509122213653, -0.18220720596135592, -0.10108674088414298, -0.1430924952803083], "git_revision": "018ef57f2e70e762a509d3bbb7a77c8182022b6e", "linregress": [3.9703761137185065, -0.042492005066317035, 0.8692484630794419, 4.6170336750467577e-10, 0.4267422273374373]}