{"x": [0.1040219285092785, 0.12900920291728576, 0.17930561059663122, 0.17259862253327438, 0.1273335601396232, 0.09399248643817938, 0.13641806015944685, 0.16870506916129105, 0.1867079049177567, 0.13625735609193024, 0.005578111206983836, 0.004024179283337044, 0.004162731897212732, 0.0025058039840259233, 0.002826361886296359, 0.0024673664212590497, 0.0012846728502893423, -0.0047741053416631655, 0.0003823389349947347, 0.0024826883800936096, 0.064895412449424, 0.06108230706435935, 0.053244105122082316, 0.04880789717081198, 0.04869339878245257, 0.04658399182308023, 0.05074486905799946, 0.049495632371817984, 0.0471799348603274, 0.05738856169189443], "cost": 0.023287716243055652, "fun": [0.03838600050734225, 0.04734725496797677, 0.01843983825719892, 0.0707419833101311, 0.03402564018482198, 0.03763927899255135, 0.06094084015205687, 0.07844506792196056, 0.09257340558267703, 0.010601591282391274, 0.059486200086796115, 0.0184275734339934, 0.01952431517483387, 0.02591180356293461, 0.044913469615076335, 0.046933935389132514, 0.008751403694359495, 0.058310453560778325, 0.06000422736684767, 0.012790330392691122, 0.0, 0.0, 0.0, 0.0, 0.0, 0.0, 0.0, 0.0, 0.0, 0.0, 0.0, 0.0, 0.0, 0.0, 0.0, 0.0, 0.0, 0.0, 0.0, 0.0, 0.0, 0.0, 0.0, 0.0, 0.0, 0.0, 0.0, 0.0, 0.0, 0.0, 0.0, 0.0, 0.0, 0.0, 0.0, 0.0, 0.0, 0.000108811799532484, 0.0, 0.0, 0.0, 0.0, 0.0, 0.0, 0.0, 0.0, 0.0, 0.0, 0.0, 0.0], "grad": [0.22497404165328588, -0.2761945715073504, 0.018088727467426735, -0.1264295713661818, -271.996994097884, 272.370618861271, 272.9666999164714, -796.2164717484305, 0.2301672059360671, -0.18649336068086875, -0.07594833913914101, 0.07460092840779911, 0.021957199245998413, -0.16752475250635787, 0.05602522383028428, 0.3260664075763272, -0.07487704048468269, -0.32627317949517465, -0.32345092069349185, 0.15271630753581586, -0.35934738023226753, 0.20522481874194298, 0.10301901787661391, -0.7534360344660189, 271.7671352369134, 272.3286033643391, -796.38234308048, 272.6555546391748, -0.9049227057742228, -796.8153931871427], "optimality": 796.8153931871427, "nfev": 1440, "njev": null, "status": 2, "message": "`ftol` termination condition is satisfied.", "success": true, "res_time": 812.9521190000014, "tension_error": [-0.13525676692020544, -0.015857692654847613, 0.027668085768065, 0.1294107226842663, 0.009561215671589955, 0.016886322268653213, -0.12824743678924957, 0.18847455033647814, -0.08462210117528089, -0.12580961291989914, -0.08461797424555133, -0.0610453765300635, -0.06314717068180221, -0.03801216023073094, -0.042874910239114966, -0.037429075997451954, -0.019488032799281838, 0.07242148961473249, -0.005799946425225463, -0.03766150469418194, -0.1485191058220773, -0.0906756456800485, 0.02822710571232799, 0.09552281141617293, 0.09725971147388845, 0.12925866903107733, 0.0661396329203445, 0.08509011164252464, 0.1202184239182762, -0.0346428347160905], "git_revision": "018ef57f2e70e762a509d3bbb7a77c8182022b6e", "linregress": [0.271425171558581, 0.05610222343164589, 0.35424219381385225, 0.05477909791314504, 0.13541096073318204]}