{"x": [0.10321013454189827, 0.16162283320201368, 0.1987928467859239, 0.16480790831385767, 0.12271472569324299, 0.11741740617737244, 0.16896066740674295, 0.1669869548992271, 0.23589767775339965, 0.12035400515460284, 0.057125224911242896, -1.4616934020508202e-06, 0.02108871387839838, -0.011378121589290954, 0.02087118136569004, 0.01829238630923028, 0.018528510401192563, 1.5880353995848667e-05, -0.0036191536105725413, 6.9454879548801045e-06, 0.06732908489683202, 0.10027083169193123, 0.058523095418836185, 0.022068996620533198, 0.002588020894824063, 0.029925796277731797, 0.0891149144207254, 0.05696966171094762, 0.07491810033859475, 0.05940407051522311], "cost": 2.2074798885243796, "fun": [0.274961257614357, 0.2658289916235685, 0.3422459565640762, 0.3409173063149601, 0.7929045642445343, 0.5940126352631728, 0.4623015219787709, 0.2908865202857023, 0.34851629076652807, 0.3568096742368074, 0.524516927949545, 0.4415766255013736, 0.4045174266878724, 0.2766535931818836, 0.8397646331099864, 0.43464181439078825, 0.5280027376745371, 0.5556778999716706, 0.39280027922755795, 0.400517633119643, 0.0, 0.0, 0.0, 0.0, 0.0, 0.0, 0.0, 0.0, 0.0, 0.0, 0.0, 0.0, 0.0, 0.0, 0.0, 0.0, 0.0, 0.0, 0.0, 0.0, 0.0, 0.0, 0.0, 0.0, 0.0, 0.0, 0.0, 0.0, 0.0, 0.0, 0.0, 3.1229775324246178e-15, 0.0, 0.001473030405098377, 0.0, 0.0, 0.0, 0.0, 4.740466150238728e-05, 0.0, 0.0, 0.0, 0.0, 0.0, 0.0, 0.0, 0.0, 0.0, 0.0, 0.0], "grad": [-21782.927953491122, -799.5363447750981, 1405.2246899827526, -30828.12995403357, 14329.35042547325, -16312.245775239422, 3865.8440296708577, -5250.259561554332, 6.230407792692197, -1275.5037705912393, -2401.489515743316, 269.2900455818245, -10327.001863404468, -30501.957911227153, 22749.047061362908, 13661.089130106473, 8088.543015624442, 10110.075087632471, -1.8514841853630148, -9383.451744533399, 7363.440634775352, -8503.591525508416, -4732.021144125265, 1023.2426649457352, -15745.112094197384, -16800.26855059395, -15797.21273698705, 3134.8529539813417, 10548.97974742647, 11635.761973365228], "optimality": 30828.12995403357, "nfev": 104, "njev": null, "status": 3, "message": "`xtol` termination condition is satisfied.", "success": true, "res_time": 440.01790799999435, "tension_error": [-0.12294213953549674, -0.5105949298816487, -0.26794639533407244, 0.2475931021154414, 0.07962730071825144, -0.3384614256775431, -0.6219072796563395, 0.21453773606074633, -0.8308135585524081, 0.11543859639294067, -0.8665694588983633, 2.2173371964110974e-05, -0.3199083312645198, 0.17260208050351328, -0.31660843997965643, -0.2774890309942523, -0.2810709499612681, -0.00024089935384374539, 0.054901280316301315, -0.00010536059592232771, -0.1854370561524779, -0.6851517047993626, -0.051853310112649785, 0.5011424762383923, 0.7966619883220535, 0.3819576040879553, -0.5159203852160399, -0.02828827015401438, -0.30055973645977835, -0.06521739075767322], "git_revision": "018ef57f2e70e762a509d3bbb7a77c8182022b6e", "linregress": [0.7554819046271809, 0.2552501369054226, 0.1849120738112662, 0.32795574757791734, 0.75879607190282]}