{"x": [0.09080401884889687, 0.13545640305360324, 0.21921265547933116, 0.20447422118996741, 0.1876845831108115, 0.11888119437248014, 0.08632808993971669, 0.1453696457873623, 0.20512103613164043, 0.10438251311034304, 0.0, 0.0, 0.0, 0.0, 0.0, 0.0, 0.0, -2.7072196062762287e-06, 0.0, 2.92275458663079e-07, 0.048848370286842135, 0.03931873019800983, 0.04322698774809103, 0.044159572513092174, 0.05206077770176942, 0.06205977710342039, 0.06464089660034406, 0.03697900212057335, 0.06990170884561597, 0.05249328506050948], "cost": 3.2500149561279326, "fun": [0.543237241320159, 0.705025395950183, 0.6734370323026233, 0.5532672722501406, 0.49304194248079963, 0.7477231728137389, 0.7473365832662752, 0.5306973759531706, 0.6018445854255317, 0.49029032016723406, 0.4617896213659956, 0.5713975711647779, 0.43425018069032917, 0.31749239555517467, 0.41807094925875815, 0.6271690696871376, 0.7197458687397601, 0.4909346344992467, 0.3395663829569828, 0.6570439222837723, 0.0, 0.0, 0.0, 0.0, 0.0, 0.0, 0.0, 0.0, 0.0, 0.0, 0.0, 0.0, 0.0, 0.0, 0.0, 0.0, 0.0, 0.0, 0.0, 0.0, 0.0, 0.0, 0.0, 0.0, 0.0, 0.0, 0.0, 0.0, 0.0, 0.0, 0.0, 0.0, 0.0, 0.0, 0.0, 0.0, 0.0, 1.984131535955635e-14, 0.0, 0.0, 0.0, 0.0, 0.0, 0.0, 0.0, 0.0, 0.0, 0.0, 0.0, 0.0], "grad": [1533.430321166823, -5746.869434627059, 3903.0804877837736, -46430.12957267981, 45929.74605932698, -48367.410297718976, -44224.26926372039, 51650.86391540088, -47970.914437933694, -702.6591669805637, 9797.65806962237, -762.6452769987677, -6284.5694993566885, -2700.5609454555124, -6547.132292160868, -51439.87478325766, -48164.01123178031, -47329.455657004946, 1153.8319154405922, -2543.512445345803, -51051.74572890045, 45602.35355451956, -3065.4122696523846, -1889.085160354973, -1080.311485260636, -5478.6457971092705, 49883.25263037103, -10003.256382173788, 42971.67581786525, 51306.99321710774], "optimality": 51650.86391540088, "nfev": 65, "njev": null, "status": 3, "message": "`xtol` termination condition is satisfied.", "success": true, "res_time": 602.5025700000115, "tension_error": [0.06525424795914306, -0.11365943859490624, -0.5777076715084339, -0.35413083575877935, -0.9059424589548609, -0.36066657491147885, 0.6315996965391274, 0.5424646700730531, -0.3639427896702754, 0.3577204821990443, 0.0, 0.0, 0.0, 0.0, 0.0, 0.0, 0.0, 4.1067563987273047e-05, 0.0, -4.433715341278027e-06, 0.0949088485597872, 0.23947011843848623, 0.18018323360483451, 0.16603625253929744, 0.04617776418086599, -0.10550352047887103, -0.14465819040404707, 0.27496296590094577, -0.22446285161692456, 0.039616780510074924], "git_revision": "018ef57f2e70e762a509d3bbb7a77c8182022b6e", "linregress": [2.895445288583795, 0.002099514759109522, 0.7876072295499134, 2.4069386217726526e-07, 0.4280875224918787]}