{"x": [0.09093546753161609, 0.13598968620047297, 0.17791887971151907, 0.1892909123316632, 0.132216930681088, 0.10588153678644746, 0.1417943870426907, 0.18970033185234886, 0.20388154465025385, 0.14345633634001012, 0.0048176900951005025, 0.004495242572649185, -0.0008051087266385663, 0.0025025060317258904, 0.001196059635128691, 0.0026853937252282805, 0.0011361282944430371, -0.0028800233223173983, 0.002514836363899211, 0.004407381632335684, 0.05789624908989908, 0.053497223134779705, 0.055804604311265195, 0.05212274917138926, 0.056416868963136586, 0.06155695081700051, 0.06715845317669529, 0.05940551122415471, 0.060303162729410976, 0.07002472897793154], "cost": 0.027109648977046916, "fun": [0.06736829823865889, 0.06092091511490934, 0.0636323849646065, 0.07456549325961556, 0.040909734477610225, 0.03419495734765615, 0.025284071570375925, 0.046427389565025304, 0.059093395171112305, 0.059250725525775975, 0.04951139638493875, 0.033667131014413494, 0.04095145096524461, 0.03376546339629603, 0.03926246952590584, 0.034928864247828775, 0.07208778110086549, 0.038967123455488896, 0.034407253663647455, 0.08159350207165908, 0.0, 0.0, 0.0, 0.0, 0.0, 0.0, 0.0, 0.0, 0.0, 0.0, 0.0, 0.0, 0.0, 0.0, 0.0, 0.0, 0.0, 0.0, 0.0, 0.0, 0.0, 0.0, 0.0, 0.0, 0.0, 0.0, 0.0, 0.0, 0.0, 0.0, 0.0, 0.0, 5.21871526290035e-07, 0.0, 0.0, 0.0, 0.0, 2.3888452338587857e-05, 0.0, 0.0, 0.0, 0.0, 0.0, 0.0, 0.0, 0.0, 0.0, 0.0, 0.0, 0.0], "grad": [-694.0656403605187, 0.0355797969089985, -0.24443116019872577, -693.4521675853664, 693.8842771781719, -0.004240852933849237, 0.1469546829209621, -0.39779918325063257, -0.0854211738386833, 693.8754594257138, -0.08205158694633577, -693.2433638103287, 693.449148740349, 0.2177819304115316, 0.05798684894508879, -0.020971752638266887, 693.4797987608608, -0.1377478506548679, 0.2145164319804311, 0.06496345066322848, -694.099835877757, 694.1247783526509, -694.6646256565944, 693.4528834945781, -692.140349109521, -695.9367303506538, 0.244316372904334, 0.5780032409755765, -692.6895875109575, 693.9915460259244], "optimality": 695.9367303506538, "nfev": 1004, "njev": null, "status": 2, "message": "`ftol` termination condition is satisfied.", "success": true, "res_time": 604.4703219999938, "tension_error": [0.06326021793065946, -0.12174915533108611, 0.04870430286158893, -0.12380541013340238, -0.06451778838121527, -0.1634663668126003, -0.209804414207056, -0.13001615946619263, -0.3451401422583279, -0.23501559727954757, -0.0730826549101181, -0.06819124003187642, 0.012213214646971495, -0.03796213146069891, -0.01814380166439668, -0.04073647309075426, -0.01723466442161623, 0.04368893524555847, -0.03814917823900173, -0.06685842064037172, -0.04234427299422358, 0.024387394977859873, -0.010614761437033726, 0.04523767890366948, -0.019902599671353993, -0.09787582354428985, -0.182848633303911, -0.06523924580264198, -0.0788563016724059, -0.2263290235166403], "git_revision": "018ef57f2e70e762a509d3bbb7a77c8182022b6e", "linregress": [0.7347540553609954, 0.04207672695194823, 0.5738019849793466, 0.0009156749563892783, 0.19818997620754517]}