{"x": [0.09774209877846995, 0.13475900803053223, 0.22305304430858672, 0.1363995583275639, 0.10463526522643604, 0.13849695766890804, 0.14122859868722631, 0.1617881778367697, 0.19883051934160972, 0.12890051988646964, 1.0381983574603153e-06, -8.21711416872209e-06, 0.00017885675884994707, -1.1958238194684403e-06, 5.9660373465157875e-05, 7.497784840564081e-06, 5.469517921806859e-07, 1.501258437547977e-06, -4.844787634981414e-06, -1.6565308977825718e-05, 0.06241857733831862, 0.03852098516759845, 0.05549561926070369, 0.05229942918264308, 0.08151107670252095, 0.04091326105792252, 0.047440489273998014, 0.042488762863029446, 0.04461249159430819, 0.04315646093317653], "cost": 2.8856999071079485, "fun": [0.35718680542045833, 0.5779473593854879, 0.3648515776896451, 0.7010929147158976, 0.5036569876500886, 0.803308309294532, 0.44283668025718603, 0.3780497433418001, 0.34870140766750307, 0.4990370093226041, 0.6052631081916883, 0.47223372491302407, 0.5166687679571597, 0.5248088126845, 0.794690147126605, 0.7977643580592596, 0.3528849293147248, 0.44275479139543966, 0.33188489476065974, 0.49611346317954197, 0.0, 0.0, 0.0, 0.0, 0.0, 0.0, 0.0, 0.0, 0.0, 0.0, 0.0, 0.0, 0.0, 0.0, 0.0, 0.0, 0.0, 0.0, 0.0, 0.0, 0.0, 0.0, 0.0, 0.0, 0.0, 0.0, 0.0, 0.0, 0.0, 0.0, 0.0, 5.548274803386383e-13, 0.0, 1.7100216130108488e-15, 0.0, 0.0, 0.0, 0.0, 1.1371669659523673e-13, 4.545677516697035e-12, 0.0, 0.0, 0.0, 0.0, 0.0, 0.0, 0.0, 0.0, 0.0, 0.0], "grad": [-9396.134435205455, -10808.810968707636, -400.64808044556673, -318.8271144208272, -5407.944325823808, -90.62530033940067, -484.62831529049834, -9118.859127819727, 9349.702280062427, 7388.709065703028, -344.7186035022442, 379.411889791744, -13803.893725264386, 9057.062901441896, -14875.910451872467, 11365.393299182228, -13302.100483415146, 13572.161782247998, 548.6193830069781, 3065.3143603628546, 1251.8416004558053, 10282.628967230716, -3947.5565054575445, -1316.7217489993268, 499.7503309580624, -974.2435201990511, -824.6873369284692, -872.6486527951358, 257.6235338917363, -15533.633622537247], "optimality": 15533.633622537247, "nfev": 69, "njev": null, "status": 3, "message": "`xtol` termination condition is satisfied.", "success": true, "res_time": 468.92055600001186, "tension_error": [-0.03999397083921214, -0.10308020273684114, -0.635965011849729, 0.6785377244616521, 0.35388632198666103, -0.65823076677374, -0.2012216049523431, 0.2934013454897972, -0.26851787468048555, -0.014209009514394398, -1.574910191165811e-05, 0.00012465071586079902, -0.0027131937769650605, 1.814022442422965e-05, -0.0009050267658762603, -0.00011373874435188814, -8.297065251470441e-06, -2.277355955996441e-05, 7.349371500674903e-05, 0.0002512898786779815, -0.11094639314836967, 0.2515716284179487, -0.005927567496199571, 0.042557505617905333, -0.4005728562171902, 0.21528164921813422, 0.11626590561101457, 0.19138184402933747, 0.15916563025739092, 0.18125310044445292], "git_revision": "018ef57f2e70e762a509d3bbb7a77c8182022b6e", "linregress": [2.263382157389863, 0.015002466872442138, 0.6948884943009958, 2.035064995882361e-05, 0.44265320162428085]}