{"x": [0.1044118446664786, 0.14843610065900537, 0.20712851192907528, 0.19788239209535619, 0.15189025501032777, 0.11258911539482162, 0.15501836576145564, 0.1964234483280399, 0.19050434003458094, 0.1351375190076919, 0.005578644979965926, 0.00426543260398567, 0.002466764932959081, -0.0014071498961700497, 0.0017579710199252445, -0.001039234396523623, 0.0005811493423193803, 0.003288090639372703, 0.0033681009282315742, 0.003246528073128639, 0.04726634907622028, 0.056189686714894944, 0.06303238529909111, 0.05625455113146441, 0.05709478384544057, 0.057345090487662516, 0.05938194984153246, 0.05976272576180879, 0.05075916598108847, 0.04935627745044711], "cost": 0.09578849492789485, "fun": [0.10038527049285778, 0.024746512176772647, 0.04490104004880903, 0.07829322541183345, 0.10615325282201926, 0.08944869825059645, 0.11806041167334029, 0.1646881748515051, 0.1347722226738555, 0.12231206509035394, 0.11298952359197212, 0.07370791163337972, 0.05694092963108459, 0.04262825358644252, 0.022065119962540125, 0.11244332934417164, 0.10918386246955913, 0.14559061147360794, 0.07661398717714031, 0.06253711062230115, 0.0, 0.0, 0.0, 0.0, 0.0, 0.0, 0.0, 0.0, 0.0, 0.0, 0.0, 0.0, 0.0, 0.0, 0.0, 0.0, 0.0, 0.0, 0.0, 0.0, 0.0, 0.0, 0.0, 0.0, 0.0, 0.0, 0.0, 0.0, 0.0, 0.0, 0.0, 0.0, 0.0, 2.786256463253862e-06, 0.0, 1.1223815981749854e-06, 0.0, 0.0, 0.0, 0.0, 0.0, 0.0, 0.0, 0.0, 0.0, 0.0, 0.0, 0.0, 0.0, 0.0], "grad": [654.6400162722703, 653.6964994659056, -0.2983069544058139, 654.6790374608731, 656.426974632767, 1.3316006945447292, -653.0988604645703, 655.1802552393676, -0.2076967702419492, -656.569256374741, 656.179696593772, -1.032936790022037, 1.5053200286551696, -0.40554836471241157, 1.0926898498537116, 652.7956832589593, -1.7747734531286143, -655.0193020780694, 1.0086896683657172, -654.7797645421736, -657.3314221454566, 0.9169448027910366, -654.699907684892, 654.362475112863, -654.3044129318739, -1.2215727392447828, -654.718716547123, 655.2291653035998, -654.918818876678, 654.7913724903683], "optimality": 657.3314221454566, "nfev": 1128, "njev": null, "status": 3, "message": "`xtol` termination condition is satisfied.", "success": true, "res_time": 935.506183999998, "tension_error": [-0.14117165712651292, -0.3105568608467004, -0.39439548755002235, -0.2541351196711303, -0.36295516075409867, -0.26521796208786114, -0.4104074945556857, -0.2320034586935017, -0.14221267924373826, -0.10882208039551063, -0.08462607139291457, -0.06470510408223927, -0.03741995163266481, 0.02134596626984969, -0.026667798645214607, 0.015764818257841134, -0.008815829992710097, -0.04987917212749897, -0.05109289991291183, -0.04924868269666511, 0.11890755082458128, -0.01645632531119253, -0.12025764283291034, -0.017440295570490295, -0.030186328683363364, -0.033983391921993164, -0.06488182796102149, -0.07065806400574728, 0.06592275365335856, 0.08720407651521991], "git_revision": "018ef57f2e70e762a509d3bbb7a77c8182022b6e", "linregress": [1.4799133223829644, 0.02435388086795949, 0.7726774837932475, 5.636252344017081e-07, 0.22977093881382726]}