{"x": [0.10868011384281777, 0.15302819518353233, 0.16081852489216844, 0.22630671243199432, 0.11951187770688393, 0.11251062316865804, 0.11985672103925829, 0.20763489296327592, 0.15234081959854193, 0.12347534842122702, -0.004998673135917665, 0.0011542922807278152, -0.007201780536622649, 0.012177160352881007, -0.0022325095003492197, 0.002067354668513456, 0.0013447889196365112, 0.00949104500864842, -0.006464998105821366, -0.0039025908637927045, 0.06240110310171118, 0.08334975213778226, 0.06263456589539171, 0.06464105688066676, 0.07158281457731784, 0.0735857577873698, 0.07499544740825466, 0.06692477176204094, 0.0560131523624797, 0.03977970307698078], "cost": 0.1303807848730525, "fun": [0.03402894810104006, 0.1538706882857343, 0.21090715925723102, 0.1414027801601678, 0.14662449670879407, 0.09069443936546728, 0.08804445115271715, 0.11655176190760953, 0.16148771388546415, 0.062339950049851454, 0.06283308658942005, 0.1456368195638381, 0.1353653661087251, 0.11155450766246984, 0.08387940015123281, 0.06987168059793132, 0.048894737727935025, 0.09911454130174638, 0.05266890603790577, 0.08713904089817585, 0.0, 0.0, 0.0, 0.0, 0.0, 0.0, 0.0, 0.0, 0.0, 0.0, 0.0, 0.0, 0.0, 0.0, 0.0, 0.0, 0.0, 0.0, 0.0, 0.0, 0.0, 0.0, 0.0, 0.0, 0.0, 0.0, 0.0, 0.0, 0.0, 0.0, 0.00012490051160001322, 0.0, 0.0003735249775399095, 0.0, 1.1127047629554211e-05, 0.0, 0.0, 0.0, 0.00027021235711652047, 5.9437299669382225e-05, 0.0, 0.0, 0.0, 0.0, 0.0, 0.0, 0.0, 0.0, 0.0, 0.0], "grad": [-519.3908824294292, 520.3358943804147, -0.6345585518491099, -519.4641865758881, -520.3007766109478, -519.5179927515603, -0.27848515176086364, -518.9162451765408, 518.0055402493265, -519.4073949154276, -520.4815549894729, 518.3125327329979, 0.9788270058371431, 520.6630698344462, -0.6449367824713551, -518.7643571296189, 0.19107199942352585, 0.5013368188490479, 519.9007164416091, -520.4094772894655, 518.3048337839804, -518.8663905728297, -519.609692850958, 519.8379843351879, -519.9147355731312, 518.6854442440514, -518.2347412473468, 517.6600203903275, 521.0258974909289, 521.2960532602725], "optimality": 521.2960532602725, "nfev": 474, "njev": null, "status": 3, "message": "`xtol` termination condition is satisfied.", "success": true, "res_time": 481.53832200000033, "tension_error": [-0.20591979100816774, -0.3802173107357351, 0.3081106377302717, -0.6853220065839636, 0.12821337194659657, -0.26402726277665506, 0.12298222055236291, -0.4020771087512595, 0.43671442879476585, 0.06808892293787445, 0.07582810363254129, -0.017510205669649715, 0.1092484637464873, -0.18472321595775237, 0.033866379567152, -0.03136103917714505, -0.020399972310526017, -0.1439757961619118, 0.09807173484297223, 0.05920092320674523, -0.11068131515900337, -0.4284649123009907, -0.11422286317228424, -0.14466062179985756, -0.24996463102410046, -0.2803485711562516, -0.3017330641518216, -0.17930376888777508, -0.0137783616184957, 0.23247732289295722], "git_revision": "018ef57f2e70e762a509d3bbb7a77c8182022b6e", "linregress": [1.6977445512832356, 0.08246593055612918, 0.6812240859286336, 3.414425252395537e-05, 0.3447933541897877]}