{"x": [0.11993493105352941, 0.1238139087101889, 0.25029936985169, 0.163912949161382, 0.1441574840296222, 0.08586553429893111, 0.1522813220489422, 0.1984902201366546, 0.17350476552979946, 0.13481101220685093, -2.4313193092787795e-07, 2.9067599547187827e-08, 6.022524703555903e-08, 1.0110028689454066e-07, 2.8070580939533465e-07, -2.3022361005538587e-07, 2.9504118953638686e-08, -7.539418576950328e-08, -8.870855011574271e-08, 7.076677756042676e-08, 0.03301482034077873, 0.06341040218111263, 0.07167905237556482, 0.06605254666100085, 0.05160199545466079, 0.05018135199503211, 0.05628600191017533, 0.05246159835174797, 0.07897286261718553, 0.03704026089557871], "cost": 2.288051289440515, "fun": [0.5264710079997513, 0.5177783598421495, 0.4513241455936936, 0.3446709903266833, 0.24482955176763077, 0.28510278161551406, 0.3773472162489456, 0.41033747656295116, 0.2719605473587038, 0.6276257864719981, 0.6076236178388713, 0.6976582180432492, 0.3899829609027723, 0.2838891907705152, 0.2757695612361139, 0.39589672577408946, 0.4498781744125602, 0.6934323446396414, 0.7135632888760401, 0.5240874499231971, 0.0, 0.0, 0.0, 0.0, 0.0, 0.0, 0.0, 0.0, 0.0, 0.0, 0.0, 0.0, 0.0, 0.0, 0.0, 0.0, 0.0, 0.0, 0.0, 0.0, 0.0, 0.0, 0.0, 0.0, 0.0, 0.0, 0.0, 0.0, 0.0, 0.0, 1.437229085918329e-17, 0.0, 0.0, 0.0, 0.0, 1.2202521427975806e-17, 0.0, 4.2856190715460476e-19, 6.980659314341102e-19, 0.0, 0.0, 0.0, 0.0, 0.0, 0.0, 0.0, 0.0, 0.0, 0.0, 0.0], "grad": [1886.4329681760962, -3136.1587295458075, -1179.5570046282241, 3375.2726192527552, 2037.270427904235, 2148.587691031172, 8298.44725953637, 9452.561139255413, -2226.713297268452, 3007.3480594154944, 1582.6905746057066, 1017.7588828281976, -3982.149848351134, 1123.4152896417656, -377.695813915156, 2439.774972566309, -1810.6122363395268, -2161.8344136608366, -2317.107559484848, -588.7362071520331, 203.79458681273718, 1466.929587170962, -1549.4373012577828, -4901.364209959875, 2233.4713438136705, -1669.586354688408, -2856.9561630541325, -3310.6208777065813, -3171.8513403600728, 3801.7723911916323], "optimality": 9452.561139255413, "nfev": 64, "njev": null, "status": 3, "message": "`xtol` termination condition is satisfied.", "success": true, "res_time": 354.5638880000042, "tension_error": [-0.3766513876966712, 0.06295308309013638, -1.049282134356301, 0.2611693159457058, -0.24565175976186618, 0.14016931202919267, -0.36888750942443893, -0.2633556560921178, 0.1156648538950698, -0.10386908769970954, 3.688225405719481e-06, -4.409452050336412e-07, -9.135956981650883e-07, -1.533655596889014e-06, -4.258207853628383e-06, 3.4924107432627144e-06, -4.4756705004929745e-07, 1.1437031340860877e-06, 1.345677332437569e-06, -1.0735069880915345e-06, 0.3350982015210908, -0.12599202524307682, -0.2514245243878821, -0.16607242257762486, 0.05313732861578614, 0.07468798747114644, -0.01791739276059858, 0.04009745667561118, -0.36206904621180636, 0.27403369194899807], "git_revision": "018ef57f2e70e762a509d3bbb7a77c8182022b6e", "linregress": [2.088582637961442, 0.018591721006000178, 0.6142517222561639, 0.00030520385299359165, 0.5070653006391755]}