{"x": [0.08452465854012194, 0.1478213420073478, 0.18855800973778652, 0.18178412345463157, 0.15172484820936485, 0.08283420921484091, 0.10811990172395654, 0.20562423031187504, 0.13160131603648773, 0.12123434519617936, 0.06763861051597624, 0.04668375482649029, 0.01762292907080269, 0.01350246559513553, 0.023737109620049192, 0.024637426952750365, 0.029666021608962936, 0.04472757445549987, 0.025402131103596386, 0.07036474884545457, 0.1448496644555162, 0.15245531478400243, 0.10054842584103724, 0.05809876373391908, 0.07954177919155715, 0.08311217347931359, 0.058786910628520254, 0.07730533076442891, 0.05375780002214642, 0.08168313877706816], "cost": 0.2136499344799072, "fun": [0.05859490075510836, 0.08139704347793318, 0.15278821333624076, 0.08755708880318659, 0.17424199776113702, 0.1731163282307906, 0.0785280816198127, 0.09248207906930275, 0.25328009818235164, 0.2033020350873507, 0.14708178123118762, 0.20707012116609855, 0.07186707580503562, 0.04575567240178204, 0.13651957563795133, 0.18104620568713, 0.12571897223508013, 0.17378527906361269, 0.026594065524047913, 0.189209393700955, 0.0, 0.0, 0.0, 0.0, 0.0, 0.0, 0.0, 0.0, 0.0, 0.0, 0.0, 0.0, 0.0, 0.0, 0.0, 0.0, 0.0, 0.0, 0.0, 0.0, 0.0, 0.0, 0.0, 0.0, 0.0, 0.0, 0.0, 0.0, 0.0, 0.0, 0.0, 0.0, 0.0, 0.0, 0.0, 0.0, 0.0, 0.0, 0.0, 0.0, 0.0, 0.0, 0.0, 0.0, 0.0, 0.0, 0.0, 0.0, 0.0, 0.0], "grad": [-0.6433088604785885, 0.8719967184653061, -1.0216532435405448, 0.02033966084997363, 2.087806296912081, 1.039718525619431, 0.21875971003975014, 0.19705542271709153, -0.03721848390225624, -2.7449584217707717, -0.6628005262349779, 0.3522783411518697, 1.0759801402170657, 0.3054359822093875, -0.4655191711441493, -1.0912647111261102, 1.3444268660816825, 1.6655379017491057, -2.4037708673058713, -0.1431724780588013, 2.315233953611937, -1.5098180755709563, 0.7627796404646636, 0.5032868865078728, 0.0104082832046144, -1.0967372618942806, -0.26470355400186174, 0.5080436161524883, -1.7874801588846352, 1.394001817994121], "optimality": 2.7449584217707717, "nfev": 2277, "njev": null, "status": 2, "message": "`ftol` termination condition is satisfied.", "success": true, "res_time": 1958.6398169999957, "tension_error": [0.16050992307390316, -0.3012311895176563, -0.11268753698388376, -0.009930077732684563, -0.3604459980815447, 0.18615344149120344, 0.30102561870180594, -0.3715760674239162, 0.7513253630626648, 0.10208414930479662, -1.0260538003401516, -0.7081760504609164, -0.2673336014487029, -0.20482762777302443, -0.36008355802917424, -0.3737410535584763, -0.45002305607179505, -0.6785014860591028, -0.3853413450802266, -1.0674083546675726, -1.3613968319963585, -1.4767718576521318, -0.6893627098668771, -0.0454163485223301, -0.3706993094410107, -0.42486092807449755, -0.05585529354221679, -0.33677317774766863, 0.020434535752576526, -0.4031829770363025], "git_revision": "018ef57f2e70e762a509d3bbb7a77c8182022b6e", "linregress": [-1.7452650170193298, 0.5604902580863932, -0.29058714372382244, 0.11927735687203068, 1.0860483655319892]}