{"x": [0.10779069822615929, 0.11334307800511853, 0.2140503314229093, 0.1926234776512374, 0.12864679057906062, 0.10918466448104014, 0.11553624540580956, 0.17726561577831962, 0.16513585918599238, 0.1298607553851571, 0.0076104017230142484, -0.018788974450496362, 0.006095215003587981, -0.008557150036604694, 0.0011713541512871637, -3.932162647221068e-05, -0.0003774611710623002, 0.007176068688289832, 0.004013186104435417, -0.00018320355794462507, 0.04423122315330821, 0.1082050785738419, 0.03227930556231984, 0.06404680617260579, 0.05371366735705894, 0.061360345586121516, 0.06673131283766752, 0.05561323824275502, 0.04851746456713279, 0.04473861882240781], "cost": 1.048726202415688, "fun": [0.5475899883637683, 0.5325030168283267, 0.4961212153855871, 0.21635902623994704, 0.14798571599787763, 0.18076911364243992, 0.23349798036631747, 0.11696547462777682, 0.15455424934835493, 0.3403394119997705, 0.4845707575314619, 0.5110847256912813, 0.44021149377221347, 0.2283866263855509, 0.21786389897611902, 0.13716088926102157, 0.11329301032500776, 0.15918702371990764, 0.14151984018684494, 0.3034870172225966, 0.0, 0.0, 0.0, 0.0, 0.0, 0.0, 0.0, 0.0, 0.0, 0.0, 0.0, 0.0, 0.0, 0.0, 0.0, 0.0, 0.0, 0.0, 0.0, 0.0, 0.0, 0.0, 0.0, 0.0, 0.0, 0.0, 0.0, 0.0, 0.0, 0.0, 0.0, 0.006632988244148648, 0.0, 0.000626595743323767, 0.0, 6.079871776264582e-11, 5.3779510983487075e-08, 0.0, 0.0, 6.148960612731655e-09, 0.0, 0.0, 0.0, 0.0, 0.0, 0.0, 0.0, 0.0, 0.0, 0.0], "grad": [-610.7856348181182, 14357.116120671153, 1064.1296508004193, -11632.057485886053, 4661.0064228351375, 16.093868480124517, 575.9697939059708, 7.93825139162617, 16.091875065762256, -7815.260420367507, 6334.34101637893, -5409.20081387402, 2367.8043454938456, 8998.800190877007, -4830.258058403991, 16.994137879399602, -12050.846838210673, 30.514322606106944, -13056.719765777183, 5497.42725719454, 10527.201988402474, -5969.839262616507, -6219.495873400143, 11431.046318687051, 4820.6036462367665, 9279.217616708138, 11525.933910358892, -226.15316292457908, 6.194866943698035, 6548.515973094658], "optimality": 14357.116120671153, "nfev": 226, "njev": null, "status": 3, "message": "`xtol` termination condition is satisfied.", "success": true, "res_time": 834.3298789999972, "tension_error": [-0.19242767065571376, 0.22179188175407624, -0.49939704128890966, -0.17435924743056638, -0.01036002565534232, -0.2135736457497555, 0.1885223079249444, 0.05861408569377956, 0.2426182033688266, -0.02877544243094682, -0.11544710263037702, 0.2850220974730435, -0.09246225596021905, 0.12980893971890886, -0.017769028211904573, 0.0005964951670294577, 0.005725952471448804, -0.10885842410057495, -0.06087861389399236, 0.00277913318193489, 0.16494933766730863, -0.8055114239585631, 0.346255700586892, -0.13564604872229896, 0.021104012673919443, -0.0948933917235993, -0.1763690654240459, -0.007711805856586954, 0.09992857129909262, 0.15725232481349188], "git_revision": "018ef57f2e70e762a509d3bbb7a77c8182022b6e", "linregress": [0.6646321753449277, 0.11150034855328772, 0.24987923709103232, 0.18294895753816937, 0.4867117098710524]}