{"x": [0.09924342361876647, 0.134290331651684, 0.20187542385921745, 0.20160808448997, 0.13379887731216009, 0.09498385366162748, 0.13138531271511175, 0.1716418317534513, 0.1655351680747447, 0.12693887115993957, 0.0036236783939235856, 0.0005479423298700961, 0.00023506713472594776, -0.0004754326900002627, -0.0030933614189543176, -0.002158004655671412, 0.0029191912660667136, 0.0008113044511464259, 8.88833755941032e-06, 0.0030472014149556114, 0.057824734804472595, 0.06210902524902381, 0.06488252252606744, 0.06852861254030776, 0.061574310150602066, 0.05044957742872044, 0.050740388192505974, 0.050881219325686636, 0.04306773825612701, 0.047365346376709035], "cost": 0.039753214223438596, "fun": [0.02842712288805922, 0.013334081132468322, 0.05014383859564616, 0.09378929769640217, 0.04130929475226483, 0.0667960825364688, 0.06175812868966436, 0.07937131763765921, 0.11690675906722404, 0.05399398313092742, 0.031148169625602195, 0.06707622404845343, 0.04199361084627, 0.07595019990457955, 0.0356826127542757, 0.037832364345301316, 0.10360929230858645, 0.010514960160730608, 0.06387128750820915, 0.060944660317098366, 0.0, 0.0, 0.0, 0.0, 0.0, 0.0, 0.0, 0.0, 0.0, 0.0, 0.0, 0.0, 0.0, 0.0, 0.0, 0.0, 0.0, 0.0, 0.0, 0.0, 0.0, 0.0, 0.0, 0.0, 0.0, 0.0, 0.0, 0.0, 0.0, 0.0, 0.0, 0.0, 0.0, 1.0746501891434306e-07, 2.9600019273937865e-05, 1.004979335602281e-05, 0.0, 0.0, 0.0, 0.0, 0.0, 0.0, 0.0, 0.0, 0.0, 0.0, 0.0, 0.0, 0.0, 0.0], "grad": [-177.56091378850735, -177.98958339840183, 0.07715537012083729, -177.14181785201907, -177.50731938001684, -177.95668886340397, -177.26161603557492, -0.583509812264331, -0.3658086329113599, -178.3247337143, 0.038422849915553225, -0.1474766334098621, -0.5692739541735142, 0.09865863347921816, -1.2524755877946667, -0.985263170175028, 0.47844857346978575, 0.7342876997888979, 0.08739098068292595, 0.8871737440252825, 178.40887358577135, 176.6569454294588, 178.78219442319136, 177.37034470671477, 177.32126672747972, 176.80074373545065, 178.40633486431034, 178.57748975236058, 177.99232185044616, 177.35950707172438], "optimality": 178.78219442319136, "nfev": 1038, "njev": null, "status": 2, "message": "`ftol` termination condition is satisfied.", "success": true, "res_time": 691.3281180000049, "tension_error": [-0.0627685377053877, -0.09597054782260686, -0.3147079993464314, -0.3106525556626484, -0.08851535930061523, 0.001847632097581089, -0.05190243794879424, 0.14392490043391132, 0.23656082874672174, 0.015548507907007725, -0.054969919679494, -0.008312091357903534, -0.003565885299545881, 0.007212145764961978, 0.046925198722022735, 0.03273616742290104, -0.0442830991000333, -0.012307201596565152, -0.00013483293731152187, -0.04622496778638868, -0.04125942657616889, -0.10625059743049112, -0.14832357024343074, -0.2036334662769975, -0.09813915849569374, 0.07061910250316228, 0.06620760606517005, 0.06407124758139994, 0.18259899207747973, 0.11740579678772224], "git_revision": "018ef57f2e70e762a509d3bbb7a77c8182022b6e", "linregress": [0.9109754762800483, 0.029200140268401294, 0.6664444438592557, 5.801277097832699e-05, 0.1925942105663061]}