{"x": [0.11185679851484383, 0.16263102682149083, 0.16270390366937834, 0.1441355202495409, 0.14116698709861, 0.06948250522323732, 0.0704125976809329, 0.16581026307948438, 0.18953295251301536, 0.11021243167104472, -0.00012612824106120969, -0.0016401353944794845, 0.0010948035165488233, 0.002424338683346884, 0.00016740116884447678, 0.0010564911739231852, 7.847894025329064e-05, 0.0001285826987325602, -0.00027135156332233867, -0.0003389083782255495, 0.05216695439975844, 0.05552346550010345, 0.05347881474466657, 0.05490732831952903, 0.061260245088126386, 0.06236792691883761, 0.05090839249821914, 0.051243471191869124, 0.06356964729971892, 0.052696826625092084], "cost": 2.519552470854947, "fun": [0.5091217348814562, 0.5589824284917061, 0.6167616175170249, 0.40418941635319766, 0.5119748895354844, 0.5314895555706748, 0.7123059211565786, 0.6235904398842612, 0.40820978535515706, 0.29652305168582127, 0.6474978336925128, 0.32087025465013663, 0.4556396802290499, 0.6723348917014466, 0.28933761812712516, 0.6104092051521787, 0.36546029441471556, 0.3184784167516053, 0.43579215216491474, 0.40644341380807913, 0.0, 0.0, 0.0, 0.0, 0.0, 0.0, 0.0, 0.0, 0.0, 0.0, 0.0, 0.0, 0.0, 0.0, 0.0, 0.0, 0.0, 0.0, 0.0, 0.0, 0.0, 0.0, 0.0, 0.0, 0.0, 0.0, 0.0, 0.0, 0.0, 0.0, 2.006490083873295e-09, 4.4120365611703386e-06, 0.0, 0.0, 0.0, 0.0, 0.0, 0.0, 1.998006901349341e-08, 3.8926639738662886e-08, 0.0, 0.0, 0.0, 0.0, 0.0, 0.0, 0.0, 0.0, 0.0, 0.0], "grad": [-6725.380755662687, 1080.234588471421, 1969.9039615470738, -3135.962730810377, -6418.823924538351, 190.36080976566618, 723.4970514861008, 3260.8006015759665, 11.420628933590251, 1350.9087739824558, -2397.840595234915, -8827.007249982722, -1644.250785409068, -2967.110471709434, -9638.37185486966, -4598.0921768299395, 8574.835435913195, 1226.6969710059734, -5673.676214976542, 507.21894248234094, -9664.212434529538, -2243.6111232064704, -2496.380661588229, 3875.963864008517, -4372.548237143633, 921.9651261377967, -2692.3407330803057, 1808.376425122691, 1843.0648641984876, 1053.869345277708], "optimality": 9664.212434529538, "nfev": 133, "njev": null, "status": 3, "message": "`xtol` termination condition is satisfied.", "success": true, "res_time": 597.6703790000029, "tension_error": [-0.25410897401104393, -0.5258888705296294, 0.2795101084662952, 0.5611859180188457, -0.20028697894269393, 0.3886940690572562, 0.8730320854045401, 0.23238773481539277, -0.12747707408416817, 0.26928267945221457, 0.0019133208101681108, 0.02488027388115218, -0.016607782155952957, -0.03677636043058812, -0.00253941652798572, -0.016026597467930948, -0.001190497768645571, -0.001950554064994781, 0.004116307248939772, 0.0051411202387622494, 0.044567101223005993, -0.006349985099745089, 0.024666643745533238, 0.002996598025435062, -0.09337490257072728, -0.1101780441979571, 0.06365904016419269, 0.05857601488602899, -0.12840771737343204, 0.03652912696021626], "git_revision": "018ef57f2e70e762a509d3bbb7a77c8182022b6e", "linregress": [2.2602338731107574, -0.00258707370661021, 0.6881580997050722, 2.634917314537877e-05, 0.45036012411629944]}