{"x": [0.09064645218565492, 0.12687032616094904, 0.23266067690962666, 0.1631314983115699, 0.12674464869440652, 0.10392858570573052, 0.12814773226351264, 0.18473396044921367, 0.19512705807580671, 0.13639368388015577, 0.007785744285004585, 0.006681175676599989, 0.015791058502856194, -0.004112735778962677, -0.003938612594901627, -0.0028597849962174785, -0.002728488256786358, 0.00037146830339671505, 0.0039205875774535525, 0.00778078286528632, 0.06416572555542766, 0.058197130128111556, 0.08147199176434468, 0.06656918408268445, 0.042672531246165685, 0.05394877944958797, 0.05411968366892021, 0.05232477554130178, 0.05980699707243641, 0.06925982266467859], "cost": 0.04734269554235345, "fun": [0.026486586451036687, 0.03685229366830181, 0.10579479638852961, 0.14148364460329912, 0.056578706961644874, 0.04723510175402749, 0.05042198422045008, 0.05081182318391244, 0.05112542753282986, 0.05767689422805202, 0.0681657617539595, 0.02968290845597355, 0.11667083907100463, 0.09467278259235933, 0.07317686975674292, 0.04348097174531424, 0.02117051050839662, 0.023811251872392036, 0.055407067672962856, 0.07406354515041154, 0.0, 0.0, 0.0, 0.0, 0.0, 0.0, 0.0, 0.0, 0.0, 0.0, 0.0, 0.0, 0.0, 0.0, 0.0, 0.0, 0.0, 0.0, 0.0, 0.0, 0.0, 0.0, 0.0, 0.0, 0.0, 0.0, 0.0, 0.0, 0.0, 0.0, 0.0, 0.0, 0.0, 6.956526245964114e-05, 6.109839418420825e-05, 2.3388380461795976e-05, 2.0312635100714442e-05, 0.0, 0.0, 0.0, 0.0, 0.0, 0.0, 0.0, 0.0, 0.0, 0.0, 0.0, 0.0, 0.0], "grad": [0.10908781196108669, -0.286350120708856, -0.03525925178588056, -0.28872266988792494, 0.21358599679065782, 0.20865868807234567, -0.1331840596258323, 0.03826369440443117, 0.10367918250873984, 446.4992147284013, 0.09336019024271015, -0.3067996014821043, 0.20484003909681958, -0.11203261839845954, 0.10894717777461276, 0.16776377422564845, -0.1336473798731348, 0.16403234997305655, 0.09656584151003336, 0.15752623057800147, -445.6257709864965, -0.38992295091767115, 0.6098608410676503, 0.6835904212146119, -0.29670884852646123, 0.1318887326472894, 0.09614855525911076, -0.43996724082292904, 0.24548781467406044, 446.02506984592367], "optimality": 446.4992147284013, "nfev": 536, "njev": null, "status": 2, "message": "`ftol` termination condition is satisfied.", "success": true, "res_time": 393.99213499999314, "tension_error": [0.06764447851522652, 0.016588311299951995, -0.781709400555652, 0.27302364896810516, 0.018494794020093238, -0.13384078960215895, -0.0027894875063008955, -0.05467806169607519, -0.21233767705072823, -0.12787765725336067, -0.1181069872838187, -0.10135107213795283, -0.23954477279544706, 0.062388747249661945, 0.05974736012816027, 0.04338192699614387, 0.04139020189360423, -0.005635042788409752, -0.05947392698823162, -0.11803172430135683, -0.13745001370247342, -0.046908531933801935, -0.3999799515279026, -0.17390962954968672, 0.18859414264900287, 0.017537445380400574, 0.014944888815410349, 0.04217301032108968, -0.07132964413090048, -0.21472566526267406], "git_revision": "018ef57f2e70e762a509d3bbb7a77c8182022b6e", "linregress": [0.8563709604083721, 0.07173337122348138, 0.34914419857059903, 0.058612975151466074, 0.43435983688315916]}