{"x": [0.10518523946267154, 0.14604376063737395, 0.19103998495119595, 0.2024810614283855, 0.17183898950937623, 0.08837864136267579, 0.1219326793301742, 0.155676750464489, 0.14761274179847458, 0.12718630844252699, 0.0011369427437346044, -0.002471603502110977, -0.007019583547966057, -0.0032318551083920567, 0.0033097309843314023, 0.0030282025889319312, 0.005226717471685948, 0.004219738151002671, 0.0010752162640447075, 0.006742085799509711, 0.0566581165020052, 0.06300168058427918, 0.057370453701916374, 0.05574508859750929, 0.08301408641551761, 0.06762583692890306, 0.03810622646648656, 0.039912511116669505, 0.028144970640750874, 0.038804529515187626], "cost": 0.1336132678296577, "fun": [0.1281400097783034, 0.12215737505241715, 0.08101439585720802, 0.08055339231503489, 0.2157568725423092, 0.16735684061839545, 0.11335984109256232, 0.037852806606058394, 0.16341963518330252, 0.07329690646183498, 0.12483238792563471, 0.08095652318052828, 0.029859609473080456, 0.07020589694331349, 0.17142907024205323, 0.11989738930734552, 0.1244912208587955, 0.02446849979133809, 0.09992544678219616, 0.06409508599372615, 0.0, 0.0, 0.0, 0.0, 0.0, 0.0, 0.0, 0.0, 0.0, 0.0, 0.0, 0.0, 0.0, 0.0, 0.0, 0.0, 0.0, 0.0, 0.0, 0.0, 0.0, 0.0, 0.0, 0.0, 0.0, 0.0, 0.0, 0.0, 0.0, 0.0, 0.0, 1.5098590474942474e-05, 0.00034588684288397144, 3.3756362834843733e-05, 0.0, 0.0, 0.0, 0.0, 0.0, 0.0, 0.0, 0.0, 0.0, 0.0, 0.0, 0.0, 0.0, 0.0, 0.0, 0.0], "grad": [194.06394722787775, 195.1354239144854, -0.19406204181555614, 0.2437105236529311, 195.35639084871485, -194.7966741645267, 193.686545206666, -0.28564193505962476, -0.8975058113298027, 194.733991842036, 194.13448979599676, -0.5374218755886544, -0.7891899264511728, -194.96165914758382, -0.6615335066818891, -0.07671710927224396, 0.051859931122492375, 0.46952252532967337, -193.89242558640623, -193.6963172080165, -194.4556943107434, -194.7970945418994, -194.48545399357192, -0.04691956340792158, -194.15125815482088, -194.7595248653333, -194.24257579673102, -195.58256849958295, 194.72875115536237, -194.17359359172252], "optimality": 195.58256849958295, "nfev": 786, "njev": null, "status": 2, "message": "`ftol` termination condition is satisfied.", "success": true, "res_time": 771.9458889999951, "tension_error": [-0.15290378266462742, -0.27426590879763435, -0.15033822319168638, -0.3238953070798877, -0.6655704080009461, 0.10204636666194797, 0.09149066746614459, 0.3861095373493903, 0.5084376968816692, 0.011794971839251133, -0.01724701932932977, 0.037493351015482394, 0.10648459986466687, 0.049026099010877074, -0.050207448507160864, -0.04593676231476691, -0.07928745555559455, -0.06401193539086593, -0.016310650462726894, -0.10227505716091459, -0.023562239515971813, -0.11979186316829564, -0.034368142912226264, -0.009711929107786236, -0.42337298200635204, -0.18993867952916202, 0.2578633712295413, 0.2304626718999988, 0.4089720991911014, 0.24727036094380206], "git_revision": "018ef57f2e70e762a509d3bbb7a77c8182022b6e", "linregress": [1.49236590359622, 0.07430316199154527, 0.5578467412056799, 0.001359966600772109, 0.41959488194404754]}