{"x": [0.1167621441277452, 0.14319508225310265, 0.21655221630909496, 0.1852268744649822, 0.14714343961474655, 0.090650079175719, 0.14793293248439168, 0.19091877292647258, 0.18806751400875008, 0.14571025168502394, 0.0037923542590417715, 0.0020767648784860144, 0.004629063364951204, -0.0031754691244144494, 0.005285803384356542, 0.005484152751341568, 0.00481223601362276, -0.00244327898878513, -0.0035403659819321096, 0.0013930728130797628, 0.07479797132946452, 0.07365505227371841, 0.0685908300879142, 0.059669907093968785, 0.05979290639994184, 0.05434385493066182, 0.054242466809202805, 0.061266642237273655, 0.04891020551790374, 0.056080897701438], "cost": 0.05005828421441172, "fun": [0.041030985089618, 0.04240861720625243, 0.062032669906678634, 0.1202304009697555, 0.09977178100328213, 0.0888980946057154, 0.08467887939807359, 0.08318687725301785, 0.0921637016243255, 0.04383620398074843, 0.08864369707687329, 0.06615290982254204, 0.08246666468949589, 0.031723462042902065, 0.0478850759820324, 0.052861703031256084, 0.06991090222336038, 0.04068839546610859, 0.05940826059704283, 0.027689694451297972, 0.0, 0.0, 0.0, 0.0, 0.0, 0.0, 0.0, 0.0, 0.0, 0.0, 0.0, 0.0, 0.0, 0.0, 0.0, 0.0, 0.0, 0.0, 0.0, 0.0, 0.0, 0.0, 0.0, 0.0, 0.0, 0.0, 0.0, 0.0, 0.0, 0.0, 0.0, 0.0, 0.0, 3.202017367324472e-05, 0.0, 0.0, 0.0, 1.4585428101086127e-05, 4.437562444006256e-05, 0.0, 0.0, 0.0, 0.0, 0.0, 0.0, 0.0, 0.0, 0.0, 0.0, 0.0], "grad": [0.5372283790481748, 0.4204428785761289, 0.5554190153379601, 707.4145282966847, -706.5304608960007, -709.2405890275508, 708.8459953097416, -0.2919499052647898, -0.4676648197367743, 706.7170453539572, 0.3452520363959265, 707.8871889876275, -708.2003699158577, -707.1321204048243, 0.2752046444359973, -0.2731572463621048, 0.5126488749777492, -0.10366823775539089, -0.40403989103208726, 0.012583002302532467, 0.6331632615883236, -0.6913311523378157, 708.6601934643788, -706.9684815570064, -709.0219019195399, 708.5832216214189, -706.7893985749583, -708.2827807847285, 707.8825835203145, -707.1156027846731], "optimality": 709.2405890275508, "nfev": 1254, "njev": null, "status": 2, "message": "`ftol` termination condition is satisfied.", "success": true, "res_time": 746.6827729999932, "tension_error": [-0.32852133212580026, -0.2310524651767305, -0.5373497501914387, -0.06215539299046618, -0.29094764997002004, 0.06758945835868198, -0.30292397758913203, -0.14849947964468577, -0.10524689024396308, -0.26920669593983376, -0.05752867289914061, -0.031503788734397735, -0.07022125412380673, 0.048170743575500746, -0.08018376795438206, -0.083192657702967, -0.07299991842300059, 0.03706367816562534, 0.05370609985399408, -0.02113242189789543, -0.2987374218763045, -0.28139974400735296, -0.20457728447022233, -0.06925003764102391, -0.07111589361248932, 0.011544290055583715, 0.013082312001019773, -0.09347194506086459, 0.09397082997333674, -0.014806034451560137], "git_revision": "018ef57f2e70e762a509d3bbb7a77c8182022b6e", "linregress": [1.1204866563006695, 0.0611746666216718, 0.5558246162590879, 0.0014278831923288304, 0.316699559189149]}