{"x": [0.09731101175367263, 0.1265333688795137, 0.20193715123914469, 0.17696377865796148, 0.12500870825950136, 0.07982424125470365, 0.17397423123609906, 0.2104261855387911, 0.19678583050502318, 0.1320755606077112, -0.006931384257418011, -0.005413678651258338, 0.004858472837040702, 0.0003115103148607321, 0.001498958640761604, 0.008483690262830749, 0.029874383991654395, 0.004066829891021549, 8.754887519932186e-05, -0.005762656834007858, 0.037351802812840194, 0.0346413757482773, 0.053897279784149446, 0.05776906167862555, 0.05000494620526494, 0.040530792838409276, 0.08234805061982711, 0.10648593706450667, 0.06767819039936973, 0.05353389832883114], "cost": 0.15433189690742405, "fun": [0.09880816289271144, 0.028515156946928, 0.10975648127992305, 0.15495707545643048, 0.12236039343687946, 0.17988736407034892, 0.15792927902796175, 0.2056886216634062, 0.09695152961644296, 0.06525618410275859, 0.03394544399329708, 0.056534480913314596, 0.05313724960104719, 0.0659324751606187, 0.03589347654028112, 0.1904003122392147, 0.23849701125239592, 0.1540709035886708, 0.04927427468175107, 0.04103616986294104, 0.0, 0.0, 0.0, 0.0, 0.0, 0.0, 0.0, 0.0, 0.0, 0.0, 0.0, 0.0, 0.0, 0.0, 0.0, 0.0, 0.0, 0.0, 0.0, 0.0, 0.0, 0.0, 0.0, 0.0, 0.0, 0.0, 0.0, 0.0, 0.0, 0.0, 0.00033301203331202034, 0.0001586636420805343, 0.0, 0.0, 0.0, 0.0, 0.0, 0.0, 0.0, 0.00019136754012218413, 0.0, 0.0, 0.0, 0.0, 0.0, 0.0, 0.0, 0.0, 0.0, 0.0], "grad": [0.30689815853402524, 112.36731086993888, 0.5766153792673069, -109.9934006391355, -112.02712216803674, 109.64034508262404, -0.2784684813111541, -0.3479404763805325, 0.18266355722369543, -1.6872358241456422, 2.094764062106321, 0.7374044372043386, -0.7028611772603383, 0.03097356642462623, -0.8397116998536156, -110.21087086599671, 1.325529057566832, -0.03144484430842724, 0.35846627610217974, -2.5342343932916727, 3.30374997023641, -114.54355592017035, -0.010555570665571778, 0.392466869627619, 108.37772784801932, 110.36247520332967, 111.48731052386478, -109.49395181795215, 0.4779545915443215, -110.9162145157603], "optimality": 114.54355592017035, "nfev": 1281, "njev": null, "status": 3, "message": "`xtol` termination condition is satisfied.", "success": true, "res_time": 1165.2957599999936, "tension_error": [-0.03345453313201454, 0.021699834090435105, -0.3156443818693164, 0.06319284806137795, 0.04482839648192769, 0.2318135909360454, -0.6979612698420737, -0.4444200299484969, -0.23750066815763476, -0.06237325436527216, 0.10514664781976564, 0.08212359052869571, -0.07370131468205636, -0.004725501307164133, -0.022738672456065215, -0.1286945809306679, -0.4531838397274262, -0.061692371164750244, -0.0013280854740880881, 0.08741746614078222, 0.269307711244591, 0.31042393123971757, 0.01831867709164287, -0.040414884946522525, 0.07736400091393976, 0.22108355684378247, -0.4132694545370911, -0.7794326552564875, -0.1907328631607231, 0.023831045254711754], "git_revision": "018ef57f2e70e762a509d3bbb7a77c8182022b6e", "linregress": [0.7717092886109345, 0.13305538519852222, 0.23979312252829, 0.20184570532060764, 0.590443706065086]}