{"x": [0.12017211507613708, 0.11984313786378059, 0.1937214790922326, 0.17531805997637062, 0.12898032118741054, 0.0752366982329819, 0.11819074279895114, 0.19235890976247427, 0.16914337068786436, 0.11151194013400158, 0.0001300146797321229, 0.004149254475878038, 0.008096309469996597, 0.003457319368574314, 0.014461126657652432, 0.015733815212678897, 0.014367737015602055, 0.013069916150338907, 0.004675554234115291, -0.0006560625700532766, 0.08132822504326413, 0.08978479621386731, 0.06741279183288716, 0.06504633249697958, 0.07138372191423334, 0.07251258735179904, 0.0657672056351054, 0.07508113836742517, 0.06416596589748667, 0.04891729771710358], "cost": 0.07115667454332567, "fun": [0.07280952801736165, 0.14462850939181085, 0.07224637601054981, 0.11525096921446272, 0.1035605077710764, 0.04789778627901411, 0.04587533246999083, 0.049270503067033775, 0.06889756509309013, 0.09035561277920032, 0.02388904880986545, 0.13041971033783364, 0.10449455816488347, 0.046242875828029634, 0.07875394091744946, 0.1006162079022386, 0.011378080741777886, 0.11280874994586913, 0.08171151884669445, 0.025197606006455302, 0.0, 0.0, 0.0, 0.0, 0.0, 0.0, 0.0, 0.0, 0.0, 0.0, 0.0, 0.0, 0.0, 0.0, 0.0, 0.0, 0.0, 0.0, 0.0, 0.0, 0.0, 0.0, 0.0, 0.0, 0.0, 0.0, 0.0, 0.0, 0.0, 0.0, 0.0, 0.0, 0.0, 0.0, 0.0, 0.0, 0.0, 0.0, 0.0, 2.8238120214432826e-07, 0.0, 0.0, 0.0, 0.0, 0.0, 0.0, 0.0, 0.0, 0.0, 0.0], "grad": [0.3897534336675249, -132.313167522125, 0.48898592105784455, 131.57310466661733, 0.41299318967623433, -0.9393131631690143, -0.28800387646516024, 0.6746693363282885, -0.1458224938017464, -132.16108229741582, 130.93999674979932, -132.14284762307165, 0.03304407152303901, 0.12165173368507876, 0.2657338692489157, -1.3406808918031958, 1.5662516417635293, 0.2411025937054015, 0.6356310773408436, 0.026232258482293047, 131.23896743296382, 0.6253938430989148, -132.16061177939028, 0.3304087370355351, -131.424462880744, 0.07901864449674861, 0.43544366399546425, -0.8600037674531014, -0.17985151631735397, 133.0649207825063], "optimality": 133.0649207825063, "nfev": 848, "njev": null, "status": 2, "message": "`ftol` termination condition is satisfied.", "success": true, "res_time": 719.4561420000027, "tension_error": [-0.3802493854367206, 0.12318827252051044, -0.19101554096938744, 0.08815781843341475, -0.015419567027002673, 0.3014049961372172, 0.1482545212650955, -0.17034584612556367, 0.1818256711888319, 0.24956959565555475, -0.0019722767103212864, -0.06294272296660289, -0.12281815130513059, -0.05244631209976428, -0.21937017704968736, -0.23867641232821782, -0.2179534892081244, -0.19826600567163952, -0.07092650416698525, 0.009952237163492472, -0.3977990612138963, -0.5260822551064568, -0.18670686076849555, -0.1508085095688522, -0.24694446573656184, -0.2640689551879433, -0.16174390012898818, -0.3030329656968263, -0.13745365960650896, 0.09386324381971445], "git_revision": "018ef57f2e70e762a509d3bbb7a77c8182022b6e", "linregress": [0.17779941267222055, 0.17205457715483838, 0.09339812189907763, 0.6234965598469293, 0.358187670111732]}