{"x": [0.0797645269952456, 0.0786276889627182, 0.18242833531374028, 0.22968922838124622, 0.14504747321898653, 0.09447794591927687, 0.16216294930650738, 0.2113122232240403, 0.2739078597027944, 0.10136638906777987, 0.0, 0.0, 0.0, 0.0, 0.0, 0.0, 0.0, 0.0, 0.0, 0.0, 0.0748919473624863, 0.030547161508742454, 0.06170941768162585, 0.06167021108793968, 0.0580187532137605, 0.045311921777163186, 0.05303036309248533, 0.05473451276021481, 0.05840354454783004, 0.04132095600576844], "cost": 2.747070071481758, "fun": [0.5489056780893233, 0.5083857459587525, 0.3843750765568097, 0.6050207526255704, 0.3102625732831981, 0.4202225625338226, 0.5369061368000007, 0.3575929982077558, 0.38704796991091645, 0.8902782963559588, 0.5808749692892728, 0.8429551998130517, 0.6925359236424354, 0.5424418401104849, 0.45417373763843233, 0.4740468487948926, 0.511111787879729, 0.1550373195509765, 0.37171124529209937, 0.336045078223088, 0.0, 0.0, 0.0, 0.0, 0.0, 0.0, 0.0, 0.0, 0.0, 0.0, 0.0, 0.0, 0.0, 0.0, 0.0, 0.0, 0.0, 0.0, 0.0, 0.0, 0.0, 0.0, 0.0, 0.0, 0.0, 0.0, 0.0, 0.0, 0.0, 0.0, 0.0, 0.0, 0.0, 0.0, 0.0, 0.0, 0.0, 0.0, 0.0, 0.0, 0.0, 0.0, 0.0, 0.0, 0.0, 0.0, 0.0, 0.0, 0.0, 0.0], "grad": [-8309.167922015558, -71278.39630189314, 84317.26877130945, -78723.89916068486, -6110.985500961324, 7977.3800214281255, 59374.88116299672, 75165.34043529762, 77572.60838466838, -6728.331937747667, -7767.734464959067, -79588.31618586063, -1038.967679193613, -2468.5254436976898, 3666.1602689122974, -88496.3567923584, -7268.725633786034, 6074.171858533886, -6917.830722060373, 87325.84885034416, -415.17759635437886, 9353.730690071996, 70014.82836647457, -54827.922662580844, 9918.03306613261, -18421.60089667003, -69747.75865547295, -120869.88360130959, -87119.0537099286, 405.7096203280072], "optimality": 120869.88360130959, "nfev": 64, "njev": null, "status": 3, "message": "`xtol` termination condition is satisfied.", "success": true, "res_time": 661.9510539999974, "tension_error": [0.23271943513337648, 0.7484120560231545, -0.0197025438022907, -0.7366335772677126, -0.25915258100941735, 0.009522073628838482, -0.5187883001684286, -0.4578609082761171, -1.4074145759784715, 0.40347401723711657, 0.0, 0.0, 0.0, 0.0, 0.0, 0.0, 0.0, 0.0, 0.0, 0.0, -0.3001630050615197, 0.3725317132866188, -0.10018869195896296, -0.09959394179861505, -0.04420261722818245, 0.14855552174516082, 0.031469496708940864, 0.005618148941984146, -0.050039765680053014, 0.20909706104540735], "git_revision": "018ef57f2e70e762a509d3bbb7a77c8182022b6e", "linregress": [3.6066269858829663, -0.03258153771484101, 0.7171259019085078, 8.234393007109284e-06, 0.6624063147489774]}