{"x": [0.09737365010095182, 0.12741185118923512, 0.17331527971645921, 0.1782450308268733, 0.1343809490731488, 0.09785127480726874, 0.12469928938455685, 0.18467646373791743, 0.18087897993406135, 0.1283181390514628, -0.005560301030848861, 0.006347071463833641, 0.008729734632697654, -0.0009659815362210089, -0.009568624691426565, -0.007808781039608017, 0.010630333818062169, -0.01090137348077776, 0.006413697668415004, 0.004572083765611082, 0.05514774120996349, 0.05194674566567164, 0.05659794319060973, 0.06576146767329956, 0.05628767370402796, 0.05338408758919036, 0.05555846416855342, 0.061517064854253796, 0.04733226829043375, 0.05547997699973081], "cost": 1.123197751289581, "fun": [0.11928086762223365, 0.30126104633652245, 0.35446563731723335, 0.1448454163389261, 0.25183092032246734, 0.28624142400017416, 0.49805214487886884, 0.3185632496374615, 0.3395525255446687, 0.29483059336098427, 0.4989929876465077, 0.130129787519253, 0.5391163857339588, 0.33258333544085783, 0.148338709537712, 0.27208957679646634, 0.23924935594515584, 0.37021622200740467, 0.006515491294615104, 0.5831829441996969, 0.0, 0.0, 0.0, 0.0, 0.0, 0.0, 0.0, 0.0, 0.0, 0.0, 0.0, 0.0, 0.0, 0.0, 0.0, 0.0, 0.0, 0.0, 0.0, 0.0, 0.0, 0.0, 0.0, 0.0, 0.0, 0.0, 0.0, 0.0, 0.0, 0.0, 0.00017190753535330978, 0.0, 0.0, 9.013770082295094e-07, 0.0008760896748071062, 0.0004761565203220963, 0.0, 0.001295518611443105, 0.0, 0.0, 0.0, 0.0, 0.0, 0.0, 0.0, 0.0, 0.0, 0.0, 0.0, 0.0], "grad": [-166.76413892182686, 0.8459372905191254, -167.65824483084342, 0.11316518029873213, -0.8240111817107816, -0.5297142380611046, -0.2377724620732461, -1.002125422620189, 167.88473378714053, 1.144190806813639, -165.16349175471063, -169.98980256730636, -2.3748920575659613, -0.5036405839979805, 2.937715105344832, -166.72629683662518, 166.91707783092306, -0.165317730579575, 1.4530346095685052, -167.14374401817184, 168.67953134560764, 1.1128497566568862, -0.5982136152387136, 168.67366570675583, 169.98189209956655, 0.13513356194587, 0.47691364262247493, -0.09832738135524366, 0.8221715051499427, -1.5649460080702102], "optimality": 169.98980256730636, "nfev": 633, "njev": null, "status": 2, "message": "`ftol` termination condition is satisfied.", "success": true, "res_time": 1189.389439999999, "tension_error": [-0.034404734707454414, 0.00837356813752404, 0.11853928666956301, 0.043756705788829196, -0.09734518205831483, -0.04165013258470779, 0.049522171385224995, -0.05380585692009702, 0.0038006293597530683, -0.005374498213147434, 0.08434780017236125, -0.09628282939015725, -0.13242698700507427, 0.01465359827378291, 0.14515265251269235, 0.11845644670393456, -0.16125840447788056, 0.16536998030492328, -0.09729352535051855, -0.06935689375332008, -0.0006503804976198713, 0.04790758983970357, -0.022649431663099143, -0.1616568572776911, -0.017942753282093406, 0.026103621192738798, -0.0068809025224419226, -0.09727076759556035, 0.11790757965806548, -0.005690279929309896], "git_revision": "018ef57f2e70e762a509d3bbb7a77c8182022b6e", "linregress": [-0.3434749341940995, 0.09083665219332704, -0.400234602172004, 0.028411440554573533, 0.1486252186797561]}