{"x": [0.09059403914239274, 0.119767973818646, 0.17971649955086194, 0.17962403931245013, 0.13556257983939946, 0.09642731298346655, 0.12501979285137477, 0.18842911255418998, 0.1760016622429064, 0.13334134662246414, 0.002651226248037988, 0.012591145833308282, 0.006585744728968745, -0.024376554369912463, -0.0009892794333699443, -0.019823578259031614, 0.02188468005947475, -0.0051362297292139635, 0.009268609728009388, -0.010619588440578552, 0.06232152137757085, 0.05497276761200683, 0.05663473222705465, 0.05069965179781203, 0.06565652538337625, 0.05658174286222446, 0.0498052442216491, 0.060162156042797496, 0.05256782028705897, 0.058074039578749063], "cost": 1.2164032744448319, "fun": [0.4028276507878757, 0.17781732701222763, 0.3891716546817961, 0.20315216183747245, 0.327892571158587, 0.529062122456548, 0.3627729139415966, 0.5752670047736497, 0.3396619202257284, 0.536088676350167, 0.4384569370519809, 0.47660960735020985, 0.1890993565679963, 0.44300839967406574, 0.2340034915487599, 0.007907775636077013, 0.2730502159280084, 0.029968224560364222, 0.10648956321265167, 0.01308848855074476, 0.0, 0.0, 0.0, 0.0, 0.0, 0.0, 0.0, 0.0, 0.0, 0.0, 0.0, 0.0, 0.0, 0.0, 0.0, 0.0, 0.0, 0.0, 0.0, 0.0, 0.0, 0.0, 0.0, 0.0, 0.0, 0.0, 0.0, 0.0, 0.0, 0.0, 0.0, 0.0, 0.0, 0.014484948453987385, 9.681818596358344e-07, 0.007790155897617583, 0.0, 0.00013549813600263207, 0.0, 0.0011976310809491768, 0.0, 0.0, 0.0, 0.0, 0.0, 0.0, 0.0, 0.0, 0.0, 0.0], "grad": [-0.5225759323784875, -0.03386954331863423, -0.6033148890992956, 0.3704602701771422, -1.4944684432192603, 1.3323727254170632, 0.8500331221560793, 0.9318680254797652, 0.12940683116844331, -0.985866199650578, -1.277755997292814, -0.5828935814954683, -0.006635388043663815, 0.6066640204214004, -0.6005076339804976, 2.485847458027118, 0.9788033452172535, -0.05103253905008531, 1.2599646808524545, -1.7917005321845378, 0.042062380801718646, 0.6891643095237026, 0.22796929667450083, 1.1919110177829495, 1.1038100915910078, 0.020142151493095284, -0.6786062793266012, 0.15701178098206547, -2.163816233774269, 1.430228452511567], "optimality": 2.485847458027118, "nfev": 818, "njev": null, "status": 2, "message": "`ftol` termination condition is satisfied.", "success": true, "res_time": 1349.7572470000014, "tension_error": [0.06843956584502696, 0.12432848450255687, 0.02143504564807849, 0.022837634765138823, -0.11527010288477038, -0.020049135318413673, 0.044660247143403935, -0.1107322122947236, 0.07778781381401921, -0.08157478054901748, -0.04021816454550621, -0.19100322928501784, -0.09990341841265976, 0.3697837087374712, 0.015007019133957926, 0.30071667134876273, -0.33198285672868116, 0.07791478850434501, -0.14060153162146122, 0.16109540090168276, -0.1094740885488038, 0.002003907101919352, -0.02320750833509483, 0.06682556276577384, -0.16006491985362514, -0.022403678410930654, 0.08039340937844537, -0.07671728010514646, 0.03848610748357548, -0.0450412918323881], "git_revision": "018ef57f2e70e762a509d3bbb7a77c8182022b6e", "linregress": [-0.5973184069230562, 0.14070788089054703, -0.4046536704544343, 0.026551727444441984, 0.255101415145319]}