{"x": [0.09970960487088006, 0.1281893080429317, 0.17484310541073292, 0.18114369054396717, 0.13579477147114366, 0.09105020890650695, 0.12699686956240658, 0.17822129786686727, 0.1850773958007578, 0.12659639190615957, -0.011683406889638091, 0.006887946163247314, 0.02143293857933029, 0.003123165224613266, -0.010978420524810913, 0.0043899472820372945, -0.006074689399764091, 0.006065838862760243, -0.010526008458069358, 0.0020500622653997075, 0.053528496354803286, 0.05490123712988985, 0.051565304427486885, 0.05426816012521547, 0.05797494508644151, 0.061382219517195684, 0.05259521377346775, 0.04929482384857771, 0.05461874314717496, 0.05560083228972844], "cost": 1.1176622600856163, "fun": [0.5023499388544105, 0.3091206658003464, 0.1625538634768464, 0.17977162816605693, 0.1718054717444082, 0.12808215492170147, 0.38939686632032383, 0.15451166417896328, 0.341442649391309, 0.4841082714629134, 0.2789902720334387, 0.45178083451088275, 0.48946193572986557, 0.08698269018211799, 0.42230897525331434, 0.27874130711741774, 0.11065017120452124, 0.30597742874522904, 0.4892668080051891, 0.3548614167601276, 0.0, 0.0, 0.0, 0.0, 0.0, 0.0, 0.0, 0.0, 0.0, 0.0, 0.0, 0.0, 0.0, 0.0, 0.0, 0.0, 0.0, 0.0, 0.0, 0.0, 0.0, 0.0, 0.0, 0.0, 0.0, 0.0, 0.0, 0.0, 0.0, 0.0, 0.001594808366928105, 0.0, 0.0, 0.0, 0.0013231820076910975, 0.0, 0.00022416728494568738, 0.0, 0.0011662486229561699, 0.0, 0.0, 0.0, 0.0, 0.0, 0.0, 0.0, 0.0, 0.0, 0.0, 0.0], "grad": [-0.31078135311584454, 1.002488749001432, 0.2820821963055833, -1.7798319316415063, 0.8704425999251946, -0.17930107894820901, 2.536771845393125, -0.28507356406658, -2.6221044344457187, -0.05768334129479169, 2.061487692367699, -1.3024331155459197, -2.237101177217423, 0.3954915140052284, 0.7670409315185722, -0.2107380196310935, 1.3900989446103758, -0.315682193743781, -0.3039046354308814, 0.060846382814156996, 0.09892212029527059, 0.673074657275583, -1.6003956680431077, 4.301666275135483, 0.2496771986278361, -2.151910498338394, 2.005826593622873, -0.7832262695424834, 4.444884735850016, 0.580606531308665], "optimality": 4.444884735850016, "nfev": 317, "njev": null, "status": 2, "message": "`ftol` termination condition is satisfied.", "success": true, "res_time": 619.5013920000056, "tension_error": [-0.06984034242948828, -0.0034201773763262292, 0.09536271122089097, -0.00021493697450913565, -0.11879236782103855, 0.061519631853196956, 0.014668692653397885, 0.04411672639868107, -0.05988785451906315, 0.02074379706504906, 0.1772331505420555, -0.10448770729358718, -0.3251300982385577, -0.047377311913403865, 0.16653875671431626, -0.06659394771220743, 0.09215088980933095, -0.0920166302930787, 0.15967582566267569, -0.03109871953757048, 0.023912991290242873, 0.0030889992180408157, 0.05369391852180261, 0.01269255348384989, -0.04353806343001087, -0.09522521152202237, 0.03807055798278172, 0.08813630592179225, 0.00737433302851841, -0.007523611936684377], "git_revision": "018ef57f2e70e762a509d3bbb7a77c8182022b6e", "linregress": [-0.4410697867375947, 0.09988003952415374, -0.4031202045928329, 0.027185467674628087, 0.18922765458933702]}