{"x": [0.09977710434194077, 0.12377348822617001, 0.18341445244476937, 0.1795682195778027, 0.13176021527101903, 0.09777917420135745, 0.1236256572403414, 0.17723462641672605, 0.1812653319132031, 0.12605053879701816, 0.0011372755601347737, 0.011114703857629568, -0.003893515367250679, 0.011808629593675003, -0.00017178330330162777, 0.0002900667579876735, 0.00020277791768191864, -0.001392436861220552, -0.009194396224729407, -0.0017402161456872333, 0.050739771261228146, 0.0529331356456638, 0.061505683202871274, 0.05116437559016042, 0.05696847681688963, 0.052739353557193426, 0.05431961865545208, 0.05774139910922309, 0.05946644623843794, 0.057015241141464605], "cost": 1.2160621725461143, "fun": [0.6789803283620034, 0.26152593758472714, 0.011837393706818479, 0.21678316780850068, 0.2944239729911463, 0.04862831970804862, 0.22195433945797133, 0.3867951433664432, 0.16926817398981653, 0.4537069998875865, 0.6243182265662311, 0.16416204714126853, 0.41929172583906527, 0.6260880213536327, 0.2445395908386634, 0.2805589777995748, 0.34196521419501535, 0.009825039173798294, 0.008615099550334732, 0.3049824808994449, 0.0, 0.0, 0.0, 0.0, 0.0, 0.0, 0.0, 0.0, 0.0, 0.0, 0.0, 0.0, 0.0, 0.0, 0.0, 0.0, 0.0, 0.0, 0.0, 0.0, 0.0, 0.0, 0.0, 0.0, 0.0, 0.0, 0.0, 0.0, 0.0, 0.0, 0.0, 0.0, 5.902359792537083e-05, 0.0, 5.069239954499429e-09, 0.0, 0.0, 2.699768555843657e-06, 0.0007772659559107248, 5.269987451931062e-06, 0.0, 0.0, 0.0, 0.0, 0.0, 0.0, 0.0, 0.0, 0.0, 0.0], "grad": [0.6037996611531651, 2.5250873848850235, -1.4250936845659765, -0.2723593094286971, -0.9283151737328175, -0.8010635275413245, -3.00894431961804, 0.7779821801104185, 2.762058344977211, -0.9090869325949469, 1.3116687224465582, -2.0243777763506077, 0.5252280120255167, -1.8213895105156006, -0.11258288718206266, -0.30438653016779993, -3.017575232544701, 0.5422182092246286, 2.1853594567286994, 0.22852356552461073, 0.9199304615264552, -2.02160270190564, 0.39454420182070304, 1.6109409460998796, -0.3268377146270578, 0.43673748063094325, -0.6934858184540702, 5.8378746440681795, -6.2655824227200645, 0.9960931767081111], "optimality": 6.2655824227200645, "nfev": 1532, "njev": null, "status": 2, "message": "`ftol` termination condition is satisfied.", "success": true, "res_time": 2628.7730139999767, "tension_error": [-0.07086428553350044, 0.06356624753752495, -0.03466159192812307, 0.023684400398437205, -0.057589577133225545, -0.04055639189225776, 0.0658087913103846, 0.059084183349403144, -0.002060193525922481, 0.029024195683375713, -0.017252068036415918, -0.1686061266749776, 0.0590632511338584, -0.17913273467581878, 0.0026058919579074994, -0.004400210133165001, -0.003076069296447937, 0.02112277473310303, 0.13947573902317897, 0.026398463482243305, 0.06621696469446972, 0.032944402691597575, -0.09709811196934187, 0.05977586719086365, -0.028270295730206358, 0.035884008440386785, 0.011911945779072751, -0.03999525355187902, -0.06616360841893677, -0.028979693995257363], "git_revision": "018ef57f2e70e762a509d3bbb7a77c8182022b6e", "linregress": [-0.13570116763908605, 0.06012135026734525, -0.1903772573533271, 0.3136051996721802, 0.13224314315969563]}