{"x": [0.09560885415232522, 0.12771356471218917, 0.18344384925979934, 0.18574768100404557, 0.12797582596558596, 0.09196061441320953, 0.13201021944824431, 0.1795006793672804, 0.17642315058446284, 0.12903565522942434, -0.001856070752211008, 0.0018633787728362862, 0.003556467292530717, -0.005668866067561085, 0.0008876875710279282, -0.003372805466853259, -0.0026675054970304365, -0.0032604413406366202, 0.00952645749826042, 0.0018619437664207455, 0.05587091841987467, 0.053966970924376426, 0.05789414821003245, 0.04605085772381351, 0.06065926093225105, 0.0567546774984338, 0.057088733343986266, 0.0492298193747419, 0.06359083833044718, 0.05200353096702135], "cost": 1.1537124397680167, "fun": [0.3721047592876506, 0.2213673879835238, 0.19111336500215065, 0.18474671324167954, 0.5662629596438393, 0.206812772996701, 0.6156303912104423, 0.4855904181134967, 0.48402746467624524, 0.21953005211370755, 0.5744282804819798, 0.21880202600096957, 0.18756037350769897, 0.10282061996936083, 0.25739527852831434, 0.05606423403377867, 0.28789634847051315, 0.29099253443440526, 0.28595083575569247, 0.21514194985612006, 0.0, 0.0, 0.0, 0.0, 0.0, 0.0, 0.0, 0.0, 0.0, 0.0, 0.0, 0.0, 0.0, 0.0, 0.0, 0.0, 0.0, 0.0, 0.0, 0.0, 0.0, 0.0, 0.0, 0.0, 0.0, 0.0, 0.0, 0.0, 0.0, 0.0, 6.3941612119380845e-06, 0.0, 0.0, 0.0001821749208282909, 0.0, 3.8368416813811685e-05, 1.8980863640404652e-05, 3.4660049080298836e-05, 0.0, 0.0, 0.0, 0.0, 0.0, 0.0, 0.0, 0.0, 0.0, 0.0, 0.0, 0.0], "grad": [647.3898520100279, 7109.768056293473, 4999.829020936779, 8807.741487814601, -3298.827461017302, -703.5384767506794, 2537.0819273553298, -8036.987533466323, 2664.9068588713817, -628.0205810427891, -2562.9197605769687, -695.1974283076361, -3312.1770273865177, -665.6187209604875, 219.05801220962047, -701.3059048548275, -10859.14456329833, 2124.2334628955414, 2591.467330725472, -4094.051907600686, -713.0300836129055, 629.3887335107158, 1654.9628629942245, 787.1566664445438, 728.2722980632207, -1619.0755196336668, -665.9327917187381, -2594.80820739261, 6.988133244950932, -725.8679957313734], "optimality": 10859.14456329833, "nfev": 538, "njev": null, "status": 3, "message": "`xtol` termination condition is satisfied.", "success": true, "res_time": 1159.5674499999732, "tension_error": [-0.00763340430755614, 0.0037966806988340143, -0.03510753121559968, -0.07005584399872195, -0.0001817297634298022, 0.047709102292094435, -0.061382052084826305, 0.02470896150567358, 0.07139398473689895, -0.016258964874819638, 0.028155936889869768, -0.02826679697818811, -0.05395035104135778, 0.08599469338398828, -0.013465906511382127, 0.051164266099987574, 0.04046511499537449, 0.0494597420441711, -0.1445129911052839, -0.028245028438371192, -0.01162072301187785, 0.01726148714148798, -0.0423124033896476, 0.1373461247678319, -0.08425818547118753, -0.025027035681865692, -0.030094544716132342, 0.08912240080028762, -0.12872917781512336, 0.047046176901015674], "git_revision": "018ef57f2e70e762a509d3bbb7a77c8182022b6e", "linregress": [-0.09827175100638735, 0.05563576148308436, -0.1612537412999588, 0.39461107900036274, 0.1136629020181004]}