{"x": [0.09961188502217957, 0.12165337826911152, 0.18131890360842198, 0.1804766126639041, 0.1281072135484852, 0.09617558277410108, 0.12900377882001954, 0.17952640146904597, 0.18166889903432806, 0.12117437744074235, -0.011294791220776236, 0.0058340776594807894, 0.004902469227270967, -0.0034548273529766043, -0.0011949777269357209, 7.239830853709299e-05, 0.0007026588062035256, 0.006987306387167187, -0.00563874749199511, -0.0037109324843677825, 0.05504582261600101, 0.04348077840843398, 0.06378738972214404, 0.04564877966025686, 0.05332251909978712, 0.05315481848001699, 0.05560879979996175, 0.05403423065309443, 0.04760476730678461, 0.06574442311213491], "cost": 1.2241451045902327, "fun": [0.4729484694540176, 0.36010157592738523, 0.15972915552647635, 0.3360607023714504, 0.449784253434601, 0.5200840317745662, 0.25684411710207794, 0.0953714426923647, 0.345054609384781, 0.48159178470908603, 0.29129919683321054, 0.32891612621489763, 0.3057651841920239, 0.5314468421587003, 0.0823144288124478, 0.16919482229474556, 0.10185599817152227, 0.4139856447904617, 0.3176588390337826, 0.4130323189318174, 0.0, 0.0, 0.0, 0.0, 0.0, 0.0, 0.0, 0.0, 0.0, 0.0, 0.0, 0.0, 0.0, 0.0, 0.0, 0.0, 0.0, 0.0, 0.0, 0.0, 0.0, 0.0, 0.0, 0.0, 0.0, 0.0, 0.0, 0.0, 0.0, 0.0, 0.0014409025925552475, 0.0, 0.0, 4.1236239008441e-05, 1.706394457300618e-06, 0.0, 0.0, 0.0, 0.0001792866452058331, 5.110332510290719e-05, 0.0, 0.0, 0.0, 0.0, 0.0, 0.0, 0.0, 0.0, 0.0, 0.0], "grad": [0.6695974904846913, 4.064128424648941, 0.6702980907940761, 15.702654682710355, -0.36293715010665073, 2.9958831879148287, -3.2401307384807447, 5.223815082273781, -1.4316197878318233, -2.5078920019609976, 3.0688453191082345, -3.9150884768313494, -4.7663629004925925, 1.8976543375416945, 5.515655621480332, 1.3669441725878144, 0.6225446966896069, -6.113423276957091, 5.258019537339893, 0.35966033345530035, 7.398116238385388, 0.09598994134021499, 5.938608347921229, -17.367371695337127, 10.288150050641294, -5.95528979649242, 3.326004639858904, -3.1801998979535444, 3.4693472795459575, -2.0332149453548976], "optimality": 17.367371695337127, "nfev": 289, "njev": null, "status": 2, "message": "`ftol` termination condition is satisfied.", "success": true, "res_time": 557.4597800000338, "tension_error": [-0.06835796688447157, 0.09572756578437229, -0.002872857196135187, 0.00990439854613838, -0.002174832929252954, -0.01623047706967798, -0.015775411017614514, 0.02431876631881253, -0.008182164027146752, 0.10299383894647668, 0.17133798828390628, -0.08850089480439474, -0.07436872436201052, 0.052408509104477544, 0.018127389499738834, -0.0010982567359975129, -0.010659085586586813, -0.10599496675054415, 0.08553780524443963, 0.056293533373100925, 0.0008956885280859416, 0.17633331904347294, -0.1317107929144618, 0.14344550679236753, 0.027037593402568175, 0.02958155249519174, -0.007644476249120355, 0.0162411808440271, 0.11377386595249324, -0.16139829731283215], "git_revision": "018ef57f2e70e762a509d3bbb7a77c8182022b6e", "linregress": [-0.273522160904701, 0.07866180934340017, -0.3038952951324334, 0.10254209867937421, 0.1620496772598246]}