{"x": [0.09550997240188953, 0.12775590173312998, 0.18244895820073365, 0.18091254037921392, 0.12758853063360304, 0.09564985107181444, 0.12779119206451348, 0.1825206153226637, 0.1816418385403545, 0.12772920821505973, 0.0006136011751196533, -0.0009414704277693788, -0.00020925117395848816, 0.0009799304980054717, -0.00018303779471497454, -0.0013807135111295905, 0.00016570347169828014, 9.839613195211445e-05, 0.0008638678678252348, 0.00022481958121435701, 0.05611308358810721, 0.05725733087147009, 0.05397286746586002, 0.05428155425009353, 0.05669401576618884, 0.052088131875084, 0.05477506576305443, 0.055183472361334716, 0.05404805893058748, 0.05796012542345592], "cost": 1.4227089765054626, "fun": [0.23303143631831197, 0.19602172441219326, 0.14958552436861963, 0.25175405087115404, 0.38023797624380123, 0.267909869920647, 0.29517806321749823, 0.19741341288154027, 0.3885550676933377, 0.5834778156015932, 0.2038210277532846, 0.5328280085112855, 0.6380925700782666, 0.5187458913758927, 0.3626602143879752, 0.26073309145636364, 0.3585458401717414, 0.05380732101503937, 0.5978182970050324, 0.37815912799948526, 0.0, 0.0, 0.0, 0.0, 0.0, 0.0, 0.0, 0.0, 0.0, 0.0, 0.0, 0.0, 0.0, 0.0, 0.0, 0.0, 0.0, 0.0, 0.0, 0.0, 0.0, 0.0, 0.0, 0.0, 0.0, 0.0, 0.0, 0.0, 0.0, 0.0, 0.0, 8.344879103954326e-07, 9.162283161288421e-09, 0.0, 6.132284905897158e-09, 2.6321505398150903e-06, 0.0, 0.0, 0.0, 0.0, 0.0, 0.0, 0.0, 0.0, 0.0, 0.0, 0.0, 0.0, 0.0, 0.0], "grad": [-372.9780876956263, -1294.4639437607893, 1901.5758591501447, -1777.1292219188279, -83.56117344334257, 976.4231099783457, -67.70402285342621, -431.96887315902677, -524.9349550589327, 1381.1277658803006, -534.7736747651637, -10.837971626195158, 2554.950576569946, -1415.0891974679844, -814.0583239402745, 868.0128516150481, -1468.2386231989526, -1339.4024114309182, -441.33523532171716, 436.78273201051, 377.2862908123286, 1460.9992028783781, 202.69664405738982, 197.87435508940112, 942.6082680541357, -126.47070582100355, -146.63587164891487, 901.3841364344178, 1463.9356489249083, 1771.8120110636078], "optimality": 2554.950576569946, "nfev": 324, "njev": null, "status": 3, "message": "`xtol` termination condition is satisfied.", "success": true, "res_time": 634.1441670000204, "tension_error": [-0.006133403124136612, 0.0031544430641455234, -0.020015385704454408, 0.0032915292758332834, 0.005693403451218603, -0.008255313077166659, 0.0026191012178970997, -0.02110239890175244, -0.007771665903828762, 0.0035593742927957166, -0.009308112819319293, 0.01428177342721241, 0.0031742663048205597, -0.01486519909083942, 0.0027766186123651996, 0.02094493565832328, -0.0025136630626884067, -0.0014926345227684913, -0.013104570037914428, -0.0034104335369424315, -0.015294282969416033, -0.03265210958157075, 0.017172038692562876, 0.01248936934643895, -0.024106818657442165, 0.045762811045807775, 0.005002974230951724, -0.0011924094271809728, 0.01603141076498991, -0.043313254383666955], "git_revision": "018ef57f2e70e762a509d3bbb7a77c8182022b6e", "linregress": [-0.005233931536502698, 0.013027883408667493, -0.02802432486771879, 0.883130527009518, 0.035281192564100367]}