{"x": [0.09828064561480841, 0.131172178760647, 0.18475038971422889, 0.17498945827810217, 0.13107434189889128, 0.09190058407186077, 0.12954611027935833, 0.18042753186213958, 0.1787574475229176, 0.12328379617143369, -0.0026781557420557317, -0.002241916376502334, -0.018644213518848606, 0.016437962311804548, -0.004613583402572267, 0.005455567405453298, -0.0018220638690030632, 0.004501334482712111, -0.011960696366163322, 0.005233012172788877, 0.04940197457344869, 0.05705259499477371, 0.06018820491645639, 0.051893259105616964, 0.053719569285007894, 0.058061002274796526, 0.05367318146828679, 0.04528480899323154, 0.06253183805002437, 0.05595224227151112], "cost": 1.3873425098027568, "fun": [0.40794160383597794, 0.3086186676582526, 0.16841320873064725, 0.3580153009231185, 0.48260493494381745, 0.2629217329903195, 0.43715908018419736, 0.2535609057939565, 0.2850159478911238, 0.3266657646418383, 0.23642381185652914, 0.3583406212182219, 0.27963608874399565, 0.5266931554484116, 0.20931663073218734, 0.2007453358768751, 0.43453869716836163, 0.5624684331421509, 0.48454864241772166, 0.4970500234831651, 0.0, 0.0, 0.0, 0.0, 0.0, 0.0, 0.0, 0.0, 0.0, 0.0, 0.0, 0.0, 0.0, 0.0, 0.0, 0.0, 0.0, 0.0, 0.0, 0.0, 0.0, 0.0, 0.0, 0.0, 0.0, 0.0, 0.0, 0.0, 0.0, 0.0, 1.9209120745300824e-05, 1.1268295518444825e-05, 0.006480853493179629, 0.0, 9.820082312333626e-05, 0.0, 6.049100345020132e-06, 0.0, 0.0017110763813900389, 0.0, 0.0, 0.0, 0.0, 0.0, 0.0, 0.0, 0.0, 0.0, 0.0, 0.0], "grad": [-1.752042309586944, -1.029578606555397, 0.7766881754151049, 2.50822085751443, -1.568565520875876, -0.27874456571869877, 1.4984798479790973, -0.7374124000740521, -0.11837272955348419, 1.1380956059866052, -0.6478187538798992, 0.6432362209643016, 3.457949814506027, -2.308205671301068, 2.6999291574773814, -2.623250612984649, -0.10774288228991286, -0.1498621536440996, 1.8904124093948198, -1.8642506704637438, 0.8126928430703364, 1.804789549549855, -2.385013089865967, -0.8260506682931616, -1.5334956867567149, 3.6095588304342208, -2.1507523612739776, 2.1674313931950344, -0.8829893702844762, 1.3309956012252107], "optimality": 3.6095588304342208, "nfev": 381, "njev": null, "status": 2, "message": "`ftol` termination condition is satisfied.", "success": true, "res_time": 734.4001459999708, "tension_error": [-0.0481635358830671, -0.04866927123688434, -0.05492728783595393, 0.09314258998230601, -0.04718512064520281, 0.048619741339921425, -0.024002387453908338, 0.01064893695090551, 0.03598352573200597, 0.07099470282254158, 0.04062667544582426, 0.03400907855154276, 0.2828261253363469, -0.24935807479208102, 0.06998642856918834, -0.08275902811538448, 0.02764006449853799, -0.06828365215305562, 0.18143953383427056, -0.07938294394513118, 0.0865108673206089, -0.02954633873932859, -0.0771124323060625, 0.048718962039584264, 0.021014482514219755, -0.044843520542223424, 0.021718169288283913, 0.14896681308865012, -0.11266451808896795, -0.012854377080069701], "git_revision": "018ef57f2e70e762a509d3bbb7a77c8182022b6e", "linregress": [-0.37471436160968696, 0.09812156137574356, -0.36306486291012513, 0.04861360623446264, 0.18173683808556496]}