{"x": [0.09662385319108388, 0.13290035463628794, 0.17983036069739652, 0.1800508216055338, 0.12410735439311393, 0.08658396546457833, 0.13340880902471672, 0.18395088897384745, 0.1732584646641395, 0.13516298076302377, -0.003278442318326644, 0.0060085191856687, -0.004326503300207998, 0.007585169772233877, -0.0007413277685671666, 0.0019186777364863657, -0.011679143751061901, -0.009264632233008333, 0.01012351607578371, 0.0014746871113404088, 0.05477011146482533, 0.0515677579973606, 0.06220948649012186, 0.04771987040568605, 0.058471078610837425, 0.058583127969179465, 0.05981574121634169, 0.04638416402686477, 0.06682407932010466, 0.05030633029423546], "cost": 0.8172815522615582, "fun": [0.17785943900219972, 0.2615650333723832, 0.21825430294802348, 0.39833833167278365, 0.3671925199884932, 0.24399025691035514, 0.1853292596683175, 0.18850112303187672, 0.4589810645252744, 0.14682844886574278, 0.3415992704022354, 0.26320449896731696, 0.05165399154604725, 0.21741301616798905, 0.09111271047784951, 0.46532865628345027, 0.24298853719939478, 0.2551339036603858, 0.48558354745619947, 0.10523437311555602, 0.0, 0.0, 0.0, 0.0, 0.0, 0.0, 0.0, 0.0, 0.0, 0.0, 0.0, 0.0, 0.0, 0.0, 0.0, 0.0, 0.0, 0.0, 0.0, 0.0, 0.0, 0.0, 0.0, 0.0, 0.0, 0.0, 0.0, 0.0, 0.0, 0.0, 3.5237301384178995e-05, 0.0, 8.098621796060894e-05, 0.0, 4.0740917433495345e-07, 0.0, 0.0015930632230839786, 0.0007952149807803583, 0.0, 0.0, 0.0, 0.0, 0.0, 0.0, 0.0, 0.0, 0.0, 0.0, 0.0, 0.0], "grad": [-0.14096680756184843, -2.4205626372060767, 1.431246614789809, -0.13023591098434917, 1.271580909319781, -1.0179949760092892, 1.4889490861969783, 0.00648660401721779, 0.24128759213971795, -1.0611854269939656, 1.5240679261668317, -2.0696569348941054, 2.674993158011005, -0.028310503178636037, 1.198002832966072, -0.9478697882562179, 0.9691619675651939, 1.4605539945505517, 1.0203520789342495, -1.8438345284610986, -1.7764673157229396, 1.8899490988220409, -1.0344356367250045, -0.1749055381083, -1.572388431567151, 0.32155445159970775, -1.8342858963905861, -1.806548754755454, -1.6913176623336836, 0.2784149055380576], "optimality": 2.674993158011005, "nfev": 445, "njev": null, "status": 2, "message": "`ftol` termination condition is satisfied.", "success": true, "res_time": 782.8442410000134, "tension_error": [-0.023030580759221136, -0.07488508808070808, 0.01970781232347758, 0.01636349831561882, 0.05850161586066793, 0.1292709653279247, -0.08259816133232006, -0.04279914435717312, 0.11940115091994415, -0.10920832621904718, 0.04973281050947206, -0.09114711106337549, 0.06563152494556462, -0.11506434286061386, 0.011245680069911577, -0.02910566269963332, 0.1771684802375636, 0.1405411944289829, -0.15357015856954986, -0.02237048193865648, 0.005078129182941586, 0.053656698734552054, -0.10777455892865348, 0.1120277926497181, -0.051064233531662284, -0.052763982670142436, -0.07146228970147465, 0.13228998602822403, -0.17777630015466375, 0.07279211087227169], "git_revision": "018ef57f2e70e762a509d3bbb7a77c8182022b6e", "linregress": [-0.1566572836295732, 0.0892613519108515, -0.19873424957917296, 0.29242962693840724, 0.14599857051226542]}