{"x": [0.09444977218270247, 0.13374593609943367, 0.1816251166563481, 0.1795100584005513, 0.12952489200765013, 0.10025139940645368, 0.12739287773235716, 0.17620977487025685, 0.17676843325494246, 0.12853714471353989, -0.009116318968020034, 0.0009188238677330492, 0.0058796268286784295, 0.003067657625952242, 0.0031464103833992673, 0.002568854937228315, -0.00192236598874528, -0.0038508936276074705, 0.001976208464891751, 0.005371945122837494, 0.05373794571554656, 0.06377891483923297, 0.04783388510148973, 0.06013271638776592, 0.054979408454161535, 0.05577312789320932, 0.05420049001848411, 0.06261728884900242, 0.06815015074040613, 0.05229077745678978], "cost": 1.4087656710674428, "fun": [0.36570968305205737, 0.31357674548762476, 0.3114657412789609, 0.16978977741180196, 0.2433881988801996, 0.22711840837486583, 0.39347878806418773, 0.47983475767553335, 0.5251885454849927, 0.31502726883468507, 0.18671591586193703, 0.4827111264896207, 0.16019989006352808, 0.3672042125736427, 0.19797023558715515, 0.4825583414963131, 0.15705655402811886, 0.6312915881752843, 0.6772364565816571, 0.07993118980811163, 0.0, 0.0, 0.0, 0.0, 0.0, 0.0, 0.0, 0.0, 0.0, 0.0, 0.0, 0.0, 0.0, 0.0, 0.0, 0.0, 0.0, 0.0, 0.0, 0.0, 0.0, 0.0, 0.0, 0.0, 0.0, 0.0, 0.0, 0.0, 0.0, 0.0, 0.0007576323957990811, 0.0, 0.0, 0.0, 0.0, 0.0, 7.1040861998961735e-06, 5.71063716098358e-05, 0.0, 0.0, 0.0, 0.0, 0.0, 0.0, 0.0, 0.0, 0.0, 0.0, 0.0, 0.0], "grad": [-0.592457259913207, 0.605156627376247, 1.943720273467937, -1.3005353246812705, -1.7423143150961247, 1.137469252091695, 0.3715953106561827, 3.182338490885101, -0.9289495461238575, -3.0188983638139657, 8.86007249040966, -5.404337551250841, -0.06674908300327065, -0.15434281564702212, 0.04248385885015349, -0.08480037545423078, -1.7277809100363686, -0.171041614000849, 1.6230391481210782, -1.4452675282020715, 2.632229736015205, -7.409943972369689, -0.712838272139793, -2.1427380768495734, 2.144027996861027, -3.7347584065615553, -2.5449544005557083, -1.5254876195883096, -7.414470549729156, 4.141619918535083], "optimality": 8.86007249040966, "nfev": 442, "njev": null, "status": 2, "message": "`ftol` termination condition is satisfied.", "success": true, "res_time": 860.8041489999741, "tension_error": [0.009949459248700124, -0.08771225982683568, -0.007518000837341585, 0.024566684887959205, -0.02368051377618536, -0.07805917392215383, 0.008661388768177299, 0.0746308188585821, 0.06615616873898562, -0.008696736652938034, 0.13829133465183455, -0.013938233120682623, -0.0891918595921255, -0.04653528127262884, -0.047729932751264706, -0.03896862089210278, 0.02916161218200742, 0.058416694417148606, -0.029978383503126763, -0.08149050766210288, 0.02073571856198816, -0.1315822319379425, 0.11029823003700946, -0.07627069094999643, 0.0019031678750441637, -0.01013727530713016, 0.013719085070638494, -0.1139607764887886, -0.19789233461994019, 0.042688749239315656], "git_revision": "018ef57f2e70e762a509d3bbb7a77c8182022b6e", "linregress": [-0.13173151189463486, 0.06476795232635418, -0.17391887143986998, 0.35801834637803576, 0.1409594980680422]}