{"x": [0.09504361491057495, 0.12983179801361136, 0.18227338119994824, 0.18252041977642228, 0.12729712686870848, 0.09268234357462928, 0.1268596550954205, 0.1820554419428552, 0.18081487674298455, 0.12579626543552352, 0.0007057515789283319, 6.05190055607033e-05, 0.0029964139050142665, -0.0010993309299480107, -0.001339985028930902, -0.004422175904455532, -0.00023334814281519218, -0.001363323002959101, 0.0005055846734990469, -0.0031751732329724134, 0.056150333457188915, 0.05508872900940581, 0.05057559110143866, 0.054688720945401025, 0.05355126081949689, 0.05960466706075735, 0.053993762198767496, 0.05610692805158578, 0.05423254227784041, 0.0570427772820511], "cost": 1.4518828192456497, "fun": [0.48716775230603854, 0.12218719578610658, 0.24868708793640848, 0.24103303510848592, 0.44696535343273525, 0.24261020292427843, 0.14224772150496937, 0.18697920012772784, 0.21748905449697617, 0.361126411570934, 0.6096462041760965, 0.5184895700118991, 0.2562607126452798, 0.3386997278121629, 0.4081373925396201, 0.44436769915475244, 0.33534021841536754, 0.6004076426799642, 0.5042122655404432, 0.35765343969581964, 0.0, 0.0, 0.0, 0.0, 0.0, 0.0, 0.0, 0.0, 0.0, 0.0, 0.0, 0.0, 0.0, 0.0, 0.0, 0.0, 0.0, 0.0, 0.0, 0.0, 0.0, 0.0, 0.0, 0.0, 0.0, 0.0, 0.0, 0.0, 0.0, 0.0, 0.0, 0.0, 0.0, 1.3285727526723901e-06, 2.4060233547459943e-06, 8.647847880998535e-05, 1.2706122739268423e-08, 2.5339397682957744e-06, 0.0, 3.201122355074484e-05, 0.0, 0.0, 0.0, 0.0, 0.0, 0.0, 0.0, 0.0, 0.0, 0.0], "grad": [1446.8837101637264, 2.3449786235473167, -1453.5234924273514, 1.4895022088770524, 1457.5592916662767, -1465.5120773533877, 1462.8148508853524, -1.1718950312556569, -1459.743753031937, -1460.058471845143, -1462.8209686227779, 1458.6139015487774, 0.20073573703076064, 1464.1482400064742, -1460.2762258461305, 1460.056388002638, 1461.5209786640885, 2.0452814936826296, -1459.5031106081756, -1.6300569912175167, -1457.2138066100965, -1450.7300317841368, 1438.6317201389395, 1459.2678090272186, -1459.4957272000447, 0.07683257582980207, 2.8941108543795973, -1462.7767136843083, -1463.760921197631, 1456.7421135643417], "optimality": 1465.5120773533877, "nfev": 195, "njev": null, "status": 2, "message": "`ftol` termination condition is satisfied.", "success": true, "res_time": 484.52934800001094, "tension_error": [0.0009410750863140221, -0.028336169345711797, -0.017351944697403508, -0.021099432534427295, 0.010113895506312913, 0.0367607261613322, 0.01675018759007265, -0.014045883244074181, 0.004773052097543477, 0.032881432650495486, -0.01070600185502681, -0.0009180519111003821, -0.04545453922217651, 0.01667646141604583, 0.020327098987474167, 0.06708284451626212, 0.003539808800201352, 0.02068112779973395, -0.0076695406910362455, 0.04816625500697053, -0.015859350309532807, 0.0002448137144838747, 0.06870751965423884, 0.00631279457789732, 0.02356766241176059, -0.06826036941010868, 0.01685507298402357, -0.015200905657363529, 0.013232863631860462, -0.02939740750947571], "git_revision": "018ef57f2e70e762a509d3bbb7a77c8182022b6e", "linregress": [-0.04812059021037584, 0.025902639258015673, -0.15505318721679215, 0.4132771604445604, 0.05794112313574803]}