{"x": [0.09217367184401824, 0.12395145917081295, 0.1813948183828395, 0.1801101547493038, 0.13328139529901684, 0.09768869192166825, 0.12988703980802863, 0.1733033456087588, 0.1723312608645149, 0.13329518015713235, 0.008668807785706107, 0.011623668704936635, 0.009308350337350346, -0.022571114978162974, 0.0068079278411342405, -0.027358769156563247, 0.011787932582245543, -0.012683152673909388, 0.01406217651503317, -0.012169987339674244, 0.06266496633154447, 0.06644097455786856, 0.06422954590450715, 0.057548337364218424, 0.07044482390762198, 0.05160148001858524, 0.05803197462251954, 0.0661698928420008, 0.06046329470218734, 0.05943290256156251], "cost": 1.2650804332459504, "fun": [0.13546249163884724, 0.2491244479948882, 0.20604935830967303, 0.3682386494751717, 0.1497049595841715, 0.331802898761602, 0.4544956274428364, 0.3997968053005262, 0.29224279642925277, 0.5341049719604892, 0.24670488793398915, 0.20107708163816346, 0.6574349712929098, 0.4742142253852961, 0.27075212685962713, 0.26843614549888606, 0.5481437880996229, 0.1947945117584352, 0.3314950685690858, 0.22247459294578392, 0.0, 0.0, 0.0, 0.0, 0.0, 0.0, 0.0, 0.0, 0.0, 0.0, 0.0, 0.0, 0.0, 0.0, 0.0, 0.0, 0.0, 0.0, 0.0, 0.0, 0.0, 0.0, 0.0, 0.0, 0.0, 0.0, 0.0, 0.0, 0.0, 0.0, 0.0, 0.0, 0.0, 0.011498972603195691, 0.0, 0.02047810026440999, 0.0, 0.0020402418935570217, 0.0, 0.0018024796876850878, 0.0, 0.0, 0.0, 0.0, 0.0, 0.0, 0.0, 0.0, 0.0, 0.0], "grad": [-31.044337668080836, -261.4233934773385, -1.4770155841450618, 220.94832697255697, -23.26525071985473, -98.9030527497098, -4.030917466931779, 229.3551175915382, -19.534829965946667, -35.83308363419252, 262.99111020418525, 10.982683990101979, -21.3893004210438, -33.156774693472535, 236.9361317294641, -85.12735538612952, -10.574423182690346, -32.79298097145336, -14.087039483863183, -29.590416151851937, -9.28119077498962, -12.655159016418471, 230.51163734281084, -238.7696304661149, -229.34696819046445, -17.80253895991094, 121.41763286755373, -123.90455664284559, -26.314364699814504, -252.5845426073986], "optimality": 262.99111020418525, "nfev": 290, "njev": null, "status": 3, "message": "`xtol` termination condition is satisfied.", "success": true, "res_time": 728.7205330000143, "tension_error": [0.04447709641698334, 0.060866491248801724, -0.0040244574758993, 0.015463435508489208, -0.08066534017481, -0.039183807709491016, -0.02917416783011379, 0.1187203228627414, 0.13346650464376053, -0.08087445159724571, -0.1315027482837059, -0.17632694340724345, -0.14120438261043136, 0.3423958316794287, -0.10327385764654914, 0.41502285235575825, -0.1788187683321745, 0.19239894051763928, -0.21331824447954606, 0.18461440388422595, -0.11468402703725122, -0.1719647364010305, -0.13841814582719505, -0.037066575158706726, -0.23270171502854972, 0.05314514759876223, -0.044403181323150964, -0.16785252264254197, -0.08128544706687467, -0.06565476270385083], "git_revision": "018ef57f2e70e762a509d3bbb7a77c8182022b6e", "linregress": [-0.8680472765251185, 0.18365495461198816, -0.5858524198041288, 0.0006700459118195373, 0.2269264315202792]}