{"x": [0.09209794098621604, 0.11504011234690677, 0.18064053382401973, 0.18892181545315942, 0.14142895593296834, 0.10228368882803408, 0.11897502543407175, 0.18212079714942192, 0.18358736180122348, 0.1403346640533818, 0.003831257038136834, 0.014898901008680188, 0.0008982700489532946, -0.003327730780449962, -0.024131179735968813, 0.008258710007150715, 0.010889633770053756, 0.006530599106901701, -0.004710318816501099, -0.02405972433973104, 0.05997873045127134, 0.05166773938256274, 0.06095099748728481, 0.054202431556046315, 0.0460095850670986, 0.05869008457224049, 0.052419299112070494, 0.06197636072419341, 0.05965086787304405, 0.04942854430490266], "cost": 1.2466681342255976, "fun": [0.10457665397051849, 0.26230376586618687, 0.2559403904173357, 0.4841569450553678, 0.3158164994033478, 0.3669419974965947, 0.35008070213299874, 0.33935162547481473, 0.6642657497425598, 0.24748871758676588, 0.07470869874660234, 0.04838996880959884, 0.13071058659928675, 0.5722432208208246, 0.39015637758271343, 0.39073970413927006, 0.6107653822672874, 0.3194875950457393, 0.06894223224620041, 0.03820895293246261, 0.0, 0.0, 0.0, 0.0, 0.0, 0.0, 0.0, 0.0, 0.0, 0.0, 0.0, 0.0, 0.0, 0.0, 0.0, 0.0, 0.0, 0.0, 0.0, 0.0, 0.0, 0.0, 0.0, 0.0, 0.0, 0.0, 0.0, 0.0, 0.0, 0.0, 0.0, 0.0, 0.0, 3.685059898438982e-05, 0.014051919825976434, 0.0, 0.0, 0.0, 0.00010450833040768768, 0.013927460695858216, 0.0, 0.0, 0.0, 0.0, 0.0, 0.0, 0.0, 0.0, 0.0, 0.0], "grad": [-2.847981728935669, -231.55767654091363, -3.2316457039334, -233.05060686957756, -0.7167002563878189, 236.2691383606927, 1.0544480766517106, -1.4040795374638284, 5.440620652972005, -235.469059253343, -4.243823246430132, -3.9851148049504364, -1.1488235148323949, -0.738236303164348, 3.4702380390140006, 238.15994764294805, -1.098359624805557, 1.7782953282982632, 1.111615734677418, -232.67122301913275, 13.808686856563519, 222.8593287398406, 7.087885160757621, -239.69349906163174, 243.95390308278252, -240.47659503362587, -0.17036759462682483, -0.10746075068253891, -234.8497161066989, 222.99598124767311], "optimality": 243.95390308278252, "nfev": 414, "njev": null, "status": 3, "message": "`xtol` termination condition is satisfied.", "success": true, "res_time": 746.8032390000299, "tension_error": [0.04562590674673743, 0.19604847096522976, 0.007417772519823451, -0.1182063410219362, -0.2042609535115618, -0.10888828570455994, 0.13635723106106015, -0.015037298614056758, -0.03728456571411191, -0.18766093270738027, -0.05811881429958902, -0.2260110591307493, -0.01362643895889261, 0.0504804990484406, 0.3660614623201606, -0.12528171001890556, -0.1651918930451264, -0.09906687882879815, 0.07145387058687602, 0.36497750923027183, -0.07393477875230453, 0.052140016480624066, -0.08868372583499841, 0.013689632632467303, 0.13797221637363832, -0.05438647651212215, 0.040739121181896695, -0.10423812350717776, -0.06896121939303927, 0.08610781389114915], "git_revision": "018ef57f2e70e762a509d3bbb7a77c8182022b6e", "linregress": [-0.34300844234888594, 0.13320853290964604, -0.23634913381528896, 0.20859544387160467, 0.26649543092544226]}