{"x": [0.09333804786498781, 0.12084636650226233, 0.18371820094096256, 0.1839264814190332, 0.13612155402833506, 0.1049916605692645, 0.13059216778272534, 0.17922916121182794, 0.18219727621869267, 0.12581972353178583, 0.004003643181450484, -0.00013782528236437746, 0.001772645737737007, 0.011374820440063887, 0.0007452361043268948, -0.010912298496146703, 0.007650659179778017, 0.009500145344430364, 0.0035670270045254793, -0.006289060936215371, 0.05007546710892623, 0.05136702474660697, 0.05201383499303641, 0.053916057929140664, 0.057705827784993904, 0.044845236190621716, 0.047963877749842516, 0.046782829426525875, 0.04781581346389267, 0.05254179816683408], "cost": 1.1424332976620688, "fun": [0.5015230786849109, 0.18361923536566038, 0.18238761901102507, 0.37325212541883757, 0.26978007411559773, 0.3255456206823752, 0.25372932792820313, 0.3252455441903486, 0.5024029669318134, 0.16920445075178306, 0.4194253464687795, 0.3218060887172202, 0.2746785956454267, 0.40474846548409105, 0.23791721242124575, 0.28699964018722024, 0.45193995823398647, 0.48548794538326134, 0.19916626243148997, 0.24442252714943663, 0.0, 0.0, 0.0, 0.0, 0.0, 0.0, 0.0, 0.0, 0.0, 0.0, 0.0, 0.0, 0.0, 0.0, 0.0, 0.0, 0.0, 0.0, 0.0, 0.0, 0.0, 0.0, 0.0, 0.0, 0.0, 0.0, 0.0, 0.0, 0.0, 0.0, 0.0, 2.618102664576548e-09, 0.0, 0.0, 0.0, 0.0012994175008150981, 0.0, 0.0, 0.0, 0.0002487467459990633, 0.0, 0.0, 0.0, 0.0, 0.0, 0.0, 0.0, 0.0, 0.0, 0.0], "grad": [-1.5182255855135263, 1.5959293418122242, -0.04093951758741754, 0.110472312438322, -0.7447854148617115, -0.036109725394918746, 0.39091565025784203, 0.7329977608483409, 0.8232131900233162, -1.3330167879998867, -1.0588457997368215, -0.7109147287992874, 0.2551235405401806, -1.0919685378936024, -0.5763228372075826, 1.691116561445807, 1.8941015786972089, 0.8255245965135833, -0.527658019326525, -2.0370102840935203, 2.0762011570913756, -0.9197489677037112, -0.8655108710097101, 1.2473929726631061, -1.3346098873975665, 1.7325728780875798, -1.2521369303929877, -0.547366039895298, -1.2537285119002552, 0.358421979808913], "optimality": 2.0762011570913756, "nfev": 260, "njev": null, "status": 2, "message": "`ftol` termination condition is satisfied.", "success": true, "res_time": 473.8496560000349, "tension_error": [0.02681392397409913, 0.1079696488783065, -0.039269349191158716, -0.04242889038265865, -0.1237495436431515, -0.14996725931308663, -0.03987070982949187, 0.028827795898309957, -0.01619745904717494, 0.03252558162642691, -0.060733851127277465, 0.0020907607899414414, -0.026890408924533128, -0.17255200323722877, -0.011304968141157916, 0.16553570892431044, -0.11605779401196206, -0.1441138450372835, -0.05411053813775244, 0.09540283020229097, 0.07629422374594196, 0.056701751156818345, 0.046889868470506746, 0.01803381927323712, -0.039455649143537955, 0.15563497704416854, 0.1083262875349211, 0.12624237290805532, 0.11057237038811046, 0.03888085384435925], "git_revision": "018ef57f2e70e762a509d3bbb7a77c8182022b6e", "linregress": [-0.22410069472449695, 0.08922113578463667, -0.27237692167927263, 0.1453442863033378, 0.14960806441252875]}