{"x": [0.09657459819939844, 0.12404272357316083, 0.180963532348766, 0.18519439322827239, 0.13218426653154589, 0.09402611324967759, 0.1285441248200816, 0.17955114047887694, 0.17189177625123314, 0.1334839037940433, -0.002317645324077107, 0.004288799698459956, 0.0055769615999645685, -0.007129378344889918, -0.0011711699573375186, -0.007818491422333727, 0.00161221248449864, -0.022849826726344627, 0.017033436633276788, 0.0009986759758496802, 0.05309315555564389, 0.05462943340695408, 0.06601047826033643, 0.039641885934894955, 0.05902465096135052, 0.05453987822973819, 0.055297785276566855, 0.0638266317218238, 0.05736233099699679, 0.05299697028335691], "cost": 1.13758876206208, "fun": [0.39902631809184436, 0.28992422467651136, 0.654870441219697, 0.3267223935247249, 0.45461333304352397, 0.1576320149101069, 0.47971186884152717, 0.0798017809191804, 0.2097325664497882, 0.36320857472594864, 0.059386974846962495, 0.11719421300146687, 0.49573331820552274, 0.27153435139371224, 0.23861432735066726, 0.11772435695082048, 0.4373567770331485, 0.31352563443435416, 0.29978346247849674, 0.2554287788795881, 0.0, 0.0, 0.0, 0.0, 0.0, 0.0, 0.0, 0.0, 0.0, 0.0, 0.0, 0.0, 0.0, 0.0, 0.0, 0.0, 0.0, 0.0, 0.0, 0.0, 0.0, 0.0, 0.0, 0.0, 0.0, 0.0, 0.0, 0.0, 0.0, 0.0, 1.2449185153593326e-05, 0.0, 0.0, 0.0003623722962100367, 1.606422469888028e-06, 0.0004779350619523521, 0.0, 0.01193022771683574, 0.0, 0.0, 0.0, 0.0, 0.0, 0.0, 0.0, 0.0, 0.0, 0.0, 0.0, 0.0], "grad": [7.580662044398597, -7.274687204265287, -2.8425873230338423, 2.114879672971551, -1.0767329026168646, 2.318675173786781, -0.7191512597628473, 1.95467426010394, 1.65459674050113, -1.1847610158675173, -4.1090951135237255, -7.6766840136472325, 0.6477852754148444, 3.0715798567811587, 2.252255473054767, -5.441808591384065, 1.7072572814888498, 2.494721722704562, 1.5111640439732896, 0.4963505895927411, -5.175243378436862, -11.780106431079124, 17.558848721357116, -4.139264141506855, -1.6136048783760808, 0.15330580839817998, -3.7662183488917425, 0.8390763397248397, -5.20170024889828, -4.113768316466894], "optimality": 17.558848721357116, "nfev": 444, "njev": null, "status": 2, "message": "`ftol` termination condition is satisfied.", "success": true, "res_time": 738.6969140000292, "tension_error": [-0.022283399954957987, 0.05948204254190965, 0.002517999131635827, -0.0616626641169482, -0.0640222847847206, 0.016376215430741286, -0.008802622400579297, 0.02394348428891751, 0.14013333079836124, -0.08373732242485903, 0.03515785990382235, -0.0650595746413674, -0.08460053511364105, 0.10815014810378532, 0.01776623405483081, 0.11860374977569293, -0.02445669321200709, 0.34662379032966867, -0.25839120965234325, -0.015149561360178162, 0.03051695725011593, 0.007212165568404763, -0.16543425981752838, 0.23456796019775197, -0.05946173031159731, 0.008570685934532014, -0.002926495923150506, -0.13230608017121082, -0.0342449243512859, 0.031976053813660706], "git_revision": "018ef57f2e70e762a509d3bbb7a77c8182022b6e", "linregress": [-0.32761827113275355, 0.0970682295560415, -0.24714056839464316, 0.1879525536180314, 0.24275026262198662]}