{"x": [0.09475472931600117, 0.13106033276730347, 0.17882998785780949, 0.18696846519343585, 0.11974112059646333, 0.08997249064004768, 0.12885924871384727, 0.189024597281785, 0.18391674256630733, 0.12186298846597107, -0.006005710529883305, -0.00228884886096633, 0.006141091684218399, -0.00827199396482439, 0.004119699222752264, 0.009817960760252868, -0.008971206966618612, 0.0010134908337921947, -0.0028837456631568225, 0.005111302557498405, 0.052124847405598994, 0.05749886219106668, 0.054977523628834554, 0.051273470427030614, 0.04999819133914059, 0.059222464742120576, 0.05651984798914184, 0.04832467830590867, 0.04654703302309556, 0.062033119163905685], "cost": 1.4701701820088173, "fun": [0.36450873454059934, 0.5149586192085672, 0.12269254876590699, 0.3252721668807362, 0.3820696577826268, 0.25926300221312526, 0.496895149051996, 0.6572949006278644, 0.33864211249572806, 0.2983208308300173, 0.2239130446906196, 0.4661494272459391, 0.31257052390376466, 0.4635278055345493, 0.2196218097760444, 0.570369306400915, 0.3643440679141401, 0.21262383557048445, 0.39031320288162774, 0.2044012137397452, 0.0, 0.0, 0.0, 0.0, 0.0, 0.0, 0.0, 0.0, 0.0, 0.0, 0.0, 0.0, 0.0, 0.0, 0.0, 0.0, 0.0, 0.0, 0.0, 0.0, 0.0, 0.0, 0.0, 0.0, 0.0, 0.0, 0.0, 0.0, 0.0, 0.0, 0.00021661732439634602, 1.1990888037436977e-05, 0.0, 0.0005660185007604147, 0.0, 0.0, 0.0007220256530646069, 0.0, 2.3981197357150536e-05, 0.0, 0.0, 0.0, 0.0, 0.0, 0.0, 0.0, 0.0, 0.0, 0.0, 0.0], "grad": [-431.17254679184083, 394.7203036884853, 396.33139596528963, -0.9875855714239283, 0.650644947829444, -2.026116604290751, -394.70638543989855, 3.142634260137434, 434.0648435333454, -1.6275566134111692, -430.43426336078994, 430.5832610037445, -0.25162788063201535, -394.6401552723337, 396.2948678288009, -434.1907588931991, 438.4430618323272, -2.770189570017031, -5.53753948989197, -8.148409956082624, 429.3315714588936, -393.98500238435247, -431.812977713819, 3.182371729631991, -401.98553937107624, 4.850674139007802, 2.678034903145665, -0.6751908954178312, -8.320801969217014, -421.5208356391169], "optimality": 438.4430618323272, "nfev": 229, "njev": null, "status": 2, "message": "`ftol` termination condition is satisfied.", "success": true, "res_time": 459.09168499999214, "tension_error": [0.005323367388222567, -0.04697260707350935, 0.03488311450643572, -0.08857470840713866, 0.12473583838611126, 0.07786823680769017, -0.013582940421746861, -0.11976550501218816, -0.04228115543106657, 0.0925478532291152, 0.09110450474842506, 0.03472102774263849, -0.0931581889805568, 0.12548322295878794, -0.06249438022924649, -0.14893499249616488, 0.13609003691113472, -0.015374297515717993, 0.04374540183964308, -0.07753665212520637, 0.045205849432772935, -0.036316054279469524, 0.0019317600086639017, 0.058120937098210236, 0.07746646984410858, -0.06246249540671751, -0.021464755076114467, 0.10285307070074214, 0.12981932095593202, -0.1050991289643257], "git_revision": "018ef57f2e70e762a509d3bbb7a77c8182022b6e", "linregress": [-0.07835955843446513, 0.07569614525816334, -0.11774929896348484, 0.535457415523981, 0.12488861326331897]}