{"x": [0.0998396495599471, 0.13073038178041527, 0.18070893330732304, 0.18198110059389122, 0.12581137813916957, 0.09131330742283013, 0.12219495954402644, 0.18441674625894236, 0.1822334644156137, 0.123894715186443, 0.006872934919995001, -0.00018440774979098254, -0.0011057894118263786, 0.005358371329279921, -0.0021435236640999816, 0.0001626874747946293, -0.003263614218967026, -0.006946631439817916, 0.0024771711782155025, 0.004815526645699, 0.058237292353496437, 0.04814241530320101, 0.06120868130808692, 0.05085071977975902, 0.055743249822588714, 0.05546890693527481, 0.059785946126679756, 0.05574507864697358, 0.05156319802145339, 0.05266367694302656], "cost": 1.4943506275208684, "fun": [0.38293639804145196, 0.22569723569919176, 0.38191640779414815, 0.3509474687779961, 0.42611231852045983, 0.20479227042452733, 0.4382010172865767, 0.6152764479939383, 0.4022391232260576, 0.42290241620051844, 0.26236962032404865, 0.4014089335626331, 0.16020001419941554, 0.5828074417959809, 0.22264601411713872, 0.36815857209810776, 0.5531616391334582, 0.2739281425838235, 0.410522311201597, 0.23957728280416546, 0.0, 0.0, 0.0, 0.0, 0.0, 0.0, 0.0, 0.0, 0.0, 0.0, 0.0, 0.0, 0.0, 0.0, 0.0, 0.0, 0.0, 0.0, 0.0, 0.0, 0.0, 0.0, 0.0, 0.0, 0.0, 0.0, 0.0, 0.0, 0.0, 0.0, 0.0, 6.27101017402336e-09, 1.3521263660298203e-06, 0.0, 9.848834672147162e-06, 0.0, 3.476133521971301e-05, 0.00033521448191626294, 0.0, 0.0, 0.0, 0.0, 0.0, 0.0, 0.0, 0.0, 0.0, 0.0, 0.0, 0.0], "grad": [-0.9728256577690999, 1.9013017783658885, 0.9904675014657229, -1.8673917742935897, 3.012682162132875, -4.092146722193954, 0.08445735851046887, 1.4657464174644708, 1.758910866186366, 1.900107550292165, -1.3402993279492708, 0.6283715707389517, 0.28272045935471224, -0.20167079862016823, -1.156612068243236, -5.603976857096269, -0.39040903047107545, 5.951271030049995, -1.1169624511074088, -2.0457754479268457, 2.73751801977202, -2.4921852649050225, -4.276004993651259, 2.8887325721289683, 0.059265135091045806, -5.297809019898183, 7.048341330090799, -5.574788974929234, -1.9049922245206337, -2.7526622280804993], "optimality": 7.048341330090799, "nfev": 167, "njev": null, "status": 2, "message": "`ftol` termination condition is satisfied.", "success": true, "res_time": 383.91620099998545, "tension_error": [-0.07181307437080724, -0.041967367293448195, 0.006380176548391012, -0.012918151271979894, 0.032652178280969765, 0.05752852040844761, 0.0875119693804771, -0.04986603461617499, -0.016746421196087026, 0.06172727742351878, -0.10425999204235167, 0.002797400346367575, 0.016774434302022873, -0.08128459801436563, 0.0325164959021348, -0.0024679114563026703, 0.04950787348631775, 0.10537794218442746, -0.03757781069291415, -0.07304983614782655, -0.04751777868904894, 0.10561793599237068, -0.09259269826366359, 0.0645339149066001, -0.009684035542545393, -0.005522350966570316, -0.07101030872868568, -0.00971177816167867, 0.05372587195637552, 0.03703199591337676], "git_revision": "018ef57f2e70e762a509d3bbb7a77c8182022b6e", "linregress": [-0.09706236121566497, 0.05445426355378421, -0.18601990648368505, 0.3250147509100275, 0.09688695254296016]}