{"x": [0.09428485205427219, 0.12976482883168514, 0.18215302639498768, 0.17642609393442935, 0.1291681973673759, 0.09494755955174167, 0.13198001826370892, 0.1811106450364298, 0.18708797551250317, 0.11982189480389722, -0.0023679492631871572, 0.006321305468216257, 0.003292049746092723, -0.007568570675352968, -0.0036517929822953554, 0.0013104226459972148, 0.0014139456189162047, 0.006464648738313881, -0.0017042482958879441, 2.5922022077335996e-05, 0.05279408248641892, 0.05625036414686594, 0.04667085849879791, 0.0639223834366104, 0.056317823225747014, 0.058462681715338034, 0.05320767511871746, 0.053446407694820924, 0.05143724020324744, 0.04923530857639598], "cost": 1.3186426779426879, "fun": [0.3902790113775841, 0.4358563259063073, 0.4373028545708202, 0.1976801767555032, 0.37675028490506707, 0.1656719815694104, 0.5035263170576624, 0.1911477928253864, 0.347426398352016, 0.3730260349493607, 0.15708533833264196, 0.2441518543737804, 0.36106880298826444, 0.5571094267559802, 0.09936217596438275, 0.511628156582647, 0.44800532592244185, 0.1543150274395671, 0.5390385421982913, 0.18335636562972193, 0.0, 0.0, 0.0, 0.0, 0.0, 0.0, 0.0, 0.0, 0.0, 0.0, 0.0, 0.0, 0.0, 0.0, 0.0, 0.0, 0.0, 0.0, 0.0, 0.0, 0.0, 0.0, 0.0, 0.0, 0.0, 0.0, 0.0, 0.0, 0.0, 0.0, 1.3277526541821104e-05, 0.0, 0.0, 0.0004335524174750076, 4.869882122755502e-05, 0.0, 0.0, 0.0, 4.949924846913348e-06, 0.0, 0.0, 0.0, 0.0, 0.0, 0.0, 0.0, 0.0, 0.0, 0.0, 0.0], "grad": [-0.9376089896405548, 0.12702285615227282, 1.5200396788182169, 0.26456947912469353, -1.7265772115628772, 0.8460600554017075, -0.4924482847600349, 0.7527043857102719, -1.4478708358495251, 1.8904945217591074, -0.6446416578959289, 0.2012343148641026, -1.2563417490845483, 0.7367973514904245, -0.19875335044920606, -0.3076461936797841, 0.3614575679823595, -0.7110133005551369, 1.0904280686611412, -0.5238376264105864, 0.7116563841057424, 0.0278089583544876, -0.31845667280584955, -3.556158188200655, 4.605817164097824, -2.684999014023388, 2.2311677525224303, -1.5760933100779706, 0.33444906838048016, 1.8322940974427588], "optimality": 4.605817164097824, "nfev": 351, "njev": null, "status": 2, "message": "`ftol` termination condition is satisfied.", "success": true, "res_time": 616.4663029999938, "tension_error": [0.012451239271051483, -0.02732027054032692, -0.015526204871038929, 0.07134933515885727, -0.018269582232464453, 0.0023982009087116407, -0.060923910796427186, 0.00028635168790198517, -0.09038763768116509, 0.12351052222608404, 0.03592095286954428, -0.09589196834908782, -0.04993923037625719, 0.11481254043139559, 0.05539640804204012, -0.01987864809345327, -0.021449054980521878, -0.0980664350614416, 0.025852843921239647, -0.00039322790728632144, 0.03505378993956321, -0.017376780494907693, 0.1279409322818579, -0.1337585998208075, -0.018400110863839848, -0.05093685559659702, 0.028779735979475245, 0.025158247230558768, 0.055636607512101394, 0.08903913155251571], "git_revision": "018ef57f2e70e762a509d3bbb7a77c8182022b6e", "linregress": [-0.04578427014140653, 0.0537549953574604, -0.07076530704548052, 0.7101948974146657, 0.1219626179483941]}