{"x": [0.08986957427081996, 0.12259876658432461, 0.18231333619597162, 0.17902173613167383, 0.1347275292640832, 0.09050115267127691, 0.1269921863903669, 0.17452653158459108, 0.1809259608893499, 0.13922137390631079, 0.014962930238064066, 0.0014634016827545573, 0.016896510649851215, -0.033305572834301564, 0.0048314117103521945, 0.0013962062919486077, -0.005433963455422352, 0.015857547113583757, 0.00019469403374218646, -0.022480449276293175, 0.05871875158335003, 0.053663097339950415, 0.04555786077055462, 0.057736027852707955, 0.06273392214559693, 0.059528718341831065, 0.05114678967245482, 0.054376627590123, 0.06116034389651227, 0.054273170114041654], "cost": 1.2460159150534227, "fun": [0.3476050994531418, 0.4347086889516595, 0.18977441502431003, 0.3110786534352604, 0.32873063623291077, 0.5641678682539868, 0.15232214530659596, 0.47986721677853117, 0.34225629078431574, 0.2204519151365981, 0.46889769715158713, 0.19325690865400977, 0.32187386650705985, 0.32650853380818917, 0.01819573939316968, 0.36924091914192897, 0.23843795689703579, 0.006127008539996981, 0.34356152201720636, 0.6506703163228537, 0.0, 0.0, 0.0, 0.0, 0.0, 0.0, 0.0, 0.0, 0.0, 0.0, 0.0, 0.0, 0.0, 0.0, 0.0, 0.0, 0.0, 0.0, 0.0, 0.0, 0.0, 0.0, 0.0, 0.0, 0.0, 0.0, 0.0, 0.0, 0.0, 0.0, 0.0, 0.0, 0.0, 0.036944579083401624, 0.0, 0.0, 0.00016045384922187537, 0.0, 0.0, 0.0113609581314762, 0.0, 0.0, 0.0, 0.0, 0.0, 0.0, 0.0, 0.0, 0.0, 0.0], "grad": [0.5396027057490955, 0.754369806094216, -0.8803766492107599, 0.4029792998838637, -0.2646179949834666, -0.6356277718819556, 0.5763972726173741, 0.3114887197355096, 0.2752462414234269, -0.5162961774966837, -0.7726683941303216, 0.24883793399782927, -0.5927922086918511, -0.5203468235518747, 1.569601957674633, -0.7524125715840437, -0.45165711706960354, 0.11132508321239953, 0.5739676453650229, 1.5070776719631453, -0.3373491640655466, 0.05188857264158031, 0.11245822790574955, 1.2003031185347899, -1.5092306574233971, -1.4411384159322935, 0.7800340894485425, 1.3723299421123556, -1.2274217723879248, -0.052931248494713756], "optimality": 1.569601957674633, "nfev": 1436, "njev": null, "status": 2, "message": "`ftol` termination condition is satisfied.", "success": true, "res_time": 2161.988324999984, "tension_error": [0.07942944173129482, 0.08138635939024548, -0.017958047856525695, 0.031974361005937674, -0.10260268098264419, 0.06984862076146509, 0.014739734716980942, 0.10016502420341936, 0.003087944883391212, -0.17077271490441923, -0.22698235989581544, -0.022199285978233178, -0.2563140909092559, 0.5052337609902424, -0.07329080696067625, -0.02117995566414429, 0.08243130383390511, -0.24055338150570788, -0.002953439636042483, 0.3410204650470518, -0.05482134493222947, 0.021871141948776596, 0.14482471419461973, -0.03991377349015227, -0.11573006234939537, -0.06710825420415135, 0.06004263934299172, 0.01104714040199266, -0.09185943682516826, 0.012616553725197982], "git_revision": "018ef57f2e70e762a509d3bbb7a77c8182022b6e", "linregress": [-0.6845350567987187, 0.14725727557484755, -0.38019706305750234, 0.03821948553214678, 0.3147061901251969]}