{"x": [0.09281774501202156, 0.1300592399620033, 0.1792288334024506, 0.1771157482588847, 0.13220559029731377, 0.09523348637440458, 0.12945074554192504, 0.1775848260170025, 0.17898847645170549, 0.13381278512876546, -0.0037690402416369942, -0.0010882621813957584, 0.007477390735756361, 0.00629189032954928, -0.005955911766517109, -0.0035773248205960002, 0.0038175298646519434, 0.0025891899871487304, 0.0054284201244491044, -0.0030284485233919153, 0.05531304581383667, 0.05639905996724612, 0.049488466291492804, 0.06170219181471971, 0.05296554212234993, 0.05621459549402785, 0.05375917148165346, 0.05651963464994361, 0.05760360731683642, 0.051954715282704005], "cost": 0.8122887246148808, "fun": [0.3031503646406996, 0.519823029067196, 0.2602885775876987, 0.16264749154473446, 0.45359889857310176, 0.17033389429790743, 0.14726107320695261, 0.49209337499009975, 0.3842517358079024, 0.38720774467309577, 0.13893734377222958, 0.09698399425989278, 0.12375308075566473, 0.13723537055379825, 0.10258987832173101, 0.3291873472172473, 0.22252537925463858, 0.11413860451928236, 0.2898818220404481, 0.20915759225489086, 0.0, 0.0, 0.0, 0.0, 0.0, 0.0, 0.0, 0.0, 0.0, 0.0, 0.0, 0.0, 0.0, 0.0, 0.0, 0.0, 0.0, 0.0, 0.0, 0.0, 0.0, 0.0, 0.0, 0.0, 0.0, 0.0, 0.0, 0.0, 0.0, 0.0, 5.3541720568252704e-05, 1.2888447633448152e-06, 0.0, 0.0, 0.0002112733729883289, 4.57799303346358e-05, 0.0, 0.0, 0.0, 2.7775417021846137e-05, 0.0, 0.0, 0.0, 0.0, 0.0, 0.0, 0.0, 0.0, 0.0, 0.0], "grad": [1.093399568609786, -2.754928289382117, -0.9708410528255587, 1.2121250728031607, 1.90879293004371, 2.58578327512645, -2.2486612849933936, 0.03943868107567261, -0.3703800461147173, 0.04404557066812442, 0.946013850752283, -3.975757668450375, 0.4765170101386831, -2.0024409176039324, 4.132319900101822, 2.416050620577545, -0.6233879772317876, 0.5274414012424331, -2.7761056954498353, 0.8443876332930464, -6.0660315591093354, 5.038530948388299, 2.9585459683170345, -0.8482913839529108, 0.056597111151930446, -1476.4562329641326, 1480.700843408796, 0.8903853001931776, -0.3532789161287049, 4.201394002642035], "optimality": 1480.700843408796, "nfev": 1064, "njev": null, "status": 2, "message": "`ftol` termination condition is satisfied.", "success": true, "res_time": 1821.8433610000066, "tension_error": [0.03470673424239626, -0.03178638326530733, 0.028832768650630537, 0.06088752296120272, -0.06434575877001976, -0.0019392078697134257, -0.022555738113902137, 0.05377177926540153, 0.03247889858838182, -0.08872633595985645, 0.057175007500385594, 0.016508552415100793, -0.11342937299456916, -0.09544575109851826, 0.09034907512007609, 0.054266752365598914, -0.05791057793259899, -0.03927709640766679, -0.0823472134635049, 0.04594049305354726, -0.0031579928764657694, -0.019632443502055674, 0.08519881854668934, -0.10007907811350937, 0.03245280790119915, -0.016834182681357123, 0.020413731196887403, -0.021461518795927212, -0.0379050007930553, 0.04778669356787103], "git_revision": "018ef57f2e70e762a509d3bbb7a77c8182022b6e", "linregress": [-0.11300841476842674, 0.05603641696725535, -0.2355750267817323, 0.21013361335037622, 0.08810580271398151]}