{"x": [0.09504691641649743, 0.12621046454606255, 0.1841388184779304, 0.18498363173520094, 0.12359433503350768, 0.09242777776456836, 0.12244112189757833, 0.18044593537719264, 0.18063772528364044, 0.13316569777318088, 0.005428103131594795, 3.255458888988301e-05, -0.0021274148358704976, -0.012753730487130773, 0.003266711983640775, 0.001032939856720681, -0.004267584509502646, -0.002587444570522103, 0.004065424718109255, -0.003355184695984554, 0.05300514893846946, 0.059096890648698996, 0.05593441833897106, 0.04888365269899468, 0.06043586585019294, 0.05043062459807781, 0.0628522847906362, 0.058187307327405645, 0.05628754725682475, 0.05786411491697713], "cost": 2.0036083177934834, "fun": [0.38583095575150334, 0.4303820207411548, 0.42029083707627096, 0.5758841030428178, 0.13433077519160866, 0.5723653129816936, 0.4832810672211382, 0.5214550140918626, 0.2749764100083714, 0.43470556668934823, 0.3652463680079125, 0.22904332140042977, 0.7548642297667029, 0.36251803831599283, 0.5442384759933663, 0.3282199113279971, 0.2939369429188741, 0.4528543416656074, 0.19183274904527853, 0.6556087555998258, 0.0, 0.0, 0.0, 0.0, 0.0, 0.0, 0.0, 0.0, 0.0, 0.0, 0.0, 0.0, 0.0, 0.0, 0.0, 0.0, 0.0, 0.0, 0.0, 0.0, 0.0, 0.0, 0.0, 0.0, 0.0, 0.0, 0.0, 0.0, 0.0, 0.0, 0.0, 0.0, 9.628453794145893e-06, 0.0020744917193019387, 0.0, 0.0, 7.772243353699252e-05, 1.7322603493678416e-05, 0.0, 3.7770201046208306e-05, 0.0, 0.0, 0.0, 0.0, 0.0, 0.0, 0.0, 0.0, 0.0, 0.0], "grad": [1054.6184768177914, -95.35108913353174, 1101.9861997208318, 1313.6083010647712, 982.1530156097938, 1064.2471890819195, 1054.2577481056528, 1101.573635291228, -70.9473247115223, 1060.2443453010314, -1233.8678816114775, 21.773558315222814, 89.2681742048625, -127.68910293556864, -982.6108174841079, -979.958198629588, 190.236533491223, -29.958480918236823, -1007.0940872980786, -1312.5164037892455, 298.7676429502348, -1300.6597573713204, -1071.2487492021023, -1399.6140607272719, -1397.9189027945424, 275.16025358200324, -1102.4462904886016, -1403.1500097967332, -1104.0742641903153, -1055.1575455770299], "optimality": 1403.1500097967332, "nfev": 323, "njev": null, "status": 3, "message": "`xtol` termination condition is satisfied.", "success": true, "res_time": 731.0063599999994, "tension_error": [0.000890992409086232, 0.02659817862998754, -0.045649968470640095, -0.05846548680532608, 0.0662839381105866, 0.04062239946977458, 0.08377777353529582, 0.010369762136169405, 0.007460377084104063, -0.07891024962566433, -0.08234240479401327, -0.0004938416001476851, 0.03227213067496939, 0.193469580983537, -0.049554865480857746, -0.015669332315168264, 0.0647377477278852, 0.03925061905472789, -0.06167105518862661, 0.050896965237701416, 0.03185198650808061, -0.06055758082026178, -0.01258399432707961, 0.09437362684547158, -0.08086936108265462, 0.07090661024112027, -0.11752558181430467, -0.04675952352104184, -0.017940835122740275, -0.041856808955624394], "git_revision": "018ef57f2e70e762a509d3bbb7a77c8182022b6e", "linregress": [-0.1221224059963844, 0.06087089778261187, -0.19414948320613384, 0.30393166612331934, 0.11661024003734227]}