{"x": [0.09387441198120272, 0.1218221357099703, 0.18629393856911824, 0.1854575139966995, 0.12514016452466317, 0.09696105354163977, 0.12874478434413478, 0.1801344929466612, 0.17626731646819924, 0.13226454828690673, -0.007041725682144164, 0.004563494825560696, -0.005236788695795419, 0.003173481722854178, 0.00588521402580277, 0.005304262424359733, -0.007274752696041755, -0.003411641315184155, 0.008243264223139948, 0.0013435132493523634, 0.055673779545680806, 0.052595754120095345, 0.06170191008194712, 0.045865501285947435, 0.05580036304333041, 0.052077489844612405, 0.0600541779299547, 0.052721563872669665, 0.06547027507717784, 0.056052966747160274], "cost": 1.4151096433394748, "fun": [0.5734480055604232, 0.32255918896109864, 0.4893948595751948, 0.24152058014770875, 0.25053363337003015, 0.3279967421096766, 0.23176556840844167, 0.5078909534916962, 0.3052773332790398, 0.5340787456698912, 0.14491759973303678, 0.3183350176498276, 0.44508853399900217, 0.37757408955926985, 0.360115692168105, 0.1119116003139256, 0.4551764716460187, 0.22142610890065617, 0.6000204385955883, 0.13262402520408478, 0.0, 0.0, 0.0, 0.0, 0.0, 0.0, 0.0, 0.0, 0.0, 0.0, 0.0, 0.0, 0.0, 0.0, 0.0, 0.0, 0.0, 0.0, 0.0, 0.0, 0.0, 0.0, 0.0, 0.0, 0.0, 0.0, 0.0, 0.0, 0.0, 0.0, 0.00034917030960452116, 0.0, 0.00014361346196000257, 0.0, 0.0, 0.0, 0.00038499465706012023, 3.970910469445608e-05, 0.0, 0.0, 0.0, 0.0, 0.0, 0.0, 0.0, 0.0, 0.0, 0.0, 0.0, 0.0], "grad": [-3.083550454660216, 1.7566843235372622, -1.1449794695277742, -1.7684052289034344, 1.1193223107900891, 2.045293552011036, -1.805881860114738, -2.5087212176620355, 0.4212585157765387, 1.5900085636541164, 1.3793938297474462, -1.9914650003588594, 1.9343595337278594, -1.0284658249876226, -1.3489225846698183, 4.630082615849079, 0.2623806257941972, -0.22424709094020923, -2.5953766215294745, -0.8922865826587021, -2.9476082462475013, 3.374358234269751, -2.35891589950821, 1.8321512188547455, 4.113063112546128, -1.0197626193047244, 1.12646592088044, 2.059318285139627, 0.6457412464039738, -3.1894369730717855], "optimality": 4.630082615849079, "nfev": 508, "njev": null, "status": 2, "message": "`ftol` termination condition is satisfied.", "success": true, "res_time": 942.5501860000077, "tension_error": [0.018677470022573833, 0.09316757508959099, -0.07834237807048545, -0.06565411311824434, 0.04283425143047162, -0.028145790822298584, -0.011846556414874025, 0.01509423366206625, 0.07375793316805651, -0.0652401306209611, 0.10682048820932352, -0.06922660257033501, 0.0794402324635288, -0.04814059539669928, -0.08927661539652403, -0.08046378506297466, 0.11035542559741587, 0.05175339218441441, -0.12504740293804475, -0.02038062084347124, -0.008630196010829915, 0.038062361115541024, -0.10007480432698727, 0.14015791637678396, -0.010550422902437104, 0.045924246884383096, -0.07507929032104611, 0.03615387166308185, -0.1572395685781985, -0.014382331753276273], "git_revision": "018ef57f2e70e762a509d3bbb7a77c8182022b6e", "linregress": [-0.14665447519684413, 0.07299831328438539, -0.22847192622368295, 0.2246103096356074, 0.11809783771313159]}