{"x": [0.09579266627558305, 0.13264083534848756, 0.18043699959598114, 0.17647604546289122, 0.12706298287759463, 0.09836157058081338, 0.1309403488605146, 0.18098444554168103, 0.1829939173748239, 0.12682217120770398, 0.0010270055758280403, -0.002671412056737783, 0.002117044722699682, 5.434628764931369e-05, -0.004148881391781371, 0.002081624545838245, 0.0023127380371135956, 0.00341516790776675, -0.0017754279721180373, -0.003100516681447114, 0.05594115613917974, 0.050662053621066544, 0.052689622748380245, 0.05788919361959297, 0.060168901085514336, 0.0525846610557905, 0.051604926244226676, 0.055190676497835975, 0.05148734100384556, 0.056878129091760786], "cost": 1.5446526865615704, "fun": [0.4386718303831476, 0.6021065652424284, 0.44233796351899174, 0.22407324649297106, 0.2422165560793238, 0.33413677107607537, 0.21855981454164244, 0.3026671254510361, 0.5084798729813744, 0.26929709354796716, 0.6237679548647083, 0.09261139498283358, 0.3676523459874897, 0.08182903138858794, 0.30132432050525526, 0.6587307625538757, 0.4328208246280204, 0.4560922505814399, 0.2529500510724749, 0.3523007012948239, 0.0, 0.0, 0.0, 0.0, 0.0, 0.0, 0.0, 0.0, 0.0, 0.0, 0.0, 0.0, 0.0, 0.0, 0.0, 0.0, 0.0, 0.0, 0.0, 0.0, 0.0, 0.0, 0.0, 0.0, 0.0, 0.0, 0.0, 0.0, 0.0, 0.0, 0.0, 1.906437820782234e-05, 0.0, 0.0, 7.141559488695443e-05, 0.0, 0.0, 0.0, 5.5964054893692736e-06, 2.98058984089836e-05, 0.0, 0.0, 0.0, 0.0, 0.0, 0.0, 0.0, 0.0, 0.0, 0.0], "grad": [0.2346713362167132, -0.47790514864328193, 0.8810640843140507, 1.171601678103517, 1.1793563875197757, 0.2546256556127471, -0.7714015683571152, 1.2108355717022303, 1.2368632274160074, -0.49609174225415575, -0.9504228072293586, 2.8690534917692636, -2.578836153925451, 0.109587150242143, 1.3729075253102945, 0.015027002708043025, -1.7220032415558062, -2.0463923450741395, 0.44367206353157496, 1.5853182068575535, -72.8794832278983, -2.8318801457912848, -2.3756242785081163, -0.49072276386875835, -4.131479797408017, -0.08848325744236796, -72.21106164899568, -0.40437780384017685, -1.8474193904677665, -2.7792946869583304], "optimality": 72.8794832278983, "nfev": 318, "njev": null, "status": 2, "message": "`ftol` termination condition is satisfied.", "success": true, "res_time": 563.5088209999958, "tension_error": [-0.010421769210066245, -0.07094827226681352, 0.010505314776904121, 0.07059158813803397, 0.013665777043743825, -0.049391138997299924, -0.0451524936412366, 0.0022007533913105818, -0.028282223644205733, 0.01731880491011607, -0.015579311372754881, 0.040524376124534314, -0.03211481972568016, -0.0008244139634386239, 0.06293706341280202, -0.03157750816945277, -0.03508341809610543, -0.05180688934667159, 0.02693261443612357, 0.04703374152349602, -0.012686204373343344, 0.06739591380996708, 0.03663840722219945, -0.04223724400492971, -0.07681960001769753, 0.03823063897785331, 0.05309286957457977, -0.0013016936300777708, 0.05487659608576313, -0.026899752692533502], "git_revision": "018ef57f2e70e762a509d3bbb7a77c8182022b6e", "linregress": [-0.02973941559986944, 0.037729495853596515, -0.08487046503112594, 0.6556634684943613, 0.06598224098252575]}