{"x": [0.09479027430556197, 0.13125194743622196, 0.18424497781670182, 0.1772334990066705, 0.12705461289289605, 0.0988065242037839, 0.12410635730924645, 0.17671664012503635, 0.18378320571368353, 0.1306365178025983, 0.01337598663069284, -0.013968067384701936, 0.0018262448968954911, 0.010604005307480777, 0.006261505251462966, -0.00412649623740039, 0.0014480033649579094, 0.007814323834163348, -0.00781151958166688, -0.010908157023096346, 0.05358836309959344, 0.053313764886672554, 0.053778487920549484, 0.05260845784555464, 0.06199491695482088, 0.05137388078970682, 0.05530202726603528, 0.05536546416563569, 0.05809448228351498, 0.05405276619515154], "cost": 0.8883125928519323, "fun": [0.2855010344418393, 0.45110674280088076, 0.32058564007685536, 0.31249524538257356, 0.2055576836619578, 0.03675337407702688, 0.3732437049787449, 0.47904086079087144, 0.32344756443008316, 0.3341516629101742, 0.014117563803243664, 0.18453892267283872, 0.004486886670216342, 0.24495751490031734, 0.43807412830265635, 0.011387785881615075, 0.47035688971431266, 0.042173256157311774, 0.28782003626770725, 0.26521013301666696, 0.0, 0.0, 0.0, 0.0, 0.0, 0.0, 0.0, 0.0, 0.0, 0.0, 0.0, 0.0, 0.0, 0.0, 0.0, 0.0, 0.0, 0.0, 0.0, 0.0, 0.0, 0.0, 0.0, 0.0, 0.0, 0.0, 0.0, 0.0, 0.0, 0.0, 0.0, 0.002725266416703939, 0.0, 0.0, 0.0, 7.026585907613635e-05, 0.0, 0.0, 0.00047665766077232186, 0.001297938584045718, 0.0, 0.0, 0.0, 0.0, 0.0, 0.0, 0.0, 0.0, 0.0, 0.0], "grad": [-1.9177158123967406, 2.381708648324405, 0.47806497018725747, -1.7831383499760798, -0.9612708755817496, 0.4565848818768278, 0.19314663236450302, 1.343944264650947, 1.0585637459387742, -0.02708120748516407, -2.7955566423903857, 1.4004120108568898, 0.7358667633702857, -0.7571763440643772, -3.1629169141445197, 1.548245116483805, -1.2890932674240538, -0.8929077623337429, 1.199622090137141, 2.549623941730435, 3.174025332068796, -2.517910077860451, -0.8148064134910982, 0.5283634510388193, 2.8548422947156107, -1.9681182425734216, 2.66793545075557, -0.13353630710218578, -1.3432290873860406, -2.265308700271607], "optimality": 3.174025332068796, "nfev": 1653, "njev": null, "status": 2, "message": "`ftol` termination condition is satisfied.", "success": true, "res_time": 2593.228364999988, "tension_error": [0.004784162467487208, -0.049879333834229704, -0.047260368095308425, 0.059101285761224254, 0.013792746751478126, -0.05614092809469993, 0.05851674127030729, 0.06694185220241397, -0.04025544860363635, -0.04054348394606049, -0.2029089866131967, 0.21189064225521795, -0.027703489212996615, -0.16085901028374713, -0.09498482020998779, 0.06259748853761468, -0.021965698943053558, -0.11854052893706467, 0.11849798941845001, 0.165472884242817, 0.023004833944352092, 0.02717039171948611, 0.020120707650319716, 0.03786965009314493, -0.1045196149631681, 0.05659774740771361, -0.0029908454031572435, -0.003953160734892528, -0.045351400433884935, 0.01596000322633232], "git_revision": "018ef57f2e70e762a509d3bbb7a77c8182022b6e", "linregress": [-0.3946839688464533, 0.09135721545406224, -0.43196753369515856, 0.017137730895632138, 0.15573008813309985]}