{"x": [0.09302024616105602, 0.12366280953545927, 0.18104802370736114, 0.18066990029717728, 0.135608225940795, 0.10115841173484995, 0.12779559352632738, 0.17968938995922262, 0.1840906823488789, 0.12019581291834702, -0.010109941028652255, 0.00586246676906196, -0.0015747707269897018, 0.006013871615085999, 0.0004092439176083061, -0.007029889332150989, 0.01246303376808953, 0.00806063445768243, -0.01590090123143334, 0.0005591794315482279, 0.058105805179637655, 0.055091395164486454, 0.05895578893425178, 0.05130168540234329, 0.06238860097571946, 0.05778961357419765, 0.0437520036635883, 0.06424800359454225, 0.0461952022187078, 0.0641223536532545], "cost": 1.0472602252217535, "fun": [0.38317938674441643, 0.17659030785238516, 0.22126915552810714, 0.31029991588102757, 0.44019237647279713, 0.4925572670880493, 0.10573109317920562, 0.321102616629291, 0.18135609049489965, 0.16990601485409404, 0.4653145099187519, 0.36838665239000423, 0.2107519386286636, 0.10650659373424608, 0.4285744180729803, 0.4836968716820169, 0.4856191271746735, 0.15217736112979738, 0.22967725118087243, 0.14649177014869538, 0.0, 0.0, 0.0, 0.0, 0.0, 0.0, 0.0, 0.0, 0.0, 0.0, 0.0, 0.0, 0.0, 0.0, 0.0, 0.0, 0.0, 0.0, 0.0, 0.0, 0.0, 0.0, 0.0, 0.0, 0.0, 0.0, 0.0, 0.0, 0.0, 0.0, 0.0010333462483495973, 0.0, 3.905278402279321e-06, 0.0, 0.0, 0.0003474125193441982, 0.0, 0.0, 0.004020362559699523, 0.0, 0.0, 0.0, 0.0, 0.0, 0.0, 0.0, 0.0, 0.0, 0.0, 0.0], "grad": [2.699892706467752, 3.2116663328581487, -3.8120966730733192, -4.047698726149415, 1.018701441985482, 5.697560578249533, -3.073269119620126, -1.8005831839336763, -0.8963946110024335, -0.7581731856514283, 4.760130580988589, -2.044891117385517, 1.8021348248462141, -0.929472518908854, -1.953174700026775, 7.373589602613898, -3.438334561584254, -2.8763862628239387, 1.494008908926702, -3.0534919449602, -2.4767403777602546, -1.163596226920676, -1.1665601562277148, 8.303733417610061, 1.8521576598379372, -5.958662306881841, -0.30025402745433016, 4.647867989039508, -0.9801552608580073, 2.6726561584441306], "optimality": 8.303733417610061, "nfev": 258, "njev": null, "status": 2, "message": "`ftol` termination condition is satisfied.", "success": true, "res_time": 477.18296000000555, "tension_error": [0.03163486342844781, 0.06524520413279099, 0.0012362951031065165, 0.006972293507820864, -0.1159625380996621, -0.09181823016838678, 0.0025523325988086676, 0.02184628856562219, -0.04491976041683501, 0.11783831667040341, 0.1533642299055402, -0.08893154755659984, 0.02388871499231279, -0.09122830552468653, -0.006208085496210963, 0.10664093496599095, -0.18905981456398246, -0.12227697398521084, 0.24121104814079422, -0.008482554216228105, -0.04552316476359105, 0.00020436908482753492, -0.0584171177143723, 0.057692925901273576, -0.11049166232923231, -0.04072664993393263, 0.1722189278447716, -0.13869814245724912, 0.13515646982940757, -0.1367920772854881], "git_revision": "018ef57f2e70e762a509d3bbb7a77c8182022b6e", "linregress": [-0.40691919532800697, 0.10773256168958331, -0.40409328370321596, 0.026781907237777167, 0.1740742971079993]}