{"x": [0.10009131953053796, 0.12423763586211159, 0.17737416695274152, 0.18122583496771122, 0.12610799472050316, 0.09432550315877748, 0.13121198974788145, 0.18565818236487147, 0.1831999803377712, 0.12776830346854023, 0.0037556869883211127, -0.005521238904311853, -0.0021595931008226905, -0.002177056127200119, 0.0031997562739141186, -0.002838266710059849, 0.0021851663453007417, 0.0013365262293037854, 0.0016700727722905582, 0.002752924259173013, 0.05212173232115664, 0.05570456080876644, 0.06424247221672344, 0.05657720369880763, 0.05435532796362875, 0.05972948225222695, 0.05135744775456132, 0.05388753086424688, 0.05284264320644899, 0.05670449959140182], "cost": 1.5791867053913227, "fun": [0.24641470192512502, 0.4468107865196742, 0.3599621799021312, 0.41429973151522936, 0.5557473830495397, 0.3710987915275788, 0.4421162691885119, 0.46050641536425674, 0.4200154125786649, 0.32887998767800164, 0.17953452267378905, 0.41396084235053204, 0.2154183396053557, 0.33774320667274677, 0.2889310587171345, 0.37012568826838316, 0.2721951044441876, 0.7333248806687936, 0.33152663051597814, 0.38962474559583804, 0.0, 0.0, 0.0, 0.0, 0.0, 0.0, 0.0, 0.0, 0.0, 0.0, 0.0, 0.0, 0.0, 0.0, 0.0, 0.0, 0.0, 0.0, 0.0, 0.0, 0.0, 0.0, 0.0, 0.0, 0.0, 0.0, 0.0, 0.0, 0.0, 0.0, 0.0, 0.0001683098831494105, 1.007200178640144e-05, 1.0318317269376182e-05, 0.0, 2.2864389521353862e-05, 0.0, 0.0, 0.0, 0.0, 0.0, 0.0, 0.0, 0.0, 0.0, 0.0, 0.0, 0.0, 0.0, 0.0], "grad": [3.962106993688747, -739.1525382035677, 0.6913248766371869, 1.8860215382953776, 796.4323380506075, 742.759869526863, -950.1828955051972, 757.8105916907057, 806.0339573049068, 0.6461102393694098, 8.160805102961127, -3.862975048207673, 4.001736301279859, -920.409933157985, 1028.9122531376865, -768.5196543024908, -743.0392907905434, 2.208516953177355, -764.893021518995, 851.4601669323447, -0.9077858537062315, 772.8346673798305, 4.64520980985813, -763.1576624158488, 854.5854455612746, 11.398807769340692, 218.70705877188038, 754.4993242329401, 737.8947889799952, -809.8015923553503], "optimality": 1028.9122531376865, "nfev": 137, "njev": null, "status": 4, "message": "Both `ftol` and `xtol` termination conditions are satisfied.", "success": true, "res_time": 394.71226699999534, "tension_error": [-0.07563081881863629, 0.05652529205154166, 0.0569674027681941, -0.0014610388313682774, 0.02815260964406896, 0.011834576392445607, -0.04927318983360898, -0.06869818129469342, -0.031408125915534935, 0.002966313123990998, -0.056972443370118184, 0.08375524152757363, 0.03276026357407369, 0.033025171508215365, -0.04853917104397571, 0.04305550220532668, -0.033148200648528144, -0.020274630220375824, -0.025334413314841694, -0.041760887407731186, 0.04525310416207733, -0.00909713688568464, -0.1386142334119744, -0.022334820907225623, 0.011370248203048003, -0.07015377172234742, 0.05684703073913541, 0.018466564758745058, 0.03431714099077468, -0.024265854578195436], "git_revision": "018ef57f2e70e762a509d3bbb7a77c8182022b6e", "linregress": [-0.025633151818920487, 0.042765211942692644, -0.056798262528798445, 0.7656126541420295, 0.0851503200522065]}