{"x": [0.09901847216189656, 0.12009063388145523, 0.17999594730567786, 0.17887032049799412, 0.13635629540019512, 0.09258641673890922, 0.128956761906855, 0.18527336876114034, 0.18375050096595644, 0.11981819849711327, -0.0022067024214838292, 0.011544941116342168, 0.002946966375780883, 0.020660908548963672, -0.012014859887237625, 0.0031514874893289304, -0.0032915601329775784, -0.009823514718115692, 0.004132704384237204, -0.0033349646040026623, 0.055949190333789936, 0.05254007325324733, 0.0524356943636978, 0.05696383298582695, 0.05048327023819552, 0.057799695701358726, 0.05284768830742504, 0.05192502760057386, 0.04605765365042416, 0.048498578946689234], "cost": 0.7999077166552144, "fun": [0.34885908049009495, 0.2729639417281929, 0.159223294023524, 0.34420662456495305, 0.2840874121633461, 0.2514931935951775, 0.09755785441957246, 0.3869416643656509, 0.2673200415632965, 0.18625623424495416, 0.17126287639906215, 0.15743508055162733, 0.4681168277958491, 0.25128893026311555, 0.04447088901101013, 0.2893680847316248, 0.4047958580544678, 0.10239297198903467, 0.44969086770072875, 0.22748260041644128, 0.0, 0.0, 0.0, 0.0, 0.0, 0.0, 0.0, 0.0, 0.0, 0.0, 0.0, 0.0, 0.0, 0.0, 0.0, 0.0, 0.0, 0.0, 0.0, 0.0, 0.0, 0.0, 0.0, 0.0, 0.0, 0.0, 0.0, 0.0, 0.0, 0.0, 1.0745615949229148e-05, 0.0, 0.0, 0.0, 0.0017344274239529122, 0.0, 3.5661974133612347e-05, 0.0009479833300796287, 0.0, 3.7091439340795516e-05, 0.0, 0.0, 0.0, 0.0, 0.0, 0.0, 0.0, 0.0, 0.0, 0.0], "grad": [-0.36370539520435585, 1.502253864208499, -0.634802117810497, 0.09141908601392812, 0.13426008252466037, -0.3216161885579041, -0.8646831768234211, -0.09715048924518221, -0.009643494689102639, 0.7073008546851425, -0.0367269883509711, -0.9323697103830675, -0.11799756047986998, -2.186770503871978, 0.439845749844277, -0.519552097640374, -0.47993782870058865, 1.235501225148306, 0.12245376912545858, 0.49158107256958594, 0.3340014831219813, -0.23984425961186862, 0.6877655515282899, 0.9243858297391885, 0.07874021451314661, -1.061126062844151, 1.6005172722062762, 1.1305337972431904, -0.39900805061620126, 0.6236539832513266], "optimality": 2.186770503871978, "nfev": 970, "njev": null, "status": 2, "message": "`ftol` termination condition is satisfied.", "success": true, "res_time": 1429.3494080000091, "tension_error": [-0.05935610366139, 0.119433845462253, 0.01719592203749408, 0.03427128261894568, -0.1273104872352316, 0.03821590233355595, -0.015062181072990928, -0.0628606950199324, -0.039759329147033555, 0.12356659389275446, 0.03347489530773988, -0.17513267373119962, -0.044704437691404225, -0.3134186757153631, 0.1822611752934038, -0.04780695065263969, 0.049931803118457865, 0.14901924407272163, -0.06269166392954527, 0.05059023359340859, -0.012808080264192903, 0.03890702017343434, 0.040490411013083344, -0.028199850455330737, 0.07010799449928211, -0.040879592237303725, 0.03424060859322709, 0.048237045206388655, 0.13724303296460735, 0.10021505948210035], "git_revision": "018ef57f2e70e762a509d3bbb7a77c8182022b6e", "linregress": [-0.3010194372684127, 0.09642329660857067, -0.2898793632438012, 0.12022083446664625, 0.18781870396114134]}