{"x": [0.10920552581448677, 0.03269142199314977, 0.16790593449328742, 0.11437737789373568, 0.08952454219576664, 0.0960369046477286, 0.039056683340859065, 0.1396376912874731, 0.1538966528264471, 0.06574818321937423, 0.12573856172606573, 0.14306115876167022, 0.0713791959339562, 0.01990845242196107, 0.13078706311037588, 0.12509493714568826, 0.09531257710181448, 0.02474081653162752, 0.08504551715839878, 0.1256332782448538, 0.1930368254344045, 0.15791273224695612, 0.18823292113141604, 0.0720626535671779, 0.09082031261076706, 0.2248408863378392, 0.13022734053723484, 0.15044969949851078, 0.05316405542360917, 0.17453603618176705], "cost": 3.3325038893752725, "fun": [0.6028600442872352, 0.717896961665312, 0.6335961569195663, 0.5339795391569074, 0.39471894357389836, 0.5660207421218275, 0.799050781114872, 0.8350085038771243, 0.37665761606232, 0.3566889638862231, 0.5213960557824566, 0.5823268472046483, 0.4818946624011368, 0.5061941654979757, 0.5098876509163024, 0.6190834025219712, 0.638969906191268, 0.4519829817385069, 0.7621310445860835, 0.28728634036297485, 0.0, 0.0, 0.0, 0.0, 0.0, 0.0, 0.0, 0.0, 0.0, 0.0, 0.0, 0.0, 0.0, 0.0, 0.0, 0.0, 0.0, 0.0, 0.0, 0.0, 0.0, 0.0, 0.0, 0.0, 0.0, 0.0, 0.0, 0.0, 0.0, 0.0, 0.0, 0.0, 0.0, 0.0, 0.0, 0.0, 0.0, 0.0, 0.0, 0.0, 0.0, 0.0, 0.0, 0.0, 0.0, 0.0, 0.0, 0.0, 0.0, 0.0], "grad": [-7393.7142141943095, 1792.4178299337386, 3362.3808053571593, 3828.6210927146385, 7586.644563292492, 781.5618732960617, -4919.671830201921, 574.6115189947075, 2576.1834140547203, 976.1763984944843, -4621.431567032461, 903.348445610703, 2411.5991642294766, 1353.8123296154076, -4443.946873131681, 3973.050618044874, -1188.4313794671264, 5343.655547472303, -808.4187784796409, 3410.2077860514737, 2692.829730334121, 788.5078623489524, 1573.1537210308547, 345.59746523323406, 136.14480220972416, -2122.1687600093505, 1259.0077006173242, -1716.0257868986366, 1516.5593753159496, 3280.3027884393478], "optimality": 7586.644563292492, "nfev": 176, "njev": null, "status": 4, "message": "Both `ftol` and `xtol` termination conditions are satisfied.", "success": true, "res_time": 1269.772395, "tension_error": [-0.09205525814486762, 0.6730857800685023, -0.6790593449328741, -0.1437737789373568, 0.10475457804233368, 0.03963095352271406, 0.6094331665914093, -0.39637691287473104, -0.5389665282644709, 0.34251816780625777, -0.2573856172606573, -0.43061158761670215, 0.2862080406604381, 0.8009154757803894, -0.3078706311037588, -0.2509493714568825, 0.046874228981855226, 0.7525918346837248, 0.14954482841601224, -0.25633278244853785, -0.930368254344045, -0.5791273224695611, -0.8823292113141603, 0.27937346432822097, 0.09179687389232943, -1.2484088633783919, -0.3022734053723483, -0.5044969949851077, 0.4683594457639083, -0.7453603618176704], "git_revision": "ec36e56dd006ef5715c6882890a8a7f5f3c70256"}