{"x": [0.07882784384460954, 0.06887923146170294, 0.13834848327450303, 0.1502859472153591, 0.08592672354368175, 0.06857346663197117, 0.07185444549587411, 0.14986290352042475, 0.11661395110720123, 0.08230053169928776, 0.11972400914683855, 0.1116286242559005, 0.08997794567150252, 0.0865878383214452, 0.10350188780840057, 0.10171766725703843, 0.0953088652942159, 0.07516842719882855, 0.05686945984013169, 0.1018466629410395, 0.16558901486815447, 0.1663636093897122, 0.09536521590682925, 0.055315984250077846, 0.11168804733871807, 0.13022914760982213, 0.11913637908115124, 0.08949484896225327, 0.043705447210705496, 0.0792915120756486], "cost": 0.7902802657727547, "fun": [0.29429683711930704, 0.22270674935515142, 0.22009375396040703, 0.317951242621047, 0.27327921618685297, 0.261210222772387, 0.012233397730229119, 0.34294995164592124, 0.3158095208296473, 0.285222859028479, 0.24686720363325718, 0.04784112784554279, 0.34050592831059506, 0.0029842424337594106, 0.3261777393865913, 0.4393045355992474, 0.2652681959184645, 0.35636509901104696, 0.005402976241922568, 0.42082623272214614, 0.0, 0.0, 0.0, 0.0, 0.0, 0.0, 0.0, 0.0, 0.0, 0.0, 0.0, 0.0, 0.0, 0.0, 0.0, 0.0, 0.0, 0.0, 0.0, 0.0, 0.0, 0.0, 0.0, 0.0, 0.0, 0.0, 0.0, 0.0, 0.0, 0.0, 0.0, 0.0, 0.0, 0.0, 0.0, 0.0, 0.0, 0.0, 0.0, 0.0, 0.0, 0.0, 0.0, 0.0, 0.0, 0.0, 0.0, 0.0, 0.0, 0.0], "grad": [0.27217429056268694, -0.28483280123173427, -0.22376398774244471, -0.31393594689188875, 0.19555913904769362, 0.5916943497636127, 0.028144904524887493, -0.5500867203629491, 0.13073018396676067, -0.22881962927449495, -0.3198307177040962, -0.7681180510138661, -0.6874668931459003, 1.1425414775128988, 0.09182630302882222, 0.3344104922596882, -0.1830042101808107, 0.10774374155218391, 0.06351244920132887, -0.0705415696580235, -0.18495857252131387, -0.07104643475043126, 0.739497277273337, -0.3333251425711983, -0.7812486893054635, -0.7615346977933228, 0.39012015047920634, 0.3020527695185382, 0.3401195057522579, -0.02804975984080471], "optimality": 1.1425414775128988, "nfev": 2432, "njev": null, "status": 2, "message": "`ftol` termination condition is satisfied.", "success": true, "res_time": 3562.4421920000023, "tension_error": [0.21172156155390462, 0.31120768538297067, -0.3834848327450302, -0.5028594721535908, 0.14073276456318257, 0.31426533368028836, 0.28145554504125897, -0.49862903520424745, -0.16613951107201222, 0.17699468300712243, -0.19724009146838542, -0.116286242559005, 0.10022054328497482, 0.13412161678554801, -0.03501887808400564, -0.017176672570384244, 0.04691134705784111, 0.2483157280117146, 0.43130540159868314, -0.018466629410394952, -0.6558901486815446, -0.663636093897122, 0.04634784093170752, 0.44684015749922157, -0.1168804733871806, -0.3022914760982212, -0.19136379081151234, 0.1050515103774674, 0.562945527892945, 0.207084879243514], "git_revision": "ec36e56dd006ef5715c6882890a8a7f5f3c70256"}