{"x": [0.0963543701648806, 0.12781308924329418, 0.1821729682373189, 0.1832133689861288, 0.12756031578507235, 0.09390533599752093, 0.125750611801818, 0.18227098272410527, 0.18056658217121552, 0.12675663142709176, 0.00026385425909943635, 0.0017583829001809872, 0.0013560738056338215, 0.0024103614984710272, 1.1507666921889266e-05, -0.002287857650424807, 0.0011148184893171407, -0.0017763537738491536, 0.0018081449666499736, -0.0011890222892689361, 0.05629155501645304, 0.0527606483300338, 0.05570473498717371, 0.051223996963872497, 0.05265130874744425, 0.05671889440103245, 0.055001654484281216, 0.05629775658933099, 0.05254900157063481, 0.057426404087185606], "cost": 0.3734429727120919, "fun": [0.23126152929936072, 0.2228848502705642, 0.12641311400702954, 0.20637097429089882, 0.1786218815862434, 0.1843317507469427, 0.19819998740042513, 0.2729805925631792, 0.2779447540698763, 0.26232747109593735, 0.15921209862888955, 0.12407712930544199, 0.1319674909156886, 0.11001431587795388, 0.1281582747371696, 0.21032157249437863, 0.10796369518834117, 0.20342437849917974, 0.1794792683253101, 0.20791872017292645, 0.0, 0.0, 0.0, 0.0, 0.0, 0.0, 0.0, 0.0, 0.0, 0.0, 0.0, 0.0, 0.0, 0.0, 0.0, 0.0, 0.0, 0.0, 0.0, 0.0, 0.0, 0.0, 0.0, 0.0, 0.0, 0.0, 0.0, 0.0, 0.0, 0.0, 0.0, 0.0, 0.0, 0.0, 0.0, 1.1975316434921422e-05, 0.0, 5.605164837828389e-06, 0.0, 1.6810088031948467e-06, 0.0, 0.0, 0.0, 0.0, 0.0, 0.0, 0.0, 0.0, 0.0, 0.0], "grad": [0.9617335082468621, -0.3739367291598257, -1.9515252557765257, -1.092550829381148, 1.4614769947011523, 3.4090066154069856, -0.2744455415837116, -2.7794622469243517, 0.4587598342403194, 0.7887847049173551, 3.778528030927677, -3.453101686818081, -0.4341096585641021, -3.1385325182896935, 1.9583629172744457, 3.409287216024864, -4.072720212016969, 2.123950565603709, -2.561955545378638, 0.7193658151874298, -1.7139920284524557, 0.16500785617244507, 2.5816458179303883, 1.8226596315029293, 3.2806655561527824, -3.0277026029424805, 0.37749109474685083, 3.094126568794671, 1.242804267912602, -0.28700994180765793], "optimality": 4.072720212016969, "nfev": 288, "njev": null, "status": 2, "message": "`ftol` termination condition is satisfied.", "success": true, "res_time": 358.38175000000047, "tension_error": [-0.018942618557547485, 0.0022869287599876684, -0.015828715566537435, -0.03161122697606723, 0.006121412724917344, 0.018208363631667297, 0.033573982127865554, -0.01731556066711485, 0.00853959293899482, 0.018313020203091984, -0.004002575795387837, -0.026674046723027946, -0.020571160040073044, -0.03656433147921659, -0.00017456723738380474, 0.0347059914292768, -0.016911402214318676, 0.02694665852096397, -0.027428919672424543, 0.018037047616544028, -0.018001631418910296, 0.035560974267544274, -0.009099779110522642, 0.05887143203744889, 0.037219617066203046, -0.024484218749398944, 0.001565703465697835, -0.01809570708620989, 0.0387715807562704, -0.03521689046925113], "git_revision": "018ef57f2e70e762a509d3bbb7a77c8182022b6e", "linregress": [-0.032241584795953876, 0.024113589794464246, -0.15019098016601154, 0.42825343733448773, 0.04010875307480945]}