{"x": [0.0964616239792387, 0.12609335892082224, 0.1861387235942965, 0.17917706512979234, 0.12976446324512242, 0.09515027169236509, 0.12458520302442865, 0.18071751278954107, 0.18169497614557356, 0.12641726484039895, 0.006354234562452641, -0.0015855297327400754, -0.004430203467915595, 0.0072501113510888, -0.002445171277015412, -0.0020754158968130493, 0.004811241180319896, -0.0017978946965115062, 0.00525218391907777, -0.001789821942366561, 0.055721092387877875, 0.056443785033979774, 0.053460010281205665, 0.05419788064948502, 0.051716200493065266, 0.05528419080467195, 0.05259205674782124, 0.056356751874175805, 0.05953286741631492, 0.04875755957117076], "cost": 0.4030493741560571, "fun": [0.23962072526327952, 0.043033828871213396, 0.11935938183282929, 0.1654252359802601, 0.3093098752833775, 0.1771665861800228, 0.21569471476381108, 0.2898478047958221, 0.1535141808758495, 0.3220369706122575, 0.14433022314149213, 0.2209761166720005, 0.15555238810420402, 0.19665754207895256, 0.2310709866501793, 0.23543534223013046, 0.11598112178486152, 0.15594606195883035, 0.0047940901083240875, 0.2029675437008175, 0.0, 0.0, 0.0, 0.0, 0.0, 0.0, 0.0, 0.0, 0.0, 0.0, 0.0, 0.0, 0.0, 0.0, 0.0, 0.0, 0.0, 0.0, 0.0, 0.0, 0.0, 0.0, 0.0, 0.0, 0.0, 0.0, 0.0, 0.0, 0.0, 0.0, 0.0, 3.9858703829802295e-06, 8.695028666269398e-05, 0.0, 1.4619343035023406e-05, 8.939545038958235e-06, 0.0, 5.811560375195503e-06, 0.0, 5.733627626857725e-06, 0.0, 0.0, 0.0, 0.0, 0.0, 0.0, 0.0, 0.0, 0.0, 0.0], "grad": [-797.5684410328718, 799.7600606041017, 797.3438571195013, -797.1120247150257, -797.5275652049751, 797.811182406223, 798.6982514506803, 796.27562584713, 796.5656807059744, -797.536311410169, 799.881361529656, -796.756770542161, 798.9849691972835, -798.9354801262742, -798.1263109351371, -798.5353845257162, -799.9786617644927, 797.5928200500796, 797.0741296264266, 797.5498411196038, 798.775069688701, -800.8316761321055, -797.102092633689, -798.4107351940354, 797.876996828975, -797.8121540822449, -796.927275983973, 797.7373624050911, -792.5847699085072, -798.6151507730618], "optimality": 800.8316761321055, "nfev": 506, "njev": null, "status": 3, "message": "`xtol` termination condition is satisfied.", "success": true, "res_time": 578.1894590000011, "tension_error": [-0.020569620989791548, 0.028374629549106422, -0.07598782179603437, 0.02961807503840016, -0.02731472472146447, -0.00067687057302175, 0.051252821120391714, 0.0062500288373780084, -0.008577744582264995, 0.023461091302251828, -0.09639149106289373, 0.0240519253044975, 0.06720461981490938, -0.10998162510917993, 0.03709238350884882, 0.03148332515950203, -0.0729848271536306, 0.027273426699552142, -0.07967377255602096, 0.027150965874197422, -0.0093479150942184, -0.020310906946861287, 0.024951900805816322, 0.013758668275520749, 0.05140487857314039, -0.0027202725923491026, 0.038118448945320155, -0.01899064469293191, -0.06717119419670269, 0.0962864150002482], "git_revision": "018ef57f2e70e762a509d3bbb7a77c8182022b6e", "linregress": [-0.16475428402469425, 0.050475220624730074, -0.34358781325578525, 0.06302810124298625, 0.08510229944865107]}