{"x": [0.09291060570807111, 0.13047532418781202, 0.18007998967552938, 0.18121732802767626, 0.12735098246085907, 0.09267451782460201, 0.12957685719570275, 0.17887283270652563, 0.1803571815756744, 0.13171705458228894, 0.006241121877028487, -0.004873470831559406, -0.004342564384073736, 0.0005749382288018129, 0.002110554529631535, 0.003006426958071546, -0.0035751793689788344, -0.00043884032109383237, -0.005282509258632346, -0.0016703771048411197, 0.055034720185466776, 0.0563621336466494, 0.054451838055532324, 0.05619314448635331, 0.052875212842230346, 0.0539204352579898, 0.057865938108676164, 0.05345678541400626, 0.05772728194128797, 0.058145579469866884], "cost": 0.4548437113549122, "fun": [0.19426374106961114, 0.250015484651815, 0.13183617731490832, 0.20700911641171263, 0.20725633588605255, 0.23440010030136477, 0.12157246563481115, 0.1675588677181055, 0.18630979313455964, 0.36459566265284116, 0.2718241415635064, 0.15516574047317638, 0.05042056160023461, 0.2925074123158242, 0.14110118280155518, 0.16777501114177265, 0.25565119452271, 0.10643512280644635, 0.3444436675877154, 0.10657821275325903, 0.0, 0.0, 0.0, 0.0, 0.0, 0.0, 0.0, 0.0, 0.0, 0.0, 0.0, 0.0, 0.0, 0.0, 0.0, 0.0, 0.0, 0.0, 0.0, 0.0, 0.0, 0.0, 0.0, 0.0, 0.0, 0.0, 0.0, 0.0, 0.0, 0.0, 0.0, 0.00011574843113871952, 8.189149477521645e-05, 0.0, 0.0, 0.0, 4.5697612063029016e-05, 8.451223214051601e-08, 0.00014740791409800875, 4.660618835590211e-06, 0.0, 0.0, 0.0, 0.0, 0.0, 0.0, 0.0, 0.0, 0.0, 0.0], "grad": [0.1971106303900657, -0.8303442377816985, 0.08783637097523656, 0.541159608010773, 1.2907263167111076, 0.6636348895760691, -0.6708925274635966, 0.15587732434783774, 0.18370849472851436, -1.3208751009631863, -0.960409430711888, -0.7965647823495071, 2.3724732190586426, 0.25960923494249355, 0.518736418131043, -0.7381740523658142, 0.6570044081873476, 0.4428237940554274, 0.13941682558019797, 0.9149699486928464, -0.4652726525773847, 0.28824313131819235, 1.1483181279750174, -1.040388195665324, -0.11194693536193157, -0.03211539198255586, -0.22193805949688583, 0.8270221847935124, -0.004846596528361502, -1.0884939679538133], "optimality": 2.3724732190586426, "nfev": 474, "njev": null, "status": 2, "message": "`ftol` termination condition is satisfied.", "success": true, "res_time": 625.9652539999952, "tension_error": [0.033298070324597875, -0.03809823381776336, 0.01592102900941549, -0.0013319915596169934, 0.009296925220049594, 0.036879440021577614, -0.024468807300845854, 0.034233173303994696, 0.011716125916379133, -0.056934844749473454, -0.09467561162863597, 0.07392882895468858, 0.06587516590761736, -0.008721609597281677, -0.0320163657921692, -0.045606433695821895, 0.054234206623330616, 0.006657052469971489, 0.08013379723215218, 0.025339029932002943, 0.0010641084727855859, -0.019072284278029487, 0.009906224240795675, -0.016508778481334578, 0.033823071134604886, 0.01796741674268938, -0.041884466128905666, 0.02500082090071923, -0.03978110110700515, -0.04612652667972463], "git_revision": "018ef57f2e70e762a509d3bbb7a77c8182022b6e", "linregress": [-0.15251691089653974, 0.04340413618899423, -0.4043520869778047, 0.0266754018706918, 0.06519467279768233]}