{"x": [0.096613893166833, 0.12320794430940356, 0.1870882767798334, 0.1784828627913867, 0.12749999987445304, 0.09238777502849425, 0.1298129269773433, 0.17960265136917464, 0.1819212919819792, 0.12927617687171938, 0.0028463623364854028, 0.0005959173702720024, -0.01386335783167241, 0.0028736272405697418, -0.0020448709818396554, 0.008136007486874522, 0.001191845597957887, 0.0008662738742539345, -0.003996664129662327, -0.002261718195572285, 0.056268886558288836, 0.05411584074187946, 0.05550295312952782, 0.056432357512517184, 0.04914921956414365, 0.056697219796941964, 0.05743670823694217, 0.055013880553364876, 0.05155265483840059, 0.05385252490467297], "cost": 0.3750601779712184, "fun": [0.1787707135045233, 0.20862507900249938, 0.24724008925538085, 0.29182650340322686, 0.14523518524054554, 0.24951039651818058, 0.20312204678833595, 0.006891464492005936, 0.11006782375512404, 0.2481457854027757, 0.002276711511742304, 0.14329938589578187, 0.22671297927473863, 0.12016905146847667, 0.01181789149756194, 0.27402606109805383, 0.17019642018737807, 0.1481826481582416, 0.24056406508535605, 0.24410709350329513, 0.0, 0.0, 0.0, 0.0, 0.0, 0.0, 0.0, 0.0, 0.0, 0.0, 0.0, 0.0, 0.0, 0.0, 0.0, 0.0, 0.0, 0.0, 0.0, 0.0, 0.0, 0.0, 0.0, 0.0, 0.0, 0.0, 0.0, 0.0, 0.0, 0.0, 0.0, 0.0, 0.002664436039217166, 0.0, 8.550622555603089e-06, 0.0, 0.0, 0.0, 6.384001172304097e-05, 1.1569523588076508e-05, 0.0, 0.0, 0.0, 0.0, 0.0, 0.0, 0.0, 0.0, 0.0, 0.0], "grad": [-0.3353299031972079, 0.28461659355886193, -0.8417159182202164, 0.45156720460269295, -0.08831361880556154, -0.2826175440549133, -0.8289743246208352, 0.6006185428638435, 0.7521237055009519, -0.26663263123148284, 0.2017346691902524, 0.19550095707835624, 0.7491780219006279, 0.02122944728555254, -0.6884366409846554, -0.8226675148855976, -0.2061935150714609, -0.0001637598966929832, 0.0548966175174721, 0.07891200817738953, 0.4993453299247811, -0.576217583582741, 0.48445024434128214, -0.599383391267739, 0.9177358431220677, 0.19035369264165514, -0.17718892832546818, -0.3387023346708629, -0.07220204180608203, -0.36560297651233453], "optimality": 0.9177358431220677, "nfev": 3681, "njev": null, "status": 2, "message": "`ftol` termination condition is satisfied.", "success": true, "res_time": 2664.1336359999987, "tension_error": [-0.022879490713814538, 0.0721453487436388, -0.09039220780001782, 0.040148878999222, 0.007036383757583656, 0.04122922682858233, -0.028049902399488624, 0.023162082300531347, -0.012010875781291066, -0.019907593125138193, -0.04317830999508918, -0.009039855753865234, 0.21030223536752046, -0.04359190894749578, 0.031019969601922756, -0.12342035618149987, -0.01807987621085921, -0.013141068304525435, 0.06062798137987457, 0.034309465143688565, -0.017657758925525173, 0.015003184659522401, -0.006038819692552958, -0.020137555487750675, 0.09034507142199555, -0.024155422670824007, -0.0353732007768749, 0.0013802383215913182, 0.053885808314566325, 0.018997592785213478], "git_revision": "018ef57f2e70e762a509d3bbb7a77c8182022b6e", "linregress": [-0.11223520178846216, 0.04828692531814546, -0.16545771153215977, 0.3822347212752022, 0.12642573784249603]}