{"x": [0.0983401952273725, 0.12904454456239425, 0.18033164295615228, 0.18170764140730328, 0.12605253686412077, 0.09240465837671087, 0.12968086831283143, 0.17948214489583203, 0.1768463223969426, 0.13322062170152732, -0.00957407085888381, 0.007041560277199709, -0.001563662922272608, -0.0027882986603667962, 0.00038877955446857605, -0.0037253148307376982, 0.0014870747620925238, 0.0012295291081225272, 0.005097156843614483, -0.003925708075321779, 0.05504273816073769, 0.050965641248777296, 0.06406696630267723, 0.052582473095487255, 0.05568034175359245, 0.055738991635719715, 0.05525436031428164, 0.0558211439884454, 0.05300186087987929, 0.06189998021761438], "cost": 0.48382628620019, "fun": [0.2993469780172649, 0.26209304595157346, 0.19097684583972055, 0.32941526521113856, 0.30888169188735254, 0.16812879094925173, 0.24553274546737316, 0.16842280418816022, 0.2228312525987997, 0.245382934163994, 0.194814880774538, 0.0070402658158780496, 0.19255859904173647, 0.007886591004431287, 0.22058658167560372, 0.3262549494730009, 0.16779579246820323, 0.15697699615690242, 0.23386020160452478, 0.06661521278748034, 0.0, 0.0, 0.0, 0.0, 0.0, 0.0, 0.0, 0.0, 0.0, 0.0, 0.0, 0.0, 0.0, 0.0, 0.0, 0.0, 0.0, 0.0, 0.0, 0.0, 0.0, 0.0, 0.0, 0.0, 0.0, 0.0, 0.0, 0.0, 0.0, 0.0, 0.0008775864564578463, 0.0, 3.8232211036312954e-06, 2.1677933028997216e-05, 0.0, 5.1699809652443574e-05, 0.0, 0.0, 0.0, 6.0499809057631794e-05, 0.0, 0.0, 0.0, 0.0, 0.0, 0.0, 0.0, 0.0, 0.0, 0.0], "grad": [0.15437565256760358, -1.327821402071149, 1.6216476261762125, 0.3350268739652651, -1.0587288227588367, 0.3348525024911323, -0.5022595341075342, 0.6911076254174016, 0.582066378691946, -0.8787349442812304, 0.8366994312784297, -1.0416885027409628, -0.9523055278788041, -0.07251155403554013, 0.014298338121204068, -0.18476453302454238, 0.19146796077740325, -0.10943336092987432, -1.0654916909910888, 1.4206847045119653, 1.124863876002491, -1.1136997672126574, 2.28938942429345, -1.165342432879375, 1.5757104746919008, -0.5854456057429953, 0.6145189038042815, -0.007684939259429591, -0.5315322515372154, 0.3795985839692708], "optimality": 2.28938942429345, "nfev": 944, "njev": null, "status": 2, "message": "`ftol` termination condition is satisfied.", "success": true, "res_time": 1082.3902830000006, "tension_error": [-0.049066882445246034, -0.016393812912156455, 0.012103537742497629, -0.008769872123486566, 0.02899388571206905, 0.04097311240713018, -0.026046619162937584, 0.024990122882612292, 0.06497461800125141, -0.07974342619418895, 0.14523526894691782, -0.10681797907481354, 0.023720213523159776, 0.042297504563269375, -0.0058976483448430865, 0.05651170848104722, -0.022558398219528215, -0.018651521732841854, -0.07732206664838476, 0.059551603129968544, 0.0009424786235767658, 0.06279059686491699, -0.13595187076561654, 0.038263829561855776, -0.008729742384047782, -0.009619440353700355, -0.002267754603030536, -0.010865662490406767, 0.03190186519403296, -0.10307945823523507], "git_revision": "018ef57f2e70e762a509d3bbb7a77c8182022b6e", "linregress": [-0.14299656682219097, 0.053260909829609016, -0.23112752487265945, 0.21912121542311258, 0.11375581441247057]}