{"x": [0.09573577093842153, 0.1285597764267345, 0.1822414327960757, 0.17990064635313477, 0.13243979497099778, 0.09511589303692916, 0.12727589732734373, 0.17870812295038793, 0.18183351045179008, 0.12434616568888703, 0.004051249301023778, -0.0042490731010076, 0.0003607734135662737, -0.002151133264840647, -0.0018779394026667189, -0.0006250174177362767, 0.0029158085661315464, -0.0010298537304811372, -0.005497342925065583, 0.0011466558344013751, 0.05355556063904574, 0.05602652870900105, 0.054823981881779144, 0.0545801526230348, 0.0552113801097439, 0.05496668369668166, 0.05589251811346214, 0.05731102963370689, 0.055527272212339385, 0.05453022483747365], "cost": 0.36598144617248013, "fun": [0.07812601649289597, 0.3475568946181767, 0.16078421770830545, 0.11008348000307949, 0.1798534039991049, 0.32142323631474967, 0.10735913547095778, 0.2582497713464134, 0.23749123101660452, 0.17181628974674926, 0.0523206446545585, 0.010094753451589538, 0.11114299333754554, 0.06040518329980063, 0.239695413297037, 0.07507262611765583, 0.22385028505515053, 0.005548099538932769, 0.3078720168299864, 0.20108667780956932, 0.0, 0.0, 0.0, 0.0, 0.0, 0.0, 0.0, 0.0, 0.0, 0.0, 0.0, 0.0, 0.0, 0.0, 0.0, 0.0, 0.0, 0.0, 0.0, 0.0, 0.0, 0.0, 0.0, 0.0, 0.0, 0.0, 0.0, 0.0, 0.0, 0.0, 0.0, 7.671540961411018e-05, 0.0, 9.954098835298449e-06, 6.622847013392457e-06, 2.4416103697853744e-07, 0.0, 1.092261534109032e-06, 0.0001661339869217215, 0.0, 0.0, 0.0, 0.0, 0.0, 0.0, 0.0, 0.0, 0.0, 0.0, 0.0], "grad": [-0.5505413990019001, 0.3632340440432883, -0.2317920133887474, 0.3131636770279893, -0.8480259716756224, -0.2009195559609156, -0.4426342906999028, 0.4406556529654253, 0.4571787201848978, 0.7344672944350844, -1.0469935895721023, 1.5126100188801805, 0.5897798153797364, 0.8375456935694364, 0.5163974229757953, -0.18270183659125117, -1.017953074300395, 0.7190712792231436, 0.6413792309752886, -0.3040319697741489, 0.8071186251935631, -0.5038898298709915, -0.09129090613656832, 0.09980700603261905, 0.07366067684115718, -0.6823002592482337, 0.9867423786190503, -1.810241051349721, 0.7700847604556751, -0.29243491854614234], "optimality": 1.810241051349721, "nfev": 1687, "njev": null, "status": 2, "message": "`ftol` termination condition is satisfied.", "success": true, "res_time": 1827.6775970000017, "tension_error": [-0.009558687067028648, -0.00904005173812969, -0.016867298709584325, 0.018641603783274178, -0.06789856084057895, -0.00015535852847305105, 0.010435940140739978, 0.03673176205306815, -0.010679261013288846, 0.0548789329622033, -0.06145601912474228, 0.06445693620779187, -0.00547280509205507, 0.03263193085414622, 0.02848767658317841, 0.009481293182325492, -0.04423178473834828, 0.015622516871559093, 0.0833927479735008, -0.017394363479596348, 0.02350243566988608, -0.013981276064522867, 0.004260934009656411, 0.007959737631733564, -0.0016157601006460192, 0.002096197945754291, -0.011948382724615014, -0.03346670081350648, -0.006407731578075788, 0.00871712448114977], "git_revision": "018ef57f2e70e762a509d3bbb7a77c8182022b6e", "linregress": [-0.05639390020691285, 0.027433275843395204, -0.15746092364744543, 0.4059709992594881, 0.06683878032643917]}