{"x": [0.09580074083085438, 0.13208310501577566, 0.18096497515359525, 0.17756158554088125, 0.12457397703129895, 0.09775135836272197, 0.12646029984363172, 0.18076202056795426, 0.18139984913851168, 0.1294647029173494, -0.004898578580560273, 0.0023364724194815134, -0.00045309954104222095, -0.006739860033790449, 0.004849857371481828, -0.0070780170846987895, 0.0068094960402983, -0.007436393693026168, 0.007185093347469953, -0.003327042837232001, 0.057452439180345566, 0.05727918642344215, 0.054171288501919886, 0.05339454266443697, 0.05665317616165531, 0.05152410362837161, 0.054579336136855186, 0.06309164058702975, 0.05858376759366652, 0.049597620681708865], "cost": 0.473016925456517, "fun": [0.28993293916830604, 0.2237029996196295, 0.0638988060017396, 0.1536651669460221, 0.21042023327955203, 0.23096445285426853, 0.21878970306138307, 0.10751197841085602, 0.15646286586427122, 0.277119488049241, 0.4372505551360341, 0.11069914783635079, 0.20556900718011142, 0.24291847652480336, 0.08106768688567266, 0.19060561441512983, 0.31157447942729316, 0.10910614475864516, 0.04521282543641018, 0.25936187883617473, 0.0, 0.0, 0.0, 0.0, 0.0, 0.0, 0.0, 0.0, 0.0, 0.0, 0.0, 0.0, 0.0, 0.0, 0.0, 0.0, 0.0, 0.0, 0.0, 0.0, 0.0, 0.0, 0.0, 0.0, 0.0, 0.0, 0.0, 0.0, 0.0, 0.0, 0.00011754664485525298, 0.0, 9.302097061972719e-08, 0.000306162949409175, 0.0, 0.00035459680629022316, 0.0, 0.000411232208013622, 0.0, 3.682774928815422e-05, 0.0, 0.0, 0.0, 0.0, 0.0, 0.0, 0.0, 0.0, 0.0, 0.0], "grad": [-1.7867480403931015, 2.6469739574443203, -0.5408765596358447, -1.5241664894153786, 0.9652044811859746, 0.022738144438005037, 0.28602882761012083, -1.8761910048905293, 1.5470498546869749, 0.7923748664601238, 1.3657765594445834, -0.49589392366836327, 0.25420684885633194, 0.753116060711128, 0.09360344334503945, 1.7955524865537331, -2.464168248011256, -0.721276141650781, 0.24912144457474295, -0.07680049762674201, 3.33541290632645, 0.35677310205629453, -2.904597272996586, 4.162545524807221, -0.19781573982438871, -1.008597535677549, 1.5930499020794828, -2.2434524155784032, 5.123501098027589, -5.40526309095322], "optimality": 5.40526309095322, "nfev": 819, "njev": null, "status": 2, "message": "`ftol` termination condition is satisfied.", "success": true, "res_time": 929.3695599999919, "tension_error": [-0.010544257357871166, -0.06248770036744184, 0.002496112292640952, 0.05412432906889435, 0.05142311546596515, -0.040134435457554796, 0.02280826552304386, 0.005574861579547237, -0.004100772260260587, -0.022767466562900414, 0.07430970462738208, -0.03544346028268429, 0.006873359793648317, 0.10224129308212151, -0.07357062111648859, 0.10737101595119741, -0.10329764667325592, 0.1128074623554367, -0.10899532498866091, 0.050470063193123305, -0.03561183362487194, -0.032983650575514833, 0.014162061749459214, 0.025945021398807645, -0.023487296300073145, 0.05431892007323588, 0.00797212343831836, -0.12115652459461256, -0.05277368554740038, 0.08354298505084089], "git_revision": "018ef57f2e70e762a509d3bbb7a77c8182022b6e", "linregress": [-0.32216498617616046, 0.07136398743133711, -0.5444995308494333, 0.0018655356360545799, 0.09378645433827153]}