{"x": [0.09687777683096888, 0.13173292385708912, 0.18282540903098596, 0.17926648112118304, 0.12697176937040472, 0.09710012130816076, 0.13146048577575514, 0.18298934107781742, 0.18054915591261864, 0.122682421597431, -0.00822504840019644, 0.0014632828975398747, -0.00119367902269645, 0.004290707223441733, 0.0014902653157173754, -0.0011037566708963463, -0.0044966053595367605, -0.0015130734346825723, 0.004540312172652341, 0.008735269372954902, 0.04969025270712161, 0.05136773414669896, 0.053970910345033124, 0.05584238364093109, 0.05492414623205049, 0.05257041520348081, 0.05180390503754744, 0.05283023805881932, 0.05534686930075053, 0.05369974547698893], "cost": 0.3467519060099138, "fun": [0.03226989134434894, 0.1036258539799386, 0.05636770349505856, 0.25982046575803946, 0.1716340541636869, 0.09691824671977517, 0.23936015833171417, 0.12987711413388675, 0.19666661091502716, 0.235016716160592, 0.3118120080638011, 0.029393384794826716, 0.24596772241794054, 0.2360712521955807, 0.3503289818012946, 0.0742018419099196, 0.10437931772863121, 0.05487322601865536, 0.21766250581012225, 0.016632378079350862, 0.0, 0.0, 0.0, 0.0, 0.0, 0.0, 0.0, 0.0, 0.0, 0.0, 0.0, 0.0, 0.0, 0.0, 0.0, 0.0, 0.0, 0.0, 0.0, 0.0, 0.0, 0.0, 0.0, 0.0, 0.0, 0.0, 0.0, 0.0, 0.0, 0.0, 0.0005564362135934213, 0.0, 1.7008369626102293e-06, 0.0, 0.0, 1.344683339871579e-06, 9.091893112112209e-05, 3.464017034674254e-06, 0.0, 0.0, 0.0, 0.0, 0.0, 0.0, 0.0, 0.0, 0.0, 0.0, 0.0, 0.0], "grad": [-0.2263199220896972, 25.312154317273112, -0.22604929358374015, -0.23946751070759165, 0.05865839729486, 0.2129441809588144, -0.6419950452566066, -1.0868064067106475, -0.22906897038703677, 26.879989883957663, 1.471475438371332, -0.2007556682917695, 0.9756013462904994, -0.27528205173671216, 0.30251989339112406, -0.5989006142871895, 1.249045398274025, 0.2791929140084224, -1.8070912381960587, -0.9322415173060952, -25.795809315628915, -23.857434606201725, -26.953769076907818, -25.055567803111007, -25.219191698161065, -25.53518794550019, -25.545362598077478, -24.908791906207455, -25.266410576956236, -24.664657326763816], "optimality": 26.953769076907818, "nfev": 1003, "njev": null, "status": 2, "message": "`ftol` termination condition is satisfied.", "success": true, "res_time": 981.5618470000045, "tension_error": [-0.026882512573205754, -0.057175576035837256, -0.025726011663134554, 0.02826166607201637, 0.015049453689089056, -0.03025539965747679, -0.053042786692920695, -0.028212802837078475, 0.008803943118908947, 0.08011734242699738, 0.12477107534623098, -0.022197484048536227, 0.018107688615731067, -0.0650885111207224, -0.02260679778964054, 0.016743598341016932, 0.06821191302699539, 0.022952788887984035, -0.06887492992453212, -0.13251094705735098, 0.08213778998573083, 0.05669098980831053, 0.017201727523348143, -0.01118786050696269, 0.002741476240336299, 0.03844674351917872, 0.050074431651085674, 0.034505322693090985, -0.0036710832108765106, 0.02131520267094547], "git_revision": "018ef57f2e70e762a509d3bbb7a77c8182022b6e", "linregress": [-0.135837044022976, 0.05007339128453278, -0.26180639210130857, 0.16224623662718185, 0.09463253247421051]}