{"x": [0.09646927140302074, 0.12594740439496277, 0.18097399610751225, 0.18178165923698417, 0.12678318755806686, 0.09545845094141948, 0.12761717506235085, 0.1800567288945623, 0.18108033686971617, 0.128514859848139, 1.7952576073507968e-05, 0.0012353909295696097, -9.9795637216772e-05, -0.0020526610443169354, -0.0003162547183809726, 0.0010479905318806124, -1.4499051235168571e-05, 0.0016093095445872507, -0.0003804998777171744, -0.00013099014142269223, 0.055022585739615104, 0.056047737318074636, 0.05809338140146465, 0.053261471754001415, 0.056988925511739404, 0.05675767246444663, 0.05554852609920793, 0.05661620926363347, 0.055740688235790974, 0.05638305015216461], "cost": 0.6474230164452675, "fun": [0.11133596844200262, 0.15444638846546055, 0.29555797273426127, 0.34245012202939706, 0.17662901429954944, 0.22874833506265574, 0.1825103133169809, 0.3181468826884574, 0.21249107900090303, 0.22640070302089974, 0.2673195614359273, 0.06659920322614556, 0.18273627585114155, 0.36672935484637303, 0.34791687243365754, 0.2763805524142073, 0.04839801129049357, 0.40047716056157934, 0.0743495390207841, 0.36061966299487264, 0.0, 0.0, 0.0, 0.0, 0.0, 0.0, 0.0, 0.0, 0.0, 0.0, 0.0, 0.0, 0.0, 0.0, 0.0, 0.0, 0.0, 0.0, 0.0, 0.0, 0.0, 0.0, 0.0, 0.0, 0.0, 0.0, 0.0, 0.0, 0.0, 0.0, 0.0, 0.0, 9.93881637212273e-10, 8.648717684183705e-06, 3.163086300009573e-08, 0.0, 3.048026605738452e-12, 0.0, 5.508883201260289e-08, 2.2475834890597838e-09, 0.0, 0.0, 0.0, 0.0, 0.0, 0.0, 0.0, 0.0, 0.0, 0.0], "grad": [-1.9321552814889342, 0.39375494803814837, -0.8275333982869402, -1.0422265036848837, 0.16082745566459833, -2.1162759135690843, 2.1304925007933218, 1.5887318258244112, -1.252994048971612, -0.43566189091800567, 2.4191767000542583, -4.528012244963392, 0.22534939128672882, 4.048332370350668, 1.1035940325526545, -2.792700560117501, 2.6533455432271325, -1.4226839672020961, 0.17271036216014557, 0.7816827529015646, 1.8125253782841986, 4.158861026092726, -0.41069698698793744, 3.4744048048374396, -1.6039933827055037, 3.5961073044707312, 2.798801614858192, -3.2982845193552195, 1.830215202939307, 0.7014989613466085], "optimality": 4.528012244963392, "nfev": 537, "njev": null, "status": 2, "message": "`ftol` termination condition is satisfied.", "success": true, "res_time": 751.5904369999989, "tension_error": [-0.02068562970396401, 0.030588708087866207, 0.002359267612086132, -0.009892696422472836, 0.01791017308808658, -0.0053518407899741886, 0.005258877597552222, 0.016273886830238116, 0.0007461158581093141, -0.00835868312611057, -0.00027233422989621665, -0.01874044349109225, 0.0015138645226819099, 0.03113814209465621, 0.004797472230652282, -0.015897645734496788, 0.00021994547947813594, -0.02441265664021003, 0.005772048576729029, 0.001987074119183766, 0.0012481837248664817, -0.014303003163496027, -0.04533470044252133, 0.027963660048028156, -0.02858049519915688, -0.02507246825707552, -0.006730145525185434, -0.02292652153085855, -0.009645177176758857, -0.019389580269327928], "git_revision": "018ef57f2e70e762a509d3bbb7a77c8182022b6e", "linregress": [-0.00953998057295088, 0.014741267541720142, -0.05133414695711928, 0.7876227155329019, 0.0350743106817036]}