{"x": [0.09531531901040345, 0.12822008945109692, 0.17957898825350666, 0.1836041615716925, 0.12676601465924917, 0.09476835231699474, 0.12487210312804026, 0.18211596292575954, 0.18189121471568573, 0.1294257954091745, -0.0008077321257026399, 0.0037533097403025517, 0.004209005330515644, -0.0066211527292657675, 0.0019362868569821664, -3.4231157860448297e-05, 0.0007409152371971454, 0.0005955664777131781, -0.0019967126358597085, 0.0002686878346463266, 0.05472214231371988, 0.055972053644082115, 0.0540108251481616, 0.056002313251184384, 0.05312591362810157, 0.055988500805464546, 0.05413683279337354, 0.05249909492406461, 0.052746288034640855, 0.054853971319339584], "cost": 0.3916310051784302, "fun": [0.2918393287086668, 0.2731836956550695, 0.22716627315451982, 0.03694920638639753, 0.1931526886202779, 0.2491874529948592, 0.06014554549026691, 0.23527391639059644, 0.260207376547072, 0.255771007922532, 0.19449073532555405, 0.17585898696126043, 0.07027961531494285, 0.058630485027164406, 0.11276210742579322, 0.3718047644039119, 0.09561426929371017, 0.13232356000673534, 0.1543299666109822, 0.020954445639890393, 0.0, 0.0, 0.0, 0.0, 0.0, 0.0, 0.0, 0.0, 0.0, 0.0, 0.0, 0.0, 0.0, 0.0, 0.0, 0.0, 0.0, 0.0, 0.0, 0.0, 0.0, 0.0, 0.0, 0.0, 0.0, 0.0, 0.0, 0.0, 0.0, 0.0, 5.269896294630566e-07, 0.0, 0.0, 0.00029026910739650115, 0.0, 4.011111807527134e-11, 0.0, 0.0, 7.960616435368682e-06, 0.0, 0.0, 0.0, 0.0, 0.0, 0.0, 0.0, 0.0, 0.0, 0.0, 0.0], "grad": [-0.8158143099616044, -2.3029348063743713, -0.8147826256125125, -0.8671924262668433, -39.9197923729765, 0.13494508463689492, -0.24483131008844072, -0.7250198937211452, -1.7230147166788363, 0.4696334034524341, -0.6289157475032212, -0.44802995512154975, -3.2043266769840866, -1.9480775719761807, 1.9841962929545738, -0.11065676698622973, -1.2393122931508005, -0.5940596703882937, -3.0273990413268956, 3.8254650854861882, 2.1748258824733404, 1.2951627788658637, 1.9306355648907072, 0.8426333351551811, -39.58497071106794, -5.203745020651946, 4.257699387232149, 0.5493796531168309, -4.38303164887839, 0.45985405583882066], "optimality": 39.9197923729765, "nfev": 722, "njev": null, "status": 3, "message": "`xtol` termination condition is satisfied.", "success": true, "res_time": 735.8119169999991, "tension_error": [-0.0031805800167456146, -0.0038871204519870897, 0.023521043396476496, -0.03753941229069104, 0.01817067988975414, 0.005116711281084038, 0.04690064801418714, -0.014963965150778366, -0.011554614288796698, -0.022177253423983433, 0.012253010682977673, -0.056936381358418234, -0.06384912229986546, 0.10044054525471137, -0.029372786829882806, 0.0005192745584928977, -0.01123942211492491, -0.009034532837845135, 0.030289424525170344, -0.004075899426983529, 0.005805804240358857, -0.013154908595447655, 0.016596234076227026, -0.013613936133524438, 0.03002002887620912, -0.013404406216887781, 0.014684742662442142, 0.03952864693466989, 0.03577881486996849, 0.0038060048479805447], "git_revision": "018ef57f2e70e762a509d3bbb7a77c8182022b6e", "linregress": [-0.060908140735009664, 0.027062331064965278, -0.17542817601444985, 0.35379674388811666, 0.0645965424358849]}