{"x": [0.09428338361140162, 0.12740268670643068, 0.17967174409712755, 0.17876741196302695, 0.127860333512449, 0.09576677419484386, 0.12549098222017116, 0.18088970518498632, 0.18183662490125163, 0.12998697829186728, 0.004926327227216297, -0.0026452428244029, -0.0076190740663094935, 0.0049235358636887565, -0.0002660992947622029, 0.0026053613659050645, 0.004278201548930048, 0.000426016766660676, -0.004041401932060299, -0.003323699823563597, 0.057684231231542114, 0.05836495978978764, 0.05602254309342739, 0.05734820519663844, 0.053262506755320245, 0.056649219601182556, 0.05494072323061054, 0.0593196138744593, 0.052255955776472504, 0.053772510851514695], "cost": 0.4064462381325688, "fun": [0.2344508171262345, 0.2314644777343438, 0.1538426282931532, 0.2729383009610004, 0.05582505702898601, 0.18975638739168288, 0.189164302047898, 0.0885114546660687, 0.25163384499995756, 0.11841846530393595, 0.11178713355414654, 0.14837307933481608, 0.3575799764858961, 0.11903162423646638, 0.018522375890171763, 0.21766980379729503, 0.18274024550321122, 0.1906737431684566, 0.33853902214572607, 0.1935905182636862, 0.0, 0.0, 0.0, 0.0, 0.0, 0.0, 0.0, 0.0, 0.0, 0.0, 0.0, 0.0, 0.0, 0.0, 0.0, 0.0, 0.0, 0.0, 0.0, 0.0, 0.0, 0.0, 0.0, 0.0, 0.0, 0.0, 0.0, 0.0, 0.0, 0.0, 0.0, 1.85095830096711e-05, 0.00044228945624576313, 0.0, 1.884218096940321e-08, 0.0, 0.0, 0.0, 6.600793314651312e-05, 3.671684719578417e-05, 0.0, 0.0, 0.0, 0.0, 0.0, 0.0, 0.0, 0.0, 0.0, 0.0], "grad": [-0.14113076910694922, -0.4087856269544232, 0.9605054533537702, 0.3767515948068517, 0.621065957572783, 1.5820451868274072, -0.9648664998687995, -0.4814142389094691, -0.5157448735533041, -0.9848689152211811, -2.4793560473942935, 1.1915781115173165, 2.86519767082532, -0.5803691512221556, 1.4597987882485004, -0.2911547104544552, -1.0087894438571823, 0.3370179794682175, 0.685603797906599, -0.15784389080259675, -0.3372671811208652, 1.1917204695311394, -1.0705570966212692, -1.2864547865499736, 1.4380445511248103, -1.8705465249136175, 0.6990248522859173, 0.07849141888887257, 1.166184255275403, 0.7661592847613208], "optimality": 2.86519767082532, "nfev": 444, "njev": null, "status": 2, "message": "`ftol` termination condition is satisfied.", "success": true, "res_time": 582.4711400000087, "tension_error": [0.012473515030065913, 0.00851259010054068, 0.022113970052938536, 0.035832368699588314, 0.0015702499053985813, -0.010028995502290453, 0.03751247106040439, 0.003637931096332027, -0.010726506110159009, -0.03069019928553032, -0.07473064178351992, 0.04012739812506981, 0.11557865901109006, -0.07468829778600554, 0.0040366321924088355, -0.03952241050420278, -0.06489880446115846, -0.0064625236844208, 0.06130663802020373, 0.050419350858069575, -0.0391280370655485, -0.04945444854650161, -0.013920815685830104, -0.03403064095560462, 0.02794795944406184, -0.02342727667698549, 0.002490009034830112, -0.06393621338636685, 0.043216981814633494, 0.02021137767371696], "git_revision": "018ef57f2e70e762a509d3bbb7a77c8182022b6e", "linregress": [-0.21466406250168357, 0.04823869145802004, -0.5017638960432089, 0.004727239940424865, 0.06993576770562983]}