{"x": [0.09735483674598094, 0.12818609421353552, 0.1820650350372144, 0.18269501428048965, 0.13022520160216947, 0.09375422290162688, 0.12629109054838986, 0.1791735488760418, 0.18083065196065365, 0.12574749347927378, 0.002436171274811545, -0.006058775657133017, 0.0016765071141630165, -0.011243452008122087, -0.0006383165651045709, 0.004305727120362765, -1.1718349521160253e-05, -0.0015377142525532339, 0.008350935348388237, 0.0010866068880140626, 0.054940284497542874, 0.05468229752163842, 0.05301728072904701, 0.053072342983929995, 0.05375597371944532, 0.0567825833608281, 0.0554251433997744, 0.05796557310832895, 0.05647261182672992, 0.0552529225039719], "cost": 0.45129590504849426, "fun": [0.07917150861689326, 0.12418742311673486, 0.3016376428129348, 0.32364441756062895, 0.02685281518212246, 0.16195472554022639, 0.3284876495490949, 0.0975222592587009, 0.13983703154555804, 0.2948190106403447, 0.20684075299845822, 0.01203856035096326, 0.21907247017017417, 0.3044335974315762, 0.15793964613288214, 0.22677892687926646, 0.26050125104408317, 0.27877301945578375, 0.16955944471725704, 0.005517097242513798, 0.0, 0.0, 0.0, 0.0, 0.0, 0.0, 0.0, 0.0, 0.0, 0.0, 0.0, 0.0, 0.0, 0.0, 0.0, 0.0, 0.0, 0.0, 0.0, 0.0, 0.0, 0.0, 0.0, 0.0, 0.0, 0.0, 0.0, 0.0, 0.0, 0.0, 0.0, 0.00022241015641713587, 0.0, 0.0014213433811247722, 2.600808316195718e-07, 0.0, 1.6091604223761864e-12, 3.636025489966761e-06, 0.0, 0.0, 0.0, 0.0, 0.0, 0.0, 0.0, 0.0, 0.0, 0.0, 0.0, 0.0], "grad": [-1.4745330124290317, 0.8739048732014949, -0.26099753335428466, 0.20096558089368788, -0.32005253332719263, 0.413016747749404, 0.32451770792549495, -1.4138255968205424, 0.6524796121912084, 1.244831519006843, -1.2897266814344064, 1.7333831848645644, 0.44387751209372894, 0.6142784771093116, 0.36562103261827716, -0.18398445163010324, -0.4743328606106375, -0.1843180055032947, -1.213696696195488, 0.09737843782978867, 2.2497844674562772, -1.834646434972862, 0.7268585002090795, -0.24697193140066886, 0.044774328116815365, -0.6978228836390126, -0.27312627668464184, 0.07861022838303633, 2.144898952549813, -2.68062546591198], "optimality": 2.68062546591198, "nfev": 1005, "njev": null, "status": 2, "message": "`ftol` termination condition is satisfied.", "success": true, "res_time": 1089.843882999994, "tension_error": [-0.034119342766109624, -0.0033714247209948355, -0.014191407092793271, -0.02374796941373703, -0.0343039626523492, 0.02050069585346292, 0.02537511068901283, 0.02967141536423135, 0.004533747624593805, 0.03362128597803033, -0.0369558566583724, 0.09190948396169912, -0.025432020005466488, 0.17055919058465702, 0.009683036544503205, -0.0653163576450519, 0.00017776321790437559, 0.023326581380567986, -0.12668073582890615, -0.016483442199914367, 0.0024966644603035375, 0.006410235644656981, 0.031667951535569026, 0.030832676602405823, 0.02046224011865881, -0.025450357745152037, -0.004858473610516252, -0.043395893836553255, -0.020748199197947948, -0.0022459435291303062], "git_revision": "018ef57f2e70e762a509d3bbb7a77c8182022b6e", "linregress": [-0.20451446761865053, 0.04609947061071004, -0.34443861953087423, 0.06233570294758658, 0.10534413235895516]}