{"x": [0.0907948271972827, 0.1274767382382077, 0.18249684843169275, 0.18059325259214234, 0.1274545083288663, 0.09546207154640937, 0.1290905996075714, 0.18632156787561618, 0.18160889919505663, 0.12851785723592787, 0.008815077013399395, -0.0013742011808482528, -0.007997328501955935, 0.013126971587393468, -0.00063555870812862, 0.003961525958082717, -0.003085214113921584, -0.001687583373338395, -0.0026292288135887965, -0.00905060217092416, 0.056117936280633406, 0.05601020293693125, 0.052232351303935325, 0.055668029891617676, 0.051518125251949175, 0.05488762597970104, 0.056248890136632736, 0.05321960992212417, 0.056195686179734826, 0.04455995187409078], "cost": 0.47681825141307327, "fun": [0.2792894029146633, 0.33906153697306957, 0.23595253174479314, 0.25592184583691924, 0.22917011924215475, 0.35721062479202703, 0.14556384502794828, 0.2197997968472839, 0.19022868776391633, 0.10667918900095838, 0.18498590064316428, 0.2627671876593326, 0.2755838825341418, 0.16478205279565167, 0.07136751509758145, 0.2390560810643266, 0.17162013245371852, 0.16240281435079895, 0.04972813386522264, 0.1241213190753241, 0.0, 0.0, 0.0, 0.0, 0.0, 0.0, 0.0, 0.0, 0.0, 0.0, 0.0, 0.0, 0.0, 0.0, 0.0, 0.0, 0.0, 0.0, 0.0, 0.0, 0.0, 0.0, 0.0, 0.0, 0.0, 0.0, 0.0, 0.0, 0.0, 0.0, 0.0, 2.5950812043261013e-06, 0.0005114872436421165, 0.0, 2.567243250847344e-07, 0.0, 2.9366752860405223e-05, 4.806132212890083e-06, 1.8175449034086106e-05, 0.000741365592757423, 0.0, 0.0, 0.0, 0.0, 0.0, 0.0, 0.0, 0.0, 0.0, 0.0], "grad": [0.45764801310250647, 0.22094241603753995, 0.5230381222497567, -0.29299036254889405, -0.09946697365559665, 0.2196577889000606, -1.3602254872193198, -0.07045319704243092, 0.35435920277707744, -0.5079035136409307, -0.9666701015592825, 0.26600778110387785, 1.480201245966911, -0.9916050987451108, -0.17079127061796173, -0.4257418198278542, -0.3409945603848177, -0.05093528575122519, 0.43021329006492537, 1.1160525791257687, -0.2762138247481647, 0.6947356909024736, -0.5816824777822769, -0.806343832186033, 1.4538870793773597, 71.08091962261032, -0.13878771351491093, 1.1901109742844072, -2.2744222929055415, -791.6155518035398], "optimality": 791.6155518035398, "nfev": 663, "njev": null, "status": 2, "message": "`ftol` termination condition is satisfied.", "success": true, "res_time": 846.1271750000014, "tension_error": [0.06539368206339473, 0.007389254552675083, -0.02074186357116271, 0.008135012085841734, 0.007726474415516497, -0.0054067640872013985, -0.017092451659587518, -0.07876150487863119, -0.007271987685045327, -0.00840415243880628, -0.1337216007379867, 0.020846145911117303, 0.12131664502573297, -0.1991315164734333, 0.009641200829526467, -0.060094947744038014, 0.046801606986066065, 0.025600042939908127, 0.03988447124456244, 0.13729443408140551, -0.015367896598826846, -0.013733619876024578, 0.04357505331502419, -0.008542975792124777, 0.0544096099292414, 0.003295475552662294, -0.017354420280970975, 0.02859868923267857, -0.01654733507103249, 0.15996263923180132], "git_revision": "018ef57f2e70e762a509d3bbb7a77c8182022b6e", "linregress": [-0.3348550540437392, 0.06814213431857084, -0.40142691225020793, 0.02789953281716584, 0.14438270621033159]}