{"x": [0.09491266371620206, 0.12905541654002647, 0.18332164837505038, 0.18210230828381022, 0.12532561710065104, 0.09617788591665936, 0.1279366685531634, 0.17993849335960763, 0.1818162852268475, 0.12474575684920532, -0.002750560948910857, 0.000765336375337346, -0.0032017747548693546, 0.0015062323368405749, 0.003259194697159635, -0.00019011720277376423, -0.000489318093343418, 0.0007031564767741964, -0.0031948132043691036, 0.002415914493253293, 0.05666382845634054, 0.05460428167850359, 0.05700866828957182, 0.05194798103395814, 0.05650727248675696, 0.0540530312985941, 0.056143141732980566, 0.05734415344550976, 0.054556674859103545, 0.056832688760332185], "cost": 0.41248708290196057, "fun": [0.1959749461244786, 0.0960695488316106, 0.3132953699037166, 0.2607343610586877, 0.2299269533618741, 0.2040109565313252, 0.10689924037754596, 0.15316655155243405, 0.14642444594546825, 0.1560687094541491, 0.3606257660532141, 0.24850475982821657, 0.043260877745761095, 0.1284405519538266, 0.19114825389076304, 0.08070328167689614, 0.255829517683988, 0.16673010079042191, 0.2917583676778183, 0.06659601150227429, 0.0, 0.0, 0.0, 0.0, 0.0, 0.0, 0.0, 0.0, 0.0, 0.0, 0.0, 0.0, 0.0, 0.0, 0.0, 0.0, 0.0, 0.0, 0.0, 0.0, 0.0, 0.0, 0.0, 0.0, 0.0, 0.0, 0.0, 0.0, 0.0, 0.0, 2.0809604124566944e-05, 0.0, 3.282255071282314e-05, 0.0, 0.0, 6.871700891808023e-09, 1.1715850586331147e-07, 0.0, 3.260891976602889e-05, 0.0, 0.0, 0.0, 0.0, 0.0, 0.0, 0.0, 0.0, 0.0, 0.0, 0.0], "grad": [-2.479797301540594, 0.623341846745614, -1.215589250713787, 0.17913725555937265, 2.730230400983124, -0.8985915667987627, -0.007643480931652569, 1.4246130722345995, 0.06009169710611639, -0.48942075504782956, -0.02253867721716607, -1.4036299350441568, 4.368434596110892, -0.8314130466389995, -0.002039061750358284, -0.5684515457859307, -0.488926944505061, 0.5635920502134266, 2.468706848864305, -4.2885199458697825, 2.728601701486502, 0.2333503382744384, -1.20216849626844, 1.7270617190652797, -2.0439892024614728, -0.05805623347830091, 0.5591705863283478, -0.783471080086577, -1.9122507743967212, -0.1276644359729051], "optimality": 4.368434596110892, "nfev": 382, "njev": null, "status": 2, "message": "`ftol` termination condition is satisfied.", "success": true, "res_time": 482.17477599999984, "tension_error": [0.002927558392526263, -0.016558736967834956, -0.03325378701173285, -0.01475682906153118, 0.04002100144021227, -0.01626541492775373, 0.00041227433454256294, 0.018067478080118264, -0.010417960442812645, 0.048817276380271134, 0.04172503682686665, -0.011609882143690079, 0.0485697906862072, -0.02284901185315535, -0.0494408309035153, 0.002884010728901422, 0.007422782422942042, -0.01066663507313686, 0.0484641864271523, -0.03664856844618189, -0.023648887843139312, 0.007593708393795175, -0.028879986156609957, 0.047888849739699826, -0.02127398915240955, 0.015955981700865637, -0.015750254396729682, -0.03396917732393184, 0.008315887007384335, -0.026210438935267318], "git_revision": "018ef57f2e70e762a509d3bbb7a77c8182022b6e", "linregress": [-0.04372803758509776, 0.026591474765500854, -0.17575482033686163, 0.352887033712441, 0.046287136969797006]}