{"x": [0.0926390556789775, 0.13147491379523266, 0.185214315359784, 0.17924111754138894, 0.12165278033496338, 0.09747396056761347, 0.13652682692077467, 0.18364329954237785, 0.17386557973014008, 0.12496694707879093, 0.00026274950148711166, -0.006146394900289259, -0.0022792796957877893, -0.0014090738953915149, -0.004330646891540865, -0.006489126298077, 0.0018518361894450507, -0.0039062464304096853, 0.015452707956854581, -0.005723822336239617, 0.05365577013916502, 0.05603920907557042, 0.054967028181980786, 0.0571947050280224, 0.051660290634206525, 0.04795547697843775, 0.060149147193028274, 0.061280143232926146, 0.05719869810844837, 0.0529314459558608], "cost": 0.39065164623300497, "fun": [0.10268777868256974, 0.057084639581696926, 0.18512000351057678, 0.23211988346943555, 0.2411884646784945, 0.2430000325632039, 0.1762418063781001, 0.2043269809997666, 0.20189144741082293, 0.23713869087751416, 0.2192820887855379, 0.1873478416808056, 0.22942280709185597, 0.17037166192261274, 0.16097442434688244, 0.09519406549729159, 0.22058775382688126, 0.2972918303990546, 0.19718949772359637, 0.1287602096428732, 0.0, 0.0, 0.0, 0.0, 0.0, 0.0, 0.0, 0.0, 0.0, 0.0, 0.0, 0.0, 0.0, 0.0, 0.0, 0.0, 0.0, 0.0, 0.0, 0.0, 0.0, 0.0, 0.0, 0.0, 0.0, 0.0, 0.0, 0.0, 0.0, 0.0, 0.0, 0.00023219955309164238, 1.1841122260229012e-05, 2.7977010614323454e-06, 8.121912795061024e-05, 0.0002732490626247551, 0.0, 5.960448137266299e-05, 0.0, 0.0001875246809458764, 0.0, 0.0, 0.0, 0.0, 0.0, 0.0, 0.0, 0.0, 0.0, 0.0], "grad": [0.6145382249898325, -0.49217621285018254, -0.5643265274670697, 0.11303298016180152, 0.3420173680858125, -0.2072769801448553, -0.4147739541874933, -0.20371334561428567, 0.2950832259971796, 0.6428212950092618, 0.37982529980557067, 0.07883661625148375, 0.1600332521660911, 0.2307259704680884, 0.4548977549684471, 0.44541458729129135, -0.28508250496562715, 0.1578553484448052, -0.1360425423188556, 0.10949587971710217, -0.46116629884102767, 0.20639860591686277, 0.43204852326884513, -0.08401305087109501, 0.39313262290837603, 0.5600661035809642, -0.38162097994394983, -0.4005196790180392, -0.2755670516041817, 0.31678593104826014], "optimality": 0.6428212950092618, "nfev": 784, "njev": null, "status": 2, "message": "`ftol` termination condition is satisfied.", "success": true, "res_time": 733.4307110000082, "tension_error": [0.03741738822909812, -0.05326165464575642, -0.061964875806284105, 0.02864642260736569, 0.09573663623393314, -0.035926409010739596, -0.12989739009195286, -0.038133121464385994, 0.11019143008207262, 0.045461898823974056, -0.003985817013119347, 0.09323863689280724, 0.034575866891127426, 0.021375152657594446, 0.06569438176065459, 0.09843775098627226, -0.02809170007031294, 0.05925637685949086, -0.234412114674238, 0.08682836054391321, 0.021982292993340643, -0.014173632740819925, 0.002090972225597803, -0.03170209768483268, 0.05225301135885074, 0.10845372426610014, -0.07651994045487953, -0.09367675039012756, -0.03176267130269489, 0.032970034688330464], "git_revision": "018ef57f2e70e762a509d3bbb7a77c8182022b6e", "linregress": [-0.02696269783425603, 0.06271469488495328, -0.03595790756705499, 0.8503737146683072, 0.14161490669462495]}