{"x": [0.09660909468418447, 0.12661676607029046, 0.18105397588111086, 0.18072833187800483, 0.1317918686433157, 0.0955310205918347, 0.12810953051662355, 0.17957057605240925, 0.17736113555592303, 0.13002482393605136, -0.00028563491867767413, 0.0007673091435359144, 0.004719010120394935, 0.002412706559818137, -0.001037930546275359, -0.003506440858535081, -0.0005252048907744028, -0.004388231798848056, 0.007590869737778765, -0.0010488664198806434, 0.05530416219829716, 0.053167104068338154, 0.05408551363076967, 0.05522810981829973, 0.05772544131758015, 0.05402906156008201, 0.055031587907725346, 0.058281775268074036, 0.055245857501303904, 0.058869684005590374], "cost": 0.5685780532824256, "fun": [0.15600305083506044, 0.2185182876141782, 0.19500639402319075, 0.06648188080316375, 0.35962199963381053, 0.2133573949735416, 0.19612086839385276, 0.12519381790287726, 0.3090450237924997, 0.24589254919903758, 0.18322671343488942, 0.00930224576321664, 0.45865200600542655, 0.20553485768426255, 0.45038741252231207, 0.007958056932242993, 0.015538399694930498, 0.014549839533524287, 0.22036471111231049, 0.31539285197389594, 0.0, 0.0, 0.0, 0.0, 0.0, 0.0, 0.0, 0.0, 0.0, 0.0, 0.0, 0.0, 0.0, 0.0, 0.0, 0.0, 0.0, 0.0, 0.0, 0.0, 0.0, 0.0, 0.0, 0.0, 0.0, 0.0, 0.0, 0.0, 0.0, 0.0, 2.3304183733808564e-08, 0.0, 0.0, 0.0, 1.1181623895243638e-06, 4.3112137407277075e-05, 1.4487261018654706e-07, 8.450232932268057e-05, 0.0, 1.153879730060817e-06, 0.0, 0.0, 0.0, 0.0, 0.0, 0.0, 0.0, 0.0, 0.0, 0.0], "grad": [-1.1107884024166146, 0.6834969116535696, 1.307405772362357, 0.5017079414836447, -0.32268207871988697, -1.0439492720904613, -0.6246386118009308, 0.2821356115362421, 0.5227893698890993, -0.778774655606323, -1.377317822128946, 1.6965192991493223, -1.291688493814188, 0.2913809624234172, 1.513945995561257, -0.5179336941077355, -0.1228343873728468, 1.366957910160513, -1.7918919457316704, -0.5734424254243251, -1.5814664001348944, 3.020745070216694, -1.9069442876682068, -0.1947903566185456, -3.727811831142045, -0.33644807426630496, 1.8741453916622803, -0.315951962251658, -0.34675004398561793, 0.4697392133327458], "optimality": 3.727811831142045, "nfev": 1280, "njev": null, "status": 2, "message": "`ftol` termination condition is satisfied.", "success": true, "res_time": 1494.464786000004, "tension_error": [-0.022806699429075917, 0.020434728200745305, 0.0011460027323793717, 0.006085907091680194, -0.05806974759638024, -0.006452696721665768, -0.002209980516488783, 0.023648653512050588, 0.057165084449224426, -0.031264304323247206, 0.004332980698204215, -0.011639808339569771, -0.07158571459316405, -0.036599905230493814, 0.015745039310696887, 0.05319146773007859, 0.007967172448183643, 0.06656792443892741, -0.11515080932207021, 0.015910932645689203, -0.0030232315705261458, 0.029395184465301965, 0.01546323620951972, -0.0018695438627805204, -0.039753179496315696, 0.016319594156915144, 0.001111624018356351, -0.04819256877128713, -0.002138769937277754, -0.05711093639859575], "git_revision": "018ef57f2e70e762a509d3bbb7a77c8182022b6e", "linregress": [-0.09280722789478958, 0.03419640354537068, -0.2129757296079687, 0.2584876434806263, 0.08046236409876266]}