{"x": [0.09595042538325299, 0.12728482816514, 0.18258888985722777, 0.17919723480496133, 0.12361287676255509, 0.09701122452780304, 0.12846392848217686, 0.18185740311852006, 0.18092052442758058, 0.13051170823650285, 0.0009699968860159136, -0.003769967677861608, -0.010020136134407364, 0.0024940343182744845, 0.0029504704261625937, 0.0033917528160877794, 0.001954127762447503, -0.0042684186385481765, 0.0020509986701690297, 0.0025965428636720387, 0.05372861130657396, 0.05586750834523818, 0.05639437662076823, 0.05783411607300665, 0.05292325029975709, 0.05335483184140419, 0.05568540927867838, 0.05562142815707987, 0.05134253916460104, 0.05876328496708661], "cost": 0.3764964305495787, "fun": [0.18264684709723095, 0.2915303045421974, 0.13193288411327056, 0.13522959737256054, 0.27816725805344855, 0.09414696216552032, 0.12350460964694722, 0.2488723219258145, 0.24728213135050278, 0.1063908721275918, 0.11840718576752574, 0.2803545701434244, 0.32154122487256886, 0.08921856345409344, 0.17470589794531466, 0.07855801343082418, 0.24404885372390764, 0.0709832666418526, 0.21575070727113066, 0.10602712150841319, 0.0, 0.0, 0.0, 0.0, 0.0, 0.0, 0.0, 0.0, 0.0, 0.0, 0.0, 0.0, 0.0, 0.0, 0.0, 0.0, 0.0, 0.0, 0.0, 0.0, 0.0, 0.0, 0.0, 0.0, 0.0, 0.0, 0.0, 0.0, 0.0, 0.0, 0.0, 5.35812548378535e-05, 0.0010060530124039514, 0.0, 0.0, 0.0, 0.0, 7.77680166144194e-05, 0.0, 0.0, 0.0, 0.0, 0.0, 0.0, 0.0, 0.0, 0.0, 0.0, 0.0, 0.0], "grad": [1.2277998162104258, -216.5690537837814, -213.63095220755915, 216.27888055232498, -214.9066393047611, 214.18293596899136, 213.18109916535744, -213.7056692836484, -215.7505706299905, 214.77484051846676, 1.5220814923866743, -213.79399419460734, 0.657635339295395, -215.55642015915987, 215.31394718915658, 213.06704798336523, 214.37313756215403, 215.38368717544697, 214.7632222600109, 211.78381410937357, -218.923573391771, 217.1650269353542, 213.72913956462233, -217.09464083959446, 0.0011248419050913228, 216.0914432340077, -215.55074176281406, -213.91351195496057, 211.59010265966322, -210.27140636613854], "optimality": 218.923573391771, "nfev": 475, "njev": null, "status": 2, "message": "`ftol` termination condition is satisfied.", "success": true, "res_time": 591.931442999994, "tension_error": [-0.0128149190800621, 0.010300462489866045, -0.022138099445000132, 0.029312108199328547, 0.06600266663843725, -0.028906866938838347, -0.007586072316939096, -0.01104170431766099, 0.0031704140857633074, -0.03865016696875807, -0.014714509710096108, 0.05718907637991429, 0.1520019214203984, -0.03783361856376182, -0.0447575928964463, -0.05145169068692316, -0.029643427056146684, 0.06475040117050637, -0.03111292446675058, -0.039388636944094425, 0.02087731824487937, -0.0115689933856552, -0.0195613987923065, -0.04140173710203491, 0.033094359892933904, 0.026547420540017002, -0.00880661494741172, -0.007836043960435767, 0.05707318877623526, -0.05549690061376043], "git_revision": "018ef57f2e70e762a509d3bbb7a77c8182022b6e", "linregress": [-0.1840673411304424, 0.04663496622070989, -0.4026669688716122, 0.027375121181002163, 0.07907464815770872]}