{"x": [0.09789014144117647, 0.12267065437937177, 0.18165595926961528, 0.18214763943964843, 0.12483828819593235, 0.0977097020534905, 0.12981904486274135, 0.18286870973568903, 0.18020622306530792, 0.12621512083614886, 0.00041666143056756833, 0.005914660865019967, 0.004119129011706674, -0.004120634635166232, 0.003218709160509838, 0.0027642375040104615, -0.0007461440041618116, -0.0026167229424681835, 0.0038993274917977585, 0.0020102858174233552, 0.055110081723217436, 0.05404076807075427, 0.052285934308343954, 0.057979585655600754, 0.04894489812945096, 0.053725710436534325, 0.056086330287353825, 0.05680964811211977, 0.055763142063988275, 0.04972779103540939], "cost": 0.39082102036447286, "fun": [0.22644613283124332, 0.22290508593477867, 0.04072021353930193, 0.27868509980469575, 0.25284161058316396, 0.27036511105142574, 0.03354613259536091, 0.2484449633725423, 0.32940527103817296, 0.031473946204419574, 0.2056388863350219, 0.16422747391391784, 0.16365416505527625, 0.10694257847661152, 0.12346303540705633, 0.047852325292442245, 0.2157398901413641, 0.2952239931090919, 0.131960402443165, 0.12591382993620281, 0.0, 0.0, 0.0, 0.0, 0.0, 0.0, 0.0, 0.0, 0.0, 0.0, 0.0, 0.0, 0.0, 0.0, 0.0, 0.0, 0.0, 0.0, 0.0, 0.0, 0.0, 0.0, 0.0, 0.0, 0.0, 0.0, 0.0, 0.0, 0.0, 0.0, 0.0, 0.0, 0.0, 6.996685063188844e-05, 0.0, 0.0, 4.1540140427318103e-07, 1.7917327273016814e-05, 0.0, 0.0, 0.0, 0.0, 0.0, 0.0, 0.0, 0.0, 0.0, 0.0, 0.0, 0.0], "grad": [0.6389533486651306, 0.8172318352652281, -0.13962839140857497, 1.0478737235188933, 0.16939560392055264, -2.170324040629863, -1.2024586072191334, 0.40485065029303313, 0.15404419794376834, -0.1938230416323895, 1.5498886955170184, -1.0500590676772656, -0.8314518670262565, -0.1487466150946566, 0.8508395870286045, -1.9872051708619556, -1.10506903803569, 0.02278131733389166, -0.13592593357674987, -0.8493875476439858, 0.3785519401931401, -0.9193419412774566, 1.5060845504297276, -1.6215626965414747, -0.17228268807030434, 2.1468510079100325, -0.30711698095996054, 0.08004502239439937, -1.772140478006794, 2.193323069180396], "optimality": 2.193323069180396, "nfev": 4529, "njev": null, "status": 2, "message": "`ftol` termination condition is satisfied.", "success": true, "res_time": 4628.627787000005, "tension_error": [-0.04223972567544753, 0.08029584696334117, -0.00798587237275326, -0.015444486663702413, 0.047413608575217175, -0.03950252397875522, -0.028142708557314915, -0.0263828680396785, 0.014006113130392458, 0.026527544356129803, -0.006320606544512593, -0.08972331353322914, -0.062485730329346706, 0.06250857010474682, -0.04882667963072234, -0.04193250533085368, 0.01131874066056419, 0.039694761602510606, -0.05915141900771165, -0.03049532488917615, -7.90994024009953e-05, 0.01614201053016161, 0.04276221808840269, -0.043608459222964996, 0.09344455532561403, 0.02092132341745399, -0.014888444858605495, -0.025860920450480197, -0.009985793809452456, 0.08156834682147485], "git_revision": "018ef57f2e70e762a509d3bbb7a77c8182022b6e", "linregress": [-0.10930944371049116, 0.044861137799609915, -0.26749182705079944, 0.15298945926234558, 0.07441268452359978]}