{"x": [0.095935355027542, 0.12987665745107876, 0.18351546889696427, 0.18044797979573085, 0.1272581083129057, 0.09320312460330309, 0.12929049259723277, 0.18257818607344686, 0.17767767895172715, 0.12648242333259424, -0.004117919107748376, -0.0015552059567006977, -0.0028412119544961117, 0.007500352403166308, -0.0022659604198959384, 0.0046250817306068455, -0.0019458475110993947, -0.004691040604657675, -0.005539095338914571, 0.0054768733818109615, 0.05556204380695, 0.051550111273962265, 0.058027939568827465, 0.05136574576658959, 0.05405762333454282, 0.055582956326419235, 0.05568729030591823, 0.057010318845988284, 0.05415516827910528, 0.06090625331183959], "cost": 0.47618894567671116, "fun": [0.25162805955017875, 0.1208974230902518, 0.297461467897226, 0.18820887675198406, 0.26246837507590587, 0.32676606725370566, 0.23700149079001995, 0.1565020106932542, 0.331934609494366, 0.23574670433349304, 0.13783768472874944, 0.15694244011513733, 0.12186147867434402, 0.2963375814603922, 0.22874614443413796, 0.0952933054717577, 0.014093314068250476, 0.08607176839452886, 0.17394941563965888, 0.2878999147078446, 0.0, 0.0, 0.0, 0.0, 0.0, 0.0, 0.0, 0.0, 0.0, 0.0, 0.0, 0.0, 0.0, 0.0, 0.0, 0.0, 0.0, 0.0, 0.0, 0.0, 0.0, 0.0, 0.0, 0.0, 0.0, 0.0, 0.0, 0.0, 0.0, 0.0, 6.982861581887286e-05, 3.7615230982430777e-06, 2.2935641936794804e-05, 0.0, 1.1634747404119146e-05, 0.0, 7.367606283774105e-06, 0.00010323039196927171, 0.00016994818111275306, 0.0, 0.0, 0.0, 0.0, 0.0, 0.0, 0.0, 0.0, 0.0, 0.0, 0.0], "grad": [0.2516879776130232, -0.23112221435612845, -0.11267137909209085, 0.43570019215556854, -0.014788025075738842, 0.9866980758132897, -0.7182109109882162, -0.7087931855659226, 0.47033468150590085, -0.17252869812057847, 0.43680812957775284, 0.3119151924207224, 0.30109947891515765, -0.46761012063327434, 0.5174061373357343, 0.47331528333796696, -0.3899174016759015, -0.1350901355694576, 0.369305160035063, -0.572640495883735, -0.06032424365291256, 0.31426085110526447, -0.1894617235486784, -0.24745208144893605, -0.021772951439468002, 0.4209245757720814, -1.370035222696635, 0.677459244462892, 0.38047316301768896, -0.5137241556579495], "optimality": 1.370035222696635, "nfev": 1096, "njev": null, "status": 2, "message": "`ftol` termination condition is satisfied.", "success": true, "res_time": 1143.5053380000027, "tension_error": [-0.01258630711373421, -0.029016671147026583, -0.03619397578226769, 0.010338749029977322, 0.010705793198471399, 0.028860662136663856, -0.020124757618252182, -0.02197572683056241, 0.05236323308415724, 0.022472660019713517, 0.06246737651419604, 0.02359192434633887, 0.04310018052180458, -0.1137776933685153, 0.03437381818636604, -0.07016085413895445, 0.029517818571603797, 0.07116142693117682, 0.08402611732535951, -0.08308223224162202, -0.006935204370936904, 0.05392439328753432, -0.044341970985686166, 0.05672115283135573, 0.015886322139550865, -0.0072524398953276534, -0.008835149465392942, -0.028905024513709042, 0.014406599828451126, -0.08800497251779639], "git_revision": "018ef57f2e70e762a509d3bbb7a77c8182022b6e", "linregress": [-0.20757799968082133, 0.05318748010923846, -0.46121289572484875, 0.010309706168416498, 0.07546858537994047]}