{"x": [0.09802719428249881, 0.12567482355656712, 0.18139786911028444, 0.18159543677684026, 0.12868358620733936, 0.09415434723837258, 0.12863587207214588, 0.18143079393247413, 0.17813254273708007, 0.1290971367553648, 0.003913581466212019, 0.0007171840617097003, -0.0021814771688121815, 0.001669164656334389, 8.236917279676648e-05, -0.00043576371097264646, -0.002155771854602883, -0.00042921261404835665, 0.0009280916900474682, -0.0007720909451447597, 0.05257954504125769, 0.05502452563697002, 0.05563681347295068, 0.055802585395801095, 0.05370478051930089, 0.05293049708823427, 0.05835341386702791, 0.05190933447669722, 0.05928063817036563, 0.05746127225803931], "cost": 0.511264712251814, "fun": [0.2822960293712887, 0.3074763913908515, 0.20795236376342818, 0.23576906111104387, 0.24657431887815434, 0.2666510164500713, 0.1767856291344746, 0.2614599184485588, 0.23646818481247314, 0.22836704558505383, 0.3491442122430722, 0.2085831444816572, 0.1785385760192985, 0.1852416350667801, 0.07406196364722159, 0.15254157034036844, 0.13918065948549027, 0.16474042885676438, 0.10567567605583683, 0.30306662316499444, 0.0, 0.0, 0.0, 0.0, 0.0, 0.0, 0.0, 0.0, 0.0, 0.0, 0.0, 0.0, 0.0, 0.0, 0.0, 0.0, 0.0, 0.0, 0.0, 0.0, 0.0, 0.0, 0.0, 0.0, 0.0, 0.0, 0.0, 0.0, 0.0, 0.0, 0.0, 0.0, 1.0381306564873414e-05, 0.0, 0.0, 8.274717621889181e-08, 1.0018631263261652e-05, 7.907103629432406e-08, 0.0, 4.6026227270989636e-07, 0.0, 0.0, 0.0, 0.0, 0.0, 0.0, 0.0, 0.0, 0.0, 0.0], "grad": [2.2298428606696707, -1.1106521070423434, -1.2730285650325812, 0.008872358103077627, -0.328104665410735, 0.7160000459848042, -0.704193487780564, -0.375821347626887, -0.05539872433139775, 1.1053726885236461, 1.5585799857317146, -3.0794417594661807, 0.11553343319731235, -1.6895898197988193, 1.28097041487738, 0.2316692171551411, 2.1616593164739273, 0.036782649449415894, -1.5094166891054757, 1.1840616300849818, -3.3956754651520047, 0.8580629929065307, 3.3864447734442082, -1.2351357080012662, 1.4139551410284152, -0.3984917732045221, -0.2952273161600294, 0.6213967916630923, -0.694922750532486, 1.1716779270166118], "optimality": 3.3956754651520047, "nfev": 195, "njev": null, "status": 2, "message": "`ftol` termination condition is satisfied.", "success": true, "res_time": 267.49111699999776, "tension_error": [-0.04431876880796415, 0.03472366300492062, -0.004070735932313561, -0.00706776756184495, -0.0109182023231257, 0.014430951173691019, -0.010194395766903765, -0.0045701938406820485, 0.04546311032826127, -0.01719161787967432, -0.05936764675849089, -0.010879428575588665, 0.033092237145917185, -0.02532063751695246, -0.0012495112205037741, 0.00661038138251232, 0.032702296620347716, 0.006511003559043037, -0.014078822707518396, 0.011712346578835782, 0.03830824710897758, 0.0012187561680597925, -0.008069433760998685, -0.010584135203456442, 0.021238822859774752, 0.03298442867464683, -0.049279300981587365, 0.048475104345540164, -0.06334496573948037, -0.03574582828956465], "git_revision": "018ef57f2e70e762a509d3bbb7a77c8182022b6e", "linregress": [-0.029060512328929165, 0.025373126100948464, -0.10014225765892058, 0.5985257527261271, 0.05456551077806464]}