{"x": [0.09454272322383891, 0.12148899480589288, 0.1803246614207826, 0.18212978794434204, 0.13073969012466258, 0.09903156649026885, 0.11905909715590894, 0.1787688050969569, 0.18334361506126032, 0.13144526713992186, -0.0007939548040862252, 0.011534628531136158, 0.003270393469266414, -0.008778882730415796, -0.002381879440872901, -0.006596056483239119, 0.011998297845039647, 0.0021147756414567408, 0.002157329100212279, -0.011510216038574664, 0.0562171003790231, 0.05431236123134721, 0.05711224484391355, 0.059920473532979364, 0.05540741961870802, 0.05517554532679589, 0.05408514970553905, 0.0602068333660701, 0.055192352162308986, 0.051386007031159996], "cost": 0.4058600615019933, "fun": [0.203679651948183, 0.31796072433649003, 0.12772788869868126, 0.24972904172505553, 0.1675020342296413, 0.15708844238149405, 0.16747049967024336, 0.35577037352156177, 0.283164390689671, 0.07069042661428569, 0.0064258325005511225, 0.030781822784764285, 0.31549406277383363, 0.17212346624985078, 0.006892896084826285, 0.11378603330435204, 0.27280540839948875, 0.007596836734169772, 0.0370728003310441, 0.28092794271640426, 0.0, 0.0, 0.0, 0.0, 0.0, 0.0, 0.0, 0.0, 0.0, 0.0, 0.0, 0.0, 0.0, 0.0, 0.0, 0.0, 0.0, 0.0, 0.0, 0.0, 0.0, 0.0, 0.0, 0.0, 0.0, 0.0, 0.0, 0.0, 0.0, 0.0, 5.004807094722594e-07, 0.0, 0.0, 0.0006765777993047538, 1.351323494188781e-05, 0.00028698096908458514, 0.0, 0.0, 0.0, 0.0015249318150475433, 0.0, 0.0, 0.0, 0.0, 0.0, 0.0, 0.0, 0.0, 0.0, 0.0], "grad": [1.0029814567686524, 1.3713060532334516, 0.6957933720708591, 0.6318226836976581, 0.47999412998788715, -2.103984139703937, 1.1779737340593188, 0.7047467003264944, -1.9493602389695457, -0.42099325435022905, 0.737266400916194, 0.10640689485488142, 0.281129878712989, 1.4869622245765104, -0.9203993139397526, 0.6650872171513937, -1.3303057806532865, 0.13573400777446332, 0.3147002464613759, 0.046037656212272626, 1.1807601597368982, -2.6915068204173687, -0.6967061104589707, -2.3835353248213433, 1.0229402275805415, -1.247639196366781, 3.0839302663943426, -3.2536431571159703, 1.1677328728109573, 0.07961577962171074], "optimality": 3.2536431571159703, "nfev": 2466, "njev": null, "status": 2, "message": "`ftol` termination condition is satisfied.", "success": true, "res_time": 2991.355367000011, "tension_error": [0.0085394248278851, 0.09822120478526093, 0.012209445164953914, -0.015173685793294941, -0.042108571583674884, -0.059554739991835005, 0.13508189277373953, 0.03581123535056928, -0.03358701387276157, -0.05281192536957864, 0.012044013586567894, -0.17497623546079105, -0.04961071231579815, 0.1331725462656578, 0.03613226873846644, 0.1000598440780686, -0.1820099349706208, -0.03208039856571191, -0.03272591948550409, 0.17460590658239725, -0.016872180900853045, 0.012022038336070594, -0.03045120585491178, -0.07305104190505707, -0.004589610119962199, -0.0010721591167156073, 0.015468756826561765, -0.07739501929853294, -0.00132711286751497, 0.05641379661345628], "git_revision": "018ef57f2e70e762a509d3bbb7a77c8182022b6e", "linregress": [-0.2678790340170663, 0.07463154597393112, -0.3102310256615713, 0.09522492876812276, 0.155131591296159]}