{"x": [0.0955393145280422, 0.1292912219524264, 0.18040308207391578, 0.17818349902879024, 0.1303606235313863, 0.0989388924670887, 0.12231975779515415, 0.18187011252434587, 0.17614334663701875, 0.13618404414127783, -0.003734548167253691, -0.008786741947816886, 0.0011678010493500317, 0.002972020486786495, 0.0006884477033155068, -0.004233483034839864, 0.005556087614401057, 0.0026260331645821477, 0.012161472129248537, -0.007176027769520068, 0.058604387146346665, 0.05283949426479617, 0.053085790940000974, 0.059066518194818105, 0.05442297295591916, 0.05484114887235502, 0.05214358907253861, 0.06076848047963711, 0.057373168224746966, 0.05971607305224282], "cost": 0.3738138825019464, "fun": [0.31921364335544117, 0.1616663894179306, 0.2967575308328956, 0.05228993325022596, 0.30195423956012263, 0.17712996520456617, 0.22703931634529423, 0.22026633562418843, 0.19485160414034985, 0.15877833709499725, 0.057794430249798995, 0.1743751057532402, 0.15953079752956262, 0.0958742957275202, 0.24186119965599157, 0.06268830326129253, 0.2551162564574844, 0.03338186759421798, 0.19737304742998177, 0.08385134305025582, 0.0, 0.0, 0.0, 0.0, 0.0, 0.0, 0.0, 0.0, 0.0, 0.0, 0.0, 0.0, 0.0, 0.0, 0.0, 0.0, 0.0, 0.0, 0.0, 0.0, 0.0, 0.0, 0.0, 0.0, 0.0, 0.0, 0.0, 0.0, 0.0, 0.0, 5.2085183157020075e-05, 0.0006783965274713914, 0.0, 0.0, 0.0, 7.587408577365037e-05, 0.0, 0.0, 0.0, 0.0003695322377649096, 0.0, 0.0, 0.0, 0.0, 0.0, 0.0, 0.0, 0.0, 0.0, 0.0], "grad": [-0.11852489475984895, 0.1685179102538171, -0.029604729887107606, 0.19961556096555044, -0.3505511709148301, 0.383079617900265, 0.3372922401363545, -0.24976492033914544, 0.12305894906427867, -0.6081780831355801, 0.5109424093223547, 0.5340606534947621, 0.24840959918717376, 0.1988438999095663, 0.3160328046772639, 0.23273942237182466, 0.3198355914739668, -1.1747989684999536, -1.047636343725685, 0.19595561393767857, -0.47263277751405564, 0.33059341741109827, 0.3327624236517299, 787.2874808595438, 0.1499600709083948, 0.07650694162697991, -0.33606919780871314, -0.3287522343399236, 0.2580181992447974, -0.39896422732540016], "optimality": 787.2874808595438, "nfev": 1096, "njev": null, "status": 2, "message": "`ftol` termination condition is satisfied.", "success": true, "res_time": 1022.3296200000041, "tension_error": [-0.006578512800685707, -0.020135821678594526, 0.011019831591306466, 0.0446901214043076, -0.036358265425016495, -0.05814890783544635, 0.08561882404723363, -0.011234501509208333, 0.075638511663681, -0.12469749655613252, 0.05665177493051717, 0.13329176781412802, -0.01771512891211442, -0.04508449969467942, -0.01044350818169863, 0.06422044041763691, -0.08428388413497218, -0.03983599437931029, -0.18448523115357193, 0.10885780337730902, -0.053086476869211745, 0.03436490932198784, 0.030628675864836318, -0.06009684143646287, 0.010344097593446601, 0.004000516833927735, 0.04492154497350907, -0.08591500737826128, -0.03440932126354354, -0.06995035890090893], "git_revision": "018ef57f2e70e762a509d3bbb7a77c8182022b6e", "linregress": [-0.16425517700247436, 0.0657181703355865, -0.24433496311773786, 0.1931766105309937, 0.12319348766520608]}