{"x": [0.09450127329278658, 0.12647895410339471, 0.1807761300493195, 0.18285568806137298, 0.1271968872925182, 0.0943486935641249, 0.12763645254155073, 0.18119806129220523, 0.1816924417985577, 0.12974252613363213, -1.1634225869158676e-05, -0.00019156870533011195, 0.0008189664599812485, -0.001322683358960847, -0.004502889673120133, 0.00348842126994286, 0.00031736867731707797, 0.0039030205467518566, -0.0017229883338406883, -0.0009250130264654608, 0.05386193496670551, 0.057283532792340136, 0.055610727796803046, 0.05274549657987705, 0.05383683664696809, 0.05756903099088398, 0.05300490548047465, 0.054099838915951506, 0.05619859217910357, 0.05441293299229694], "cost": 0.42717765400525504, "fun": [0.21003466746105223, 0.22556683962091584, 0.24826223952314525, 0.20861919450334987, 0.04580477449365177, 0.23589836992125982, 0.3569282163363992, 0.2922189055001986, 0.18062548782934928, 0.3128338754083216, 0.2436784795390562, 0.12353520370417377, 0.007152590559231145, 0.003271306139659681, 0.004284856044160497, 0.1836521573306852, 0.0010686634426847143, 0.22162124399144187, 0.24835189052013462, 0.18421077275861747, 0.0, 0.0, 0.0, 0.0, 0.0, 0.0, 0.0, 0.0, 0.0, 0.0, 0.0, 0.0, 0.0, 0.0, 0.0, 0.0, 0.0, 0.0, 0.0, 0.0, 0.0, 0.0, 0.0, 0.0, 0.0, 0.0, 0.0, 0.0, 0.0, 0.0, 1.574753104026668e-12, 7.030297324333573e-09, 0.0, 2.314022986926077e-06, 9.130066039402246e-05, 0.0, 0.0, 0.0, 5.1150161667070935e-06, 7.914865627794184e-07, 0.0, 0.0, 0.0, 0.0, 0.0, 0.0, 0.0, 0.0, 0.0, 0.0], "grad": [-0.596884997935244, -0.3760020168585698, -1.9402320296690023, -1.009221683174412, 1.454486291164273, -0.4079353866938444, 1.1752904386263596, 0.2154211695580035, -0.2743799385450645, -0.023520943956416074, -0.7509310987034943, -1.0462048939273543, 0.48585688449550624, 0.04251506234893229, 1.478113205182223, -0.6689780039795794, -0.10675419686423901, -1.222635301169915, 0.4249867769318696, 0.5068054955253408, -0.5923401138265476, 0.7748241129203746, 0.5844790799854676, 0.060958190158740766, 1.0826574222873822, -0.910409690912128, 0.7794227645523981, -0.5039056931187984, -0.41960644590130514, 0.43226526676776134], "optimality": 1.9402320296690023, "nfev": 880, "njev": null, "status": 2, "message": "`ftol` termination condition is satisfied.", "success": true, "res_time": 920.8216290000055, "tension_error": [0.009168205622695134, 0.022525286999736775, 0.005360825737220004, -0.026185333845571743, 0.011634494426218478, 0.011482786144883926, 0.004966445055796363, -0.0010397219964281593, -0.008539299434335934, -0.026981946498473332, 0.00017648709185482696, 0.0029060295093403287, -0.0124234315608302, 0.02006463877296676, 0.06830724384153401, -0.05291811694397325, -0.004814370593748368, -0.05920744134527315, 0.026137123669348755, 0.014032120469784796, 0.01885484547215855, -0.03304958345455296, -0.007673723279344137, 0.035790820958828136, 0.019235578106260306, -0.03738049015667963, 0.031855679679760045, 0.015245926699616191, -0.016591418053715622, 0.010496400290844896], "git_revision": "018ef57f2e70e762a509d3bbb7a77c8182022b6e", "linregress": [-0.08891190597020115, 0.02636269916417969, -0.3283609841357358, 0.07646449208366397, 0.048334292928524904]}