{"x": [0.07761307481920189, 0.12669766579698336, 0.1562264907940951, 0.12646017898632528, 0.06842696629452666, 0.09006745138756837, 0.07392793176711471, 0.14573713473612823, 0.14599292240941378, 0.06480458397515558, 0.10681962885496761, 0.07361862218151886, 0.05816986020645532, 0.08853210388277828, 0.09344686425565683, 0.11721933137304151, 0.1422050146111236, 0.08574449562414233, 0.06845899493812249, 0.12104144421166836, 0.19230539355011442, 0.12461952718534754, 0.09917199688729063, 0.06557725955769729, 0.06616751816666379, 0.16611414791376777, 0.1929814651935249, 0.10836121518426285, 0.06106172718866077, 0.09336123505428066], "cost": 1.3243526492485174, "fun": [0.5931231799286469, 0.5113094704667697, 0.39105556135755587, 0.2129136577987645, 0.279027843349542, 0.07337472123648871, 0.3351173216796586, 0.24040921893742315, 0.25877219076784086, 0.5141663178406135, 0.563083737151035, 0.5192258433573126, 0.3644749149869911, 0.2694068389272688, 0.2929007461417896, 0.3165300485389522, 0.343889554763482, 0.2788698971834986, 0.21241465290467504, 0.1825764570498707, 0.0, 0.0, 0.0, 0.0, 0.0, 0.0, 0.0, 0.0, 0.0, 0.0, 0.0, 0.0, 0.0, 0.0, 0.0, 0.0, 0.0, 0.0, 0.0, 0.0, 0.0, 0.0, 0.0, 0.0, 0.0, 0.0, 0.0, 0.0, 0.0, 0.0, 0.0, 0.0, 0.0, 0.0, 0.0, 0.0, 0.0, 0.0, 0.0, 0.0, 0.0, 0.0, 0.0, 0.0, 0.0, 0.0, 0.0, 0.0, 0.0, 0.0], "grad": [-121.99625070865716, 879.9223086253968, 593.9720914723227, -1447.9067991691147, 2299.3245719910915, -2077.960870966207, -1750.8144252431684, -1883.659912393975, -126.31641229887578, 584.2589455280456, -203.17716319188082, 317.13094237703604, -453.93888647862605, 4185.41160530767, 3753.563755435195, -1638.4832248122023, 627.3783927771806, 887.2177275335733, -1028.4822876498292, -560.5156168032606, 101.24065447522551, 1902.7076837506572, -2161.0906826377714, 3566.1541246261904, -3175.7619335115255, -387.6615372600263, 1943.9633722581461, -437.9214820726687, 740.3540336916685, 2036.9665688691086], "optimality": 4185.41160530767, "nfev": 321, "njev": null, "status": 2, "message": "`ftol` termination condition is satisfied.", "success": true, "res_time": 1232.1351510000022, "tension_error": [0.22386925180798115, -0.2669766579698335, -0.5622649079409509, -0.2646017898632527, 0.31573033705473347, 0.09932548612431633, 0.260720682328853, -0.45737134736128227, -0.4599292240941377, 0.3519541602484442, -0.06819628854967605, 0.2638137781848114, 0.4183013979354468, 0.11467896117221724, 0.06553135744343172, -0.17219331373041505, -0.4220501461112358, 0.1425550437585768, 0.31541005061877514, -0.21041444211668356, -0.9230539355011441, -0.2461952718534753, 0.008280031127093773, 0.34422740442302713, 0.33832481833336214, -0.6611414791376776, -0.929814651935249, -0.08361215184262846, 0.3893827281133923, 0.06638764945719342], "git_revision": "ec36e56dd006ef5715c6882890a8a7f5f3c70256"}