{"x": [0.03467924147629637, 0.07114741174725223, 0.1322800697953438, 0.13772834402342513, 0.08863278472127527, 0.009785907054176904, 0.08281742859545932, 0.13586895103230315, 0.13427255543216296, 0.11776578755752298, 0.0919080740709899, 0.11463848777984656, 0.10139032367966364, 0.06631768075499621, 0.10311172145530477, 0.10590747069187491, 0.12057904257871493, 0.11100386306949883, 0.0848098888689461, 0.08485309251682441, 0.16602891796549293, 0.1794057775973297, 0.09102724694466355, 0.060945689091795235, 0.10082350178090643, 0.15363606170411898, 0.14819351643828912, 0.09941280875942411, 0.04594376274035525, 0.12974202767933363], "cost": 2.1918111985869198, "fun": [0.5940458490329867, 0.7460473539667706, 0.675043787394469, 0.39453743592692825, 0.4023194519524233, 0.37326326252538045, 0.3423628406503028, 0.4549973535865951, 0.28750046851407235, 0.4130250927667101, 0.4203892643458663, 0.39124403198175955, 0.3855247840820033, 0.42887982209913056, 0.4497573552271647, 0.4301019674113346, 0.6099924339680863, 0.45327649424146754, 0.1289566941955286, 0.5833677780080547, 0.0, 0.0, 0.0, 0.0, 0.0, 0.0, 0.0, 0.0, 0.0, 0.0, 0.0, 0.0, 0.0, 0.0, 0.0, 0.0, 0.0, 0.0, 0.0, 0.0, 0.0, 0.0, 0.0, 0.0, 0.0, 0.0, 0.0, 0.0, 0.0, 0.0, 0.0, 0.0, 0.0, 0.0, 0.0, 0.0, 0.0, 0.0, 0.0, 0.0, 0.0, 0.0, 0.0, 0.0, 0.0, 0.0, 0.0, 0.0, 0.0, 0.0], "grad": [11421.015824114955, 4437.475368299917, 4164.164930494, -2818.315863795507, -497.0112879393713, 4353.425213433612, 4464.752860620637, 3877.507514447179, -12276.1692498534, -8333.02328746753, -3371.7846274905232, 3732.3779894684076, -462.500710409969, -148.89815731831874, -4923.495317236257, -5728.48204027612, 1958.2915932750225, 197.52363818412172, 9678.382934626989, -2544.7794871184615, -6852.751366111897, 2404.987317066413, -3959.350777185866, -3393.0951842689406, 5826.617286433517, -3413.1327390798474, 8981.92405683348, -3131.702080662042, -2857.981769048547, -22079.320622291976], "optimality": 22079.320622291976, "nfev": 267, "njev": null, "status": 2, "message": "`ftol` termination condition is satisfied.", "success": true, "res_time": 1497.5506069999992, "tension_error": [0.6532075852370364, 0.2885258825274778, -0.32280069795343785, -0.3772834402342512, 0.11367215278724738, 0.9021409294582309, 0.17182571404540686, -0.3586895103230314, -0.34272555432162954, -0.17765787557522977, 0.08091925929010105, -0.14638487779846554, -0.013903236796636298, 0.33682319245003794, -0.03111721455304764, -0.059074706918749026, -0.2057904257871493, -0.11003863069498826, 0.1519011113105391, 0.15146907483175598, -0.6602891796549293, -0.794057775973297, 0.08972753055336458, 0.3905431090820477, -0.008235017809064271, -0.5363606170411896, -0.4819351643828912, 0.005871912405758933, 0.5405623725964476, -0.2974202767933362], "git_revision": "ec36e56dd006ef5715c6882890a8a7f5f3c70256"}