{"x": [0.06611143630183731, 0.08502897875057137, 0.13149050546632968, 0.11773383559465969, 0.07161076390671683, 0.05721194077710545, 0.09656196896764069, 0.1483233636479114, 0.1454827388201166, 0.07924457991289634, 0.11851457192538448, 0.10756675512926057, 0.08591048021804287, 0.08241267452004515, 0.12028107898288294, 0.10450993723448045, 0.09021844506920586, 0.0682422483704219, 0.061412415705422045, 0.08294196995847233, 0.13319204213060393, 0.1553487106485103, 0.09707602014916952, 0.07563873030007909, 0.09199057528121568, 0.13937762935858747, 0.14448842514515942, 0.083962589128832, 0.076054296221703, 0.08361613452885142], "cost": 0.4748215992197079, "fun": [0.20298906019766388, 0.19325449889773605, 0.28820491830410777, 0.2618053922755626, 0.16916093553854628, 0.2234728265089406, 0.18469487737690174, 0.12401640486138242, 0.10769069407031988, 0.13580001544525525, 0.17091934722499402, 0.15806829145669163, 0.2973276706180513, 0.19378008410621933, 0.11307893668029612, 0.303816492784638, 0.265215357853844, 0.17504625951927538, 0.2525814680118321, 0.33373330782437044, 0.0, 0.0, 0.0, 0.0, 0.0, 0.0, 0.0, 0.0, 0.0, 0.0, 0.0, 0.0, 0.0, 0.0, 0.0, 0.0, 0.0, 0.0, 0.0, 0.0, 0.0, 0.0, 0.0, 0.0, 0.0, 0.0, 0.0, 0.0, 0.0, 0.0, 0.0, 0.0, 0.0, 0.0, 0.0, 0.0, 0.0, 0.0, 0.0, 0.0, 0.0, 0.0, 0.0, 0.0, 0.0, 0.0, 0.0, 0.0, 0.0, 0.0], "grad": [-0.3137719599422266, -0.03530018797197698, 0.2963946306408798, 0.17834052719388505, -0.09711061126404719, -0.04940588171243965, -0.5478568423827643, 0.02291024674922726, -0.2638554596736536, 0.29068085920958264, 0.007242382654397472, -0.15058315314899695, 0.06603372741250912, 0.21788927684961362, 0.2244992269226651, -0.24362276513179015, 0.43937265183352686, 0.1405861134986114, 0.1055775389172745, 0.29500259811279994, 0.807201052162893, -0.2284676802299921, 0.15055758598440017, 0.3079228181628726, 0.39971113350701093, 0.3531837232626802, 0.0748273272591653, 0.5018791654768381, -0.10985191276461048, 0.5152804456860332], "optimality": 0.807201052162893, "nfev": 911, "njev": null, "status": 2, "message": "`ftol` termination condition is satisfied.", "success": true, "res_time": 1182.3869349999986, "tension_error": [0.3388856369816269, 0.14971021249428632, -0.3149050546632967, -0.17733835594659686, 0.2838923609328317, 0.42788059222894553, 0.03438031032359318, -0.483233636479114, -0.4548273882011661, 0.20755420087103668, -0.1851457192538447, -0.07566755129260569, 0.14089519781957133, 0.17587325479954855, -0.20281078982882936, -0.045099372344804406, 0.09781554930794148, 0.31757751629578096, 0.3858758429457796, 0.17058030041527672, -0.3319204213060392, -0.5534871064851029, 0.029239798508304826, 0.24361269699920918, 0.08009424718784325, -0.3937762935858746, -0.4448842514515941, 0.16037410871168, 0.2394570377829701, 0.1638386547114859], "git_revision": "ec36e56dd006ef5715c6882890a8a7f5f3c70256"}