{"x": [0.094343834527244, 0.12898582484001617, 0.18179987858083865, 0.1785657152467061, 0.130929088058836, 0.0950116473753083, 0.1263658067321754, 0.17945115932614628, 0.18147447098984823, 0.13002872494485684, -0.0010503732204759618, -0.0005598518322288892, -0.0020630375073969094, 0.001557548807888571, 0.0014960824509380492, -0.0017450879831446776, 0.0010269868628792421, -0.003612866527449593, 0.004656321017952252, -0.001756587685036578, 0.0535583240130515, 0.05416413479238192, 0.05733989621801297, 0.05517746067583448, 0.06012477449644703, 0.05442606259225516, 0.05368442188443717, 0.05921736020001982, 0.05636547160104561, 0.05631314170697851], "cost": 0.10928587547891966, "fun": [0.1390336500871274, 0.16676956809629825, 0.07014513953945334, 0.1271713344497839, 0.04448916885572485, 0.10996913756733845, 0.16013243711251884, 0.1123736347969939, 0.025146647024924498, 0.1502399121798971, 0.149988055320181, 0.0026099922912060816, 0.15393586764923722, 0.0018695619111211567, 0.05626157487004637, 0.03291060452104273, 0.002922249197558156, 0.11353700457579828, 0.10688800766926253, 0.00369000127236351, 0.0, 0.0, 0.0, 0.0, 0.0, 0.0, 0.0, 0.0, 0.0, 0.0, 0.0, 0.0, 0.0, 0.0, 0.0, 0.0, 0.0, 0.0, 0.0, 0.0, 0.0, 0.0, 0.0, 0.0, 0.0, 0.0, 0.0, 0.0, 0.0, 0.0, 1.1588598655508302e-06, 1.7547664063988264e-07, 8.78054294666232e-06, 0.0, 0.0, 5.314372398150359e-06, 0.0, 4.715804063057099e-05, 0.0, 5.4201274795324824e-06, 0.0, 0.0, 0.0, 0.0, 0.0, 0.0, 0.0, 0.0, 0.0, 0.0], "grad": [0.056690081780746304, -0.023782442491565692, 0.08611256476429749, 0.08811739306979377, -0.25905349786562376, 0.5455554228212531, 0.1895836055373426, 0.040296978661281596, -0.16077813054363765, -0.1995115661800847, 0.31475125192130937, 0.12785622716483264, 0.5502098340244942, 0.02430182715613246, -0.09203643057709399, -0.07858502293817046, -0.0971068041410067, -0.09716767750321825, -0.43387871478704726, 0.28070600283277924, 0.022070802277841306, 0.09911729213244241, -0.7692629851503938, 0.5649034161305997, -0.6653468530781426, -0.29606718175687063, 0.0983218480479815, -0.10519536483286984, -0.22895292067368445, -0.19558477705439956], "optimality": 0.7692629851503938, "nfev": 1002, "njev": null, "status": 2, "message": "`ftol` termination condition is satisfied.", "success": true, "res_time": 613.7210679999998, "tension_error": [0.011556496015911803, -0.015503055490598787, -0.010169077425260943, 0.038892036553768175, -0.04498167126228674, 0.001426011290615569, 0.024241692605240048, 0.02546016301633537, -0.005232759354143953, -0.03132348124718893, 0.015933790277822494, 0.008492754296751358, 0.03129554936982166, -0.023627464570282135, -0.022695041673640125, 0.02647236753349033, -0.015579027503939667, 0.054805907488826806, -0.07063474307984423, 0.02664681394418613, 0.0234605162635183, 0.014270580993156949, -0.03390459668842388, -0.0011012142842454586, -0.07615021526743178, 0.010297228902915644, 0.021547656150587527, -0.062385061308330124, -0.01912291986571326, -0.01832909387979557], "git_revision": "018ef57f2e70e762a509d3bbb7a77c8182022b6e", "linregress": [-0.05044635984715584, 0.029510113206373596, -0.1661586288485456, 0.3801933672486987, 0.056578112206936496]}