{"x": [0.09515133374434355, 0.12521422750984978, 0.181844912491545, 0.18508609619412955, 0.12552710498630984, 0.09418494720400812, 0.12726929674083834, 0.1821204293842544, 0.1824523716275241, 0.1276589554996617, 0.0014684077982822779, -0.002847897018808683, -0.0030308326842554004, 0.0032293595234410993, -0.0011465165117452662, 0.0011937533694152357, 0.003533231981672931, 0.0001389288845025573, 0.00025738485152545615, 0.0004180087584890525, 0.05635414743431392, 0.054766714611809875, 0.05296976614068321, 0.056541329618961945, 0.054038501941881194, 0.054742165475020615, 0.05766909928450008, 0.058432971238529904, 0.05554758426644175, 0.056391028159152916], "cost": 0.11541182470561412, "fun": [0.10105768061139642, 0.16891352913323662, 0.0485394652116776, 0.17988440546137072, 0.08623622032819084, 0.08517081894485919, 0.1097847897838084, 0.1236202968031336, 0.03233262861010499, 0.06656990934173729, 0.06252409649263264, 0.15251869760385306, 0.13984111664234675, 0.05057752688326506, 0.15723934241864027, 0.07708285066838894, 0.08053652552804812, 0.13062108117296334, 0.013194397728966595, 0.07867301202902154, 0.0, 0.0, 0.0, 0.0, 0.0, 0.0, 0.0, 0.0, 0.0, 0.0, 0.0, 0.0, 0.0, 0.0, 0.0, 0.0, 0.0, 0.0, 0.0, 0.0, 0.0, 0.0, 0.0, 0.0, 0.0, 0.0, 0.0, 0.0, 0.0, 0.0, 0.0, 2.309791840915066e-05, 2.7841067675888866e-05, 0.0, 1.507096082760244e-06, 0.0, 0.0, 0.0, 0.0, 0.0, 0.0, 0.0, 0.0, 0.0, 0.0, 0.0, 0.0, 0.0, 0.0, 0.0], "grad": [-0.08346547870474874, 0.14550551283459293, 0.028190856475446058, -0.232211226453537, 0.17380477968525332, 0.03030981982749803, -63.626148274686926, -0.052148518380835784, -0.3920509930454872, 0.3775574839709702, 0.0033369522572236354, 0.09351249832965823, 0.0037315241844864235, -0.1719972827481036, -0.06336025434689284, -0.06084482461730489, -0.08445657389403743, -0.7407346528702654, 1.066248980872458, 0.1331636233242895, 0.011294030058108362, -0.04259438204079902, 0.14077727200325985, 63.63305128435421, -0.12499199564521835, -63.81088981991006, -0.10324119128866904, 63.16314472498813, -63.00300077090809, -0.6535617140253982], "optimality": 63.81088981991006, "nfev": 1651, "njev": null, "status": 2, "message": "`ftol` termination condition is satisfied.", "success": true, "res_time": 894.1334670000033, "tension_error": [-0.0006929815259278505, 0.041710742138433295, -0.01085222592390594, -0.06001983640951656, 0.03696450147332016, 0.01396676051703636, 0.010536068703652061, -0.015031719746530035, -0.02006716618166706, 0.0046250831396879395, -0.02227522698031728, 0.04320159058317496, 0.045976659930659906, -0.048988241869763915, 0.017392250004176265, -0.01810881642916146, -0.053597879593085124, -0.0021075020440758014, -0.003904437170472355, -0.0063410450325832, -0.01895113626131777, 0.00512965824184913, 0.03238873103695693, -0.02179062380325531, 0.016176386903723198, 0.005502059964852296, -0.0388984907805112, -0.05048615817087596, -0.006715858255212681, -0.01951060381382485], "git_revision": "018ef57f2e70e762a509d3bbb7a77c8182022b6e", "linregress": [-0.009905310724045041, 0.023716650547828552, -0.03547193435999541, 0.852373799077888, 0.05273886955413643]}