{"x": [0.09705788527385746, 0.12608839311294437, 0.18094816413110285, 0.1818173502988865, 0.12745826798661836, 0.09408626673559897, 0.12631833660392644, 0.18068232469353637, 0.18201972823872545, 0.12912150030602298, -0.0007530974272546351, 0.003673669909691608, 0.0010910857059635312, -0.0030845572826362503, -0.0030067106673515452, -5.543751099967395e-05, 0.0025747638523059124, -0.0009253652013970723, 0.0004463897112234085, -6.548711580125848e-05, 0.055332547837978696, 0.05656317987964596, 0.057485676589178025, 0.05436431771870494, 0.054507972510695404, 0.0545156997499854, 0.05589981114719208, 0.057072840527623625, 0.05559631162601259, 0.05555951884005311], "cost": 0.12303688289321489, "fun": [0.052056666094089085, 0.05770172567901835, 0.14860261322750343, 0.17301948153275068, 0.14783999696370215, 0.09719773682472081, 0.1402732870376908, 0.07712816002422937, 0.10398943510329635, 0.08348776535587202, 0.08406501072986873, 0.08014820480090006, 0.10029073895706436, 0.05486304842511742, 0.12821392790247363, 0.05274567463665354, 0.1109894819206244, 0.17976158308616771, 0.10516722256015985, 0.10876431970286313, 0.0, 0.0, 0.0, 0.0, 0.0, 0.0, 0.0, 0.0, 0.0, 0.0, 0.0, 0.0, 0.0, 0.0, 0.0, 0.0, 0.0, 0.0, 0.0, 0.0, 0.0, 0.0, 0.0, 0.0, 0.0, 0.0, 0.0, 0.0, 0.0, 0.0, 4.2712352483418097e-07, 0.0, 0.0, 2.9348000616594226e-05, 2.718159361820031e-05, 1.7037707968793973e-10, 0.0, 7.923909214922854e-07, 0.0, 2.808455783164152e-10, 0.0, 0.0, 0.0, 0.0, 0.0, 0.0, 0.0, 0.0, 0.0, 0.0], "grad": [0.07493480947720632, 0.3425104459236954, -0.34018833683024663, 0.28908625101497354, 0.19431753363025261, -0.08034599405086906, -0.017090478494971695, -0.0406107048172385, 0.04902923640380474, -0.2505261521218736, 0.3520436034671488, -0.193185665680062, -0.37657181192783407, 0.3546968944496979, 0.8725120736656409, -1.0018448574098389, -0.29827353765246467, 0.5949238987442208, -0.5463355956326457, 0.3725242099070819, 0.3810409424317646, 445.72043833412187, -0.24066043404459048, 0.47512589322697213, -0.5896860484910496, 1.0498723524310323, -0.6310093705523114, -0.0012173266106061398, -0.7271494059893646, -0.24522071952470026], "optimality": 445.72043833412187, "nfev": 318, "njev": null, "status": 2, "message": "`ftol` termination condition is satisfied.", "success": true, "res_time": 262.51930300000004, "tension_error": [-0.029614693954364227, 0.028449959098397582, 0.002751129558435596, -0.010434117208968769, 0.007669441737064658, 0.015463708323299139, 0.024961797662409666, 0.0067838198090867515, -0.01350411898299588, -0.0175612043267038, 0.011424221629722762, -0.05572827329360954, -0.016551384284221357, 0.04679164308776363, 0.04561073746526237, 0.000840967435739664, -0.03905825704407287, 0.014037462838946552, -0.006771574048306875, 0.0009934163864192007, -0.003453831685580943, -0.022122084530231054, -0.036116033362061234, 0.011233876797874427, 0.009054684408579608, 0.008937464921379083, -0.012059015467031378, -0.02985345631259182, -0.007455035066900674, -0.006896901516095278], "git_revision": "018ef57f2e70e762a509d3bbb7a77c8182022b6e", "linregress": [-0.06285882280811164, 0.022216534092023114, -0.2695188808988214, 0.1497827890990623, 0.042444567523864364]}