{"x": [0.0966437514127408, 0.1279112171523557, 0.1803496462633299, 0.18047897045900332, 0.1275388380401214, 0.09541848865742374, 0.12716364989969725, 0.18042753731764602, 0.18143975343742025, 0.12846418782593325, -0.002483634590971099, 0.0035171340476124087, 0.0012615521137681856, -0.002567959867791836, -0.0005138207523238435, -0.0018981480425154455, 0.000932887286609388, 0.0018039254293198755, 0.0018934279368245399, -0.0002245275437335553, 0.0534699532391358, 0.053936826096263844, 0.05464765227742799, 0.05350074575954329, 0.055033392314221025, 0.05442959068684563, 0.054784484848947226, 0.054520366611401534, 0.05409140491407325, 0.05600892294810458], "cost": 0.13939006845264612, "fun": [0.16425071831970559, 0.16592981166923182, 0.11234037431674869, 0.12442748731949119, 0.15524175493553252, 0.11497830603307921, 0.09638309893461036, 0.04685088618759355, 0.10534181755043533, 0.15919160487916298, 0.09399189935047748, 0.08872894772950816, 0.02669504774721013, 0.17701224827050224, 0.1396726971831556, 0.10394879159285592, 0.16013250992085062, 0.07629164473729039, 0.010712925244450881, 0.016682591405418355, 0.0, 0.0, 0.0, 0.0, 0.0, 0.0, 0.0, 0.0, 0.0, 0.0, 0.0, 0.0, 0.0, 0.0, 0.0, 0.0, 0.0, 0.0, 0.0, 0.0, 0.0, 0.0, 0.0, 0.0, 0.0, 0.0, 0.0, 0.0, 0.0, 0.0, 1.5320152897211167e-05, 0.0, 0.0, 1.693420047393856e-05, 1.3565472398113405e-07, 6.8389628436457196e-06, 0.0, 0.0, 0.0, 1.1319021269147922e-08, 0.0, 0.0, 0.0, 0.0, 0.0, 0.0, 0.0, 0.0, 0.0, 0.0], "grad": [-0.47990521774472006, 3276.179230093776, 3279.5710235440183, -3273.300180364825, 0.02718485609367216, -3280.8705948677866, 0.27158592971430884, 3277.541790046159, -3276.561894247995, -3277.3645761928806, 3274.849564957617, 3278.742572305404, 0.01622197674964823, 3276.062741325056, 0.0313741259464686, -3280.9071405058767, -3274.6095767104935, -3275.4770245914196, -0.9745812372693128, 0.21890192089102506, -3274.3843053560377, 3276.0718272398863, -3279.6085962138222, 3270.796900197728, 3275.3457164459182, -3272.800729860417, 3277.8757935087215, -3280.324877503797, 1.4564945066742463, 3276.7282112182065], "optimality": 3280.9071405058767, "nfev": 598, "njev": null, "status": 3, "message": "`xtol` termination condition is satisfied.", "success": true, "res_time": 403.7231079999983, "tension_error": [-0.023332429744517342, 0.0007983630836092673, 0.011830433939693906, 0.009868631628345122, 0.006447222519967134, -0.004745627074888709, 0.012138693920519016, 0.010648854192802287, -0.004706106362080708, -0.007590006470003526, 0.03767585837855489, -0.05335367962661002, -0.019137299403175295, 0.03895504300530319, 0.007794479094022622, 0.028794234502661303, -0.0141515702113438, -0.027364910783415776, -0.028722632168650952, 0.0034060034316411468, 0.02480106965045973, 0.017718773522884135, 0.006935791746632603, 0.024333958006013786, 0.00108425180996641, 0.010243708955730207, 0.004860090029128102, 0.008866670284186568, 0.01537386752532574, -0.013714202898206995], "git_revision": "018ef57f2e70e762a509d3bbb7a77c8182022b6e", "linregress": [-0.10206399053520537, 0.02270798751789247, -0.5124973372889364, 0.0037845044510775314, 0.032317497283736396]}