{"x": [0.09493121230942027, 0.12738613277929017, 0.18147951050603095, 0.1810477183974033, 0.127926536768448, 0.09502609366807328, 0.12844213440230867, 0.18134498027266602, 0.1812002982217368, 0.12775276593460824, -0.0004096434896616168, 0.0005161088784036755, -0.0003248140167470677, 0.0010940764259395718, -0.0012163797454616458, 0.0006586862603771699, -5.5559220206176794e-05, 0.0004179342987800613, -0.001449280521312446, 0.00031078228025343364, 0.055015727629156165, 0.05538335787925259, 0.055504895085163444, 0.05444574037916648, 0.05547254754708074, 0.05501508851544623, 0.05535529750234751, 0.05413911994377433, 0.05519331706014671, 0.05523894509554012], "cost": 0.1767100794806662, "fun": [0.10885259983305812, 0.09341159153271801, 0.13310468892025168, 0.1319726904767356, 0.1082874866766049, 0.1882710781669097, 0.18285657762171276, 0.0933484991472059, 0.0895573777957237, 0.12422830022838974, 0.0625894945905429, 0.16565991740504574, 0.2279398639435617, 0.08387846591927729, 0.11278075816696514, 0.17646480964330785, 0.03476346906134745, 0.19005922654996915, 0.07070479972245257, 0.09161722078605368, 0.0, 0.0, 0.0, 0.0, 0.0, 0.0, 0.0, 0.0, 0.0, 0.0, 0.0, 0.0, 0.0, 0.0, 0.0, 0.0, 0.0, 0.0, 0.0, 0.0, 0.0, 0.0, 0.0, 0.0, 0.0, 0.0, 0.0, 0.0, 0.0, 0.0, 6.874136812357532e-08, 0.0, 3.426922527532007e-08, 0.0, 1.7997307608365017e-06, 0.0, 1.715016982488799e-10, 0.0, 3.044089139581496e-06, 0.0, 0.0, 0.0, 0.0, 0.0, 0.0, 0.0, 0.0, 0.0, 0.0, 0.0], "grad": [-0.2689698480070837, 1.1730108409666788, -0.44426405730117113, 0.07222752447095747, -0.495856124849102, 0.14015076556102923, -0.4013122034922292, -0.5548403280376918, 0.8119224830579046, -0.03061216933105948, -0.305932582565716, -1.1726925773680357, -0.16819092228875038, -1.5370616357488818, 1.563088833426723, -0.9643777436082281, 0.7377125616695118, 0.5433379252959614, 1.3481843787906014, 0.22689259454168487, -135.66617679569913, 136.14755206419892, -137.2101670148792, 137.1479134737318, 0.2883701888016663, 0.31450529691935003, -0.7802453142492172, 0.7606524426099872, 0.28378061188146697, -1.759070587630679], "optimality": 137.2101670148792, "nfev": 226, "njev": null, "status": 2, "message": "`ftol` termination condition is satisfied.", "success": true, "res_time": 209.53482200000144, "tension_error": [0.0026461827933334566, 0.008763707320771839, -0.0053092070323518615, 0.0012409265471905531, 0.0005659699254507956, 0.0012068661384715392, -0.00725546383307043, -0.0032684309703993127, -0.001073655426305877, 0.0032020120187083684, 0.0062141468629463474, -0.007829189157431072, 0.0049273137597697775, -0.016596752448554727, 0.018452050551702473, -0.009992037617807106, 0.0008428137213584251, -0.006339915505131352, 0.021985072953270568, -0.004714457279649385, 0.0013522188350774593, -0.0042246020421393944, -0.006068278472750015, 0.009998723834750796, -0.005577577760121271, 0.0013619139640271057, -0.0037989360483704393, 0.014650047399739763, -0.0013417500264658602, -0.0020339111864944876], "git_revision": "018ef57f2e70e762a509d3bbb7a77c8182022b6e", "linregress": [-0.03835199903563476, 0.008622677584735144, -0.4364382599525199, 0.01590007341738619, 0.014941713585927512]}