{"x": [0.09242350287043778, 0.12523159494162556, 0.18059060864876825, 0.18235874264870347, 0.13379249056887688, 0.09601764811418084, 0.12927039547727792, 0.18187642649701963, 0.18043925946981473, 0.1237423498881578, 0.007094660266917015, -0.0019135624984929634, 0.0029405344778490536, -0.003802126397938608, -0.0025136912615831715, -0.0027635628515882667, -0.0020548299845408644, -0.003358390543728487, 0.0018549473041120992, -0.00038247764629116137, 0.05630051305939583, 0.05753213976764925, 0.05227763897561525, 0.053869439356614236, 0.05834785696061815, 0.056140418671546566, 0.053372140805211465, 0.05504980551832618, 0.05363242009077764, 0.049787200904535305], "cost": 0.14181605168259476, "fun": [0.16038163413693515, 0.08272242417052422, 0.0029818958707857296, 0.08479042317113225, 0.1376830727186226, 0.07338657148534446, 0.1956919787442135, 0.0025150559519431467, 0.13874239055693238, 0.14285664813459836, 0.00402802114494982, 0.08929906237763367, 0.10191654752313357, 0.03479381223056681, 0.0898509369255894, 0.0925855941687836, 0.16228843206765348, 0.1821145939908129, 0.1645419651299931, 0.1369540607150634, 0.0, 0.0, 0.0, 0.0, 0.0, 0.0, 0.0, 0.0, 0.0, 0.0, 0.0, 0.0, 0.0, 0.0, 0.0, 0.0, 0.0, 0.0, 0.0, 0.0, 0.0, 0.0, 0.0, 0.0, 0.0, 0.0, 0.0, 0.0, 0.0, 0.0, 0.0, 7.006932819165903e-06, 0.0, 5.496416711419256e-05, 1.5883119600948306e-05, 2.1106102285589586e-05, 8.676162614593042e-06, 3.787857175398518e-05, 0.0, 5.595232973643983e-08, 0.0, 0.0, 0.0, 0.0, 0.0, 0.0, 0.0, 0.0, 0.0, 0.0], "grad": [0.12135481372454171, -0.17877755498913372, 0.3549758984562912, -0.29348334422035127, -0.4895144983818724, -0.03179002915754703, -0.32114050576646974, 0.7079879461104944, 0.2983059289954997, 0.029565738992804125, -0.6857477660624751, 0.06268140869596789, 0.5229713033652549, 0.3244570060919294, 0.24282873047462378, 0.6655866847848166, 0.20227862688768827, -0.059875734859869995, -0.001348962592835734, 0.5190109467790263, 0.13475198343288897, 0.0911725039848088, -0.6977903874755902, 0.07986744921068395, -0.48437008553040783, -0.36021264564022676, 0.7918458008443774, -0.8251886830453579, -0.5492942295994694, 0.1405579672886681], "optimality": 0.8251886830453579, "nfev": 1189, "njev": null, "status": 2, "message": "`ftol` termination condition is satisfied.", "success": true, "res_time": 652.9881840000016, "tension_error": [0.040687248101868974, 0.04144728434059059, 0.008175119771765238, -0.01864684768594377, -0.08841847466375555, -0.013834664134131092, -0.019819891416119104, -0.011330282241658772, 0.010471033290079375, 0.06403860511273214, -0.10762348713939149, 0.029028066348337263, -0.044606868074494446, 0.057676912790174194, 0.03813180744184626, 0.04192227109220772, 0.03117104415078209, 0.05094559681419126, -0.028138894579529908, 0.00580205062653538, -0.018137521762235584, -0.036820863347222225, 0.04288805535215551, 0.018741006531258566, -0.04919500467661643, -0.015708946517818487, 0.026284849680578478, 0.0008352693084131541, 0.022336504969358906, 0.08066712011783113], "git_revision": "018ef57f2e70e762a509d3bbb7a77c8182022b6e", "linregress": [-0.1009963772816607, 0.04210884686552734, -0.2522131517372542, 0.17875911371743586, 0.07322967266092613]}