{"x": [0.09597701187905083, 0.1295402774919465, 0.18048088720024738, 0.18177663622305365, 0.12635220108013262, 0.09486539009019575, 0.1289926668686787, 0.18055321790158996, 0.18081299146309168, 0.12721002751821567, -0.002460913800537283, 0.002228431880165582, -0.0009434595672058318, 0.002474722102571119, -0.0010644582347818887, 0.0007238140914539833, -0.0009726556565650762, 0.0002772337639168729, -0.001531072308487265, 0.0007654681363223077, 0.0528999911825374, 0.05565868481898656, 0.057287223622601545, 0.05515479455802732, 0.05504314604314622, 0.05512151603368155, 0.056012135473391914, 0.05492856777746415, 0.055772673903636466, 0.05416625574261248], "cost": 0.11612855235545981, "fun": [0.06942151151404376, 0.12707336726393104, 0.04822964099890549, 0.14649567003404637, 0.13615470750616965, 0.08850033922041797, 0.14677068133862345, 0.12334274487403474, 0.07966843098693555, 0.11685869023658, 0.12402008141529793, 0.17683946543373208, 0.07334341968114215, 0.05141617331903096, 0.1634396100806631, 0.048987010462620564, 0.02888224770594778, 0.136439518639002, 0.023725303103448038, 0.023946575555586817, 0.0, 0.0, 0.0, 0.0, 0.0, 0.0, 0.0, 0.0, 0.0, 0.0, 0.0, 0.0, 0.0, 0.0, 0.0, 0.0, 0.0, 0.0, 0.0, 0.0, 0.0, 0.0, 0.0, 0.0, 0.0, 0.0, 0.0, 0.0, 0.0, 0.0, 1.4903532029289213e-05, 0.0, 8.397884136222229e-07, 0.0, 1.206107111640467e-06, 0.0, 9.201896633246034e-07, 0.0, 3.589112779837313e-06, 0.0, 0.0, 0.0, 0.0, 0.0, 0.0, 0.0, 0.0, 0.0, 0.0, 0.0], "grad": [0.15353711237594925, 0.30527972980223983, -1.201115217883989, -1.3815221561259312, -90.38340271382779, -91.00378869037432, 90.821363754955, -91.49029827590664, 0.23720370363615595, 92.1808816633255, -0.31517083322904027, 1.12658333138928, -0.9675709875685761, 0.5546152515423364, 1.636585344665474, -91.6327564843241, 90.77268304631578, 90.35175350104385, -1.7301651436825738, 92.01006873034787, -92.06830300457987, 91.95859247155468, -92.56260012368348, 93.65156166778263, -92.62764586134602, 92.55273317867346, -92.91689236912623, 92.81119734038955, 5.9509199283579015, -90.63489090677439], "optimality": 93.65156166778263, "nfev": 506, "njev": null, "status": 3, "message": "`xtol` termination condition is satisfied.", "success": true, "res_time": 343.512737, "tension_error": [-0.013218226818689584, -0.023913906131704323, 0.00983955534155078, -0.00981649907759464, 0.024448085534930754, 0.003644682580170291, -0.015606846645645659, 0.008742324182784004, 0.004801651126766926, 0.011435161849582874, 0.037331192023147684, -0.033804523511064374, 0.014311947968980932, -0.03754065908153315, 0.016147454963513046, -0.010980003782021727, 0.014754842319021544, -0.004205538151649688, 0.02322582543808859, -0.011611880911233132, 0.03344719247529724, -0.00840121434530517, -0.03310557204431316, -0.0007573772932489423, 0.0009362911916917733, -0.0002525538482637711, -0.013762935770668682, 0.0026744029601423773, -0.010130388445868731, 0.014238406928258224], "git_revision": "018ef57f2e70e762a509d3bbb7a77c8182022b6e", "linregress": [-0.049818148084928064, 0.0181869726245388, -0.2816650048134309, 0.1315778794416512, 0.032072029826567046]}