{"x": [0.09475038844691218, 0.12909654872186987, 0.18319134948654667, 0.18056941040748986, 0.1266464635676892, 0.0958163373169664, 0.128010064258147, 0.18100068023000765, 0.1813690695682851, 0.12575438168727562, 0.004149314917744573, -0.004770994603267155, -0.0035234054312689635, 0.0033138278370496255, 0.0024865563991523947, -0.0015618980782810107, 0.0007769125069070974, -0.0016534588069103185, 0.0017485058823924935, -0.0007372332462810596, 0.05409573844730956, 0.05601264656841883, 0.05494942889687232, 0.05453648642663359, 0.054119393220786266, 0.05440281090384195, 0.05483820908159858, 0.0554296563350008, 0.054055936756879926, 0.052833718611991584], "cost": 0.14840620633255458, "fun": [0.15510797273533963, 0.11155186426331767, 0.08402647508187423, 0.16467612279329572, 0.12194870997576304, 0.16001437867380233, 0.07528606208987791, 0.10314403226292064, 0.12947002028509483, 0.12944424206785907, 0.075282435022373, 0.1480000219746782, 0.02072525557382536, 0.014265438967928857, 0.13933495360465276, 0.17663324715254525, 0.09991037202685928, 0.0747840961136073, 0.11299918449304784, 0.1693185479084586, 0.0, 0.0, 0.0, 0.0, 0.0, 0.0, 0.0, 0.0, 0.0, 0.0, 0.0, 0.0, 0.0, 0.0, 0.0, 0.0, 0.0, 0.0, 0.0, 0.0, 0.0, 0.0, 0.0, 0.0, 0.0, 0.0, 0.0, 0.0, 0.0, 0.0, 0.0, 0.00010859923748297791, 4.374091447019762e-05, 0.0, 0.0, 3.8102903573936444e-06, 0.0, 4.52043406537788e-06, 0.0, 4.006957497472629e-07, 0.0, 0.0, 0.0, 0.0, 0.0, 0.0, 0.0, 0.0, 0.0, 0.0], "grad": [-210.6694229593395, -211.6194577820488, 210.1779414874558, 211.26638288365734, 211.46507423070537, -211.1778016480455, 211.03173295854398, 211.3690688242779, 210.97386674403964, -210.1887273698806, -210.9814662954813, -211.37227013068383, 212.13661085404993, 210.86250437321837, 210.93078206664723, -211.31089326038673, 211.33234826063926, -210.90583078736486, 211.1917254425107, 210.65916967155584, -210.72793243142982, 210.20269498757455, -209.44977668140663, -211.46426548383886, -210.53534773685948, 211.2482439489833, -211.0661344667193, -211.08977695221577, -210.7663753778442, 211.890084388991], "optimality": 212.13661085404993, "nfev": 507, "njev": null, "status": 2, "message": "`ftol` termination condition is satisfied.", "success": true, "res_time": 325.73449900000014, "tension_error": [0.005389216837103276, -0.017182697619521244, -0.03127719895486026, 0.008496689594951926, 0.01998422766807455, -0.010780850536310409, -0.000701112552807568, 0.0019544789109834965, -0.0036338570654792257, 0.03351679429873777, -0.06294363984834225, 0.07237430081341409, 0.05344881429873164, -0.050269596313996336, -0.03772018117533345, 0.023693441463965004, -0.011785487965568628, 0.025082385335747002, -0.026524215856299577, 0.011183567614907122, 0.015308129358735706, -0.01377068890147229, 0.002357947156499803, 0.00862213838807781, 0.014949294810881933, 0.01064994879291197, 0.004045112420011479, -0.004926933241848335, 0.015911906926219063, 0.03445252393240614], "git_revision": "018ef57f2e70e762a509d3bbb7a77c8182022b6e", "linregress": [-0.1388901152188505, 0.030253703872414103, -0.46682134397235886, 0.009305894434981928, 0.04972406278182866]}