{"x": [0.09635487976314373, 0.12880538275742667, 0.18474511984655312, 0.18416818137489951, 0.1271663449827319, 0.09465071840148923, 0.12590297388396962, 0.1798988423439839, 0.18030647698337673, 0.12522892157578538, -0.0009479878163419253, -0.0008441711631737033, -9.621443291794792e-05, -0.0037012564040961346, -0.0013759918500895203, 0.0006409678403074909, 0.005634920378422578, 0.008330229991230361, -0.00051403697431336, -0.00041442152349261443, 0.05417242836303477, 0.05544688317867705, 0.056136337084239034, 0.05540612534552077, 0.053131084685319206, 0.05488475455487618, 0.05560762727546345, 0.05861287244581543, 0.05583341136467464, 0.054521182248283284], "cost": 0.10336509355255546, "fun": [0.012668894003694704, 0.08326130320419563, 0.07279194348833491, 0.10893799848724038, 0.1554709377559621, 0.10559107399304389, 0.04801241747974051, 0.1902292687275119, 0.16557082990086783, 0.14472029526944316, 0.06743433164148745, 0.06222925392501725, 0.05035366246326922, 0.03198856293313605, 0.1270136158302668, 0.062367337083065875, 0.0030275728664602383, 0.11682456275053982, 0.08999628072597006, 0.08088955093250909, 0.0, 0.0, 0.0, 0.0, 0.0, 0.0, 0.0, 0.0, 0.0, 0.0, 0.0, 0.0, 0.0, 0.0, 0.0, 0.0, 0.0, 0.0, 0.0, 0.0, 0.0, 0.0, 0.0, 0.0, 0.0, 0.0, 0.0, 0.0, 0.0, 0.0, 8.519385439154269e-07, 6.015774352561025e-07, 8.906778938405405e-10, 5.070461804013045e-05, 2.605239083739472e-06, 0.0, 0.0, 0.0, 1.3582605150519588e-07, 7.117490707762968e-08, 0.0, 0.0, 0.0, 0.0, 0.0, 0.0, 0.0, 0.0, 0.0, 0.0], "grad": [-0.2312532656011922, -0.048168163071305115, -0.28865600281243065, -0.016229109826668198, -0.2196070448746311, 0.05338651668865024, 0.21079485249134433, -0.14917583483695485, 0.26404882489746406, 0.35458632351662456, 0.054718816094398104, 0.06296654727094383, -0.06467422103082193, 0.11471655146350423, -0.06132671408065608, -0.27415558394437667, 0.030207224785262506, -0.23952299895429796, -0.07253909611667811, -0.043670399147294925, 0.08783504838515188, 0.06559653297653983, -0.15410299455748522, -0.18355194664399743, -0.16812299588873825, -0.10533437250281019, 0.07000204104866947, -0.1850825300613954, -0.18878002352525675, -0.20409676111529995], "optimality": 0.35458632351662456, "nfev": 970, "njev": null, "status": 2, "message": "`ftol` termination condition is satisfied.", "success": true, "res_time": 557.0355620000009, "tension_error": [-0.01895034898297376, -0.012765812913173122, -0.054847345807063005, -0.04609539323312898, 0.012097810464030927, 0.006901176176689965, 0.031262703226261415, 0.01866896996408388, 0.012485296649261525, 0.04148783835491885, 0.0143806399069071, 0.012805777994321104, 0.0014595389200036141, 0.0561467506574392, 0.02087330973021617, -0.00972325545167696, -0.08547974928504787, -0.12636664288351335, 0.007797759105134146, 0.006286627946354927, 0.01414477045947165, -0.0051882583679419, -0.01564703028186441, -0.004569976453446503, 0.02994158576702252, 0.003339034051742343, -0.007626689467158178, -0.05321519586122731, -0.011051754249302962, 0.008854297361149963], "git_revision": "018ef57f2e70e762a509d3bbb7a77c8182022b6e", "linregress": [-0.01856794860806479, 0.026239397873641716, -0.04222615758227885, 0.8246616905461353, 0.08302632516766785]}