{"x": [0.09409406614145548, 0.12693641113155163, 0.18004912798099101, 0.18218308642711104, 0.12572708953483433, 0.09125430675731845, 0.12479186164761845, 0.18409442459524417, 0.18396996946408348, 0.13368856193183798, -0.00041133761297924105, 9.673808544577938e-05, 3.932864744442619e-05, 0.002393583059333965, 0.0026698581547453483, 0.006467725882766095, 0.00024911332880890027, 0.003731136474266443, -0.0015956524151469124, 0.0018868774451869144, 0.0538650154197282, 0.051214192271385565, 0.05358236566908389, 0.05289431275395094, 0.05503471669601251, 0.05828988905689562, 0.05620075277369269, 0.05439727671412524, 0.056604795410306434, 0.059814368389242575], "cost": 0.0892959362649893, "fun": [0.052209955535839195, 0.0930444899949413, 0.014881817310071172, 0.053678570184971956, 0.10482402384566582, 0.13862204240741224, 0.10822737715481812, 0.04001877985615409, 0.16611699866105223, 0.015757936945224416, 0.023926757622034393, 0.10292146442525466, 0.004307146446260496, 0.0675777590235603, 0.1383173844664151, 0.07300597231510421, 0.1015511503153388, 0.14464449784759956, 0.10424364557267046, 0.10212872390123601, 0.0, 0.0, 0.0, 0.0, 0.0, 0.0, 0.0, 0.0, 0.0, 0.0, 0.0, 0.0, 0.0, 0.0, 0.0, 0.0, 0.0, 0.0, 0.0, 0.0, 0.0, 0.0, 0.0, 0.0, 0.0, 0.0, 0.0, 0.0, 0.0, 0.0, 6.95977613451329e-08, 0.0, 0.0, 0.0, 0.0, 0.0, 0.0, 0.0, 4.062701193323901e-06, 0.0, 0.0, 0.0, 0.0, 0.0, 0.0, 0.0, 0.0, 0.0, 0.0, 0.0], "grad": [0.3129669949710867, -0.07708760565800143, 0.028109979563643236, 0.23093409983486068, -0.08099415106699182, 0.09259144775815079, -0.08688811887205387, -0.12733839072539782, -0.20326590773659747, -0.13545284571668492, -0.05697585478532269, -0.19098827363551452, 0.33561321731682237, -0.08960452342791386, -0.1789845003705186, -0.20493920395645251, -0.17094421269057763, -0.10150271959193413, -0.10014259562602235, -0.05813799787694823, 0.3745108174031784, -0.16994998161591357, 0.734493824613598, -0.4827735417227195, -0.11117827847226325, -0.09082645108061849, -0.08520504728568801, -0.13486446093200666, -0.10911704383328469, -0.1253015513414042], "optimality": 0.734493824613598, "nfev": 2412, "njev": null, "status": 2, "message": "`ftol` termination condition is satisfied.", "success": true, "res_time": 1289.716848, "tension_error": [0.015345394094807249, 0.015585825667634917, 0.01638919000096256, -0.015982204927267662, 0.03393080659908267, 0.05842353963798301, 0.04811788289384614, -0.04497652897070676, -0.04308858864601463, -0.08684191399545581, 0.006239846114528143, -0.0014674825436549646, -0.0005966016726949179, -0.03630980849139897, -0.040500803980864725, -0.09811311425451348, -0.0037789610961831382, -0.05660002075448582, 0.024205482816603962, -0.0286232635271663, 0.018808116089242634, 0.05902016575493124, 0.023095812844120316, 0.03353333222871103, 0.001064161406572733, -0.04831565207817402, -0.016624193509513007, 0.010733900493683404, -0.022753377412530394, -0.07144146439989742], "git_revision": "018ef57f2e70e762a509d3bbb7a77c8182022b6e", "linregress": [0.040316746310796424, 0.030025856362188186, 0.10084927452523577, 0.5959329915867068, 0.07516468843880712]}