{"x": [0.09493183610732966, 0.12890356008873138, 0.18186645563026713, 0.18086869281914833, 0.12851738328937196, 0.09631494131860267, 0.12632956868223236, 0.18056333895601953, 0.18283429729182876, 0.12546104907783726, 0.001791731519299777, 0.0008524797780879268, 0.0006849429491368674, -0.00025995442722016903, 0.0005922680481413659, -0.002327283071724213, 0.002447729302084134, 0.004282303285259077, 0.0002656666838746117, -0.002926647092818863, 0.054168629644909115, 0.056564780052280744, 0.05762918064784768, 0.05411669547330833, 0.05720863991708322, 0.054656333762622814, 0.05433479273359149, 0.055871232800028967, 0.054253822939279696, 0.052959001720988386], "cost": 0.11641650914336034, "fun": [0.10276367324762023, 0.07749884509858707, 0.11908971071121784, 0.1174654498940665, 0.07992264361491574, 0.08179229374708581, 0.17750809042315296, 0.04603243347297403, 0.11923959515476225, 0.05927991298037409, 0.003490913430086042, 0.1390195573864398, 0.1444247018819793, 0.13176318294480033, 0.10773166589443087, 0.003410338595063526, 0.1339563496969978, 0.1555889223393093, 0.11048879764633382, 0.017657593408805867, 0.0, 0.0, 0.0, 0.0, 0.0, 0.0, 0.0, 0.0, 0.0, 0.0, 0.0, 0.0, 0.0, 0.0, 0.0, 0.0, 0.0, 0.0, 0.0, 0.0, 0.0, 0.0, 0.0, 0.0, 0.0, 0.0, 0.0, 0.0, 0.0, 0.0, 0.0, 0.0, 0.0, 1.7566759460120672e-08, 0.0, 1.2605138782272987e-05, 0.0, 0.0, 0.0, 2.5067502660790544e-05, 0.0, 0.0, 0.0, 0.0, 0.0, 0.0, 0.0, 0.0, 0.0, 0.0], "grad": [-0.10818707099294755, -0.6425412864752256, 0.24082543837015502, -0.2489061618052748, -0.16414817443143093, 0.06320520541830349, -0.11351555800448504, -0.00529211243739941, -0.17135698981290706, 1.1441882605590201, -0.24112487500713722, -0.23275114326811303, -0.004670052769513794, -0.016047712786012247, 0.3500753022296743, -0.2047980628279984, 0.0012660501053460838, -0.10602728159400665, -0.23235916472258888, 0.027785126268764504, 0.21333154026066525, -0.2724271223226684, -1.0979578516235668, -0.30848367381448805, -0.18602885535912939, 0.015900779429324774, -0.09861726004850341, -0.30262167497851067, -0.2011211423064143, 0.09801293801551703], "optimality": 1.1441882605590201, "nfev": 1003, "njev": null, "status": 2, "message": "`ftol` termination condition is satisfied.", "success": true, "res_time": 659.5171270000001, "tension_error": [0.0026367199996613524, -0.014255128307501912, -0.011179027719337195, 0.003956681254824866, -0.00839696283716976, -0.018344496903984795, 0.024791411006865015, 0.008588791366516869, -0.025860843436682292, 0.037966546243403176, -0.02717993348093005, -0.01293181674413085, -0.010390342300306056, 0.003943416725000594, -0.008984496827769013, 0.03530406112712656, -0.037131187844465785, -0.06496102635064273, -0.004030069638241987, 0.0443962013550229, 0.014202395669976662, -0.022146358583180953, -0.03829293918018795, 0.014990218686032224, -0.031913485023648484, 0.006804096686536074, 0.011681760380188427, -0.011625492047634328, 0.012910043523981814, 0.03255202347676424], "git_revision": "018ef57f2e70e762a509d3bbb7a77c8182022b6e", "linregress": [-0.0604349301638135, 0.024062203802514504, -0.2569691444520115, 0.17043095596353947, 0.04295302583931675]}