{"x": [0.09333397265322595, 0.1295120522849593, 0.17855659043044925, 0.1821507440025688, 0.13285740427450077, 0.094880934696935, 0.1273291421947622, 0.1799227120131037, 0.1819014980275714, 0.1280587815353719, 0.0030994782010916712, -0.0006921906063010717, -0.0016789846089934853, 0.0014758562043818014, -0.0014715523847982541, -0.0013100459488850187, -0.0003687128111260297, -0.001406372763148021, -0.00129134642097587, -0.002388225346653264, 0.0551454297013245, 0.05577138816209417, 0.05599473086692192, 0.05282200611359357, 0.05745287610638044, 0.05482111570269106, 0.05282149043187357, 0.05474501738875329, 0.05285367188903086, 0.05351773888632349], "cost": 0.11450451860693572, "fun": [0.1303849144933062, 0.07711843314145413, 0.07886262563138942, 0.10534642816750103, 0.1067574069644462, 0.12073653577355087, 0.1319118992997179, 0.10531538129829074, 0.15950692785701148, 0.16245760444941756, 0.10256301183279894, 0.1515494830587006, 0.07493285199243269, 0.006696616029878515, 0.07264803033146093, 0.004988783987857603, 0.08698445966838482, 0.1100372311208805, 0.13532915071086207, 0.0023710157070616915, 0.0, 0.0, 0.0, 0.0, 0.0, 0.0, 0.0, 0.0, 0.0, 0.0, 0.0, 0.0, 0.0, 0.0, 0.0, 0.0, 0.0, 0.0, 0.0, 0.0, 0.0, 0.0, 0.0, 0.0, 0.0, 0.0, 0.0, 0.0, 0.0, 0.0, 0.0, 3.3164778691685604e-07, 4.733039676557988e-06, 0.0, 3.1865972763253894e-06, 2.248327566942248e-06, 5.01261885060438e-08, 2.781642676984314e-06, 2.1534177556060433e-06, 1.3621530583423821e-05, 0.0, 0.0, 0.0, 0.0, 0.0, 0.0, 0.0, 0.0, 0.0, 0.0], "grad": [0.3728546178906895, -0.5488410533240597, 0.49365190398323516, -0.34890403771883394, -0.5220630547501773, 0.07568281548821632, -0.036765575691877106, 0.39213667844805, -0.0012458214724118122, -0.24087910486489483, -0.06987080327819095, -0.16774706396892256, 0.18179624280948192, 0.11042651623463295, -0.050886689620343706, 0.34685134856753574, 0.1088806509971526, 0.0844896116310685, -0.04029283680880408, 0.0969368272965421, -0.08928508399145274, 0.008899366269070508, -0.24309946903564594, 0.30695988700938315, -0.27773838456623845, -0.1670403316729414, 0.2775706461216353, 0.18682610757357754, 0.18922150052031705, -0.1747866606394084], "optimality": 0.5488410533240597, "nfev": 1746, "njev": null, "status": 2, "message": "`ftol` termination condition is satisfied.", "success": true, "res_time": 1090.5332070000004, "tension_error": [0.026875743495280217, -0.02348573972388373, 0.03903045678928665, -0.015491581785239532, -0.07423354628229546, 0.00340887639346822, 0.009628234332672958, 0.01830687552532475, -0.011710608493288772, -0.0014401364188731162, -0.047017988143774704, 0.010500286696268152, 0.02546960272584962, -0.022388216666630954, 0.02232292924564477, 0.019872933731484604, 0.005593242945175587, 0.021334177436747714, 0.019589268506409987, 0.03622853388485061, -0.0006153157290585108, -0.010110884201389657, -0.013498914045861947, 0.03463019839084171, -0.035618461638296954, 0.004304412932764792, 0.034638021100157214, 0.005458797442140282, 0.03414983977643055, 0.024076178282576605], "git_revision": "018ef57f2e70e762a509d3bbb7a77c8182022b6e", "linregress": [0.0005080272218028101, 0.02166751037117998, 0.002015888667074382, 0.9915646876926167, 0.04762560902800982]}