{"x": [0.0950732985927014, 0.12737200400950752, 0.18109163863252176, 0.18181416837504505, 0.12717928823275104, 0.09604118045816146, 0.1291343252143134, 0.18141406391544546, 0.18199686575238858, 0.12542830175572803, 0.0008129096125278287, -0.00210330999129417, -0.0010712392695865368, -0.0009329453240260177, 0.001915081613151016, -3.603233102993167e-05, -0.0006366569260914418, 0.0003446761490628133, -0.0009250272174221688, 0.002049222506299728, 0.0555635597034905, 0.055409059735076545, 0.05467628266863441, 0.055682255596831036, 0.05539024551452609, 0.0540213184085806, 0.05453324628138271, 0.05436194736580445, 0.05351396607428882, 0.05646690965816495], "cost": 0.1127476525979148, "fun": [0.02570860121228702, 0.17927632133403, 0.11187417312733025, 0.061389240219754566, 0.0789173964715611, 0.09741974750105362, 0.08808704946555948, 0.09960828207353799, 0.19693922438585984, 0.18265210809880492, 0.0605584003000728, 0.08254946775623585, 0.038436693797583285, 0.03938922736257706, 0.18381287666851961, 0.07090096905024738, 0.06483157904611768, 0.08489912869587099, 0.05876759930291913, 0.060613364914570006, 0.0, 0.0, 0.0, 0.0, 0.0, 0.0, 0.0, 0.0, 0.0, 0.0, 0.0, 0.0, 0.0, 0.0, 0.0, 0.0, 0.0, 0.0, 0.0, 0.0, 0.0, 0.0, 0.0, 0.0, 0.0, 0.0, 0.0, 0.0, 0.0, 0.0, 0.0, 9.304860244153187e-06, 1.2293044510351717e-06, 8.120234608655934e-07, 0.0, 4.6781815970083437e-11, 2.5805745161335465e-07, 0.0, 7.915229907762367e-07, 0.0, 0.0, 0.0, 0.0, 0.0, 0.0, 0.0, 0.0, 0.0, 0.0, 0.0], "grad": [1.4047026582799083, 0.08003873438221587, 0.24105032966532747, -0.054969472747849135, -0.9951662709468472, -1.473816230752786, 1312.6487548575603, 0.6603374691946354, -0.42030025797602233, -1313.3962740697261, 0.5676564002569511, 0.14422641854930163, 2.4960681756378444, -1.4066465272264765, -0.6385600241658167, -1.869451788891915, 1.6836369843045005, 2.018207523635937, -2.9932188063851903, -0.45010118261871024, -2.645659846699822, 1.1970375124075803, 0.49680342371016906, 1312.8864921232525, -1314.8665221994968, 1314.9510649450845, -1313.5328823798081, -2.2865926525269833, 0.1718468154627787, 1316.152091556145], "optimality": 1316.152091556145, "nfev": 382, "njev": null, "status": 2, "message": "`ftol` termination condition is satisfied.", "success": true, "res_time": 297.32873199999995, "tension_error": [0.0004907841264377196, 0.00897803576156974, 0.0005746721133493989, -0.010385848549618796, 0.011901465938772738, -0.01419164146982781, -0.017755753649790217, -0.0043164053991235915, -0.013157303150851729, 0.03846331153832596, -0.0123315513270369, 0.03190646870770725, 0.01625032086330714, 0.01415245061842846, -0.029051110780447222, 0.0005465977184679628, 0.009657860407624824, -0.005228615282523797, 0.014032335741579258, -0.031085980689014442, -0.006958199985341746, -0.004614490105226322, 0.006501478837504509, -0.008758774709124093, -0.004329085033345533, 0.016437055026735314, 0.008671290245618357, 0.011269834213071752, 0.02413341050684333, -0.020661699317456074], "git_revision": "018ef57f2e70e762a509d3bbb7a77c8182022b6e", "linregress": [-0.030956527151691636, 0.015267149845254398, -0.20105202021115431, 0.2867215466526731, 0.028503942748400533]}