{"x": [0.0958912055201681, 0.12897091438382424, 0.18071047960835393, 0.18091750437684676, 0.12503346204356733, 0.09570741403413194, 0.12596402485868607, 0.18255681343632135, 0.18185822457907466, 0.129114374864702, -0.0010523451597176053, 0.00047621125076674015, -0.0030806846818677287, 0.0048573434009192675, 0.001385487708232726, -0.0014315521159547016, 0.002270038130129521, 0.0015335862863853627, -0.00012776847586367887, -0.0018834998201457157, 0.054754750779996635, 0.05534965421704687, 0.056359666163678435, 0.05363746322082828, 0.054380898146076495, 0.054733951522889804, 0.05337799304241528, 0.05363202700633584, 0.0542833284222392, 0.05426059907077124], "cost": 0.13230076393100293, "fun": [0.12037022831777937, 0.16661672652561602, 0.11651006993384883, 0.19593700179910647, 0.09349915227222191, 0.12160121267001756, 0.08825444053205073, 0.1533268606781976, 0.11110539582638124, 0.058521580187019494, 0.08256861708097916, 0.09497426764573917, 0.14576267496628403, 0.08425979701352565, 0.17185088486189443, 0.03483983735893591, 0.05321543479927152, 0.119396660068243, 0.0009874263831739095, 0.08814915520034802, 0.0, 0.0, 0.0, 0.0, 0.0, 0.0, 0.0, 0.0, 0.0, 0.0, 0.0, 0.0, 0.0, 0.0, 0.0, 0.0, 0.0, 0.0, 0.0, 0.0, 0.0, 0.0, 0.0, 0.0, 0.0, 0.0, 0.0, 0.0, 0.0, 0.0, 1.1653989529522466e-06, 0.0, 2.92376018301438e-05, 0.0, 0.0, 2.9337391043707433e-06, 0.0, 0.0, 2.085792696956525e-09, 6.6818504187369795e-06, 0.0, 0.0, 0.0, 0.0, 0.0, 0.0, 0.0, 0.0, 0.0, 0.0], "grad": [-0.07818523198791905, -0.4498196636681113, 0.5855143052217011, -1.0983289559226803, 0.24594342026043758, -744.2285526702528, 746.4125210201317, -0.6368385145105431, -744.4188021833097, 0.17137253863210522, 0.06635120734966238, 0.04483697676487919, 0.02105173546849709, -0.37660170513101165, -0.13032901736288105, -2.2110329197736855, 0.7197615185651732, 0.1381968642137244, 0.6392799420509266, 0.21685411882074757, 0.31716908964376866, -0.21928120607816126, -0.38290414689802144, -0.5206386935429971, 2.313392344560926, 0.29021607226558777, 742.531765558718, -744.6542948608826, 743.3470300857816, 0.7285252579821764], "optimality": 746.4125210201317, "nfev": 601, "njev": null, "status": 2, "message": "`ftol` termination condition is satisfied.", "success": true, "res_time": 488.5013749999998, "tension_error": [-0.011916574700862778, -0.015276869143424849, 0.006356719708619953, 0.0032162271873191206, 0.04445289033211278, -0.009128522857706987, 0.03033658153120543, -0.02165151148405198, -0.011054165583755219, -0.01745311390186041, 0.015963703898718807, -0.007223956256442302, 0.0467328971036958, -0.07368418153553251, -0.021017358539927096, 0.021716139313851884, -0.03443567560847948, -0.023263961593704988, 0.00193820259203331, 0.028572026149827994, 0.005311145339306667, -0.003713329406173753, -0.019034853434014173, 0.022260002470052734, 0.010982357578510338, 0.005626662713716286, 0.026196073311908905, 0.022342467921322124, 0.012462455782445923, 0.012807252005713355], "git_revision": "018ef57f2e70e762a509d3bbb7a77c8182022b6e", "linregress": [-0.06501494532615744, 0.023823453650451836, -0.26740018524945386, 0.153135587548795, 0.044275427947534675]}