{"x": [0.094402326614815, 0.12631026521687536, 0.18028759256352414, 0.18261266879277754, 0.1284766358778069, 0.09585663350361166, 0.12649005934625662, 0.1814945105264781, 0.18155331291967067, 0.12841773345524982, -0.0006436211622015491, 0.0010008218659278347, -0.0011405165877980243, 0.0017037920635568095, -0.0009169996973880666, 0.002084552747908551, -0.001998140284176408, -0.00012465531159345703, -0.00042888513023489996, -0.0010955082468053292, 0.05472789318857123, 0.055341031899457334, 0.05613906098231715, 0.05306701322894038, 0.0530829722077826, 0.05493181253638555, 0.05472724859866888, 0.05388011783409999, 0.05487935375301205, 0.05455062276566549], "cost": 0.127759359862911, "fun": [0.04871578594117662, 0.04780162662325977, 0.13709421166860788, 0.14667829544104294, 0.07273764375422212, 0.13778829828376615, 0.04877850034212289, 0.12415720981660053, 0.13899293787500047, 0.0983377297972585, 0.10224556517100425, 0.10507761176977928, 0.14527747542100475, 0.09204942627183574, 0.15051138282619098, 0.116178640411812, 0.12989384567361606, 0.16886507423090957, 0.08291807846217567, 0.001607351123874113, 0.0, 0.0, 0.0, 0.0, 0.0, 0.0, 0.0, 0.0, 0.0, 0.0, 0.0, 0.0, 0.0, 0.0, 0.0, 0.0, 0.0, 0.0, 0.0, 0.0, 0.0, 0.0, 0.0, 0.0, 0.0, 0.0, 0.0, 0.0, 0.0, 0.0, 2.6661890820302077e-07, 0.0, 1.4835589853160948e-06, 0.0, 7.710944496111138e-07, 0.0, 7.977704154942656e-06, 1.937012243777437e-09, 7.889018374121394e-08, 1.3147614255727351e-06, 0.0, 0.0, 0.0, 0.0, 0.0, 0.0, 0.0, 0.0, 0.0, 0.0], "grad": [0.3993746507418031, 0.027053578447340076, 0.37746784132934363, 2929.8133532419747, -0.09135098190851088, -0.3457667293748593, -2927.3954865010433, -2930.712436563508, 2926.7054543357553, 0.35199865886362797, -0.006225198970441437, -0.14332725276068764, -0.16357250279790514, -0.22131834340724743, 0.21210931612985476, -0.18643196463143707, -2929.5349298209694, 0.23235956300342156, -2926.8343313149667, 0.2944572684975727, 2924.6946452188595, 0.035878817608098634, 2927.1425606222806, -2932.457096039755, 0.7008236494898887, -0.08189957704256745, 0.2910378989403273, 2931.560491878938, 0.20748095601471128, -2929.772458950145], "optimality": 2932.457096039755, "nfev": 506, "njev": null, "status": 2, "message": "`ftol` termination condition is satisfied.", "success": true, "res_time": 334.7809079999988, "tension_error": [0.01066919173387193, 0.025084237749434, 0.012771766619729005, -0.022498817487591073, -0.00777883901452727, -0.011392129436500458, 0.022356824393020894, -0.00553675203760226, -0.006428763546177965, -0.006885310095868449, 0.009763505406431443, -0.015182113753744593, 0.01730123327984002, -0.025845923038128243, 0.013910561101688456, -0.031621927959266334, 0.030311081445230117, 0.0018909769910610693, 0.006506035745411387, 0.01661847266470804, 0.0057185655027281596, -0.0035825318977241176, -0.015688350852370938, 0.03091352710066802, 0.030671435035711327, 0.0026251811148517937, 0.005728343703580041, 0.018579017804368395, 0.003420962305964378, 0.008407695124445872], "git_revision": "018ef57f2e70e762a509d3bbb7a77c8182022b6e", "linregress": [-0.02224496477516244, 0.015656082011385863, -0.14885282335876057, 0.43242687456005013, 0.02792737776095085]}