{"x": [0.09452723418778901, 0.12775703146362574, 0.18076305659032785, 0.18103005079993142, 0.12818861228206718, 0.0956173781216342, 0.12869122804435806, 0.18075598763071446, 0.18165125867558388, 0.12776936640617734, -0.0008174166980724684, 0.000703229891187701, 0.0028405432716582155, -0.003674562953537131, -0.0003099859619564847, -0.0005448859417906408, 0.0005989662968884686, 0.0011406541878750658, 0.0012327714183132978, -0.0015182341649964898, 0.054965872872096984, 0.05517347152033441, 0.05328528529835947, 0.05711310741481749, 0.05525675838677614, 0.05471673306328768, 0.0553960039745375, 0.05637592814263562, 0.054254180078579704, 0.055297290875665345], "cost": 0.1318473973385849, "fun": [0.09311155638053689, 0.11477235518518719, 0.1854849939444115, 0.11609381988907903, 0.1027398605426781, 0.10002556823949633, 0.1322750785474746, 0.13320600894776224, 0.13974994950112243, 0.1414215451418883, 0.12670164621383725, 0.09931500385203788, 0.08693398025199113, 0.08828475502173785, 0.023841131275795104, 0.04513850166321243, 0.13173866684670793, 0.060685469356357415, 0.10366639267782396, 0.15159072221856235, 0.0, 0.0, 0.0, 0.0, 0.0, 0.0, 0.0, 0.0, 0.0, 0.0, 0.0, 0.0, 0.0, 0.0, 0.0, 0.0, 0.0, 0.0, 0.0, 0.0, 0.0, 0.0, 0.0, 0.0, 0.0, 0.0, 0.0, 0.0, 0.0, 0.0, 5.46173362796418e-07, 0.0, 0.0, 4.9615466223892214e-05, 2.978695301532378e-08, 1.6177701184977622e-07, 0.0, 0.0, 0.0, 3.4995828577875546e-06, 0.0, 0.0, 0.0, 0.0, 0.0, 0.0, 0.0, 0.0, 0.0, 0.0], "grad": [0.635824882176859, 0.6746459146568237, -0.30149176492953966, 0.4146641381609618, -0.1596582573276964, -1.0577099081296917, 0.7600764090595334, 0.8828632259039297, -0.8193683005437966, -0.9164675386912384, 0.3941435514819033, -0.06412409928159263, -0.41463565239736216, 0.7955842376813359, 0.7732264756151462, 0.009220157273138518, -1.8431406769717786, 0.030725862041723895, -102.58020516970794, 0.673223491954657, 0.2073349642812955, -1.1628518939379848, 1.1488787994400158, -1.3387238081659265, 0.4190365386770224, 0.705202104965607, 0.5015729590295734, 98.58890423779496, 0.4640695758797895, 0.72130931050271], "optimality": 102.58020516970794, "nfev": 506, "njev": null, "status": 2, "message": "`ftol` termination condition is satisfied.", "success": true, "res_time": 411.23572500000046, "tension_error": [0.008774388026883082, 0.003137305452067218, 0.005559145486541405, 0.0015089377524860424, -0.0034096229300756664, -0.007762709907371896, -0.011034126288074276, 0.005666379103856094, -0.007914566023717026, 0.0029501887359564966, 0.012399922220765466, -0.010667748743825856, -0.043090036839641216, 0.055741820452910706, 0.004702377412711968, 0.008265727031665655, -0.009086106892348402, -0.017303320624344858, -0.018700706431754848, 0.023031075341693415, 0.002108497867946199, -0.001040700206120924, 0.027602417002055454, -0.030464290750466232, -0.002304132514665725, 0.0058878606563705395, -0.004416438835171693, -0.019281541903555216, 0.012904625847107184, -0.00291899603632527], "git_revision": "018ef57f2e70e762a509d3bbb7a77c8182022b6e", "linregress": [-0.09078747721412031, 0.018306002165301635, -0.44642739717011726, 0.013401120082566232, 0.034389962864867556]}