{"x": [0.0958211009671698, 0.12873053884591956, 0.17983454610261523, 0.18583531204668563, 0.12662821153273623, 0.09583866716976223, 0.1263669472934281, 0.17940120687092906, 0.1844419593386954, 0.12330893075375812, 0.0005656030843889283, -0.0014612472335979768, -0.00033470529866040275, 0.0009529275803968224, -0.0027123429372128767, -0.0018787320341022138, 0.0008012117763089269, 0.0014993854373574903, 0.003307214240227568, 0.0023527239263094815, 0.05308244438271519, 0.054571998294634536, 0.05335994772311553, 0.05373801026455715, 0.054821531377016786, 0.05439380705173082, 0.05478876462536676, 0.05471331952571211, 0.05751729825760877, 0.05603308582142451], "cost": 0.11433471844415843, "fun": [0.060858230481594965, 0.07599679998074868, 0.15036609469971518, 0.1294671111014268, 0.16449529493112683, 0.14229899245223773, 0.14335818991738083, 0.10191948026271729, 0.11204573383611147, 0.12418468599948422, 0.12393385636894629, 0.05905073674800347, 0.0655576309632195, 0.003726133837266714, 0.12647480017974366, 0.0033876682910640157, 0.12568606928665074, 0.1120457113329511, 0.07547007086701597, 0.019569734305762112, 0.0, 0.0, 0.0, 0.0, 0.0, 0.0, 0.0, 0.0, 0.0, 0.0, 0.0, 0.0, 0.0, 0.0, 0.0, 0.0, 0.0, 0.0, 0.0, 0.0, 0.0, 0.0, 0.0, 0.0, 0.0, 0.0, 0.0, 0.0, 0.0, 0.0, 0.0, 3.120118624843946e-06, 3.749624368402058e-08, 0.0, 1.995417593687087e-05, 6.631236569593638e-06, 0.0, 0.0, 0.0, 0.0, 0.0, 0.0, 0.0, 0.0, 0.0, 0.0, 0.0, 0.0, 0.0, 0.0], "grad": [0.008931679308844975, -0.20655494002145758, 0.31737058224424575, -0.225104496512421, 0.07647030369918997, -0.2427708666898778, 0.3510245426679605, 0.10508785657729014, -0.36194179408054455, 0.2213966629908145, 0.025453108782835965, -0.021851322064480705, -0.14160082015874143, 0.07453879574469702, 0.44774919686075976, -0.14864412720438286, -0.0686335405864994, -0.21733479090802013, -0.3661936065535272, 0.03599547498301492, 0.22588142607582662, -0.00918941646489424, 0.31471014522758556, 0.0004543246894912478, -0.31821250419070946, 0.20126403358306855, -0.00811076183009396, 0.2395019651978163, -0.2377398365384813, -0.07419753718485733], "optimality": 0.44774919686075976, "nfev": 1161, "njev": null, "status": 2, "message": "`ftol` termination condition is satisfied.", "success": true, "res_time": 715.5261140000002, "tension_error": [-0.01085311342517521, -0.011630457245036585, 0.019644321206527357, -0.07138517592382661, 0.020261104583264813, -0.011119586506009126, 0.024224390694409532, 0.026217924095709416, -0.05024850811912741, 0.07061342009781948, -0.00857999875802143, 0.022166603746474042, 0.005077361008227314, -0.014455574380614447, 0.041145283105655975, 0.028499700521731473, -0.012154099288673016, -0.022745146809483193, -0.050169270389181744, -0.03568998989372874, 0.03067944195531242, 0.008083435909691742, 0.026469814423747448, 0.020734739376326056, 0.0042981073002516575, 0.010786534045119932, 0.0047951673344368275, 0.005939642814154344, -0.03659572288878203, -0.014080745140987061], "git_revision": "018ef57f2e70e762a509d3bbb7a77c8182022b6e", "linregress": [0.08863996151581492, 0.018134900940767, 0.30923048552224647, 0.09635338503859128, 0.05151608805587042]}