{"x": [0.09628539068055479, 0.12774648745394968, 0.17928129142877686, 0.18214555169194765, 0.1266482485725581, 0.09601964597288051, 0.1264163671623499, 0.1812701610131761, 0.1805317157626573, 0.13031245657988466, -0.0022029089743904754, -0.0006669543294569113, -0.0009936093023978625, -0.003335358288342218, -0.001042046485750713, -0.0003404531258007984, 0.0024518587740914232, 0.003337163539091384, 0.0013111433404423784, -0.00028444183651683857, 0.05399048760524872, 0.05374150104318176, 0.05681514947441631, 0.05405074965196595, 0.05415765434910479, 0.05374657696438267, 0.05480340559262515, 0.05746515731429177, 0.05432201227153203, 0.057629372445839086], "cost": 0.13899755137780156, "fun": [0.1684545471866814, 0.17940920211402997, 0.0971222772923594, 0.18670953525977757, 0.1772962736355531, 0.07197428495069694, 0.17319930350473065, 0.05831899535274354, 0.1302860610651877, 0.14398362255979535, 0.09539333392987707, 0.07673581896828015, 0.1280256086225052, 0.1457040817817723, 0.020770990835482974, 0.05456195723571573, 0.07991713091389815, 0.052290404638399936, 0.013867028029998328, 0.009376897404728963, 0.0, 0.0, 0.0, 0.0, 0.0, 0.0, 0.0, 0.0, 0.0, 0.0, 0.0, 0.0, 0.0, 0.0, 0.0, 0.0, 0.0, 0.0, 0.0, 0.0, 0.0, 0.0, 0.0, 0.0, 0.0, 0.0, 0.0, 0.0, 0.0, 0.0, 1.0690294182837058e-05, 2.9668001220685495e-07, 9.809501692385314e-07, 3.710457655006428e-05, 1.131517512419063e-06, 3.94613535502052e-08, 0.0, 0.0, 0.0, 2.3013380711581987e-08, 0.0, 0.0, 0.0, 0.0, 0.0, 0.0, 0.0, 0.0, 0.0, 0.0], "grad": [0.09461411694411764, -0.4112790850006538, 0.3045632320239032, 0.0662055903560248, -0.030867497104939634, 0.13158109464236514, 0.20728381747119817, -0.17762251902431903, 0.1838077471609616, -0.370924144942007, 0.24640140465470184, 0.22584825710503084, 0.16762757720625954, -0.010902294870901552, 0.17988480876823817, 0.4551502884647539, -0.23695386012523012, -0.8389555226515677, -1.0253846341343864, 1.2283225797904371, 0.10153804394342991, 0.3247330447530814, 0.35272984806256336, -0.2613167215425878, 0.43671794284087495, -0.028938253300798245, 0.015655561764169157, -0.4921579134016233, 0.6188623011939618, -0.8328805614135772], "optimality": 1.2283225797904371, "nfev": 569, "njev": null, "status": 2, "message": "`ftol` termination condition is satisfied.", "success": true, "res_time": 373.1081379999996, "tension_error": [-0.017896224175727855, 0.0032972543498405718, 0.028036998943657018, -0.015412816269438108, 0.019957149775500997, -0.013864970944038954, 0.023474708760781303, -0.0021334492646453073, 0.009068504025908902, -0.03562758980554338, 0.033417350056930716, 0.010117461301647266, 0.015072701715802526, 0.050596205645608565, 0.015807476656887778, 0.005164553513160693, -0.0371938304743802, -0.050623590661025335, -0.019889580773304365, 0.004314882063771827, 0.016904747409604994, 0.020681785499145473, -0.025944374170897438, 0.01599059347328366, 0.014368887025786255, 0.02060478556968672, 0.004573069039076721, -0.03580476321891874, 0.011875635469670326, -0.03829584868788597], "git_revision": "018ef57f2e70e762a509d3bbb7a77c8182022b6e", "linregress": [-0.050957291731511686, 0.023892887777102745, -0.2434498763541429, 0.19484536212149578, 0.03836637427927342]}