{"x": [0.0954211893236384, 0.1271801339597345, 0.18203481084732653, 0.1808486568565363, 0.1260616071208578, 0.09563272779888846, 0.12877869499235955, 0.18297671593684214, 0.18107126991967995, 0.12679616200405439, 0.003488355455588857, -0.002766556014813451, 0.000940052027936782, -0.0004522106974210521, 0.0004609106392722806, 0.0013159915219934798, -0.0028228187362932026, -0.0025534690626624625, 0.0032361261822611734, 0.0008146529855952892, 0.055172749413462945, 0.05474348701307627, 0.052581669137637836, 0.053841236734945695, 0.05522657053386205, 0.054598696273481954, 0.055410195615359495, 0.05370374877025928, 0.05342149801572288, 0.052892299833962084], "cost": 0.1289524573245472, "fun": [0.1025753639456295, 0.10017790463021764, 0.044011197507868485, 0.07455273267848844, 0.19277605381011434, 0.08558273370799385, 0.027288108961961075, 0.18647037754623658, 0.06554443631342396, 0.07451553865723609, 0.006426033185137491, 0.057214603021912815, 0.08410267694603689, 0.11890013837615568, 0.2089673298446365, 0.1103666049063858, 0.06738654271561587, 0.13435349954737538, 0.1374911613652831, 0.13465488817102472, 0.0, 0.0, 0.0, 0.0, 0.0, 0.0, 0.0, 0.0, 0.0, 0.0, 0.0, 0.0, 0.0, 0.0, 0.0, 0.0, 0.0, 0.0, 0.0, 0.0, 0.0, 0.0, 0.0, 0.0, 0.0, 0.0, 0.0, 0.0, 0.0, 0.0, 0.0, 2.117475546252941e-05, 0.0, 9.247460718454025e-08, 0.0, 0.0, 2.249308239491032e-05, 1.6649139844763593e-05, 0.0, 0.0, 0.0, 0.0, 0.0, 0.0, 0.0, 0.0, 0.0, 0.0, 0.0, 0.0], "grad": [-0.41651968817505336, -0.3834118513767977, 0.19147238803443978, 0.22589850501207628, 0.5559700724272867, -0.6898171366940453, 0.1394760423534901, -0.13636215317117578, 0.0024645901517023894, 0.31508501383567555, -0.33798841114667744, 0.7113611539328308, 0.22773547969651342, 0.25966766744961267, -0.34866063140036907, -0.8012307147083966, 1.337500676283657, 0.748673329428723, -0.6912485058901672, -1.3998044482524423, -0.834746586167022, 0.9205088842322129, 0.32519415595720536, 0.045845305492552946, 0.1315978873617576, 0.4238686694483975, 0.11631866387972678, -0.29749015871957774, 0.4089699815607948, 1.2246162357662096], "optimality": 1.3998044482524423, "nfev": 476, "njev": null, "status": 2, "message": "`ftol` termination condition is satisfied.", "success": true, "res_time": 297.27478300000075, "tension_error": [-0.004786595226242865, 0.011888636559535136, -0.01373291682133308, 0.0042606197216962394, 0.02885629312517103, -0.007995559082725645, -0.012360968955545785, -0.028021283913512596, 0.0008836582835256188, 0.01771335533102071, -0.05291711856349904, 0.041967676319766514, -0.01426025680338564, 0.006859876350265148, -0.006991851391311902, -0.01996312597281836, 0.0428211619066436, 0.03873522261633363, -0.049090889690956256, -0.012357997679905962, -0.0010297461002623618, 0.005482012699925442, 0.038276025318102334, 0.019168830327782698, -0.0018461934622468403, 0.007678437012629467, -0.004631721007401301, 0.021254474127845764, 0.025536118252876206, 0.033563867513049274], "git_revision": "018ef57f2e70e762a509d3bbb7a77c8182022b6e", "linregress": [-0.09053604025145472, 0.025132653054344707, -0.37105170540503196, 0.04351945217814615, 0.042819583323690576]}