{"x": [0.09513689122104828, 0.12855574746618523, 0.18069956610120044, 0.17928284914769077, 0.129557384256663, 0.09517188413683034, 0.12838277543775023, 0.18066079100869328, 0.1811237911974069, 0.1279065323491796, -0.00062068450480525, -0.0015379987719428198, -0.0017259286824010448, 0.004410229654600884, 0.00023185073887364204, 0.0004960176979549797, -0.0024474244082982933, 0.000634409346750656, 0.0008560288486346978, -0.0006651540637081487, 0.055016612529522474, 0.055210512093062374, 0.05624939950760244, 0.053639418675529245, 0.0564745029038927, 0.05509657428966187, 0.054902562208558006, 0.05477696877175805, 0.054454099889960854, 0.056659463521217285], "cost": 0.13346695257426783, "fun": [0.015671992548667114, 0.08890902405260535, 0.1885542524699758, 0.11880253429793569, 0.1264207835886247, 0.03429893633596309, 0.10337587313408145, 0.17406740301998258, 0.18707428664520506, 0.1316934853763085, 0.0031341268978371025, 0.09760937197855642, 0.09350684328631285, 0.11537400000875657, 0.05719041311784022, 0.007753087664610847, 0.16579515262676467, 0.1515350630258574, 0.0033089557140442657, 0.11509687943256805, 0.0, 0.0, 0.0, 0.0, 0.0, 0.0, 0.0, 0.0, 0.0, 0.0, 0.0, 0.0, 0.0, 0.0, 0.0, 0.0, 0.0, 0.0, 0.0, 0.0, 0.0, 0.0, 0.0, 0.0, 0.0, 0.0, 0.0, 0.0, 0.0, 0.0, 2.3911824275923773e-07, 3.638044157305493e-06, 5.141247820693706e-06, 0.0, 0.0, 0.0, 1.4659793772839596e-05, 0.0, 0.0, 2.9428406482623917e-07, 0.0, 0.0, 0.0, 0.0, 0.0, 0.0, 0.0, 0.0, 0.0, 0.0], "grad": [-0.18050670728500418, -0.12799167632854092, 0.5898900616629021, 0.7421312900419461, -0.719368114343464, -0.12194048427714699, 0.7639845169879538, -0.5465083868649537, -0.5758557461483624, 0.69334534223749, 0.5012814259370306, -0.1621291311157339, 0.024359862932597176, -0.16114891587595806, -0.5688552777246685, 0.1286603486435765, 0.8972665544584835, 0.4737169445859666, -0.043735120046928255, 0.4747548716724137, 1.2431628659149718, -1.195448426041505, 0.06325572481767194, 0.18296142609058208, -0.5728142764388084, -0.425979275268781, 0.03563632818336515, -0.02244872020952471, 0.2501505167821797, -0.8233489766680324], "optimality": 1.2431628659149718, "nfev": 815, "njev": null, "status": 2, "message": "`ftol` termination condition is satisfied.", "success": true, "res_time": 575.8140500000009, "tension_error": [-0.00047389355530618284, -0.0089789338314864, 0.006522273752448662, 0.028013368898638494, -0.024173409702445848, -0.0010047237120652977, -0.0063550093337122505, 0.007110478192516434, 8.692907517307143e-05, 0.0008694298909553724, 0.00941556442554725, 0.02333089743908439, 0.02618172771712064, -0.06690162413089835, -0.003517093711982487, -0.007524413055505753, 0.03712656271356385, -0.009623765423907873, -0.012985654889154976, 0.010090151906923615, 0.0013387952094759373, -0.0016025925945715512, -0.017362147258436343, 0.022230338913808604, -0.020776886169705723, 0.00012580358757472714, 0.003068898243274446, 0.004974106261939156, 0.009871913012439129, -0.02358267332102997], "git_revision": "018ef57f2e70e762a509d3bbb7a77c8182022b6e", "linregress": [-0.06448863359831238, 0.017425164626021443, -0.28442135368606086, 0.12768271100873882, 0.04107942963537766]}