{"x": [0.09512009687273255, 0.1287803152120753, 0.18195446675488788, 0.17996470597658853, 0.1254950493390406, 0.09419983894889401, 0.1265827335867476, 0.1807834651507998, 0.1827966343243655, 0.1308815682999073, 3.3887916536945646e-05, -0.00019519370278420087, -0.0016906328784081317, -0.0001926278128476249, 0.0009492784680956693, 0.0021968195072371555, -0.0013750072400109563, 0.003506625352650607, 0.0001975772863128274, -0.00038580896419061886, 0.05595031550338175, 0.054962335578033164, 0.057061627677155315, 0.05337635386192364, 0.055186124519552716, 0.05496530528716681, 0.05562572599070147, 0.05414420981804179, 0.05426986853424884, 0.05577615443970339], "cost": 0.18171534601048228, "fun": [0.18072062697463345, 0.10617500552341093, 0.1496246361503951, 0.12236883023778239, 0.1060086362507812, 0.03197234591372915, 0.1938798773908045, 0.1821630663159582, 0.015593900529346193, 0.07898881798787968, 0.05259668517086808, 0.14992129385218503, 0.15238654197645005, 0.038879600978615786, 0.13785930858502918, 0.051984415566910476, 0.11659698454889722, 0.19801337582438358, 0.17233203014752319, 0.19604734181045505, 0.0, 0.0, 0.0, 0.0, 0.0, 0.0, 0.0, 0.0, 0.0, 0.0, 0.0, 0.0, 0.0, 0.0, 0.0, 0.0, 0.0, 0.0, 0.0, 0.0, 0.0, 0.0, 0.0, 0.0, 0.0, 0.0, 0.0, 0.0, 0.0, 0.0, 0.0, 7.436993602025226e-09, 4.832233723030737e-06, 7.147546355703989e-09, 0.0, 0.0, 2.5996504396533667e-06, 0.0, 0.0, 5.7427107539504526e-08, 0.0, 0.0, 0.0, 0.0, 0.0, 0.0, 0.0, 0.0, 0.0, 0.0], "grad": [0.0008790626729122952, -85.46392166763123, -0.12007157704317795, 85.43604090445461, -83.63689459812429, 84.86293682865545, 84.74938220799586, -85.01539830962098, -0.6154656487935896, -0.7472745010451798, -0.02715204457992637, -0.1256670051946715, -0.883919965003313, 0.7013303975659045, 85.07415434682727, 85.02289513478387, 0.26532297751879297, -0.09136918698895058, 0.3859651496121944, -85.3029564254885, -85.13577407836092, 85.07697957643404, 85.1767939035397, 0.8097894090733626, -85.84485942936806, 83.85499222452987, -83.4969235104893, 84.88742230876754, -85.1025396620806, 84.99631871078316], "optimality": 85.84485942936806, "nfev": 411, "njev": null, "status": 2, "message": "`ftol` termination condition is satisfied.", "success": true, "res_time": 279.7074079999984, "tension_error": [-0.00021912923087472996, -0.012385547115624075, -0.012514125353668531, 0.01766984195091704, 0.03745077430553925, 0.013740858013757459, 0.02095098894010392, 0.005249554841908543, -0.02528950954021427, -0.04426081332525805, -0.0005140677090066787, 0.0029610194386960297, 0.025646302853322832, 0.0029220957958152162, -0.01440021863755728, -0.03332497499382627, 0.020858373543543245, -0.053194266440562604, -0.002997177557843048, 0.005852585540910537, -0.012825148688971362, 0.002162157367888849, -0.029683361336543517, 0.026220939100251698, -0.001232641729381201, 0.0021171079306038718, -0.007901240576496256, 0.014572835807196016, 0.012666637523012605, -0.01018318694707165], "git_revision": "018ef57f2e70e762a509d3bbb7a77c8182022b6e", "linregress": [0.02198612843682511, 0.014282899304580385, 0.10103089257216509, 0.5952677468995072, 0.04091548384326243]}