{"x": [0.0924682976150891, 0.11950435008443375, 0.18472587421795886, 0.18577657715528165, 0.12248678664478357, 0.09689508933841906, 0.12380530489357713, 0.18687629205299106, 0.18145851224637805, 0.12984371040415219, 0.002704535915909294, -0.00036016608394063724, 0.005727123203840257, 0.000588407878150501, -0.00276445537028081, -0.0044461240369323305, 0.0012452661384533032, 0.002219446854812886, 0.0008629504883406383, 0.00013860016553655498, 0.05980121868663204, 0.05412809607782519, 0.05389360841584012, 0.060715956235642785, 0.0553504648962238, 0.05055208970600596, 0.05314660753981857, 0.05897344861734524, 0.059171498749545505, 0.060660181356248316], "cost": 0.10911415645621098, "fun": [0.03942702070013574, 0.042579835609921984, 0.12186493496586423, 0.14251085562865934, 0.08669842308829938, 0.11758258347580888, 0.12854643397030535, 0.11291096179831478, 0.1681248047803025, 0.07263670079748748, 0.13104445482849228, 0.003236161780939396, 0.09227024274325257, 0.11671430765400093, 0.04044931313710611, 0.06373447189902158, 0.10728156876386702, 0.053130951032936725, 0.16638662607137145, 0.0922434438970831, 0.0, 0.0, 0.0, 0.0, 0.0, 0.0, 0.0, 0.0, 0.0, 0.0, 0.0, 0.0, 0.0, 0.0, 0.0, 0.0, 0.0, 0.0, 0.0, 0.0, 0.0, 0.0, 0.0, 0.0, 0.0, 0.0, 0.0, 0.0, 0.0, 0.0, 0.0, 4.6720603231286364e-08, 0.0, 0.0, 2.1126558135079363e-05, 8.789106422407601e-05, 0.0, 0.0, 0.0, 0.0, 0.0, 0.0, 0.0, 0.0, 0.0, 0.0, 0.0, 0.0, 0.0, 0.0], "grad": [0.31003097843684735, 0.2410940585608311, -0.4155616779818091, -0.14680084334928512, 0.4666573896059474, 0.053048462987906386, 0.24575532692065338, -0.36615670760909524, 0.0012383484727900296, -0.17632760042642626, 0.13507229206526283, -0.33258847385471446, -0.24351793079087397, -0.1944783933839555, 0.11478770493629022, 0.12606136565021991, 0.18185026664790072, -0.10228161180358297, 0.049368290813852744, 0.030460440583295723, 0.0671485210593894, -0.19982324169532806, 0.2603313291092477, -0.46030265662392056, -0.05329621388172168, 0.23849729714437506, 0.017291792987406573, -0.17127400229413314, -0.15773862120151572, -0.4079442381210987], "optimality": 0.4666573896059474, "nfev": 1500, "njev": null, "status": 2, "message": "`ftol` termination condition is satisfied.", "success": true, "res_time": 774.3483800000013, "tension_error": [0.040007727667694906, 0.12832756331693393, -0.05455539642773014, -0.07049418839351079, 0.08308505547006524, -0.027145137188453926, 0.0630835999452962, -0.08717647446470232, -0.004990670859697886, -0.028516876097259603, -0.04102685335352519, 0.005463592116423404, -0.08687843353802441, -0.008925939414201944, 0.0419358102851239, 0.06744612921639748, -0.018890246917374537, -0.033668223854123484, -0.013090653715575105, -0.0021025154936168606, -0.07124198806184201, 0.01481727554746881, 0.018374370450472893, -0.08511823317268179, -0.0037256271225815435, 0.06906402751140894, 0.02970610955410656, -0.05868500886134623, -0.06168935932407418, -0.08427214797770737], "git_revision": "018ef57f2e70e762a509d3bbb7a77c8182022b6e", "linregress": [0.1685734213860402, 0.03567095995546263, 0.3264299616748187, 0.07831510176637256, 0.09224728939483448]}