{"x": [0.0955621123048535, 0.12732105877315117, 0.1818000834089108, 0.18029780341977955, 0.12731235860633175, 0.09517611297662167, 0.12755299537481346, 0.18059210578691343, 0.18157810179846345, 0.1294637050260437, 0.0019255467634708842, -0.0022171083920373633, -0.0016886930099610155, 0.0012859871931808025, 0.0010948658614595758, -0.002132943293038256, 0.0019277774516272867, -2.1867420611520235e-05, 0.0012623899360271393, -0.0020960093795570943, 0.055298714815840005, 0.05487180794833701, 0.05483781272532116, 0.05668667965600161, 0.05534106853102624, 0.05515704510097436, 0.05525215573942616, 0.05558873031157254, 0.05374494704346127, 0.05413977229956029], "cost": 0.12379627576653668, "fun": [0.10446508954480146, 0.08597440316451617, 0.20080458724001485, 0.1528449136143437, 0.05468229804935807, 0.042986776097618, 0.1476867255863818, 0.09255490234993866, 0.1433607950628415, 0.07979985582557254, 0.09100023740628713, 0.05500718042426516, 0.06660326560567112, 0.10768738670768312, 0.1475081266616936, 0.10972524207195813, 0.026190044062943986, 0.1442710944026999, 0.12914701663738226, 0.06442920010490145, 0.0, 0.0, 0.0, 0.0, 0.0, 0.0, 0.0, 0.0, 0.0, 0.0, 0.0, 0.0, 0.0, 0.0, 0.0, 0.0, 0.0, 0.0, 0.0, 0.0, 0.0, 0.0, 0.0, 0.0, 0.0, 0.0, 0.0, 0.0, 0.0, 0.0, 0.0, 1.0898350660674361e-05, 4.815618975706756e-06, 0.0, 0.0, 9.70371266045674e-06, 0.0, 1.0456652498960937e-11, 0.0, 9.208304355814095e-06, 0.0, 0.0, 0.0, 0.0, 0.0, 0.0, 0.0, 0.0, 0.0, 0.0], "grad": [-0.009804898097004189, 1754.9702738826754, -1755.0312722069184, 0.1541883196007977, -0.08501886545137638, -0.02705119873434425, 0.22276348737331353, 0.48289468419964554, -0.1893155769687266, -0.4608903535101045, 0.34900250651623876, 0.20261055723977772, 0.059015982122396116, -0.37401201881590307, -0.056816968429076166, 0.585050054590839, -0.8439954986667323, -0.11239790375508157, -0.017097822775166915, 0.3661857268055308, 1746.9459163159022, -1753.382227293598, 1750.177643509459, 1758.1635785071176, -0.02049928520535782, 0.2222899658928263, -0.23202986187644492, -0.19167258302311807, 0.051336792883889704, 0.7456539412590957], "optimality": 1758.1635785071176, "nfev": 256, "njev": null, "status": 2, "message": "`ftol` termination condition is satisfied.", "success": true, "res_time": 189.37133200000062, "tension_error": [-0.006924347012212223, 0.009750856979715715, -0.010172184594675494, 0.012616871541523396, 0.009882835433450367, -0.001068873716121008, 0.006232460759595798, 0.008152408715583323, -0.00680480207058707, -0.02275232890470892, -0.02920986340967658, 0.03363275020084356, 0.025616875735037285, -0.019507970916112522, -0.016608727906200063, 0.03235599541500062, -0.0292437021601002, 0.00033172103700721716, -0.01915000887053796, 0.0317957210096027, -0.0029405967051817448, 0.0035354294942224825, 0.004051125004563959, -0.023995532460403205, -0.003583087585669196, -0.0007915172338247105, -0.00223431198214672, -0.007340029208065807, 0.02062951089362369, 0.014640151393180019], "git_revision": "018ef57f2e70e762a509d3bbb7a77c8182022b6e", "linregress": [-0.07804118285723773, 0.018996315064185684, -0.45893455739591166, 0.010742715811043723, 0.0285520220799042]}