{"x": [0.09591040627291393, 0.1278923499838582, 0.17963377727978966, 0.1815226425089178, 0.1277076431092946, 0.09630689958479574, 0.12660280223237208, 0.181539013859947, 0.1805761860364798, 0.12875580578205187, -0.0013878258375286936, 0.0011114260946369337, -0.0011154963176523943, 0.0022460755837796576, -0.00012166556739529731, -0.002420340034578446, 0.0023235043240536287, -0.0022983958822204776, 0.0024914666458600316, -0.0003349339894995847, 0.05492252585774016, 0.05487571211556377, 0.057294706799557865, 0.05555211796903892, 0.054515850954775326, 0.05457691204251374, 0.05461370886239655, 0.05775198587957297, 0.05435165987849345, 0.055963533538970364], "cost": 0.1292115427326206, "fun": [0.17339681096507353, 0.14173249095764992, 0.15205303973424325, 0.11552739999546777, 0.06599308168852883, 0.0804832380839662, 0.0928832386146401, 0.08336701285482627, 0.1662142757599768, 0.07729505196923453, 0.14768036242232266, 0.0864979482755076, 0.1308005428699317, 0.01715449341710556, 0.07711462980333057, 0.062158558026653765, 0.08191980877877235, 0.06941020295421693, 0.15044424699527453, 0.14533830458128053, 0.0, 0.0, 0.0, 0.0, 0.0, 0.0, 0.0, 0.0, 0.0, 0.0, 0.0, 0.0, 0.0, 0.0, 0.0, 0.0, 0.0, 0.0, 0.0, 0.0, 0.0, 0.0, 0.0, 0.0, 0.0, 0.0, 0.0, 0.0, 0.0, 0.0, 2.673036603307162e-06, 0.0, 1.3880478026403568e-06, 0.0, 1.8009558132612995e-09, 1.4178462974981664e-05, 0.0, 1.2141560401748843e-05, 0.0, 3.757315529365814e-08, 0.0, 0.0, 0.0, 0.0, 0.0, 0.0, 0.0, 0.0, 0.0, 0.0], "grad": [-0.20196536545830246, -0.048180268623208344, 1178.540450203073, 1179.0864203359588, 0.25493485418630346, -0.2096639261750347, -1178.8689097558013, -1179.1806961413163, 1179.246171010884, -0.3165782468097968, 0.7125277602828968, -0.8344492096939586, -0.32527458686166044, -0.23026343162625218, 0.555536421922207, 0.6664497637733918, -1179.489942387171, 1178.7827282068824, -1179.0952598400556, 1178.1697316708055, 0.1991284956660171, -0.17453185719219322, -1178.3829918794172, -1178.4294402157584, -1180.7332270140187, 1180.5295147130648, -1180.4196979984804, 1180.1307355302506, -1180.0424365767135, -0.22263341967186312], "optimality": 1180.7332270140187, "nfev": 351, "njev": null, "status": 2, "message": "`ftol` termination condition is satisfied.", "success": true, "res_time": 214.7820070000016, "tension_error": [-0.012207843329445887, 0.001084571357121107, 0.02268991324454451, -0.00596350426200726, 0.0038865093205002308, -0.01822250664618703, 0.020646554683492212, -0.006211851867199985, 0.008393905699455275, -0.012013747730215631, 0.021052827134440098, -0.016859940786780065, 0.016921684630442538, -0.03407217225498737, 0.0018456236289330565, 0.03671570234293991, -0.03524673886136219, 0.03486585267864797, -0.037794667881322005, 0.005080830167378508, 0.002766056745559591, 0.003476204658147034, -0.03321908919222732, -0.006784632920214684, 0.008935171198191268, 0.008008896092168715, 0.007450701348173088, -0.04015585111395133, 0.011425891757289211, -0.01302566161413741], "git_revision": "018ef57f2e70e762a509d3bbb7a77c8182022b6e", "linregress": [-0.07931947605074366, 0.021462998470009473, -0.3988568830277318, 0.029012445551979106, 0.03446349450071128]}