{"x": [0.09429620913453993, 0.12788777905543894, 0.18288253307347796, 0.17981685062459565, 0.1258893836443036, 0.09510266617866917, 0.12920930957890994, 0.1816901324590717, 0.18287891829308373, 0.1269570493062982, 0.004429545495643869, -0.0034993303173628415, -0.0012353530348413956, -0.000571255818655201, 0.0031325931944303394, 0.0018459461981178839, -0.002088508417356657, -0.0019223429538276124, 8.850524245690669e-05, -0.0014689888004124183, 0.05559454938137562, 0.056009917837035475, 0.05234998477174081, 0.05445800404478274, 0.05551299772788497, 0.053727678944637494, 0.054726433176510866, 0.05498303355007753, 0.05252197403499514, 0.054512298186050814], "cost": 0.14520168616933332, "fun": [0.1729172955964611, 0.1204146603710406, 0.1430800414447499, 0.08187931164458552, 0.07128798622796431, 0.09999871264754082, 0.0847764288369335, 0.19625717261323378, 0.19146693364906442, 0.0685997812255653, 0.14542542241391673, 0.12590884058226684, 0.1446529294328121, 0.10890660747324035, 0.1011115334524937, 0.09722546457802267, 0.06926024005362877, 0.10009233063749841, 0.09623959694753878, 0.055995129748272504, 0.0, 0.0, 0.0, 0.0, 0.0, 0.0, 0.0, 0.0, 0.0, 0.0, 0.0, 0.0, 0.0, 0.0, 0.0, 0.0, 0.0, 0.0, 0.0, 0.0, 0.0, 0.0, 0.0, 0.0, 0.0, 0.0, 0.0, 0.0, 0.0, 0.0, 0.0, 4.2850393871769846e-05, 1.8852687095093883e-06, 1.864197452313976e-07, 0.0, 0.0, 9.109796799862099e-06, 7.103830826963816e-06, 0.0, 3.1699722047331194e-06, 0.0, 0.0, 0.0, 0.0, 0.0, 0.0, 0.0, 0.0, 0.0, 0.0], "grad": [0.22783218846462105, -520.1835162182492, 520.1640325507408, -519.2057314891644, 520.4976112018625, -519.927511247054, -520.9440002682973, 519.8957234771594, 519.7859960415016, -0.2776361636256681, -1.2961183257290614, -518.8295096702918, -520.4758077892059, -519.992891991719, -0.5284903359928198, -520.5189534403733, 520.3508524231117, -519.8857811190443, 519.9598346380475, -519.8687007798737, -520.4263352187436, 520.5313753087182, -519.3064820077177, -520.6695262297876, 519.5482942238718, -519.7262692832267, 519.8015757027968, -519.5038227293436, -519.0399273433061, 519.9040467542013], "optimality": 520.9440002682973, "nfev": 477, "njev": null, "status": 3, "message": "`xtol` termination condition is satisfied.", "success": true, "res_time": 340.6995709999992, "tension_error": [0.012278956379954381, 0.0011539107246789956, -0.026592563185151203, 0.019912755349871233, 0.03146886235564739, 4.528823349766923e-05, -0.018893239941620624, -0.008504267571058273, -0.026537728244980113, 0.015272751855661824, -0.06719463860824691, 0.05308360333522192, 0.018739868641467157, 0.008665748737685075, -0.04752033088121686, -0.02800235098494427, 0.03168193406582524, 0.02916126275045297, -0.0013425932271551625, 0.0222840405771533, -0.007428302438996263, -0.013729295011434594, 0.04179059521086928, 0.009812688364541258, -0.006191192697240999, 0.020891461845714877, 0.005740713369333469, 0.0018481764520561314, 0.039181578913319505, 0.008989065443263817], "git_revision": "018ef57f2e70e762a509d3bbb7a77c8182022b6e", "linregress": [-0.07025910265393272, 0.025429550562198314, -0.2661090367021004, 0.1552050761443106, 0.04809670053177721]}