{"x": [0.09602842088687832, 0.130086095985031, 0.1801451855050328, 0.17995365701077848, 0.13050101889832844, 0.09077120760128815, 0.1284082294921368, 0.17887986229174688, 0.18411892268555455, 0.12824332290080587, 0.0011920956647266776, 0.0009884223851361622, -0.0006604449418699209, -0.0011744093661507178, 0.0013865761459439683, 0.00450881563124592, 0.00014608441413542912, -0.0009284267921030824, -0.0013960912683932394, -0.002018268767864492, 0.05465162456027687, 0.05619202761826375, 0.057230874697936376, 0.05041164764038234, 0.05852052479993821, 0.057513204066139766, 0.05419675250014226, 0.05559920085453198, 0.05381064078782755, 0.05371624764729265], "cost": 0.1136652116672153, "fun": [0.12050528704976586, 0.13413382253846387, 0.11270630117960258, 0.012468502098231884, 0.1795562288607295, 0.14902423229043926, 0.09776312730934338, 0.14077073815902763, 0.044056910314730045, 0.0913911317257781, 0.11123621420199882, 0.11901518415488999, 0.07249252902386956, 0.023267371565301963, 0.09554219753298014, 0.13561417510635598, 0.12145625134527134, 0.09639806278230595, 0.017492220803259666, 0.0603195952399151, 0.0, 0.0, 0.0, 0.0, 0.0, 0.0, 0.0, 0.0, 0.0, 0.0, 0.0, 0.0, 0.0, 0.0, 0.0, 0.0, 0.0, 0.0, 0.0, 0.0, 0.0, 0.0, 0.0, 0.0, 0.0, 0.0, 0.0, 0.0, 0.0, 0.0, 0.0, 0.0, 2.88077842110769e-07, 1.619789272909875e-06, 0.0, 0.0, 0.0, 8.002818987790175e-07, 2.7210807668015816e-06, 8.221233798812158e-06, 0.0, 0.0, 0.0, 0.0, 0.0, 0.0, 0.0, 0.0, 0.0, 0.0], "grad": [0.07227825201102389, -0.16650457583445036, -0.4332608943898715, 0.18581108038208582, -602.5485314257674, 0.5343594294663818, -0.3986256824903175, 0.7409073464845102, -0.4505665094974708, -0.17279473997820716, 0.08347041857554027, 0.04392626238386754, 0.5371368947350436, -0.6855861744745235, -0.09370795380195193, -0.15675463980389043, -0.30634886456603616, -1.16443094840769, 0.9441951540093927, 0.09698115110714878, -0.29702025620641637, 0.03768506973167651, 604.9298853077495, -605.4282941446204, 601.6541074140987, -0.2463573692824581, -0.013833215308760582, 0.5022761220785639, -0.6160412322451592, 0.582131996594323], "optimality": 605.4282941446204, "nfev": 968, "njev": null, "status": 3, "message": "`xtol` termination condition is satisfied.", "success": true, "res_time": 533.227089, "tension_error": [-0.013998083286034586, -0.032193779636690026, 0.014932031333117558, 0.017837450854659365, -0.038488013489061924, 0.06575198298128511, -0.0067411383366317405, 0.03412653698228349, -0.04534815633667855, -0.00423956366729009, -0.01808366963530272, -0.014994018015356603, 0.010018716194073818, 0.017815374740872154, -0.02103386975506789, -0.06839713853051768, -0.002216048897969563, 0.014083906087189296, 0.021178210797488776, 0.030616423424104228, 0.006875533620659453, -0.016491835987409425, -0.032250778785600065, 0.07119448397793707, -0.05181431473309701, -0.03653361545215603, 0.013775781902067128, -0.007498863641730296, 0.019632960024949686, 0.021064870583623878], "git_revision": "018ef57f2e70e762a509d3bbb7a77c8182022b6e", "linregress": [0.025504012333286318, 0.023959652127682845, 0.08498332275758544, 0.6552336302748136, 0.05650954659031113]}