{"x": [0.09427338921692728, 0.12609007951668946, 0.18431396630939614, 0.18341446178356793, 0.1259148604046506, 0.0980590741198529, 0.1267323780519914, 0.1808172146214499, 0.17591473660569473, 0.12991573969832282, 0.005324804373551017, -0.00308507133340311, -0.0004824158891505152, -0.005744791751703174, -0.003671147460670338, -0.00023531243656229367, 0.0021737615080612534, 0.00197812785328903, -0.000691682665660528, 0.0011088781220236197, 0.05864426192750238, 0.054964089571567676, 0.0526146267174803, 0.054912779046116036, 0.05086704587960398, 0.050656406980626484, 0.054839953375327655, 0.05568079882762657, 0.05223048207080198, 0.05429971993681285], "cost": 0.07815174264971966, "fun": [0.1269830347747312, 0.11449130766742657, 0.07540036785720523, 0.12685411160240742, 0.07487905070616736, 0.02633799942810425, 0.04947582521018267, 0.06760958220719777, 0.11574903287401395, 0.11136152745741311, 0.1313027483330181, 0.0739272237305573, 0.024511112908760367, 0.032117738797289797, 0.003105998097649649, 0.003935537321998616, 0.10481299274657528, 0.09425671956470559, 0.1255789202913862, 0.07855779454057547, 0.0, 0.0, 0.0, 0.0, 0.0, 0.0, 0.0, 0.0, 0.0, 0.0, 0.0, 0.0, 0.0, 0.0, 0.0, 0.0, 0.0, 0.0, 0.0, 0.0, 0.0, 0.0, 0.0, 0.0, 0.0, 0.0, 0.0, 0.0, 0.0, 0.0, 0.0, 2.9362675860236244e-05, 1.1227028127058049e-07, 0.0001895932496516984, 4.947724259707151e-05, 1.3029706777663848e-08, 0.0, 0.0, 3.309182170500816e-07, 0.0, 0.0, 0.0, 0.0, 0.0, 0.0, 0.0, 0.0, 0.0, 0.0, 0.0], "grad": [-0.07794224658700569, -0.07198413198539844, -0.08045740632267939, 0.1585680554247748, 0.0888812876800773, -0.04640093665888467, -0.01732119009905364, -0.03049880446844727, 0.43248550439678146, -0.19064435407303804, -0.039354024592406195, -0.024575941182474775, -0.0633690859937106, -0.2456262168260815, 0.7028937862839265, -0.07371085324123777, 0.027823813750808283, -0.046965272703553496, 0.08615002075406714, -0.07460537167610282, -0.12272411173956632, -0.08798687811327732, -0.07650491211395904, -0.31133863217916796, 0.1908092810599452, -0.11218574915869095, 0.34996699311860857, -0.0030965909598417163, 0.20239237433340418, 0.12182356564915042], "optimality": 0.7028937862839265, "nfev": 1751, "njev": null, "status": 2, "message": "`ftol` termination condition is satisfied.", "success": true, "res_time": 937.8514590000002, "tension_error": [0.012625126459606948, 0.028424376950000958, -0.04830689913089243, -0.03466173359439457, 0.031082388911338167, -0.0448023746659476, 0.018680935325874278, 0.0047375873080422745, 0.07910644498824988, -0.02960953501582418, -0.0807753991673054, 0.04679944105609681, 0.007318078426381099, 0.08714645916041586, 0.05569000863405053, 0.0035696064416493797, -0.03297519330105944, -0.030007499946299282, 0.010492581416390262, -0.016821288943356466, -0.05369136319716027, 0.0021355499062906723, 0.037776070487726444, 0.002913912430823452, 0.06428625374586854, 0.06748157134844222, 0.0040186521010313475, -0.008736676035495817, 0.04360340892058087, 0.012213802303414829], "git_revision": "018ef57f2e70e762a509d3bbb7a77c8182022b6e", "linregress": [-0.0010853979730369413, 0.03342122462187955, -0.002694867661092283, 0.9887237149270696, 0.07611512601383716]}