{"x": [0.09549413245449195, 0.12798851324979962, 0.18028201006421235, 0.18107267179524814, 0.1278507499696754, 0.09547468246558112, 0.12831093687867418, 0.18107385007706886, 0.1813346793569035, 0.12767982576957887, -0.000498871001587267, 0.0001342531736998439, 0.0010475390740717857, -0.0007495584566085407, 0.0007869851738782399, -0.0011628324921060078, -0.0003622230206703147, -0.0007638068366288166, 0.0011608722267356492, 5.2125089399150985e-05, 0.05476582409081067, 0.05508660334477687, 0.05570498364269329, 0.05508895169039835, 0.05523733043384352, 0.055070019091859525, 0.05486591680774153, 0.05641410739391393, 0.05368431171468023, 0.05551597936961029], "cost": 0.14575392323725642, "fun": [0.15978339918811021, 0.11530182738102106, 0.11538101011639092, 0.11556093393760085, 0.14064021099626572, 0.11499722010356024, 0.0870880221142789, 0.10327237243730002, 0.1538268699334982, 0.12919102647150485, 0.06595913676419177, 0.12215319731120493, 0.12449432509514143, 0.09294820411634323, 0.038978177162429385, 0.09089832962272769, 0.11788955254598682, 0.18849137160427462, 0.10848018572691777, 0.14149916642164148, 0.0, 0.0, 0.0, 0.0, 0.0, 0.0, 0.0, 0.0, 0.0, 0.0, 0.0, 0.0, 0.0, 0.0, 0.0, 0.0, 0.0, 0.0, 0.0, 0.0, 0.0, 0.0, 0.0, 0.0, 0.0, 0.0, 0.0, 0.0, 0.0, 0.0, 1.2415516170751057e-07, 0.0, 0.0, 4.211303341021036e-07, 0.0, 1.5723581469387755e-06, 4.752565858896106e-08, 4.456055834507795e-07, 0.0, 0.0, 0.0, 0.0, 0.0, 0.0, 0.0, 0.0, 0.0, 0.0, 0.0, 0.0], "grad": [-0.3064551643771014, 0.27915592990480487, 0.39234490330408056, 0.21525124632077486, 0.004609642863489916, -0.5052462965502442, -0.1642241973112456, 0.6811702775060833, -0.0012784310817890443, -0.53623198922984, 0.5342004292221182, -0.7234597471536908, 0.21850834364102403, 0.0058737490407967385, -0.2170091341426465, 0.844045292912686, -0.004613986939951353, 1.1015357915981676, -1.242568758470767, 0.0488079744736592, 0.35815145237581425, -0.03671552417860757, -0.5640963878567316, 0.2948713121637996, -0.005331483129710768, 0.2333153745310635, 0.37155876951864164, -1.4565618340309103, 0.16050074967222983, 0.2333879306780322], "optimality": 1.4565618340309103, "nfev": 257, "njev": null, "status": 2, "message": "`ftol` termination condition is satisfied.", "success": true, "res_time": 188.53335799999968, "tension_error": [-0.005893116724098326, -0.0003741913779443489, 0.012856451159972564, 0.000862392326945967, 0.0017156288599416403, -0.005598067271037487, -0.005265243799076743, 0.0008445182084387571, -0.003112169721321569, 0.004308488526059865, 0.007567696662503287, -0.002036573164818555, -0.01589079727920023, 0.01137053669661995, -0.011938286761204151, 0.017639757655911067, 0.005494795119152833, 0.011586679582420977, -0.017610021123513547, -0.0007907191715364452, 0.00514316713046389, 0.000277059295138702, -0.009103551126814694, 0.00024143572258087168, -0.002009417339601031, 0.0005286365466794726, 0.0036247960135850185, -0.019860707642907573, 0.021549327386837517, -0.006236423147721535], "git_revision": "018ef57f2e70e762a509d3bbb7a77c8182022b6e", "linregress": [-0.03802013476721394, 0.009550684759163704, -0.3719175328849571, 0.04299384187531095, 0.017933304483707873]}