{"x": [0.06889448522574962, 0.09663801590918553, 0.13758270554400642, 0.13333172764254095, 0.09133394591663183, 0.07080773740168377, 0.0887814947213343, 0.12818780997543866, 0.12506540734735755, 0.09441185755067355, 0.08367401066126626, 0.10074412329986587, 0.11562485571915818, 0.10877672671937715, 0.09700597744007539, 0.08256657429376899, 0.0987090920335186, 0.10156414009445353, 0.10032040690048649, 0.0984568437301837, 0.10421590913736452, 0.1032719083943508, 0.08064548768261769, 0.062208446605287224, 0.08221131225430979, 0.09294078054994186, 0.12186401389009173, 0.07275739586913839, 0.07733273603905237, 0.07498830430254501], "cost": 1.5058225216506818, "fun": [0.3654955230200162, 0.21746650268595122, 0.4069428068799453, 0.3479154547432814, 0.3878775228815134, 0.4644984207817284, 0.5498415875142757, 0.27379045914247063, 0.4127808459148136, 0.40585996359976717, 0.40662281482708335, 0.34372216514681686, 0.2751759569684196, 0.33713266944756765, 0.4353507290786267, 0.6048476948398682, 0.1266944851902147, 0.41640753524395835, 0.426414238735109, 0.2569038504865151, 0.0, 0.0, 0.0, 0.0, 0.0, 0.0, 0.0, 0.0, 0.0, 0.0, 0.0, 0.0, 0.0, 0.0, 0.0, 0.0, 0.0, 0.0, 0.0, 0.0, 0.0, 0.0, 0.0, 0.0, 0.0, 0.0, 0.0, 0.0, 0.0, 0.0, 0.0, 0.0, 0.0, 0.0, 0.0, 0.0, 0.0, 0.0, 0.0, 0.0, 0.0, 0.0, 0.0, 0.0, 0.0, 0.0, 0.0, 0.0, 0.0, 0.0], "grad": [446.40695709274263, 452.28273374394627, -440.97233901904156, -445.50091407269167, 447.1775851179303, -422.7893057620601, -6.378521944172747, 433.70454641070916, -2.082163500475554, 476.48765872097374, 435.21134329832046, -449.205425332106, 457.53159420923976, 451.73029945110534, -439.177324799538, -440.34113042167246, -467.0130222585096, 445.1466248493611, 453.3152170798523, -473.00185663075996, 443.3300368322474, -445.61258773144635, 448.4241279531159, 451.11579899988624, -438.00991563226415, -407.1666675446131, 308.0087720357151, -408.46785335818777, -451.64437926649674, -448.4250330003978], "optimality": 476.48765872097374, "nfev": 6884, "njev": null, "status": 2, "message": "`ftol` termination condition is satisfied.", "success": true, "res_time": 12996.207205000006, "tension_error": [0.31105514774250387, 0.033619840908144794, -0.3758270554400642, -0.3333172764254094, 0.0866605408336818, 0.2919226259831624, 0.11218505278665705, -0.28187809975438655, -0.25065407347357543, 0.05588142449326455, 0.16325989338733748, -0.007441232998658676, -0.1562485571915817, -0.0877672671937714, 0.029940225599246195, 0.1743342570623102, 0.012909079664814027, -0.0156414009445352, -0.0032040690048648623, 0.01543156269816312, -0.042159091373645124, -0.03271908394350792, 0.1935451231738232, 0.3779155339471278, 0.17788687745690215, 0.07059219450058149, -0.21864013890091724, 0.27242604130861614, 0.22667263960947634, 0.25011695697454994], "git_revision": "ec36e56dd006ef5715c6882890a8a7f5f3c70256"}