{"x": [0.08066830935589459, 0.09537503935835911, 0.12777892974059046, 0.12670894309148825, 0.09722705483796125, 0.07752325445719896, 0.10159472399970097, 0.12525187488277853, 0.12282207125849748, 0.09833550892302122, 0.08217461061811467, 0.10906163351216473, 0.09342593540225877, 0.09716309738046447, 0.10789558370465861, 0.07654791445766032, 0.08789631964671343, 0.1077957096504099, 0.10735319940958814, 0.10392072004749872, 0.10708438480080623, 0.10350507110678274, 0.06330666277440301, 0.07200349535556942, 0.06550228213676004, 0.10326722812124388, 0.09451453765790999, 0.07572579635634355, 0.07025342655838018, 0.07630137231204542], "cost": 1.3085494419989998, "fun": [0.3575581147632409, 0.18743190337936882, 0.3453690668159263, 0.36813676845374776, 0.36403682264546783, 0.3681867990366653, 0.16566111585036283, 0.4460034286527564, 0.33477127455966643, 0.4296357155532452, 0.25867593274212175, 0.26383903604983056, 0.1587223772761446, 0.5396348267691432, 0.2888985228815474, 0.5984281884022052, 0.31931845882114596, 0.4108967981066399, 0.458018794324208, 0.1820085214625738, 0.0, 0.0, 0.0, 0.0, 0.0, 0.0, 0.0, 0.0, 0.0, 0.0, 0.0, 0.0, 0.0, 0.0, 0.0, 0.0, 0.0, 0.0, 0.0, 0.0, 0.0, 0.0, 0.0, 0.0, 0.0, 0.0, 0.0, 0.0, 0.0, 0.0, 0.0, 0.0, 0.0, 0.0, 0.0, 0.0, 0.0, 0.0, 0.0, 0.0, 0.0, 0.0, 0.0, 0.0, 0.0, 0.0, 0.0, 0.0, 0.0, 0.0], "grad": [8.616444263484798, -0.05401032276589646, -2.4791111182302354, -2.505775051928631, -0.2981134145176315, 927.052190392543, -1.0292484041008532, -4.50145632899881, -2.4688739803348314, -0.2295733816018506, -923.4215561173003, 2.5676533300249553, 2.7977547656903923, 3.7658244557385347, 929.1577828526399, -2.275994645972969, 0.26691938526586156, -0.23440347664581562, -0.40783500550406404, 2.371157576655123, -933.1852341566097, 1.1451205789170547, -930.7590919273632, 932.7933760713211, 0.8566705381984514, 930.6305145788531, -932.0547825178313, -0.43221500969242516, 937.4015372393776, 1.4283034851261935], "optimality": 937.4015372393776, "nfev": 664, "njev": null, "status": 2, "message": "`ftol` termination condition is satisfied.", "success": true, "res_time": 1305.4775050000026, "tension_error": [0.1933169064410542, 0.046249606416408906, -0.2777892974059046, -0.26708943091488246, 0.027729451620387563, 0.22476745542801047, -0.01594723999700967, -0.25251874882778524, -0.22822071258497473, 0.016644910769787885, 0.1782538938188534, -0.09061633512164727, 0.06574064597741236, 0.028369026195355362, -0.07895583704658607, 0.23452085542339685, 0.12103680353286572, -0.0779570965040989, -0.07353199409588132, -0.03920720047498716, -0.07084384800806226, -0.03505071106782734, 0.3669333722559699, 0.2799650464443058, 0.34497717863239963, -0.03267228121243873, 0.054854623420900195, 0.24274203643656456, 0.2974657344161982, 0.23698627687954582], "git_revision": "ec36e56dd006ef5715c6882890a8a7f5f3c70256"}