{"x": [0.10450621367781884, 0.08913555355468909, 0.14333452377088027, 0.1416446102371115, 0.07400680786517787, 0.0707410664948561, 0.06938895408240249, 0.11931775119313547, 0.11127061897359902, 0.09235579922106195, 0.12785286731892978, 0.1132110467888736, 0.09162441073094171, 0.06017568221434755, 0.11713193317374235, 0.13059452062632787, 0.1205465562150374, 0.16545430922361024, 0.07416576102988982, 0.1334936024284272, 0.2089657745709127, 0.19823868268484288, 0.10555663250033083, 0.05162291365358577, 0.08792174692921975, 0.1413154492699594, 0.16155930823980566, 0.13435982169815047, 0.04412747739408915, 0.06925123122648127], "cost": 1.2272046258638825, "fun": [0.07398893216037118, 0.09948012114137542, 0.3286256954018851, 0.38554870640888367, 0.2988834136109917, 0.23274688718951547, 0.5528620372625977, 0.1481903822491268, 0.5929782850587083, 0.2873028789861706, 0.34101738474931953, 0.3383593261016462, 0.4646296143683011, 0.3976651712415849, 0.23994526746938827, 0.24728291975853353, 0.4769107271454063, 0.42422448127493617, 0.33851828972873715, 0.1777214273909796, 2.362571926207711e-07, 2.9375283724955785e-06, 2.85580775161484e-09, 4.574872309704751e-06, 1.066506669783106e-08, 1.828207975911136e-09, 2.4928847809247378e-06, 6.475633695870151e-08, 3.577704062709667e-07, 1.4763257147096693e-07, 2.1438290843437462e-07, 4.6598285629760516e-07, 9.890225253104431e-07, 3.2440145233495612e-06, 1.8124126091851315e-07, 1.0096158881055978e-07, 2.0167062802789826e-06, 8.333599031317215e-06, 3.5197927650100052e-06, 3.181789257551686e-08, 0.0, 0.0, 0.0, 0.0, 0.0, 0.0, 0.0, 0.0, 0.0, 0.0, 0.0, 0.0, 0.0, 0.0, 0.0, 0.0, 0.0, 0.0, 0.0, 0.0, 0.0, 0.0, 0.0, 0.0, 0.0, 0.0, 0.0, 0.0, 0.0, 0.0], "grad": [5.578545919570489, -9.188166657845724, 4.471856507077803, -1466.682181332261, 9.568829413844558, -2.364097819813825, -1470.321265623083, -0.2698710461005893, 1468.9574151073632, 4.3256517807533, 5.801394718343505, 1.908308058722092, 2.7600702026441013, -5.872848387471483, 2.7217021213915005, 1.4427413843678276, -1470.3788814003058, 2.301480773106158, 1463.4203582302591, 1470.222805379793, 1465.5365976447551, -1.5803568283594736, -4.094437828404873, 1468.5626343910676, -4.9701250841310785, 1462.2358301428412, -114.84917650725657, 1471.2409692389813, -1464.8339055360643, -1470.9365818981494], "optimality": 1471.2409692389813, "nfev": 479, "njev": null, "status": 2, "message": "`ftol` termination condition is satisfied.", "success": true, "res_time": 1032.1785500000005, "tension_error": [-0.04506213677818838, 0.10864446445310913, -0.4333452377088026, -0.41644610237111496, 0.25993192134822135, 0.29258933505143897, 0.3061104591759751, -0.1931775119313546, -0.11270618973599017, 0.07644200778938057, -0.27852867318929775, -0.13211046788873596, 0.08375589269058292, 0.3982431778565246, -0.17131933173742342, -0.30594520626327865, -0.20546556215037398, -0.6545430922361023, 0.2583423897011018, -0.33493602428427194, -1.0896577457091268, -0.9823868268484287, -0.05556632500330824, 0.48377086346414233, 0.12078253070780254, -0.4131544926995939, -0.6155930823980565, -0.34359821698150467, 0.5587252260591086, 0.3074876877351873], "git_revision": "ec36e56dd006ef5715c6882890a8a7f5f3c70256"}