{"x": [0.009483895587428112, 0.06314241466133516, 0.15595282744381928, 0.140537441330195, 0.10927583068754643, 0.05627494822143722, 0.04387776419704282, 0.11167265339751159, 0.1766666022778074, 0.10354678970191292, 0.12932335276720286, 0.08959152033547862, 0.08009882515708054, 0.0707627725723566, 0.09628147878152599, 0.09918785309942227, 0.13010200072655198, 0.06352117003684822, 0.09335436306199542, 0.09549956840585179, 0.15389053183996806, 0.09944558010283082, 0.09713100895359465, 0.0567092730799961, 0.11216481711252656, 0.1501145915830978, 0.1256029321855928, 0.09878248395964334, 0.08086482734875092, 0.10810704427377461], "cost": 1.3204739431515378, "fun": [0.5444917346479567, 0.5927329506158758, 0.26985757726157683, 0.13394327237048537, 0.2025334110686831, 0.2835793742838262, 0.21366211357223824, 0.15427632630875834, 0.2954202611711185, 0.3740657907696558, 0.45534683539896875, 0.3643468796779588, 0.3720779576034264, 0.13573354191060225, 0.37834588137608904, 0.23250874310732225, 0.4143725355696979, 0.36348823639877004, 0.32515648219764165, 0.6169087080369677, 0.0, 0.0, 0.0, 0.0, 0.0, 0.0, 0.0, 0.0, 0.0, 0.0, 0.0, 0.0, 0.0, 0.0, 0.0, 0.0, 0.0, 0.0, 0.0, 0.0, 0.0, 0.0, 0.0, 0.0, 0.0, 0.0, 0.0, 0.0, 0.0, 0.0, 0.0, 0.0, 0.0, 0.0, 0.0, 0.0, 0.0, 0.0, 0.0, 0.0, 0.0, 0.0, 0.0, 0.0, 0.0, 0.0, 0.0, 0.0, 0.0, 0.0], "grad": [1734.2260648156757, -2467.376738114137, 2504.1403255789237, -2496.636532140915, -1.895140040195571, -2974.7022367937107, 0.3524836361842836, -2.2868157875771415, -1914.1786157367983, 2064.37633993111, 2696.750035850946, 724.116433452687, 3.8280004621967474, -0.5119415717440123, -0.9494190537977921, 2360.383095892197, 2483.5132890935206, -2620.651043193451, -2543.624135468015, -684.6893062739302, -1614.02231146535, 1818.384625904262, -2758.0414932596545, 344.6495559316086, -4.7795108992156585, 2908.7199771569844, 4211.906843198742, -2019.1097302544758, 2080.9162361014824, 273.9645152215412], "optimality": 4211.906843198742, "nfev": 380, "njev": null, "status": 2, "message": "`ftol` termination condition is satisfied.", "success": true, "res_time": 1798.0592650000035, "tension_error": [0.9051610441257188, 0.36857585338664844, -0.5595282744381926, -0.4053744133019499, -0.09275830687546421, 0.43725051778562785, 0.5612223580295719, -0.11672653397511584, -0.7666660227780738, -0.03546789701912911, -0.29323352767202854, 0.1040847966452138, 0.19901174842919464, 0.2923722742764341, 0.03718521218474019, 0.00812146900577737, -0.30102000726551975, 0.3647882996315178, 0.06645636938004587, 0.04500431594148216, -0.5389053183996806, 0.005544198971691866, 0.02868991046405353, 0.4329072692000391, -0.12164817112526552, -0.501145915830978, -0.25602932185592786, 0.012175160403566643, 0.19135172651249088, -0.08107044273774608], "git_revision": "ec36e56dd006ef5715c6882890a8a7f5f3c70256"}