{"x": [0.09441004686361316, 0.19525957197144375, 0.3633553565344467, 0.15529209923534856, 0.2641870914684966, 0.13085282341635257, 0.23268870659196708, 0.3068206031976303, 0.2991523175498534, 0.09570884089981625, -8.783656216403771e-05, -0.0006738160122616477, 0.0017007071899414476, -0.0025744440061611137, -0.00041876206029134975, 0.0008309633316757293, 0.00012542790174756996, -0.00022328143345487855, -0.0008204154093028967, 0.0005552312969018827, 0.08566576583096931, 0.011803643606259236, 0.02228918261889434, 0.041910857343436414, 0.14688486870077241, -0.005382138850801167, 0.068425640469756, 0.11344599387160426, 0.12250215339922199, 0.01406063198614074], "cost": 4.795635686079265, "fun": [0.7383034921689218, 1.0153743074671633, 0.4154317103142144, 0.7898361251785039, 0.6291053393679589, 0.5889325346365283, 0.6199996214129628, 0.20968228434775554, 0.5191005765665774, 0.9553249205069807, 0.3801480727319852, 0.31140723401873377, 0.8166124970259985, 0.1793035549805392, 0.9789763771102759, 1.0522638596621776, 0.834398791975779, 0.5398802611983733, 0.29828062668811517, 0.8847978508032744, 0.0, 0.0, 0.0, 0.0, 0.0, 0.0, 0.0, 0.0, 0.0, 0.0, 0.0, 0.0, 0.0, 0.0, 0.0, 0.0, 0.0, 0.0, 0.0, 0.0, 0.0, 0.0, 0.0, 0.0, 0.0, 0.0, 0.0, 0.0, 0.0, 0.0, 6.776820597777078e-10, 3.05931348799997e-07, 0.0, 1.7062802002906903e-05, 7.343481135239626e-08, 0.0, 0.0, 1.1131606223128036e-08, 5.522063882271151e-07, 0.0, 0.0, 0.0, 0.0, 0.0, 0.0, 0.00015590666910455207, 0.0, 0.0, 0.0, 0.0], "grad": [43528.306841504076, -55583.054842600584, 6928.891878630704, 7493.826511160363, -781.2702578707339, 37016.27002753178, -69134.0140033751, -13892.12813131001, -4066.8601201077317, -63063.65744485586, -4190.21356913013, -12659.075100319638, -4048.129253632563, 43251.29796395261, -59301.03183267276, 118112.35271983736, -81053.34958501067, 64675.142769001046, -19609.14461580776, 81307.04587912641, 47380.72190342411, -11290.937351456934, -34560.2784357115, 107912.63330138188, 96767.88184709754, 40098.58264410407, -13347.44000040595, -73948.80490660454, -10564.754223210788, 111859.49312328806], "optimality": 118112.35271983736, "nfev": 78, "njev": null, "status": 3, "message": "`xtol` termination condition is satisfied.", "success": true, "res_time": 1005.7076599999564, "tension_error": [0.010552078289960217, -1.020852360987077, -2.764301468759224, 0.39194456045903625, -2.066458454732396, -0.542271953600127, -1.5886390959283574, -1.9066892548177192, -1.7903640735200204, 0.489297022086919, 0.0013324495835989613, 0.010221550603080587, -0.02579912659638491, 0.03905340509117361, 0.00635247235451004, -0.012605419861601219, -0.001902696910463401, 0.0033871003794151227, 0.012445411609601697, -0.008422662409947133, -0.4635980209412564, 0.6568642510025439, 0.4978023325146122, 0.20014846637850478, -1.3922701606230652, 0.9175664929227987, -0.20207141638400658, -0.8850142555145092, -1.0223929927315318, 0.6226265354901296], "git_revision": "018ef57f2e70e762a509d3bbb7a77c8182022b6e", "linregress": [9.092124450625663, 0.052411937063410186, 0.7646034356610218, 8.700345086721209e-07, 1.4483506913893132]}