{"x": [0.07129468569032485, 0.09969307269687332, 0.30827772487719196, 0.29048985139402195, 0.06978567181868116, 0.07237294291991087, 0.09655359951491069, 0.1967490963718279, -0.022609660952036363, 0.1039762967990158, 0.00011173888256886953, 0.0016398837889175836, -0.003517727040296986, 0.023709197513646633, -0.0012566304503084764, 0.02676160128729824, 0.019680336388141803, -0.005339334217944974, 0.012989158250789936, -0.004266578774891868, 0.09186679525164947, 0.05263180841852781, -0.008636880378450128, 0.16561615179178618, 0.05208880234951347, 0.058564191423460844, 0.011976266267469539, 0.04499906536377475, 0.0796930182706894, 0.12409739598268353], "cost": 7.926961310404531, "fun": [0.8201828266929193, 0.796468106514541, 0.9075576454957688, 0.4306589852548254, 0.6878629758295914, 0.5735095165530715, 0.8696489384832194, 0.7712110648149864, 1.1375098732979656, 1.0978833109009796, 1.0459490596025498, 0.9684710999600918, 1.4124946749439435, 0.8344905046075121, 0.8798968898314147, 0.8525738956259274, 0.4623397927719346, 1.1250587251398885, 0.9068801187355355, 0.5989068921452168, 0.0, 0.0, 0.0, 0.0, 0.0, 0.0, 0.0, 0.0, 0.0, 0.0, 0.0, 0.0, 0.0, 0.0, 0.0, 0.0, 0.0, 0.0, 0.0, 0.0, 0.0, 0.0, 0.0, 0.0, 0.0, 0.0, 0.0, 0.0, 0.011557985612532785, 0.0, 0.0, 0.0, 4.3529773905156196e-05, 0.0, 1.984370388081966e-06, 0.0, 0.0, 0.0001522163555765172, 0.0, 7.76674963323808e-05, 0.0, 0.0, 0.0006442741607215327, 0.0, 0.0, 0.0, 0.0, 0.0, 0.0, 0.0], "grad": [-104582.49986736024, 5388.606781402271, -18008.425860476644, -157002.50610808114, -149646.90266966244, -1597.5027812097924, -154523.290802546, 4589.958610701168, -162677.2995780754, -749.4637833939705, -2338.9302261253465, -67342.85465900341, -12934.576249032894, 156234.56943451668, -12329.991019274676, 18129.533798493714, -5484.765891957239, 25150.038794238557, -769.1621764652937, -49701.62945876918, 149734.71208333096, 6714.10181702577, 6528.868537218819, -24688.545253409415, 153231.39006233646, -158626.4962034747, -142903.7646633936, 17134.713823101592, -479.3383288505937, -1753.8692149797805], "optimality": 162677.2995780754, "nfev": 202, "njev": null, "status": 3, "message": "`xtol` termination condition is satisfied.", "success": true, "res_time": 1707.844202999957, "tension_error": [0.36120393227039593, 0.42885763479582617, -1.9287932753685124, -1.6589575255187214, 0.8825423290152214, 0.34484715143588046, 0.4764823326547197, -0.23694342434851876, 3.0906513454594973, 0.36388263997871995, -0.001695039330804558, -0.0248764571137614, 0.05336267511591625, -0.359660141246491, 0.01906263950909546, -0.4059640269744228, -0.2985437428265305, 0.08099581176811199, -0.19704093689645913, 0.06472249108952952, -0.5576654441862552, 0.037515430159345636, 0.9669397708197526, -1.6764171005759831, 0.045752640185833866, -0.052476721968722266, 0.6542456262820104, 0.15330144289092668, -0.3729935527839744, -1.0465922585464107], "git_revision": "018ef57f2e70e762a509d3bbb7a77c8182022b6e", "linregress": [6.8922766491388, 0.10708629012306431, 0.6158403008366271, 0.00029141921541244234, 1.6663671627559054]}