{"x": [0.19359332728010714, 0.13279071755346372, 0.0463098317048742, 0.019484796362227722, 0.08677088611957363, 0.004025501645433317, 0.1932457604944153, -0.10121043588942939, 0.23026744500523155, -0.043417748832227626, 0.02160374056971282, 0.007132316708098184, -0.004344387306296154, 0.014731469270003447, -0.006770313840668408, -0.009796790830017195, 0.0019442300896658962, -0.008372551606019178, -0.00587406170593573, 0.015240532148839055, 0.05403546408707816, 0.04637589936440465, 0.06140909575984655, -0.04335518609286833, -0.028453544401136895, 0.03533456579944671, -0.00576130268489605, 0.08341942117117726, 0.10045571093236844, 0.07718552326689371], "cost": 24.202614303614787, "fun": [1.096632655648129, 0.8475172051041778, 1.4081844009156348, 1.893622663461855, 1.3832807941305922, 1.3335173561153713, 1.5582326468207908, 1.9641091933003187, 1.99008182846779, 1.7794706399273466, 0.8958589073501311, 0.9135174474702215, 1.1341376418310514, 2.0003803586526243, 1.7821056570405214, 1.2367538370281386, 2.039134927884568, 1.6900064023526036, 1.8646895430986223, 0.7750746606485064, 0.0, 0.0, 0.0, 0.0, 0.0, 0.0, 0.0, 0.0, 0.0, 0.0, 0.0, 0.0, 0.0, 0.0, 0.0, 0.0, 0.0, 0.0, 0.0, 0.0, 0.0, 0.0, 0.0, 0.0, 0.0, 0.0, 0.0, 1.0367543966718544, 0.0, 0.08184683799262338, 0.0, 0.0, 8.199466733876849e-05, 0.0, 0.00031033188768439724, 0.0009402676766954, 0.0, 0.0005869126893232958, 0.0002026821549729628, 0.0, 0.0, 0.0, 0.0, 0.08149353634012271, 0.02303610873870137, 0.0, 0.00019123266520138375, 0.0, 0.0, 0.0], "grad": [18296.822990090714, 36278.359441579145, 156210.0189013191, -21798.782740550883, 61295.263726580044, -22157.769661017475, 24162.356516361004, -42713.230699086045, 20314.8055251081, -67221.58253264318, 89191.5143373424, 37112.964843041394, -843.1353663522968, -207440.07139923674, 12261.692698292147, 53932.762922240014, 5526.955427744782, -232087.81402842654, -53027.82871405088, -14488.32635826152, 28256.243424290136, 72512.73845829027, 30380.21804081225, -13757.552134376938, -4061.1400623252775, -41391.68092774434, -35337.48184950091, -66233.24397290917, 27692.279245223588, 144487.2244768441], "optimality": 232087.81402842654, "nfev": 170, "njev": null, "status": 3, "message": "`xtol` termination condition is satisfied.", "success": true, "res_time": 2580.9521720000776, "tension_error": [-1.4940232082988902, -0.07322193230870382, 2.04516701604035, 2.452093315200209, 0.6248826350907553, 1.3816536636961931, -0.9903035530885824, 4.282997303174637, -0.7454049189604853, 2.5997981845732605, -0.32772110402653526, -0.10819472203446813, 0.06590281899303363, -0.2234711788692195, 0.1027032665621145, 0.14861385214148362, -0.029493282860477667, 0.1270086468123247, 0.08910743864828963, -0.2311934827051033, 0.016222470086712234, 0.13241535803484936, -0.09563291461793787, 1.4936041899718266, 1.2675515556484647, 0.29990848331826214, 0.9233182741902851, -0.4295217668983229, -0.6879562574920853, -0.3349557403813849], "git_revision": "018ef57f2e70e762a509d3bbb7a77c8182022b6e", "linregress": [11.236482617061567, 0.053413288936904335, 0.7155483386688841, 8.80449664620255e-06, 2.0730897672296633]}