{"x": [0.0012040842108244798, 0.3292366460510917, -0.0036246641590172548, 0.050316732947482845, 0.303323098139227, 0.11573659217140814, 0.2999232297913831, 0.3279324935925561, 0.07978579249666036, -0.010016251925324508, -0.01780509707074217, 0.0021984339305515816, -0.020832161280260473, -0.005255058011812389, -0.01637129685110534, -0.012708227331755424, -0.005707463882508079, -0.000321411587642481, -0.004007007258989727, 0.001270571556615595, 0.10541235656003169, -0.009419115845822891, -0.0214478719291155, 0.030716282249153383, 0.12818609329180009, 0.06720297252995676, 0.05797889009836596, 0.07044777627772097, 0.09613905752825362, 0.05576798626653169], "cost": 7.5488013415602575, "fun": [1.0762031617390386, 0.7425299876431055, 0.9089164562929231, 0.819026601257731, 1.0962313115034046, 0.6643053734629328, 1.0174518397878047, 0.7059123174717175, 1.0270772030061026, 0.5288923566013969, 0.8034031874436928, 0.5600674413753343, 0.8118444613834147, 0.7208919979523306, 0.883913852593442, 0.9089206182989507, 1.0305349596203228, 1.064598393711782, 0.9797569077332307, 0.692144464680778, 0.0, 0.0, 0.0, 0.0, 0.0, 0.0, 0.0, 0.0, 0.0, 0.0, 0.0, 0.0, 0.0, 0.0, 0.0, 0.0, 0.0, 0.0, 0.0, 0.0, 0.0, 0.0, 4.7621527370302644e-05, 0.0, 0.0, 0.0, 0.0, 0.0, 0.0, 0.0010048835056421961, 0.005644598255153222, 0.0, 0.009040719345453582, 0.00014512176242100348, 0.004387824514013409, 0.0020523665385238326, 0.00018592145767704174, 3.320355541295652e-08, 6.433693799571767e-05, 0.0, 0.0, 0.0008356615401147946, 0.009866261524208879, 0.0, 0.0, 0.0, 0.0, 0.0, 0.0, 0.0], "grad": [-106540.36763065605, 9063.8834319924, 129325.23644939059, 92610.56934094407, 52981.9756582409, 39479.851881792216, 64088.723688632555, -72805.57706149954, 50702.931792742165, -11093.664960973569, 324.53718964710976, -99553.40666604717, -557.4966675751818, -69009.01891177453, -28870.733514226948, -146467.62022005022, -95825.44146934676, -11151.018817111604, -109671.97685603717, -65359.21277135008, 38017.33404922632, 103596.94053334648, 74116.87153485231, -54460.07789994587, -29774.857627533922, -118894.52046797797, 1449.32907448764, -217522.70344918396, 122364.11036548259, -79779.38478311247], "optimality": 217522.70344918396, "nfev": 201, "njev": null, "status": 3, "message": "`xtol` termination condition is satisfied.", "success": true, "res_time": 2354.399891000008, "tension_error": [1.4244535683518715, -3.0532371922131256, 2.802655658375982, 1.9843837412775551, -2.6601378350200156, -0.3129640716466339, -2.608563034586505, -2.226949165641313, 1.5373485299947645, 2.0931092893263252, 0.270097025581937, -0.03334946522454639, 0.31601651908360034, 0.07971737152634854, 0.24834678333029542, 0.1927793142092171, 0.08658020858616464, 0.004875700113562121, 0.06078488299380234, -0.01927412116133884, -0.7631468186879279, 0.9788060062130581, 1.1612779818860632, 0.36996621146611663, -1.1086163507099933, -0.1835239761480965, -0.043597907865705124, -0.23274650143881118, -0.6224741519867231, -0.010059278648827089], "git_revision": "018ef57f2e70e762a509d3bbb7a77c8182022b6e", "linregress": [13.380974068654513, 0.03423922573521698, 0.8469458647395212, 3.6247423786766193e-09, 1.5874595891579493]}