{"x": [0.008766368663308355, 0.0019904239366958965, 0.25404921770340133, 0.09222446197512103, -0.03436291283686763, -0.02017284620991365, 0.4523404779615492, -0.03993169305890477, 0.1089679952565879, -0.024516753580315152, 0.03133835122965363, 0.0011932982392606412, -0.014803650301400089, -0.03550212031311329, -0.0377216729169214, -0.007887713403473506, -0.03607680521553329, 0.032373641386354214, 0.028860938077987706, -0.027124907495772736, 0.2866768265587557, -0.03856880305294508, -0.038505643850016105, 0.056861161099784556, -0.03554566254177566, -7.082482234341652e-05, 0.16776855624044484, -0.04376145979423051, -0.003938883749343604, 0.07815608610754277], "cost": 20.014068095328195, "fun": [1.2492031804363284, 1.9501559495875311, 1.175149884630962, 0.813199553250627, 1.7009573279878687, 1.4153922145491988, 1.2419251075408526, 1.5893412987446325, 0.8860895976099932, 0.8346570699121606, 1.1941084878759296, 1.5509860895784724, 1.8376891953577206, 0.9194591357577564, 1.539964901873897, 1.071192397414422, 1.3798324486122762, 2.3413767792706053, 1.3659994694220248, 1.1495871862030445, 0.0, 0.0, 0.0, 0.0, 0.0, 0.0, 0.0, 0.0, 0.0, 0.0, 0.0, 0.0, 0.0, 0.0, 0.0, 0.0, 0.0, 0.0, 0.0, 0.0, 0.0, 0.0, 0.0, 0.0, 0.040576063500126686, 0.008209213164554191, 0.0, 0.06367268626461796, 0.0, 0.01473631464461527, 0.0, 0.0, 0.0032441912777213594, 0.0447468918526076, 0.053675096635257324, 0.0004907421564403189, 0.046955256227512926, 0.0, 0.0, 0.019957438394529563, 0.0, 0.05737312206222847, 0.05709172546926536, 0.0, 0.044911735809740144, 3.552683192997952e-10, 0.0, 0.08380605590034149, 6.111101404044381e-05, 0.0], "grad": [-89868.01251808238, 129159.64437900326, -85990.5739085513, -52924.175162452055, 177003.31562238798, 20683.30477550498, -1426.2636633390384, 55081.161837887885, 32352.73943070975, 122996.58968515234, -502784.14589875855, -72236.57007734562, 96352.620995347, 123236.82873097878, -29752.685367677564, -97468.65664004438, 5787.536439944628, -92620.78987540219, -38852.85655152682, 76854.26606823842, -50450.332644749695, 111000.43572208047, 54487.55967057862, -28220.436726665794, 3314.7063836590105, 102635.55126859838, -479660.84792159684, 146451.8228305582, 8672.474743650382, 90484.43631666727], "optimality": 502784.14589875855, "nfev": 293, "njev": null, "status": 3, "message": "`xtol` termination condition is satisfied.", "success": true, "res_time": 3296.193503999966, "tension_error": [1.3097363876982038, 1.91097226280109, -1.106166000089128, 1.3486583130877352, 2.462439524872505, 1.7487340426325277, -4.920678785182062, 3.353420446381054, 1.0946648347546308, 2.313076771160204, -0.4753917049787059, -0.018101912265678373, 0.22456613958783897, 0.538554609409061, 0.5722244374380425, 0.11965382274841858, 0.5472723761347223, -0.4910966905133582, -0.43781022363412564, 0.41147525366948295, -3.512864722264673, 1.4209964520166407, 1.4200383492452002, -0.02664235425518329, 1.375136479631268, 0.8369957375195396, -1.7090683148390795, 1.4997672183380357, 0.8956728234577664, -0.34967883542310935], "git_revision": "018ef57f2e70e762a509d3bbb7a77c8182022b6e", "linregress": [10.544234393360524, 0.586630840041465, 0.5863707796351283, 0.0006609237706851023, 2.7527810645266513]}