{"x": [-0.017944394979572596, 0.002889004841355686, 0.12796871231423035, 0.1806021525078636, 0.11727550283831076, 0.049301038620591354, -0.007348613844683546, 0.12893819527575562, 0.06865739142865017, 0.11924449591664545, 0.03761202435346866, 0.038829102908602406, -0.0570900884273312, 0.2140398466472366, -0.006659784302251618, 0.01176344385516466, 0.20225672467377515, 0.13977714829585836, 0.06526336857624265, 0.09037621778381806, -0.010701525512616009, 0.14753256164613504, 0.012003551404384964, 0.03671676450880162, 0.06575118037408471, 0.20413727353060857, -0.009374399124168754, 0.03736479458553453, 0.0026589315179344863, 0.06666663242730954], "cost": 4.691761841069356, "fun": [0.6019219803656438, 0.8085529189566011, 0.7370569110912341, 0.4688064239830705, 0.5869451481984861, 0.637805858219993, 0.693550127849039, 0.6110547978789618, 0.43123594610937493, 0.43952678599633527, 0.47586841966827503, 0.3927766636679987, 0.9271222350648926, 1.0224518427424596, 0.8855630607018988, 0.33966948503041766, 1.127595533798201, 0.7232204788795972, 0.7011436779760185, 0.33691064634163415, 0.0, 0.0, 0.0, 0.0, 0.0, 0.0, 0.0, 0.0, 0.0, 0.0, 0.0, 0.0, 0.0, 0.0, 0.0, 0.0, 0.0, 0.0, 0.0, 0.0, 0.005778118711806406, 0.0, 0.0, 0.0, 0.0, 0.0, 0.00039684076663804285, 0.0, 0.0, 0.0, 0.0, 0.0, 0.1860724804554785, 0.0, 0.00029537959472042543, 0.0, 0.0, 0.0, 0.0, 0.0, 0.0012255670425245291, 0.0, 0.0, 0.0, 0.0, 0.0, 0.000823816185472297, 0.0, 0.0, 0.0], "grad": [-1842.1506020167592, -47639.2045979102, -384.4451548797168, -2803.02006697209, 17931.060405972647, 51824.32100262484, -29039.38917230072, -2338.1658349460367, -2090.6928788546147, -23175.315464600943, 7376.77436637128, -22731.061944562098, -34201.146762457254, 20406.655059862398, 1970.0329239537687, -56772.54319569531, 12515.160741979811, -32219.051684925467, -14336.353471989494, 6436.259371546129, 53620.81612231316, -53305.06414027289, 33885.3499274816, -44409.872723499604, -46829.0571075591, 9452.436469425425, -10803.94490789109, 63136.584235114904, 1486.6318251748735, 1537.0889500222377], "optimality": 63136.584235114904, "nfev": 137, "njev": null, "status": 3, "message": "`xtol` termination condition is satisfied.", "success": true, "res_time": 2246.276991999941, "tension_error": [1.7149292255861448, 1.8973411082710676, 0.8064306768164355, 0.008000003511909774, 0.16213838778267314, 0.6948397800072421, 2.0526421630844687, 0.7917239631591071, 1.706162438507037, 0.132269459141811, -0.5705611075089638, -0.5890237587562499, 0.8660364508638522, -3.246908775938663, 0.10102657255439824, -0.1784472830030828, -3.068162982840415, -2.120369905821748, -0.9900222201465386, -1.3709752611720594, 0.9982597073191035, -1.4020954335400164, 0.6538317204047118, 0.2789410177281186, -0.1615008025868258, -2.26076889390782, 0.9781276693601575, 0.2691106306475106, 0.7955862992478412, -0.17538788647390038], "git_revision": "018ef57f2e70e762a509d3bbb7a77c8182022b6e", "linregress": [-2.043608389051227, 1.1694376630481729, -0.14623473441955467, 0.44065616987201683, 2.6126073471867355]}