{"x": [0.019570371062543123, 0.17541234195187086, 0.38356246407926453, 0.12182474436785774, 0.13026888233629846, 0.04154572127596976, -0.052696836545526725, 0.5705234879222352, 0.14155803758878008, 0.07678137141314136, -0.022052736534104136, 2.482626663487595e-05, -0.0071649319213385534, -0.0003107677867667741, -0.028311655466327863, -0.00021017848825084223, -5.541442833755985e-05, -0.009615735288898275, -0.003559732084963586, 0.004821516414133818, 0.023289002461914222, 0.09593390276611709, 0.07513846511946154, 0.03836829779265551, -0.09489246358192997, 0.09043325639200368, 0.05996826508596127, 0.02269844420804348, -0.01957667019354925, 0.1466536736440665], "cost": 11.873515417571824, "fun": [0.5429725530447511, 0.3990785190414288, 0.747361662731489, 1.0424038060270908, 1.2641653955489691, 1.1950892889266558, 1.211962865892153, 1.0518973136760734, 0.6791300776907139, 0.5437802804153612, 1.000069629109936, 0.6849135846279956, 0.6607979871295905, 1.0006291710689563, 2.0956605764128984, 1.3131922595153531, 1.1668008663933571, 1.0809755374502452, 1.5341371173085259, 0.7937466422229944, 0.0, 0.0, 0.0, 0.0, 0.0, 0.0, 0.0, 0.0, 0.0, 0.0, 0.0, 0.0, 0.0, 0.0, 0.0, 0.0, 0.0, 0.0, 0.0, 0.0, 0.0, 0.0, 0.0, 0.0, 0.0, 0.0, 0.14633682709072304, 0.0, 0.0, 0.0, 0.010724757149560931, 0.0, 0.00036782073231594154, 3.0012901609231495e-08, 0.022693202774521474, 9.284634071847799e-09, 1.7016434723152407e-10, 0.0008890936274309632, 4.51078304225583e-05, 0.0, 0.0, 0.0, 0.0, 0.0, 0.8544667460003394, 0.0, 0.0, 0.0, 0.007502680855619995, 0.0], "grad": [206813.30269494726, -563429.351789905, 22267.38762475252, 85963.21998418761, 525862.049761673, -564617.8418204921, 513225.0064150379, 57736.714586821116, -715102.999786132, -647816.7889843861, -522737.7191727078, -44200.397375740446, 9092.481351515458, -558790.2337736986, 255373.44664801704, 41669.00531729829, -639344.5672443113, -670017.9117332776, -334356.03504546254, 138478.45492957009, 668123.1874724118, 33703.92987927727, -32490.85575149831, -1085.8737776184382, -651870.6279070734, 670582.8715899802, -613640.2813130708, 9674.669099192623, -297444.1978043304, -145734.1023828962], "optimality": 715102.999786132, "nfev": 228, "njev": null, "status": 3, "message": "`xtol` termination condition is satisfied.", "success": true, "res_time": 4338.5218609999865, "tension_error": [1.1458434922638636, -0.7197769007956253, -3.0708361437337373, 0.8996324976766479, -0.034966583940882624, 0.8124852013662949, 2.7405586635259045, -5.906968754474684, 0.6002854184256412, 0.7764200402783984, 0.33453221401366734, -0.000376605684750955, 0.10868948328457217, 0.004714237418582552, 0.42947780067547797, 0.0031883333346800053, 0.0008406172799188471, 0.14586730361512334, 0.053999876787932305, -0.07314069881663095, 0.482635419094004, -0.6193620268004976, -0.3039025922509405, 0.2538878418961537, 2.2754064627187867, -0.5359191666732447, -0.07377602286174988, 0.4915939789473765, 1.1328925133299443, -1.3887630133776776], "git_revision": "018ef57f2e70e762a509d3bbb7a77c8182022b6e", "linregress": [11.944300032545584, 0.059976421415222525, 0.6060883957348493, 0.0003855343340702652, 2.9623053909578783]}