{"x": [0.19775112340106618, 0.030521934015903526, 0.6190046938352579, 0.41491826033033957, -0.005547459366740717, -0.004066857335663792, 0.1458466957170438, 0.17510846591579754, 0.38925210239626434, -0.016014781410090564, 0.011101676854997663, 0.015260915282003969, -0.01865620928660343, -0.0020014040024554586, 0.04700099600915718, -0.018527241657549914, -0.00669440393954038, 0.05527800057184206, 0.03678081990607649, 0.027614092592622003, -0.006165692037231033, 0.0029812309996302237, 0.05409173862378587, 0.02564900190102373, 0.027377609021985383, 0.004572141768602307, 0.09327138499489032, -0.01501644276843393, -0.020095397133041447, -0.023458145763594448], "cost": 8.106221842094874, "fun": [1.0311399565589605, 0.9507431150360574, 0.7895170245259726, 0.41950786781818383, 0.9371537396628984, 0.9547574579703151, 1.0185979421882967, 0.4546239887238295, 0.5985589090057319, 1.0365011588860287, 0.7521460035672025, 0.7880837303371795, 1.1710505975134347, 0.8955641578668595, 0.5736840858271319, 1.0831554302169282, 1.028342688161396, 1.0490763930643177, 0.4672403504912739, 1.31911563236969, 0.0, 0.0, 0.0, 0.0, 0.0, 0.0, 0.0, 0.0, 0.0, 0.0, 0.0, 0.0, 0.0, 0.0, 0.0, 0.0, 0.0, 0.0, 0.0, 0.0, 0.0, 0.0, 0.0, 0.0, 0.0001707192088884025, 6.726308979767422e-05, 0.0, 0.0, 0.0, 0.00410736261370319, 0.0, 0.0, 0.006493370971173949, 8.016859859570475e-06, 0.0, 0.0063596365790944106, 0.0003000100078121, 0.0, 0.0, 0.0, 0.00023439345822711888, 0.0, 0.0, 0.0, 0.0, 0.0, 0.0, 0.003386111039546966, 0.008115023464601677, 0.012908656420801717], "grad": [4554.124788812948, -6225.931945603292, 1501.0613662647486, -137.32223037529513, 17988.131690670067, -1448.3071137700092, 7421.4818872079895, -3090.0501241557404, 13257.79378494274, -2974.493832946845, -982.6836166583113, 6865.766399225706, 2781.5476191498365, -2052.665442785739, 1260.7714943489102, -2518.007247750694, 1348.144502219685, 2262.0855686387877, -4633.444173079106, -6151.185972386365, 6992.8335564636, -2653.0552546663585, -4541.382260157091, 5308.389612215815, 562.0315968816558, 2958.0835547355528, 3314.887699692248, -13908.318235765833, -8788.791543918362, 5142.290565723295], "optimality": 17988.131690670067, "nfev": 200, "njev": null, "status": 3, "message": "`xtol` termination condition is satisfied.", "success": true, "res_time": 2324.92509299994, "tension_error": [-1.557095505000519, 1.478159345402386, -6.642411502228658, -3.5464924835177696, 2.0253192866534633, 1.5044118874818553, -0.2712765036505444, 0.09133728620691282, -3.1571459447953614, 2.184104860159982, -0.16840851165220375, -0.23150268762648113, 0.2830080968907437, 0.0303605908972711, -0.7129884870059113, 0.2810517035689151, 0.10155174020842837, -0.8385477189621863, -0.5579520300072177, -0.4188960185826445, 0.9294527176481736, 0.7906971300955054, 0.015368805267005643, 0.44683506224416925, 0.4206127035613454, 0.7665635763744347, -0.5789725738415971, 1.063715476068811, 1.1407614175481802, 1.1917731249982109], "git_revision": "018ef57f2e70e762a509d3bbb7a77c8182022b6e", "linregress": [14.708389310208316, 0.14463240350685236, 0.6792247963263908, 3.674650933409474e-05, 3.003498245786795]}