{"x": [0.17451473725970462, 0.19295365577888568, 0.07767555911876713, 0.031665465282703045, 0.054954381312358275, 0.1394129111808091, 0.27520081335854185, -0.013147719852210785, 0.3078871333740128, 0.010193483571603226, -0.015711415130517426, 0.004149679233067904, 0.00474177307978753, 0.0024370502036992476, -0.02683388083068156, 0.005108360914436969, -0.010358907427764283, 0.01906935419710502, 0.0055823100596385225, -0.016033699574172118, 0.11972597019409008, 0.037613831092814215, 0.06508595985864893, 0.10904662431771997, 0.02982593005858832, 0.1477756093435956, 0.05221826988023836, 0.048750803991566116, 0.12188616703798856, 0.06317413329310137], "cost": 6.44597987066712, "fun": [0.8412879041336953, 0.4486311433405105, 1.1430831409935849, 0.7411788397548628, 0.71543141155301, 0.9154387771208404, 0.4057508372861714, 1.1775148433205684, 0.4699198101750825, 0.25640316716813377, 0.9699597224227339, 1.0488934445489924, 0.7778380091034576, 0.7853642840494529, 0.8559105389123538, 0.9598047328603329, 1.024257586304159, 0.7928855107038986, 0.3988548687018315, 0.43060725176007614, 0.0, 0.0, 0.0, 0.0, 0.0, 0.0, 0.0, 0.0, 0.0, 0.0, 0.0, 0.0, 0.0, 0.0, 0.0, 0.0, 0.0, 0.0, 0.0, 0.0, 0.0, 0.0, 0.0, 0.0, 0.0, 0.0, 0.0, 0.0022727482135233706, 0.0, 0.0, 0.003878340285426315, 0.0, 0.0, 0.0, 0.019321928034397626, 0.0, 0.0011115828970762378, 0.0, 0.0, 0.004121935822977859, 0.0, 0.0, 0.0, 0.0, 0.0, 0.0, 0.0, 0.0, 0.0, 0.0], "grad": [70216.44737067027, -84506.98539370588, -47476.205297099936, 28300.946132905592, -54738.55434875062, -40981.29177917267, 8284.738330898004, 41454.587809042845, 51856.52136553733, -9571.765890899344, -43379.58998433978, 71594.35068933191, -22504.994243737332, -56544.43124230856, -16439.671185083032, 30205.471779091553, -23048.095682140658, 63332.0429321417, -28371.89772694716, 4816.792149580291, -50516.05932762541, -23169.4889728458, -57555.53735348338, -33434.750467233665, 10545.171549734532, 5103.899235605398, -167.51161616292575, -59496.38781998253, -23004.021500678457, -57232.54675315273], "optimality": 84506.98539370588, "nfev": 169, "njev": null, "status": 3, "message": "`xtol` termination condition is satisfied.", "success": true, "res_time": 1751.0752589999465, "tension_error": [-1.2046077450563104, -0.9858724278602535, 1.5693600240286427, 2.267316875512897, 1.1075277607364569, -0.6721254576115862, -2.2335327206725757, 2.947117045301489, -1.9228681404025467, 1.7865347492477104, 0.23833661100387984, -0.0629491663829528, -0.07193102063676239, -0.036969189698755345, 0.40706048208504025, -0.07749202844031093, 0.1571409621301852, -0.2892753590695139, -0.08468166935534949, 0.24322555203445145, -0.9802792753394032, 0.26533283490675685, -0.15140964263069537, -0.8182773752706798, 0.3834725393135032, -1.4057823811538268, 0.04378866353244666, 0.09638889475366079, -1.0130486974824158, -0.12240790977120689], "git_revision": "018ef57f2e70e762a509d3bbb7a77c8182022b6e", "linregress": [11.061031136112128, 0.05904826840376043, 0.8611316734260653, 1.018175460918358e-09, 1.234062589506378]}