{"x": [-0.07611890085012721, 0.2717950336088334, -0.05965192390235279, -0.06187778160701325, 0.12387766202498528, -0.017041306713315302, 0.30054263343228854, 0.355905515154626, 0.2137115758438004, 0.14392930501440301, 0.04089137798868432, 0.010285203221026336, 0.05133503610754174, -0.008606483250068478, -0.03811410846502824, 0.00455969622395925, -0.0014524462555306986, -0.03321833136916393, -0.04493705188604466, 0.060013768920470736, 0.02561358737812366, 0.03719584072019566, -0.02578215854631672, 0.012394238919726375, 0.08468928469017029, 0.022925555623189788, 0.04941335253683863, 0.003240808494270239, 0.03431891028961445, 0.04480306641763773], "cost": 13.506149237191618, "fun": [1.3261469314277334, 1.0448548868662455, 1.4750890889089783, 1.6101287934353505, 1.2095318615114474, 0.6043612505986462, 1.3976681585811708, 0.9345898494149985, 0.7103053102738811, 0.8144120637878389, 0.6987193695079206, 1.0718953750798061, 1.4232564648227009, 1.2978506777500691, 0.9536196649854273, 1.194943201031564, 1.5170701474877974, 1.3869324935711955, 0.8950204953795501, 0.7424416967163713, 0.0, 0.0, 0.0, 0.0, 0.0, 0.0, 0.0, 0.0, 0.0, 0.0, 0.0, 0.0, 0.0, 0.0, 0.0, 0.0, 0.0, 0.0, 0.0, 0.0, 0.44103953894192727, 0.0, 0.2122625442281205, 0.23692135401087835, 0.0, 0.004948900009396532, 0.0, 0.0, 0.0, 0.0, 0.0, 0.0, 0.0, 0.0006374955882370128, 0.05536780372084338, 0.0, 3.06408080252131e-06, 0.03665501818069572, 0.09074312489107343, 0.0, 0.0, 0.0, 0.017137908676403683, 0.0, 0.0, 0.0, 0.0, 0.0, 0.0, 0.0], "grad": [1616.7723284596432, -125734.0043926567, 130699.23790385883, -94177.1159960703, -207053.42244951043, -215135.70619623386, -158010.79293272085, 123439.23234580708, 67963.125058684, -102870.55051220338, 5027.317978593113, 86484.3710317026, 35882.58808098099, 183663.05399456434, -17707.814834410397, -72050.81641150078, -165189.12010760527, 140671.9124255485, -135266.90738581074, 8123.446861160892, -169496.62537071493, -177272.61496949696, -173508.84274110536, 223218.2048190807, 34720.84859163346, -80343.2772206593, -34382.60615226225, 149217.40595508958, 44422.09089283587, -28540.518233604955], "optimality": 223218.2048190807, "nfev": 141, "njev": null, "status": 3, "message": "`xtol` termination condition is satisfied.", "success": true, "res_time": 3141.8019360000035, "tension_error": [2.59741590554676, -2.1818682463634165, 3.6525693739854384, 3.6863348481644773, 0.061985967851782085, 1.7012296959747697, -2.617959168759685, -2.6512900097510457, -0.49425823895870785, -0.24219036479917375, -0.6203077423733444, -0.1560228953803269, -0.7787343425143375, 0.13055730711988542, 0.5781775459133931, -0.06916897912746105, 0.02203309602176246, 0.503910338818071, 0.6816791845963192, -0.9103876499509124, 0.4473722880318023, 0.27167360103218696, 1.2270275769977539, 0.6479051289682006, -0.4487851473793331, 0.4881487791002203, 0.08633826763993364, 0.7867594313044389, 0.3153156182039449, 0.1562746775865012], "git_revision": "018ef57f2e70e762a509d3bbb7a77c8182022b6e", "linregress": [11.355913573889998, 0.22519489655303182, 0.6659923133966351, 5.893414424025059e-05, 2.4037459944797073]}