{"x": [0.17297397346135668, 0.27959387776951167, -0.002797419478139644, 0.25060426867476665, 0.1564309754801252, 0.1040683560064603, 0.1858099860925875, 0.051548293880049514, -0.0492977251546713, -0.05452448378896537, 0.004535163886722254, -0.008581595539743218, -0.019109018203998265, -0.009071040989155815, -0.005488908683450287, -0.006262265437231203, -0.005051074400182309, -0.00955234556408988, 0.010669219177700999, 0.005387021855525479, 0.05012381660840941, -0.025270759529768583, 0.06860962975638696, 0.02397520655973967, 0.027872030600024758, 0.14564358328349022, 0.042801289852286296, 0.04260170305427782, 0.06073597422362547, 0.07543422191847805], "cost": 14.302407534118014, "fun": [1.605740485486599, 0.9616643371064483, 0.6746362395240745, 1.151784661364047, 0.9592686756483365, 0.8717415374689438, 0.5336244872197354, 1.1507526894515867, 1.093214344161624, 1.6193694781359436, 1.4627475920975297, 2.0095576115271037, 0.8749785570225287, 1.155407121663401, 1.092288612820606, 1.0857336401004354, 1.0336119542593947, 1.1497048977530175, 1.17907336170985, 1.3196720456881768, 0.0, 0.0, 0.0, 0.0, 0.0, 0.0, 0.0, 0.0, 0.0, 0.0, 0.0, 0.0, 0.0, 0.0, 0.0, 0.0, 0.0, 0.0, 0.0, 0.0, 0.0, 0.0, 2.1891362045042293e-05, 0.0, 0.0, 0.0, 0.0, 0.0, 0.1198065707988902, 0.1620968919482434, 0.0, 0.0006319811512074493, 0.006977745453829846, 0.0007463995830938865, 0.00016537049144418596, 0.000245580803538577, 0.00012886984216137489, 0.0008716257965624975, 0.0, 0.0, 0.0, 0.016138192272115007, 0.0, 0.0, 0.0, 0.0, 0.0, 0.0, 0.0, 0.0], "grad": [51514.84575021338, -46573.9252456759, 131917.6650990573, 151549.55092197907, 18483.527690084222, -4893.614930256621, -5582.514430781229, -21700.42802088789, 278182.4872020847, -12184.469976230144, 7543.670350208302, 3775.227591470003, 23538.276535905854, 9606.577622853372, -39859.24947299354, -12945.928922541494, -39640.40955356337, 52550.66597748922, 42700.429002089295, 5968.611929019484, 587.0773560076847, -17168.79228793983, -6642.385150186055, 26755.338046388166, 214.33802054284797, 84006.5486993358, -44960.493064838716, 3745.8510545471554, -90749.74869350245, -22277.912343432516], "optimality": 278182.4872020847, "nfev": 230, "njev": null, "status": 3, "message": "`xtol` termination condition is satisfied.", "success": true, "res_time": 3258.2348169999896, "tension_error": [-1.1812349031445442, -2.3001739541282804, 2.7901066491318436, -1.0539073416713323, -0.43183628440192257, -0.1359610556328251, -0.8775054851616053, 1.9657013974864743, 3.495499840866829, 2.7682834258400044, -0.06879683224772436, 0.1301797693560816, 0.2898770480264436, 0.13760448372555215, 0.08326480351106513, 0.09499635195924334, 0.07662301227911479, 0.144905703908299, -0.16184828163133852, -0.08171921636491641, 0.07556077893814916, 1.2192698347789737, -0.20486246879223108, 0.47222594561411224, 0.4131125030804728, -1.3734402998380277, 0.18664092013114306, 0.1896685812707217, -0.0854218989707831, -0.3083891182941633], "git_revision": "018ef57f2e70e762a509d3bbb7a77c8182022b6e", "linregress": [11.962250478859513, -0.02861094919159468, 0.7777123211487503, 4.261084736228483e-07, 1.8272725641300602]}