{"x": [0.0667767699934064, 0.27449420412017494, 0.15342778412874022, 0.08210237868336784, -0.041790087606359966, -0.03816521892667856, 0.29767291061995665, 0.1675311338494886, 0.36431997373355823, -0.03402823782973793, -0.005619861987600055, -0.02952164471932145, -0.006369941138667615, -0.0011850728188099416, 0.005439436703212206, -0.0004145729375625461, -0.008510644079548102, 0.003272385708365326, 0.005838994823929519, 0.03600380734202275, -0.045588961255049035, 0.0362776682501472, 0.03430547115171665, 0.015313990803741337, 0.06099749268717231, 0.04997133109747141, 0.0942063133453054, 0.07211108718398677, 0.09980997885463908, 0.11432818739787083], "cost": 14.539355148448625, "fun": [2.1614666265048794, 0.9256008068187197, 0.7806082888661143, 1.1307885800062727, 1.2938394501754789, 1.6060230030501175, 1.3928537330457238, 0.7272414626086146, 0.6903724982993511, 1.0927163649239704, 1.7513566301223564, 0.4988313646444251, 0.8443124871930382, 0.8245931543733171, 1.317742590010704, 1.444028945061158, 0.943315056609756, 1.0290038543751927, 1.032509078212987, 1.305437135590669, 0.0, 0.0, 0.0, 0.0, 0.0, 0.0, 0.0, 0.0, 0.0, 0.0, 0.0, 0.0, 0.0, 0.0, 0.0, 0.0, 0.0, 0.0, 0.0, 0.0, 0.0, 0.0, 0.0, 0.0, 0.0729826863282809, 0.05559084479188664, 0.0, 0.0, 0.0, 0.039402010148300165, 0.00017749125120460245, 0.025728925422816785, 0.00025846768783501525, 1.6643134058312257e-06, 0.0, 7.12529495032351e-08, 0.0006164349945069378, 0.0, 0.0, 0.0, 0.09474997209416333, 0.0, 0.0, 0.0, 0.0, 0.0, 0.0, 0.0, 0.0, 0.0], "grad": [6244.960163346909, -8063.844391583916, -7812.38431511745, -8333.718873544321, 29674.281003813332, -13169.793826801742, -34850.04783848932, 5480.824944288257, 10940.171489910073, 21399.068239043696, -27385.008343666224, 8020.144206326099, -7563.493268543749, -8594.314958896324, -4468.361097790525, -15596.122913134928, 15800.682809938218, -23638.484565612955, 5817.8229220533985, 8921.206686110692, 41906.531549277264, 23551.587467080695, 21206.338289004027, -4942.46054984101, -6434.1159441448035, 21604.269536282918, -28003.957266767422, -24546.09481191665, 2303.9366478193815, -19653.848188105556], "optimality": 41906.531549277264, "nfev": 170, "njev": null, "status": 3, "message": "`xtol` termination condition is satisfied.", "success": true, "res_time": 2025.8856309999246, "tension_error": [0.429739115578821, -2.222813708427187, 0.420225561289401, 1.502206736830263, 2.575107139418314, 2.021671973532403, -2.5744264886077106, 0.20628273384054208, -2.7789343705215694, 2.4573626233760857, 0.08525131882184657, 0.4478329097165125, 0.09662975426926015, 0.01797713554645759, -0.08251433106719898, 0.00628892484424643, 0.12910346079773702, -0.049640933878349947, -0.08857548645006914, -0.5461650242101208, 1.5274897691813463, 0.2856019526803688, 0.3155194851729459, 0.6036135254921615, -0.08938904157371955, 0.07787393021079085, -0.593155106269027, -0.25797833963747047, -0.678160730243647, -0.8983968193098949], "git_revision": "018ef57f2e70e762a509d3bbb7a77c8182022b6e", "linregress": [9.467220281010135, 0.1781078979688464, 0.6477006374436627, 0.00010912938798122513, 2.104574120654971]}