{"x": [0.137284388758361, 0.2206997496354138, -0.042399063870807, 0.11470897984644915, 0.18098293373898916, 0.09386336607077247, -0.0067706474386820936, 0.27423497902951643, 0.24679499673228972, 0.31874317414138825, 0.024568662236780045, 0.015432702559641513, -0.03409420955689916, 0.013087936441354912, -0.0029135176552502417, 0.04189445539148984, -0.01028044636293554, 0.008458505399013258, -0.0014842807751031712, 0.05849348334468287, 0.0673605903723328, 0.04052675233362787, 0.09881689846869006, 0.12854515605190067, -0.04407924999872817, 0.05839994762867276, -0.02957894854170815, 0.10170256364865835, 0.009453014871768474, -0.04667085734030994], "cost": 17.590170727482587, "fun": [0.7313375181875303, 0.996693267161221, 1.4709460882150267, 1.5763968000968864, 1.5923525640900924, 1.0665264667649421, 0.6680911066811406, 1.4889489989970126, 1.3404373093028672, 1.0958337755746113, 0.5543002885563169, 1.3803353782417727, 1.4852958121048891, 1.5437665491852477, 1.946139960396271, 0.9796674624703736, 1.551437864512591, 1.4705324035176415, 1.1975170569304678, 1.4460570972033155, 0.0, 0.0, 0.0, 0.0, 0.0, 0.0, 0.0, 0.0, 0.0, 0.0, 0.0, 0.0, 0.0, 0.0, 0.0, 0.0, 0.0, 0.0, 0.0, 0.0, 0.0, 0.0, 0.07621997530461531, 0.0, 0.0, 0.0, 0.0003103777634908707, 0.0, 0.0, 0.0, 0.0, 0.0, 0.03963162487441995, 0.0, 2.4731642636934377e-05, 0.0, 0.001086515470907188, 0.0, 3.2700032709608634e-06, 0.0, 0.0, 0.0, 0.0, 0.0, 0.08564511352457116, 0.0, 0.02587904200653378, 0.0, 0.0, 0.10165701115615035], "grad": [61253.13487937229, -64085.82684582916, -93945.34456814025, -43439.64491451173, -35747.082340039815, 61871.98512496429, -22592.945695415452, -51414.73799670092, -7626.599670655658, -21186.305291199904, 101687.43694851847, 81786.6066560229, 183851.66597462186, -88317.0834270425, 6614.504835590238, -80220.37763897085, -38379.58488378508, 49644.707116213074, 37251.2791251044, 176971.30835719494, -72468.71491999456, 36833.73544553011, 52340.426576749014, -28315.253352490243, -144362.51480821098, 285901.4690261477, -12090.233454614825, -110094.58970544858, 61771.97131688835, -128099.46813282283], "optimality": 285901.4690261477, "nfev": 141, "njev": null, "status": 3, "message": "`xtol` termination condition is satisfied.", "success": true, "res_time": 2638.820464999997, "tension_error": [-0.6398365252399456, -1.4067708589325603, 3.39084958898301, 1.0075761288929097, -0.8042808081011474, 0.01884503257728501, 2.0438746171100184, -1.4123768604752616, -0.9961220334976172, -2.894054934482229, -0.3726979171366541, -0.23410863987365893, 0.5171971011614296, -0.19853936711326522, 0.04419703243048637, -0.6355240718238264, 0.15595073552540814, -0.1283125354534788, 0.022516014425025977, -0.8873254554330193, -0.18591498307354412, 0.2211448498723446, -0.6630960520033159, -1.1140632057939666, 1.5045879833500357, -0.04998520168852969, 1.2846235384485687, -0.7068705722341293, 0.6925224575773717, 1.5439017501695258], "git_revision": "018ef57f2e70e762a509d3bbb7a77c8182022b6e", "linregress": [8.274825382946572, 0.31376984651137674, 0.6314422181167554, 0.00018260472175610088, 1.920369713548599]}