{"x": [-0.018434816764183903, 0.15062623528786476, 0.19141975916329226, 0.21370975750195031, 0.5213725826541268, 0.04757779058261238, 0.07606771332945769, -0.06408659406993629, 0.11262427667047685, 0.08003740930615441, 0.15654284791902862, 0.07880857241636695, -0.046791822585113656, 0.27695448548213464, -0.07312920854495705, 0.06596733922697369, -0.08615091918047481, -0.031097440268321168, 0.39317546384167007, -0.045535536096647455, 0.050281047545966406, -0.002424298136289547, -0.04226701780404339, 0.1269537870907658, 0.003502646589746683, 0.15939497851781537, 0.08706541992591516, -0.042847527919857166, 0.14836911365075514, 0.05379516939488877], "cost": 15.827420960585675, "fun": [0.8169794604831511, 1.6784099299057873, 1.2010718252254562, 0.9035075289076714, 1.0674577125945093, 0.573291352901352, 1.0916619057300956, 2.135637084541674, 1.1127339303910349, 0.88446774435194, 1.066619911585631, 1.0365747707367639, 1.8202691642784992, 1.020429950024708, 0.9721604212248858, 0.4507171119102192, 1.322618257138044, 2.102851377513846, 0.9961009060042135, 1.0621982531134182, 0.0, 0.0, 0.0, 0.0, 0.0, 0.0, 0.0, 0.0, 0.0, 0.0, 0.0, 0.0, 0.0, 0.0, 0.0, 0.0, 0.0, 0.0, 0.0, 0.0, 0.006264933647081601, 0.0, 0.0, 0.0, 0.0, 0.0, 0.0, 0.26320950829903167, 0.0, 0.0, 0.0, 0.0, 0.10244950988447521, 0.0, 0.3910863153370771, 0.0, 0.6394104745763518, 0.03007280421707469, 0.0, 0.09441725323126218, 0.0, 1.4248137016564566e-05, 0.07551006086893577, 0.0, 0.0, 0.0, 0.0, 0.07866423278466092, 0.0, 0.0], "grad": [-89370.91695409981, 196353.71989407935, -105434.62996068283, -193480.2266639032, 20479.92299688459, -247364.41104463657, 119026.44566565784, -332457.98743134516, 97089.37115519328, 99415.10143725068, -291382.9263094956, 194030.49785183527, 258584.11097381054, -96761.69093275807, 199625.2902472957, -164831.62538030802, -36268.46910514125, 111164.5248897746, -200614.32523599488, -281235.7230613396, 226813.71606477012, 48752.701671924326, -63316.39026463364, 169433.79964275248, -18961.898575860836, 26663.222944925015, -25347.236333522553, -83452.73642744299, -56213.80144685444, -149235.12531898098], "optimality": 332457.98743134516, "nfev": 170, "njev": null, "status": 3, "message": "`xtol` termination condition is satisfied.", "success": true, "res_time": 2360.909811999998, "tension_error": [1.7223687506152876, -0.3437804285997216, -0.15609926367758709, -0.49423065535591987, -5.967871399355712, 0.7209808432965213, 0.7872459810143355, 3.719841752054609, 1.0392003387927025, 0.7270270969773459, -2.3746996397191062, -1.1954981719811615, 0.7098154001398037, -4.201301596564799, 1.109344230625458, -1.0007012059506586, 1.3068789756857058, 0.471737170896277, -5.964332735368061, 0.6907579784102094, 0.07317564122197302, 0.8726970953586866, 1.477097061873819, -1.0899227014598314, 0.7827874399981721, -1.5820441022006748, -0.4848302785575128, 1.4859031950265091, -1.414785631593684, 0.0198676555841916], "git_revision": "018ef57f2e70e762a509d3bbb7a77c8182022b6e", "linregress": [-1.5198531096946646, 1.5664178921481555, -0.062364563515481586, 0.7433735370650718, 4.5966189992006345]}