{"x": [0.03226420595212385, 0.01400082563056549, 0.2366575222199765, 0.05078907225606707, 0.2500915528756296, 0.05276928879688583, 0.01046180732592623, 0.4876273906052742, 0.4244483449859301, 0.4042948422521027, -0.009747347108323536, -0.04418491086333303, -0.03739367789336993, -0.016035935067089634, 0.41583763445620386, -0.011196647142522501, 0.012742912263527315, -0.01096875287173758, 0.03912741416629638, 0.00957776362785852, 0.07097208303437329, 0.10718733022662501, 0.0555389754470342, 0.05931780324986401, 0.08496471882205743, 0.08383633004737957, 0.00010633671713794479, -0.0161893094979216, 0.04903620552597962, -0.016814848881197348], "cost": 5.285925040935342, "fun": [1.1834536344888025, 0.7858251552425372, 0.5841933034251018, 0.4243777826411366, 0.45829286720274576, 0.4960840667658153, 0.7343693779703564, 1.1430295721444128, 0.8112035338365821, 0.41274341904891576, 0.8072669655403554, 0.3944845359371629, 0.5459252390000144, 0.5309746890353159, 0.9344532327916463, 0.9488934396023914, 0.38695080587688957, 0.6360207748548905, 0.5943030462801111, 0.907456967197598, 0.0, 0.0, 0.0, 0.0, 0.0, 0.0, 0.0, 0.0, 0.0, 0.0, 0.0, 0.0, 0.0, 0.0, 0.0, 0.0, 0.0, 0.0, 0.0, 0.0, 0.0, 0.0, 0.0, 0.0, 0.0, 0.0, 0.0, 0.0, 0.0, 0.0, 0.0009261030092929995, 0.08626248196432951, 0.052287099154663084, 0.004123660161723078, 0.0, 0.0014036666303559257, 0.0, 0.001319689482571389, 0.0, 0.0, 0.0, 0.0, 0.0, 0.0, 0.0, 0.0, 0.0, 0.004243116707022015, 0.0, 0.004754215960620788], "grad": [-561.2936522212624, 11206.12634820466, -8084.182055982769, 81.53132958545359, 101495.16045148441, 11790.657373501766, 107679.87520676292, -23.321042110133533, -100868.86564374909, -15999.663370346712, 4151.271313609378, 102810.28874946403, -98997.16130268197, -109761.408235493, 5787.735006872995, -96727.03579755082, 97252.62549321738, -93746.69891997064, -5353.236536143529, 3775.2964117604142, 1674.4349295630186, 11445.106103938328, 2802.7372340422035, -26075.1119931165, 103439.6883593127, 2239.404923660916, -747.7316567051812, 4156.51875116552, -96234.95142413344, -23594.32142209481], "optimality": 109761.408235493, "nfev": 261, "njev": null, "status": 3, "message": "`xtol` termination condition is satisfied.", "success": true, "res_time": 2128.4151319999946, "tension_error": [0.953282506312381, 1.728778716724387, -0.8423401303824792, 1.9772185210146638, -1.8526341193310008, 0.6422276514201711, 1.7824643727904703, -4.6494642753525905, -3.6910604973169643, -4.191843483371834, 0.14786380836974236, 0.6702694712852701, 0.5672488689300503, 0.2432594636714019, -6.308109848848343, 0.1698491773266005, -0.1933054723574641, 0.16639210183627257, -0.5935490350341955, -0.14529128694627316, -0.24070004950999838, -0.790072541469912, -0.006585265509410026, -0.0639087468516049, -0.4529633857495528, -0.4358461271056025, 0.8343082596208617, 1.0815074495570762, 0.09205945441220496, 1.0909966607720365], "git_revision": "018ef57f2e70e762a509d3bbb7a77c8182022b6e", "linregress": [11.00264430887428, 0.49487344474555994, 0.4490099198259085, 0.012811346716110365, 4.137801867122365]}