{"x": [0.05845635256898291, -0.006631375488124694, 0.3684386879152792, 0.3258294079530332, 0.42289455573321383, 0.0541057365484417, 0.300644941151614, 0.24569931130901476, 0.1755970130584216, 0.0884925241654184, -0.002785596255439849, -0.006535273973107071, -0.0010235932304202338, -0.0006901469323357363, 0.001578635515689406, 0.0018522612664744675, 0.00026000555825339506, -0.006227876406758889, 0.0012570151766605239, -0.0015767195832239048, 0.10066536003662135, -0.0011281352862179842, 0.07770194953238443, 0.05074283129610479, 0.09233460170959348, 0.09259338250375211, -0.019162648120752065, -0.004608413264631504, 0.04771112628911378, 0.018070986230513838], "cost": 8.541102698476827, "fun": [0.9317653351750508, 1.078995821206423, 1.2566439121508843, 0.9530734168522361, 0.43034640071266256, 1.1361788339924406, 1.146673137724894, 0.3733613509908304, 0.8612976066515395, 0.9369855681443041, 0.6873609548237387, 1.2322714839398012, 1.0975887243066973, 0.7077271140059819, 0.8073610802393044, 0.660256539629019, 1.2875715122604487, 1.0233285873037117, 0.6448674908986889, 0.3269511260301419, 0.0, 0.0, 0.0, 0.0, 0.0, 0.0, 0.0, 0.0, 0.0, 0.0, 0.0, 0.0, 0.0, 0.0, 0.0, 0.0, 0.0, 0.0, 0.0, 0.0, 0.0, 0.00029161567121568276, 0.0, 0.0, 0.0, 0.0, 0.0, 0.0, 0.0, 0.0, 2.1614963669633e-05, 0.0002791202829180602, 1.072462745773777e-06, 3.287189081477646e-07, 0.0, 0.0, 0.0, 0.00024155718283942542, 0.0, 3.919795275155689e-06, 0.0, 1.4357656219952154e-06, 0.0, 0.0, 0.0, 0.0, 0.00703666011897225, 9.787105144002444e-05, 0.0, 0.0], "grad": [-628.159017227538, 5794.9584084332855, 1866.1938294551746, -6343.139824847405, 788.1278487037403, 48.38862640962111, -3390.4475727668505, -1935.2245591735848, -2757.105189542153, -2277.6637661808795, 327.60528399864006, 3363.2533921210643, 2341.8093909758886, -4576.829557363674, 7706.619846274806, -567.2486347239886, -1682.4267575634703, -3860.5897460524898, -4680.563821479801, -2596.8341280212762, -3724.026308984855, -2328.1105907510355, -5621.416905501719, -613.6584592348383, -295.01947218079044, -622.4061197564828, 600.9204107211904, -1756.5935856459869, -1447.6837780038381, -3909.0618008106103], "optimality": 7706.619846274806, "nfev": 109, "njev": null, "status": 3, "message": "`xtol` termination condition is satisfied.", "success": true, "res_time": 975.8606479999144, "tension_error": [0.5559569052942033, 2.0417619108752203, -2.841413808026742, -2.1950461002706314, -4.473994558873662, 0.6219542116794766, -2.619511140679528, -0.9795008731285255, 0.08392619883372773, 0.5987659948127594, 0.04225651003626476, 0.0991377948958124, 0.015527547299734398, 0.010469284884983257, -0.023947342470059488, -0.028098148338515722, -0.003944192364691544, 0.09447468252906195, -0.01906847567179304, 0.0239182784521498, -0.6911365602587396, 0.8530347633262815, -0.3427897441886789, 0.06617054504760825, -0.5647619027080302, -0.5686875158345563, 1.1266119449093683, 0.9058293494177251, 0.11216043780566015, 0.5617908799117622], "git_revision": "018ef57f2e70e762a509d3bbb7a77c8182022b6e", "linregress": [10.92695411681016, 0.05187125505196066, 0.6496507770637556, 0.00010238840552257985, 2.4164996066139124]}