{"x": [0.1297573861496512, 0.004098665166877729, 0.07564451943593298, 0.10586950838341427, 0.19907544702498572, 0.19744753915829555, 0.07437787960088378, 0.29445931170680734, 0.4007399365203661, 0.006286170281949977, 0.04071504630879705, 0.012351021596143008, 0.0252635885531511, -0.01778290054758252, -0.007264781056293026, -0.0037215222339558466, -0.010592799869488186, -0.008605608906061104, -0.010646618334779681, -0.009671017967373779, 0.05910292581692772, -0.005037068857200992, 0.043269052605582704, 0.03411988897754483, 0.05866965307032993, 0.016324777331688876, 0.0501959758689673, 0.044370654370132774, 0.08119102523952924, -0.014759338370389419], "cost": 8.575001982884338, "fun": [1.0163526051275256, 0.8841419970738214, 0.8456761249615582, 0.6328980778025486, 1.1520067661561888, 0.7118948646989519, 0.8823376003961904, 0.37798427135068213, 0.7002608279017707, 1.1050584027552393, 1.0189406473322837, 0.9625055392743034, 0.6595377747336928, 0.3303160218913067, 1.095946412053995, 1.368974162047749, 1.049368458016179, 0.9733339350872382, 0.9618037817840244, 1.09323415008194, 0.0, 0.0, 0.0, 0.0, 0.0, 0.0, 0.0, 0.0, 0.0, 0.0, 0.0, 0.0, 0.0, 0.0, 0.0, 0.0, 0.0, 0.0, 0.0, 0.0, 0.0, 0.0, 0.0, 0.0, 0.0, 0.0, 0.0, 0.0, 0.0, 0.0, 0.0, 0.0, 0.0, 0.005623514237182382, 0.000383413667975413, 5.154206971056085e-05, 0.0011885906282055742, 0.0006373013159168347, 0.0012067993195602998, 0.0009045166600909609, 0.0, 0.00012780082672901035, 0.0, 0.0, 0.0, 0.0, 0.0, 0.0, 0.0, 0.0032151457722662956], "grad": [25303.25583803731, 4072.8803682267403, 82950.7576180279, -10812.0749078487, 11914.992366790066, -143325.9974437672, -22031.582682869976, -152172.55681305716, -103824.97285877033, -67621.707474925, 41646.429724232315, 16195.406412615368, 90397.11575757858, -41833.35221223865, 101449.93220732448, -213821.35926376338, 71063.99587168237, -62977.73774100354, 76278.61563600964, -187614.85007348497, 76772.81353116469, 194877.45611719362, 17188.038910817202, -84753.92805669119, 146526.81502445682, -100532.69846424246, 63370.98270791894, -47336.17276782829, -153737.95081452536, 163734.18266696756], "optimality": 213821.35926376338, "nfev": 199, "njev": null, "status": 3, "message": "`xtol` termination condition is satisfied.", "success": true, "res_time": 2619.1181990000186, "tension_error": [-0.5256545576784932, 1.8789909889434473, 1.600170177716253, 1.1416677848044836, -1.078737836020381, -1.5524902394038134, 0.812880161047302, -1.7191728346175215, -3.331412325650831, 1.8458073099846188, -0.6176328531512194, -0.18736062952997093, -0.383239703587168, 0.2697603121756656, 0.11020415934901491, 0.05645417612916282, 0.16068902775233398, 0.13054404363051555, 0.16150543483727509, 0.1467059222962297, -0.06064913218788356, 0.9123319031579308, 0.17954512459341557, 0.31833470112182183, -0.05407653785397909, 0.5882802513396974, 0.07446614847545405, 0.16283421541956375, -0.39571778871355634, 1.059815293278459], "git_revision": "018ef57f2e70e762a509d3bbb7a77c8182022b6e", "linregress": [9.746501956881291, 0.0747374432990231, 0.7938826310382984, 1.6493418661108067e-07, 1.4108075197930636]}