{"x": [0.03142430551735141, -0.038961080708929514, 0.21913887150537897, 0.39075424003628284, 0.27654906865827134, 0.16900563989620052, 0.45939742719223386, 0.060694670795021895, 0.21367628493820526, 0.1553962671572316, 0.004858839309734454, -7.49889731564196e-05, -0.006635861887513117, -0.0009202263721858519, 0.006554679585949184, -0.0009250910191489585, -0.0009568324867783781, 0.0022413821664752052, -0.001333343029505479, 0.012818648521524874, 0.17691478848610107, 0.07845692929051945, 0.043885166007623475, 0.05652107234833189, 0.13784520192709412, 0.1290262752321563, 0.042354383330325804, 0.05943344381879419, 0.08126798295557816, 0.03214764602254404], "cost": 6.571934721994165, "fun": [0.808477220448101, 0.9760124462449187, 1.202870348846838, 0.8869379879473325, 0.1681318436376108, 0.7933533079685106, 0.6180323341615994, 1.1078849900263383, 0.3488051836657906, 0.1858247353585341, 0.8388778674805581, 0.9633842247700872, 0.8790114334763562, 0.6783006543548704, 0.550041879900691, 0.9832648198509498, 0.6784636177482454, 0.4523328926935025, 0.9155282436986931, 1.113682750867829, 0.0, 0.0, 0.0, 0.0, 0.0, 0.0, 0.0, 0.0, 0.0, 0.0, 0.0, 0.0, 0.0, 0.0, 0.0, 0.0, 0.0, 0.0, 0.0, 0.0, 0.0, 0.059141588437106325, 0.0, 0.0, 0.0, 0.0, 0.0, 0.0, 0.0, 0.0, 0.0, 4.216889493712779e-10, 0.0002922079418658151, 7.792629457003671e-07, 0.0, 7.916867827681841e-07, 8.760073231079826e-07, 0.0, 2.3704220836645447e-06, 0.0, 0.0, 0.0, 0.0, 0.0, 0.0, 0.0, 0.0, 0.0, 0.0, 0.0], "grad": [278069.85693519615, -278055.3519880545, 26744.829833409996, -19633.164602477602, 44820.132934001405, 89459.68495149084, 66979.77920380788, 35291.12313201627, 198102.24076619282, 44335.0505309907, 3541.834232026859, 1710.9333575026471, -237249.04434516604, 31719.22656990448, 3356.2669613530643, -33304.30571850065, -94500.27149104714, -217363.27788879653, 3427.430806671591, -15397.997402340523, -6085.339626376419, 266484.2002707996, -265036.3328634449, -178467.44154496214, -11606.584381956254, 37979.742830138435, -260193.80027893526, 276076.77984157065, 13516.264534987176, -43220.27183305209], "optimality": 278069.85693519615, "nfev": 134, "njev": null, "status": 3, "message": "`xtol` termination condition is satisfied.", "success": true, "res_time": 1801.320442999946, "tension_error": [0.966023498867248, 2.5321921052957337, -0.5765883947181462, -3.1799328415458636, -2.2539852767431863, -1.1210366864087922, -5.027730209238759, 1.8269540944097178, -0.4937228884018718, -0.41614012508035, -0.0737068739432132, 0.0011375562020537972, 0.10066367798325748, 0.013959508617219505, -0.09943217117960487, 0.01403330359121043, 0.014514810429406748, -0.03400097477436085, 0.02022634220521143, -0.19445436460627194, -1.847813423333474, -0.3542425201121487, 0.1701989021801814, -0.021483328172018503, -1.2551416126504482, -1.1213616136050084, 0.1934203340155553, -0.06566297338463345, -0.39688521004902033, 0.3482529292423518], "git_revision": "018ef57f2e70e762a509d3bbb7a77c8182022b6e", "linregress": [11.287180922383484, 0.08043306733276634, 0.6081307173092947, 0.0003638609281829956, 2.7844589192474443]}