{"x": [-0.01673471201298259, 0.21430292726591604, -0.030618409221164433, 0.22795196382904115, 0.06035035679833372, 0.10053552533926466, 0.41359645726864663, 0.2711941799518048, 0.3246129073731574, 0.017346944609704002, 0.05509025225233227, 0.03955330200519318, -0.029306235939941354, 0.012024131166953564, 0.038643578106569175, 0.002689951276632308, -0.015560522480155568, 0.09396761480114817, 0.009886766405328061, -0.02694789460582017, 0.050915898087266445, -0.025771407607681273, 0.04632746200235789, 0.1665229955047456, -0.007222034704070197, 0.10624586721078906, 0.04487211566070945, 0.07956810492930946, 0.18205321407131014, 0.001086636465052371], "cost": 8.440761261861393, "fun": [1.0484911552747052, 0.8708905420217292, 0.8985561787463217, 1.0558741719698055, 0.37320178077191635, 0.41598589058528973, 0.9259863902423724, 0.7638518219182624, 0.8087359906308542, 1.1282833238760668, 0.9105526778361037, 1.1198903247131167, 1.032736964975624, 1.0106007938673462, 1.3197073654757459, 0.8280270543019699, 0.6516000732510377, 0.745317856869143, 0.9588134053149723, 0.9597879782201928, 0.0, 0.0, 0.0, 0.0, 0.0, 0.0, 0.0, 0.0, 0.0, 0.0, 0.0, 0.0, 0.0, 0.0, 0.0, 0.0, 0.0, 0.0, 0.0, 0.0, 0.004686565908412125, 0.0, 0.028704360092194573, 0.0, 0.0, 0.0, 0.0, 0.0, 0.0, 0.0, 0.0, 0.0, 0.02516982089464589, 0.0, 0.0, 0.0, 0.0037676671273972856, 0.0, 0.0, 0.01956926527420433, 0.0, 0.017116478532983037, 0.0, 0.0, 0.00037668533528422955, 0.0, 0.0, 0.0, 0.0, 0.0], "grad": [-90636.56915046735, 165233.81145648015, 100418.59342932444, -123690.59727714042, 5083.707679323483, 1534.4281803412778, -19082.174718889088, -7067.044786315749, 108733.05692601185, 79052.61865478195, 11775.900247778254, -97244.65104959041, -103136.84224129017, 7174.322888908422, -76656.51999300087, -35633.310835581025, 27973.096162521942, -156284.88312848803, 33557.69850131666, 40077.77731081747, 61454.414532518334, -25247.03586024481, -77618.08613291958, 10554.029816986967, -106986.62556691279, -86165.4111982855, 28856.630654344386, -86091.48809718553, 79202.03300358095, 25152.204103437143], "optimality": 165233.81145648015, "nfev": 260, "njev": null, "status": 3, "message": "`xtol` termination condition is satisfied.", "success": true, "res_time": 4312.536635000026, "tension_error": [1.696578762801531, -1.309733325898469, 3.2121412243144967, -0.710279888414728, 1.0256727209641707, -0.0823692638384308, -4.332945693547656, -1.366249013880602, -2.1765922167036003, 1.678019275205043, -0.8356996433546161, -0.6000096029300351, 0.4445652347151555, -0.1824018173277979, -0.586209413122426, -0.0408056095337219, 0.23604762286284445, -1.4254554837853173, -0.1499787497980329, 0.4087900307315853, 0.06354518303278463, 1.2268644890608496, 0.133150135686658, -1.690173598985672, 0.9454770623161612, -0.7757908804791084, 0.1552272249891772, -0.3710986615723076, -1.9257615221966746, 0.819437459139493], "git_revision": "018ef57f2e70e762a509d3bbb7a77c8182022b6e", "linregress": [8.870161013099423, 0.4355047899465486, 0.570298910899116, 0.001000466179742046, 2.414484030927989]}