{"x": [-0.001184317517550765, 0.16724477751396102, 0.1356403108871292, -0.07198053008811627, 0.29919656939514727, 0.11005432288870615, 0.006646359152625286, -0.00245084310025111, 0.051482918154060316, 0.03496712798571103, -0.042651130108260146, 0.0036200940508386652, 0.022329814244259488, 0.024359974195991313, -0.01964127867076067, 0.006809344924234167, -0.0070722646852938555, -0.0211121120390724, -0.024721033049861587, 0.0004018861228193116, -0.0670993168318032, 0.0440022056471315, 0.08359368215344858, 0.13624247565074224, 0.005426398379523745, 0.1023855369873863, 0.011503560388435283, 0.04782995697890753, 0.013941701588405173, 0.07904147992110412], "cost": 15.682658014157383, "fun": [2.3197397699056075, 1.2401506613107525, 0.46996622044159664, 1.2629078111641334, 1.6764939658190543, 1.1927275991865662, 0.6427314731148929, 0.8322329861243687, 0.4486233507432652, 1.2147037702770556, 2.422549560046957, 0.8779276254583425, 0.8271255639814105, 0.8032414061003399, 1.2925484826876812, 1.1365505765417614, 1.1865880778015079, 0.8558226649583114, 0.6648536503771257, 1.3653434461006895, 0.0, 0.0, 0.0, 0.0, 0.0, 0.0, 0.0, 0.0, 0.0, 0.0, 0.0, 0.0, 0.0, 0.0, 0.0, 0.0, 0.0, 0.0, 0.0, 0.0, 1.6611332037863345e-06, 0.0, 0.0, 0.3729452858037368, 0.0, 0.0, 0.0, 1.4721312352883696e-05, 0.0, 0.0, 0.07758747686547003, 0.0, 0.0, 0.0, 0.0075772091038193625, 0.0, 0.0003537329519972866, 0.009410117490727472, 0.015107751950513679, 0.0, 0.3021024833839874, 0.0, 0.0, 0.0, 0.0, 0.0, 0.0, 0.0, 0.0, 0.0], "grad": [136216.40005216168, -55369.89155567293, 3918.1683317564894, -150166.9801003884, 87763.23262119568, 33131.64901986385, 122889.94880599092, -130807.68231219299, 2444.027247835314, -25472.556348504597, 13459.178825621771, -11607.447387283122, -25752.516514722498, -352.73918598017417, 23926.96041360082, 63562.71370229838, -964.4528597111862, -35162.77933987322, -61973.213227546075, -13470.914819255811, -10916.679586327367, -4888.487435888865, 101572.62252280816, 208069.42269352762, 5990.171225158783, -80086.64944015746, 59399.818547267605, 60678.756274081636, -205833.4415659714, -104232.93557351426], "optimality": 208069.42269352762, "nfev": 111, "njev": null, "status": 3, "message": "`xtol` termination condition is satisfied.", "success": true, "res_time": 1723.2217119999696, "tension_error": [1.4606847778850653, -0.5958778368274052, 0.6900552396162923, 3.8395899696674243, -2.597539853367572, -0.22676605622916218, 1.840343372201489, 2.784849208050072, 1.9666931241288388, 1.4107273249753431, 0.6470025596703516, -0.054915546462540696, -0.338735384884945, -0.36953219336286014, 0.29795125106707815, -0.10329535429600697, 0.10728375408662802, 0.32026327308691094, 0.3750093284833776, -0.006096470351432262, 1.853794255891396, 0.16842345224128472, -0.43216524436994036, -1.2308288218611187, 0.7536048057046173, -0.717231036241108, 0.6614164072889867, 0.11035781826735488, 0.6244306675626494, -0.36310994644493777], "git_revision": "018ef57f2e70e762a509d3bbb7a77c8182022b6e", "linregress": [11.068212243468173, 0.16865691957201323, 0.7420278622889033, 2.6897218981693264e-06, 1.8896971137775844]}