{"x": [-0.0009621088745800932, 0.0407258682719435, 0.25800197274236747, 0.40519299865189945, 0.023347776036175882, 0.001951042403811079, 0.30535479235608054, 0.18202976715771174, 0.684744345568814, 0.14975005249822196, 0.029044891943353322, -0.01731888561108353, 0.04621827747598566, -0.01823482484726852, 0.0021709484068793525, 0.0070837574853891425, -0.043672889858329005, 0.004711736896894418, -0.03554595506795956, -0.038457989920654224, 0.0018707615135902646, 0.026957710516743477, 0.025869477823250154, 0.15511552721255867, -0.027235082999970836, 0.00932432265154256, 0.06517721180958139, 0.1417862919658738, 0.05626569112313758, 0.017126957459871014], "cost": 6.634261105268419, "fun": [1.3202101678933624, 0.7511539041698527, 0.5172156383314332, 0.45754517680322954, 0.9512610575822567, 1.0008802420622873, 1.1048193480949644, 0.5162257037967498, 0.49079798538884856, 0.6938056286903199, 0.9181847941042559, 0.6449042165969778, 0.8738568966073981, 0.7156043891357118, 1.2778453375371104, 0.8328715413482135, 0.6614283743390527, 0.5382609677653635, 0.5144437152144711, 0.7090002448092936, 0.0, 0.0, 0.0, 0.0, 0.0, 0.0, 0.0, 0.0, 0.0, 0.0, 0.0, 0.0, 0.0, 0.0, 0.0, 0.0, 0.0, 0.0, 0.0, 0.0, 8.905794341916934e-07, 0.0, 0.0, 0.0, 0.0, 0.0, 0.0, 0.0, 0.0, 0.0, 0.0, 0.005194692341340712, 0.0, 0.006063240406703508, 0.0, 0.0, 0.08329823343395944, 0.0, 0.04491284463421003, 0.05688002044532937, 0.0, 0.0, 0.0, 0.0, 0.020201615897933994, 0.0, 0.0, 0.0, 0.0, 0.0], "grad": [-7007.554228559406, 38029.29920216329, 139452.0450412912, 9583.425290468012, 3757.105802853166, 226745.15109320337, 5946.505753515665, 77996.57490723768, -165741.12041018295, 28606.677508825207, -23572.072274610535, 231579.4880111052, 7370.182223376135, -1235.535504143996, 873.350205816775, -138289.4199237225, -156992.63788509343, 141051.1024636435, -26926.085988945928, -3184.5270462699964, 132535.09229119765, -87583.87406471814, -5142.010342581534, 8828.344847974717, -207779.7675334434, 132941.89507293268, 25117.35316215926, -144703.6241995638, -133694.9589099699, -107911.23509719805], "optimality": 231579.4880111052, "nfev": 109, "njev": null, "status": 3, "message": "`xtol` termination condition is satisfied.", "success": true, "res_time": 1868.5743490000023, "tension_error": [1.4573139513578905, 1.3233692714791805, -1.1661278960921058, -3.3989637033085875, 1.5869887847298172, 1.4131224767347828, -2.6909579177572165, -0.013656405833636618, -7.639658769428522, -0.3304890455531511, -0.44060073871428196, 0.2627213696932956, -0.7011149236752807, 0.2766158439735779, -0.0329325195510162, -0.1074580957995101, 0.6625022937215874, -0.07147538236492193, 0.5392195671374042, 0.5833941059775329, 0.8075425594681851, 0.4269824153838383, 0.44349052047788784, -1.5171263393780319, 1.2490679271159282, 0.6944746730446871, -0.15279390245401903, -1.3149265547260616, -0.017609285304383753, 0.5761114624955768], "git_revision": "018ef57f2e70e762a509d3bbb7a77c8182022b6e", "linregress": [13.404837668974253, 0.17963177857663393, 0.5746440016417812, 0.0008962572351661359, 3.607872139654088]}