{"x": [0.08139286986892215, 0.09826969574145321, 0.5612018790694567, 0.2948319327691036, 0.09351245912129587, -0.017704532912376295, 0.19278482831906518, 0.3616735340853658, 0.06858205269063145, 0.13093868264451658, 0.05600841471690266, 0.018704767430917868, 0.008771723533791837, 0.022726007455236348, -0.0025407078186383014, -0.004077942866937899, 0.008211554628660364, -0.01656435944997279, 0.014207837542381814, 0.04013392433109687, -0.0132619403759325, 0.05970495896198354, 0.07062372051222031, 0.1637382150261525, 0.13855230137433355, 0.15247584052007884, 0.06060374916997009, 0.020154004666600132, 0.07967727215992212, 0.06990196037370083], "cost": 6.2301605865467655, "fun": [0.7635271937087896, 0.5519402602271204, 0.7927532854034125, 0.39345665025517873, 0.669020604023959, 0.8835038671630342, 1.2137456958201074, 0.447015083545298, 0.8761339952469089, 0.8243980281290784, 0.86581430765824, 0.7522009875136199, 0.8048781781837915, 0.6403150184098199, 0.6749086624699072, 0.5584946679526412, 0.8687084971478699, 1.2110551464326071, 0.6339365900146788, 0.8228604624464716, 0.0, 0.0, 0.0, 0.0, 0.0, 0.0, 0.0, 0.0, 0.0, 0.0, 0.0, 0.0, 0.0, 0.0, 0.0, 0.0, 0.0, 0.0, 0.0, 0.0, 0.0, 0.0, 0.0, 0.0, 0.0, 0.005549494439509591, 0.0, 0.0, 0.0, 0.0, 0.0, 0.0, 0.0, 0.0, 1.640076750621027e-05, 6.781463220906815e-05, 0.0, 0.0045448958832216895, 0.0, 0.0, 0.002332497640711271, 0.0, 0.0, 0.0, 0.0, 0.0, 0.0, 0.0, 0.0, 0.0], "grad": [-2404.4546082258566, -10575.495582321579, 4043.9390692693664, -32985.94491791773, 11852.784130346925, -40181.47732889062, -12247.125953693037, 9517.749405488677, -34500.967981090784, 3294.3024388469867, -17740.31623184655, 51805.241576533794, -37957.421638151885, 36518.02036928452, 5483.267540796961, 30317.4567261208, -6174.082064350538, 5329.470094949448, 26041.285014745117, -17848.79393872584, 6855.0722526785685, 51952.05675423279, -47424.259142410825, -30639.732438575924, 22303.257978055393, 24956.598667914976, -5587.856591297254, -5766.588585101338, -6271.495509671259, -36135.55382910168], "optimality": 51952.05675423279, "nfev": 230, "njev": null, "status": 3, "message": "`xtol` termination condition is satisfied.", "success": true, "res_time": 2388.3594779999694, "tension_error": [0.2080180496222416, 0.4504497598156096, -5.7655632448742375, -1.7248253643507503, 0.5226153568909198, 1.7112906028568078, -0.9833113750025861, -2.738788817002883, 1.7073053005183536, -0.045127217733823624, -0.8496278432232341, -0.283744706766837, -0.13306394378480613, -0.34474549577709224, 0.038541639057650595, 0.06186095107916712, -0.12456637960425913, 0.2512754746762642, -0.2155278707496958, -0.6088174382701047, 1.0371002952748951, -0.06978176208230383, -0.23541551325142582, -1.647929463995663, -1.2658680611910649, -1.4770832258092441, -0.08341609166977067, 0.5301922269202121, -0.3727546898524313, -0.22446666720901604], "git_revision": "018ef57f2e70e762a509d3bbb7a77c8182022b6e", "linregress": [11.220504358969288, 0.11743433666489211, 0.6122496144718099, 0.00032339579068166216, 2.7384013663180693]}