{"x": [0.192214927180772, 0.2600357894642609, 0.056305930708257054, 0.2600421656076214, 0.21871041692760806, 0.05407156861362897, -0.06862956214720443, 0.1452055684734954, 0.028238859499405758, 0.0514856618722854, -0.0020967647126569067, -0.0011058907563643227, 0.0021705928091343024, 2.302484482610198e-05, -0.0014187581122611322, 0.0010978683578080342, -0.001851041265791436, 0.0005132012819029854, -0.0021538946310182897, -0.0013360285560475077, 0.08650596429797996, 0.05979595122380158, 0.14759200767507247, -0.059667134022890526, 0.08976194269883891, 0.047577039364689766, 0.03209050997477345, 0.008007970380134457, 0.06999185822124525, 0.03733035692562065], "cost": 16.862919671675353, "fun": [1.1960774213202137, 1.0109404329693747, 0.904450562437355, 1.5774633871527675, 1.4235420554802278, 1.0112439621596638, 1.5996135133425737, 1.5934717191771621, 1.4011446952601865, 0.983676743529958, 1.1728321898527025, 1.021912562911623, 1.3057278629658047, 2.1709574678838797, 1.2846868734990706, 0.6180383260684532, 1.4317498996181357, 1.111833646980165, 1.1425116014902386, 1.1303745657500466, 0.0, 0.0, 0.0, 0.0, 0.0, 0.0, 0.0, 0.0, 0.0, 0.0, 0.0, 0.0, 0.0, 0.0, 0.0, 0.0, 0.0, 0.0, 0.0, 0.0, 0.0, 0.0, 0.0, 0.0, 0.0, 0.0, 0.32324639072545813, 0.0, 0.0, 0.0, 9.218263057217262e-06, 1.3524981633524847e-06, 0.0, 0.0, 2.8557821409094604e-06, 0.0, 6.342322215143735e-06, 0.0, 9.99248168929294e-06, 2.384773967993255e-06, 0.0, 0.0, 0.0, 0.2124249545223168, 0.0, 0.0, 0.0, 0.0, 0.0, 0.0], "grad": [-266758.2463209724, 370412.41720358725, -197614.2412415165, 252562.1726849546, 15319.828273914272, 74077.09596663185, -262615.7337641806, 113802.7688245996, -222576.97330141737, -140828.57284926882, 51054.39144363033, 91964.7144619012, -69357.21062137434, -131020.09226928059, -15175.778078681586, 313414.95674030366, 23322.418823614033, 227637.2588656058, 83603.14122375725, 90737.6021768982, 92873.23305528812, -95439.37430353643, -106857.51166031703, -165547.42052590087, 150681.0432192336, 298496.63327136706, 77890.90054834605, 10798.588650525975, -6718.098314472343, -42449.18307466033], "optimality": 370412.41720358725, "nfev": 138, "njev": null, "status": 3, "message": "`xtol` termination condition is satisfied.", "success": true, "res_time": 2394.6605020000134, "tension_error": [-1.4731133662793234, -2.00348467148474, 1.8935297293965807, -1.1970769003198938, -1.3765933853059704, 0.6224725271666953, 2.9822524761082447, 0.5449536648965495, 2.319297273386228, 1.1601470078890854, 0.03180717914559445, 0.0167759716628218, -0.0329271252589851, -0.0003492787530057859, 0.021522058802569764, -0.016654274713938162, 0.02807964135962167, -0.007785081946821177, 0.03267381980247155, 0.02026708069308607, -0.47634353453977457, -0.07116208251360391, -1.4029972087752125, 1.7410506711587324, -0.5257355753658893, 0.11419448902776039, 0.34911966288019874, 0.714443271458542, -0.2258303857628376, 0.2696330377691222], "git_revision": "018ef57f2e70e762a509d3bbb7a77c8182022b6e", "linregress": [9.897741381857044, 0.06993893375293903, 0.7494329787004572, 1.8817577394082091e-06, 1.6524749918770656]}