{"x": [0.09955940970616031, 0.09071435269920686, 0.2980548541460216, 0.30234946088889775, 0.17132757753317476, 0.18926869969178978, 0.23423926861874103, -0.08018602113086365, 0.7008856830648332, 0.017266615700088455, 0.007687546078328577, 0.009402728001946295, -0.01916175249994086, 0.025378422740704273, -0.0066798896818852675, -0.007847260892895775, 0.00769778252982847, -0.02425770390521802, -0.01274788597209185, 0.015793891260572283, 0.03509421906615661, 0.0023678118058735177, 0.03413276875358256, 0.07861130101689698, 0.16411695925880496, 0.2093813372188585, 0.0036672939792609252, 0.05746405721634983, 0.09668273943948946, 0.02840146033607091], "cost": 8.6919772419639, "fun": [0.8265705338512199, 0.4678348592537202, 0.8588369335562053, 0.4372313151475024, 0.6202080786662532, 0.8724085523972822, 0.7487711543045531, 1.3795160040356398, 0.9237110868319012, 0.9309656588627708, 0.5789368878937594, 0.5335247280433212, 0.810737689247621, 0.3777628573041671, 0.5809293334256929, 1.0035005389217044, 1.7240129955317913, 1.2198298795105713, 0.9610071069065692, 1.345194181415116, 0.0, 0.0, 0.0, 0.0, 0.0, 0.0, 0.0, 0.0, 0.0, 0.0, 0.0, 0.0, 0.0, 0.0, 0.0, 0.0, 0.0, 0.0, 0.0, 0.0, 0.0, 0.0, 0.0, 0.0, 0.0, 0.0, 0.0, 0.5155799170763021, 0.0, 0.0, 0.0, 0.0, 0.007035673530168048, 0.0, 0.00029806286426675867, 0.00048323042978562595, 0.0, 0.014274111076467866, 0.0020716410609487065, 0.0, 0.0, 0.0, 0.0, 0.0, 0.0, 0.0, 0.0, 0.0, 0.0, 0.0], "grad": [-72804.15134463296, 344924.146712602, 320083.9317866617, -4284.584001485609, 46482.61618489202, 60950.412838257405, 17376.257880440276, -160247.2360479961, -41716.801057147786, -422098.74229400745, -239078.57106404973, -35139.276531043695, -58775.119078812844, -304108.89786419505, -40485.790881450295, -296457.06385416543, -120178.34951246003, 12950.439860500155, 156429.86534965967, -49211.09091628002, 121504.68788861556, 183228.64224029117, 101287.91207588546, -142925.84856697454, -95277.15983219969, 283841.1758473245, -34064.71476823163, -76390.21190012788, -92501.25657189051, 186037.31008596017], "optimality": 422098.74229400745, "nfev": 166, "njev": null, "status": 3, "message": "`xtol` termination condition is satisfied.", "success": true, "res_time": 3809.5142569999443, "tension_error": [-0.06756193489896978, 0.5650616417308852, -1.7737159418146855, -1.8388636072661169, -0.6578124691888081, -1.428420137239339, -1.6121605735000877, 3.964064366817842, -7.884517150669981, 1.6792378363546505, -0.11661735521749014, -0.1426360584045849, 0.2906770086457911, -0.3849816975998936, 0.10133156405293761, 0.1190401724694588, -0.11677263856650251, 0.36798078922091604, 0.19338092175737778, -0.23958774472816216, 0.3035544582608343, 0.8000024823219085, 0.3181393194744132, -0.3565842846059258, -1.6536748800576648, -2.340319485433997, 0.7802897973287197, -0.03578807512220209, -0.630721614300692, 0.4050812412236828], "git_revision": "018ef57f2e70e762a509d3bbb7a77c8182022b6e", "linregress": [16.424832225261124, -0.04379067819530991, 0.6599529626692066, 7.25589831602807e-05, 3.533672788340234]}