{"x": [0.31910240373971865, 0.139187339417311, 0.4780462003666874, 0.27801639917666304, 0.2625260965011314, 0.010021632238801563, -0.02336215188669829, -0.07846400306131002, 0.44584062146922443, 0.2871071700085972, -0.005403739255037743, -0.021876521576592003, 0.04427003237584706, -0.018103440463328284, -2.121510885101338e-05, 0.043721988993733786, -0.010563059453240091, 0.0019350313006301508, -0.0004172835148727578, -0.04497219701003606, 0.05012415042599594, 0.09614429859889374, 0.10186390112581933, 0.042082849978303305, 0.06375713031537054, 0.12439616480581982, 0.029559576985922972, -0.01440158817619372, -0.06549905120322201, 0.040728138651824966], "cost": 16.104010085390613, "fun": [1.300177968335989, 0.47697111824179667, 1.0993943796870078, 1.0203042672582292, 1.0237614884269775, 1.2335485912076065, 0.73045379117339, 2.161138040375966, 1.8050745788290514, 1.6752068808538174, 1.4575015397557454, 0.8821096059335689, 1.0221177372684034, 0.09297027548966653, 0.5962942650529016, 1.0176202240472276, 1.1736835304046265, 0.7897994075252645, 2.0938616007550452, 1.4657929193789683, 0.0, 0.0, 0.0, 0.0, 0.0, 0.0, 0.0, 0.0, 0.0, 0.0, 0.0, 0.0, 0.0, 0.0, 0.0, 0.0, 0.0, 0.0, 0.0, 0.0, 0.0, 0.0, 0.0, 0.0, 0.0, 0.0, 0.012750832167098462, 0.4830714637031235, 0.0, 0.0, 0.00015779133659184156, 0.010469713743334939, 0.0, 0.005933123033351245, 9.54851408788867e-12, 0.0, 0.0011786074244959906, 0.0, 7.265971393215058e-08, 0.09095620117032106, 0.0, 0.0, 0.0, 0.0, 0.0, 0.0, 0.0, 0.0029869720816141114, 0.28099916345076115, 0.0], "grad": [49067.40755019793, 65450.24866444748, 131255.80170214016, 60384.72731586648, 28674.398519443715, 75001.76017275281, -1760.236613941781, 9011.555376148492, -19986.583657231185, 29133.083183105737, 17841.65486348812, 42116.31635854381, -61383.68178037725, 129469.32291200646, -1178.4745887177664, -14547.19381664191, -19450.598191094163, -35905.45097384875, 1678.5161184815634, 1707.8401544020307, 3381.7000730339278, -110890.43104189754, -130655.51269977185, -7303.017433835517, -101371.46473714094, 155014.68040908081, 35668.68091419492, -106813.20362659484, -64362.30458609748, -182274.15038043328], "optimality": 182274.15038043328, "nfev": 323, "njev": null, "status": 3, "message": "`xtol` termination condition is satisfied.", "success": true, "res_time": 4894.537054000073, "tension_error": [-3.3979515104355738, -0.17025642374298852, -4.5041210079334295, -1.4697396667639293, -2.0412617485077997, 1.2906944831966447, 2.2955618718064548, 3.937941961714582, -4.015573765939283, -2.4141479402313655, 0.08197281340321323, 0.3318590954286929, -0.6715607345258876, 0.27462278933483153, 0.00032182569829802615, -0.6632471102411934, 0.1602378761558971, -0.029353740484064948, 0.0063300433434149124, 0.6822123236977838, 0.07555571504341999, -0.6225536571747676, -0.7093180047037722, 0.1975393989347848, -0.1312517684153017, -1.051124475930293, 0.3875130212269512, 1.0543883493550588, 1.8295187922585108, 0.21808989064792592], "git_revision": "018ef57f2e70e762a509d3bbb7a77c8182022b6e", "linregress": [16.649088324454723, 0.05966759497847729, 0.7922953015386598, 1.817008833452316e-07, 2.422993809981504]}