{"x": [0.0027125913425053174, 0.0786257860352877, -0.05907271953997995, 0.14026860328556218, 0.142086048741571, 0.016347172764716582, -0.04435413084770121, 0.1719800095829304, 0.2073540432300498, 0.11921021027314922, -0.009149973783954934, -0.013821039906758528, -0.013631615582163852, -0.011978619930253622, 0.010058215833013483, -0.007806318471234224, 0.005087575767313471, -0.017004127621583445, 0.00720281886208813, -0.025766470673577548, 0.050785659421870966, -0.0017116056158610286, 0.06093969114536167, -0.052527120056386656, 0.07295570001699009, -0.015579252648328134, 0.08160364799722403, 0.08553721500076109, 0.030156567336362808, -0.06717465772818038], "cost": 19.07203392297287, "fun": [1.2416914309408542, 0.8873489956981246, 1.2101382636524862, 2.1328304229451747, 1.1795177513618176, 0.6052126504733065, 1.5694592350521583, 0.8695135351714341, 0.914154110336328, 1.0518995384753478, 1.5145234523795554, 1.2263181443152007, 0.7690213615762417, 2.199262302150272, 1.1532787436259886, 1.6577088546305119, 1.4158664880419078, 1.035782737905714, 1.4168078932060468, 2.0809766709271917, 0.0, 0.0, 0.0, 0.0, 0.0, 0.0, 0.0, 0.0, 0.0, 0.0, 0.0, 0.0, 0.0, 0.0, 0.0, 0.0, 0.0, 0.0, 0.0, 0.0, 0.0, 0.0, 0.20613934653983573, 0.0, 0.0, 0.0, 0.08725739031728551, 0.0, 0.0, 0.0, 0.0007660542904003668, 0.002640110855698983, 0.002533039667269727, 0.0017187802559623419, 0.0, 0.00047570618182196585, 0.0, 0.004916579516883427, 0.0, 0.017106643594083808, 0.0, 5.014309173308747e-06, 0.0, 0.1449274898270436, 0.0, 0.003781288909742398, 0.0, 0.0, 0.0, 0.30312125252312], "grad": [655719.4339270508, -80098.51065936315, 191838.5988318036, 62871.27980595515, -52290.3371698022, -248185.36686276455, -124409.18647294297, -113116.25863544173, 103030.08425661371, 7449.963193998787, 20691.317240655306, -64629.7887947375, -1027747.3346488588, 865153.5528713687, -37372.23248567946, 731444.3664823088, 96168.07612551078, 104802.20559086671, 17196.307309200252, -1457.001810623713, -59062.057168260035, -316212.5283644897, 8608.931445232214, -126571.10909257867, -157076.34858074598, 19732.512364052272, -750232.8495499294, -982616.1821345799, -74846.9637684737, -102894.50683231733], "optimality": 1027747.3346488588, "nfev": 77, "njev": null, "status": 3, "message": "`xtol` termination condition is satisfied.", "success": true, "res_time": 1900.4282009999733, "tension_error": [1.4015700486654974, 0.7484409227592825, 3.6437830486506524, 0.6198456807819056, -0.2142288190294924, 1.1947382705200442, 2.6140027685855225, 0.1387948623612657, -0.3978167176240185, 0.13278956022812913, 0.13880186630714697, 0.20966028741280693, 0.20678678740083778, 0.18171142796264192, -0.1525795769809216, 0.11841909041262028, -0.0771767251093583, 0.2579466023104307, -0.10926421477658269, 0.3908682475038825, 0.06552085752640388, 0.8618858018758472, -0.08851221262664472, 1.6327391844364756, -0.27079081760690504, 1.072253102902497, -0.4019771300189128, -0.46164795031050504, 0.37845688874341193, 1.854937150644247], "git_revision": "018ef57f2e70e762a509d3bbb7a77c8182022b6e", "linregress": [5.7548697621392915, 0.2885641229632444, 0.432598108582244, 0.016958476164328017, 2.266623796501041]}