{"x": [0.07391560540140936, 0.03868089674915767, 0.12827099220058336, 0.11874399761268399, 0.08560002746464712, 0.1139487874398014, 0.08171375994387224, 0.11003010396465203, 0.3794029862927315, 0.13194033540827008, -0.0019781081486307576, 0.0004946078896293538, 0.0005929482783086979, 0.0014885135622541405, 0.0009732774734526075, -0.0017491224094160112, -0.0008823300261775816, -7.539516705537145e-05, -0.0017773459660574225, -0.0011393995602086604, 0.1162657250987187, 0.04749400876081794, -0.03390572002727711, -0.06468237025108282, 0.03625967073416041, 0.0964229748332904, -0.006439869621945007, 0.08065001113826882, 0.11197384881454803, 0.010631191874954914], "cost": 15.44340433480051, "fun": [0.7102538705808007, 1.204932773690271, 2.1442439447288684, 2.0962828727284863, 1.8925119494492066, 1.2300394399392902, 0.5025459713215726, 0.7747190529395347, 0.8531362595708812, 0.35844265430580147, 0.5272943634233425, 0.8993517159985358, 0.7610529940694759, 2.1046694232804293, 1.3258746932015433, 1.1523947134597154, 1.351526960947271, 0.7839704735107388, 0.7197325747171877, 0.9586287896030302, 0.0, 0.0, 0.0, 0.0, 0.0, 0.0, 0.0, 0.0, 0.0, 0.0, 0.0, 0.0, 0.0, 0.0, 0.0, 0.0, 0.0, 0.0, 0.0, 0.0, 0.0, 0.0, 0.0, 0.0, 0.0, 0.0, 0.0, 0.0, 0.0, 0.0, 7.740162810768462e-06, 0.0, 0.0, 0.0, 0.0, 5.351316179201187e-06, 6.868994620835696e-07, 4.285786410928673e-10, 5.614562472279812e-06, 1.4792042381306151e-06, 0.0, 0.0, 0.03897794286532155, 0.27061868417542834, 0.0, 0.0, 0.0002670737625865029, 0.0, 0.0, 0.0], "grad": [-60775.660881461954, 89716.66228431385, 26254.993244427227, -180663.30586031798, 42416.871541283064, -202.98757484000816, 40621.85208529753, 68202.79913233119, -8083.717576353532, 33868.38382424905, 102644.48131060472, -240526.7884026853, -27626.758192584988, -103989.86417933967, 28182.546327170414, 32565.75875186679, -43000.41199036584, -11220.840183747976, 47228.96950509846, 23193.43774508252, -30315.506210054984, -6551.319135173453, 20623.519302801284, -16599.3994398954, -27873.362081037318, -467655.87784267095, -23812.53245242856, 112226.76767818886, 15753.415879828133, -33233.481274800695], "optimality": 467655.87784267095, "nfev": 77, "njev": null, "status": 3, "message": "`xtol` termination condition is satisfied.", "success": true, "res_time": 2445.95334300003, "tension_error": [0.32144550717221204, 1.3543907662516992, 0.8018451978452844, 0.9463663364104431, 0.6426441467981069, -0.28584370614625276, 0.7015974506642132, 1.0785530212804886, -3.0077383367600916, -0.060321935913726754, 0.030007201033602073, -0.007503026761801244, -0.00899481567883607, -0.022580224309131404, -0.014764275061292563, 0.026533568353204334, 0.013384634450760885, 0.0011437180198456646, 0.02696170972586301, 0.017284288366359264, -0.9277885809988449, 0.11545403392374996, 1.3502591316712123, 1.817130031043348, 0.28587496863285605, -0.6267810770934491, 0.9336118946421689, -0.3875107961334123, -0.8626823356403165, 0.6746499291151367], "git_revision": "018ef57f2e70e762a509d3bbb7a77c8182022b6e", "linregress": [6.650471881102524, 0.13998170019135375, 0.6170087195477127, 0.00028163476232417824, 1.6029972176076452]}