{"x": [-0.006771555231043649, 0.2541232793994091, -0.0925801991227968, 0.04404875335970226, 0.17128605900412477, 0.0942648838434094, 0.024828093301180194, 0.425948140222413, 0.24911167355910707, 0.13986446405894445, -0.0012352175874673728, -0.0010876199231952678, 0.02307225875608429, 0.0011000398382187335, 0.006189255072777707, 0.002461478416194377, -0.015997325109458064, 0.0006469797335782467, 0.013429131340715932, 0.012000179193054563, 0.05855127935550819, 0.116179611166637, 0.05801367370490369, 0.043661870954837985, 0.15757446620729723, 0.08483600165346777, 0.007777985113177741, 0.07154675210979773, 0.09908718692902721, 0.09673320576896943], "cost": 5.3622294960214045, "fun": [0.5496659382147847, 0.44717128951105645, 1.2510673763984566, 0.921614344412306, 0.9123831158584664, 0.5386438826235582, 0.5809791595601773, 0.9070696530009315, 0.4660907192694714, 0.6102582052147223, 0.6706514702616513, 0.5653705995800626, 0.8341293300417474, 0.6579695935386785, 0.7520369694042351, 0.7723001541275318, 0.5423119078288156, 0.7977871681036695, 0.5090156033985503, 0.23624026229920345, 0.0, 0.0, 0.0, 0.0, 0.0, 0.0, 0.0, 0.0, 0.0, 0.0, 0.0, 0.0, 0.0, 0.0, 0.0, 0.0, 0.0, 0.0, 0.0, 0.0, 0.00031050262437514554, 0.0, 0.793513521601178, 0.0, 0.0, 0.0, 0.0, 0.0, 0.0, 0.0, 1.8846486599557258e-06, 1.286564202545816e-06, 0.0, 0.0, 0.0, 0.0, 0.004093946027486546, 0.0, 0.0, 0.0, 0.0, 0.0, 0.0, 0.0, 0.0, 0.0, 0.0, 0.0, 0.0, 0.0], "grad": [-64587.281861328054, 36671.854323322616, -3606.051910344093, 32394.478921183123, -36.99042810682295, 456.16274315646245, -128813.7238270372, -114668.24352185322, -130040.5637347588, 6438.41581190211, 97573.19799739713, -3652.9467162410274, 30439.21810326659, -64552.180099449615, 13541.376901700027, 11283.550498705166, 39051.96695504757, -8336.27314356677, -3118.3835576157157, 2815.5463756230856, -22739.865015411164, -65718.23314295705, -29413.17277871396, -151554.1231215729, 20.298090809219616, 170508.0654672166, 18466.33539720769, -67534.32012584299, 116870.81003812667, -166036.5615633996], "optimality": 170508.0654672166, "nfev": 258, "njev": null, "status": 3, "message": "`xtol` termination condition is satisfied.", "success": true, "res_time": 3596.7919280000497, "tension_error": [1.545441198006663, -1.913793984829406, 4.152079663609184, 2.0794667748797564, -0.657182647786634, 0.012754149967848105, 1.5645328953512492, -3.7138118606342503, -1.0312652016405295, -0.1805281650835037, 0.01873781395270578, 0.01649880958534149, -0.34999800555512556, -0.016687215303798977, -0.09388881055145475, -0.03733975704298286, 0.24267376426899492, -0.00981445374641782, -0.20371517306899756, -0.1820384743546463, -0.05228085046438463, -0.9264822631043667, -0.04412556287525249, 0.17358620916002526, -1.5544275742956264, -0.4510107918243827, 0.7179320666212908, -0.24941757614573462, -0.6671962323559493, -0.6314871706708943], "git_revision": "018ef57f2e70e762a509d3bbb7a77c8182022b6e", "linregress": [12.55452744500364, -0.044601942939926476, 0.7497781344524678, 1.8501346664612269e-06, 2.0938362054938175]}