{"x": [0.08626769140098126, 0.046722031335076776, 0.17899942085059706, 0.3494145055805697, 0.18618413845719156, -0.0054323751900090655, 0.31824513156983447, 0.37704019253209997, 0.1777436444177208, 0.39332697117334015, -0.003305429620310594, 0.001059558999584794, 0.005623315126265627, -0.00602493218926425, 0.0010595217534233115, 0.04127509416847021, 0.00047460740983438864, 0.00042420367548194474, -0.0031716370298705836, -0.01441279259644947, 0.015244819020443166, 0.11952550052211773, 0.07403991161488852, 0.16891973281757752, 0.03678311599072505, 0.012664631549501228, 0.058849758639961496, 0.07692798158693812, 0.11756777350020024, 0.04925922155749339], "cost": 7.3239280605767565, "fun": [1.1250311171285607, 1.066291931640811, 0.5620327989161403, 0.8545797974607428, 0.7200076062458264, 1.1554063868021334, 1.1267648597950215, 0.41694840268457517, 0.7637964072705167, 0.3968664342099586, 0.7687533351831713, 0.9332743408178408, 0.5509104869112919, 0.732374714932989, 1.1086592563192117, 0.9964234400662494, 0.9670337602297351, 0.956845139153645, 0.8106762411883259, 0.35990638073100994, 0.0, 0.0, 0.0, 0.0, 0.0, 0.0, 0.0, 0.0, 0.0, 0.0, 0.0, 0.0, 0.0, 0.0, 0.0, 0.0, 0.0, 0.0, 0.0, 0.0, 0.0, 0.0, 0.0, 0.0, 0.0, 0.00016031319563357884, 0.0, 0.0, 0.0, 0.0, 3.6114677715306034e-05, 0.0, 0.0, 0.0002187038809918456, 0.0, 0.0, 0.0, 0.0, 3.1904389538319784e-05, 0.002993949090195435, 0.0, 0.0, 0.0, 0.0, 0.0, 0.0, 0.0, 0.0, 0.0, 0.0], "grad": [117933.73164617171, 3342.7661085613286, -10753.129724276667, -380.97483189073716, -2617.931203325091, -7490.296556858165, -4610.634094667174, -16496.156945203387, 3822.1495438861175, 902.2919484714305, 17804.56961365591, -5532.9920641989065, -136316.05860063786, -1179.7419323633876, -147619.53945747027, 9422.122560827158, -2966.300799725548, -4202.11253283656, -21091.75859876661, -929.4769028128135, -18747.843633824792, -9440.453738973127, 5222.45001363163, 1189.9213642742193, 33968.50947069745, 1174.3430364166768, -5110.979533875234, 147934.0135008077, -914.6368797167685, 3293.938058685613], "optimality": 147934.0135008077, "nfev": 137, "njev": null, "status": 3, "message": "`xtol` termination condition is satisfied.", "success": true, "res_time": 1619.4402940000873, "tension_error": [0.13406873101866362, 1.23240959842478, 0.032312875927811596, -2.5528236901342103, -0.8831812442092808, 1.5251263104008825, -2.88649980481035, -2.9718955910410125, 0.05136256029449344, -4.025464758023135, 0.05014219833619299, -0.01607313529824506, -0.08530370171416034, 0.09139609052326893, -0.01607257028714791, -0.6261285811149729, -0.00719962655671567, -0.0064350197324603885, 0.04811261205653544, 0.21863696643514557, 0.604662836981383, -0.9772382213140313, -0.2872379241028876, -1.726531256387096, 0.2779344892133192, 0.6438033684020381, -0.05680867564884471, -0.33104892417909165, -0.9475401947646451, 0.08867638008637395], "git_revision": "018ef57f2e70e762a509d3bbb7a77c8182022b6e", "linregress": [9.698404801407435, 0.1407412735127872, 0.5752893220491819, 0.0008816203878477629, 2.6059239237230116]}