{"x": [0.004059144231249783, 0.0026463337548607506, 0.14680986940255464, 0.17421710342221916, 0.07954259397194813, 0.03367272818170358, 0.16256904372190728, 0.059934383169801736, 0.0873946385482798, -0.01655626248850381, -0.01854733454483952, 0.00944324391605179, 0.004869596530146723, -0.004287937917867637, -0.008677093442949044, -0.008244908840457092, -0.017062986458591622, -0.016038300686556532, -0.01464134206312241, 0.007773738822196301, 0.09866954616278839, 0.004985262126914896, -0.01872627420575015, -0.019414678137642753, 0.16633662581427022, -0.01893741062348257, 0.08946411026439435, 0.0027063450176867954, 0.08747730843397271, 0.14488097849856107], "cost": 16.847594678679386, "fun": [1.586934496368583, 1.1617842709778439, 1.5792164190116456, 1.5329294007222447, 1.352571971934986, 1.3026526015228723, 0.8285417115167114, 0.967183697930002, 0.9504785887786673, 0.5519688407349655, 1.4226716990686843, 1.1735981427088984, 1.0371135739219839, 1.6121437259007318, 1.5683326142943825, 1.7976903973191416, 1.092275342071625, 1.6158707541065516, 1.2452278198041933, 0.7104078021710167, 0.0, 0.0, 0.0, 0.0, 0.0, 0.0, 0.0, 0.0, 0.0, 0.0, 0.0, 0.0, 0.0, 0.0, 0.0, 0.0, 0.0, 0.0, 0.0, 0.0, 0.0, 0.0, 0.0, 0.0, 0.0, 0.0, 0.0, 0.0, 0.0, 0.004538234256229397, 0.006380350201001825, 0.0, 0.0, 7.883979141950661e-05, 0.0006533152910114215, 0.0005604767152465309, 0.004967811841476995, 0.004125485396704679, 0.0031386483546648, 0.0, 0.0, 0.0, 0.006566805226895391, 0.007317969333869625, 0.0, 0.00679143875355513, 0.0, 0.0, 0.0, 0.0], "grad": [-21502.349980982486, 47935.25778002705, -4613.179274945564, -39565.57329383399, -38996.241608460026, -13818.374167763994, 48923.383942975575, 50845.04176346078, -21901.122537009072, -27381.11591765358, 11859.83852280915, -46877.32853954728, -93397.88106388596, 44488.362534750806, -19417.12850726721, -33840.614885562456, -78319.36823142914, 1674.8444515207375, 50817.78876970299, -291015.0382589746, -13470.810509136201, 23264.703174309652, 38236.38023225509, -74765.14658794412, 65842.1186784798, 14961.142591447217, -56803.226298655325, -46461.22681770794, 15539.833323471683, 33614.516034755914], "optimality": 291015.0382589746, "nfev": 231, "njev": null, "status": 3, "message": "`xtol` termination condition is satisfied.", "success": true, "res_time": 3192.3962990000146, "tension_error": [1.381143317567452, 1.9010223428297224, 0.5206169871825437, 0.10485893999370587, 0.734533270600014, 0.9319157222300481, -0.5249486088299964, 1.8384873887996798, 1.4219250263492653, 2.1923189366183826, 0.2813565055630134, -0.14325067049263746, -0.07387005717245027, 0.06504650173456074, 0.13162843877376149, 0.12507235120110763, 0.2588394700517273, 0.24329534928208568, 0.22210398101537698, -0.11792486865888964, -0.6608607696356573, 0.7602966866436885, 1.119992306947538, 1.1304351511322315, -1.6873464366929853, 1.1231951717336706, -0.5212175626672958, 0.7948670532249384, -0.49107848155554845, -1.361871854954771], "git_revision": "018ef57f2e70e762a509d3bbb7a77c8182022b6e", "linregress": [5.515843516848528, 0.39856678582352195, 0.5571236482646303, 0.0013839224969053134, 1.553760667907005]}