{"x": [0.06984873884811817, 0.199197260467799, 0.19743782049790068, 0.10082708074080499, 0.32070471132072953, 0.05057560646299872, 0.12667261375882616, 0.1856489984661583, -0.09717153384927892, -0.03241442975737526, -0.00976895983791129, 0.002890600985468455, -0.007596727101174509, -0.0025017331281876705, -0.01059595384831693, 0.0034509947180491277, -0.008667344466059223, 0.00013264418061828014, -0.00472931862846375, 0.0042883591047890015, 0.05787599964775474, 0.00652719800742433, 0.05686522376116694, 1.1788289244142553e-05, 0.12150912508544719, -0.02288610189347756, -0.015867141711745584, 0.07389377122358487, 0.027819187935355295, 0.0971167389439184], "cost": 19.7602835979924, "fun": [1.3323850365709013, 0.8977386473114625, 0.8017413582389026, 1.1054438569923475, 1.2485125846357747, 1.5183627917873053, 1.142415637516669, 1.5705159716001265, 1.7408498870769973, 2.0916905492227293, 1.3503951657998159, 1.252170087733267, 0.6316309459976733, 1.0571891516334466, 1.458885586947958, 1.880162628445883, 1.4138111358159937, 1.3884096356308435, 1.0881455045275448, 1.8729064482851994, 0.0, 0.0, 0.0, 0.0, 0.0, 0.0, 0.0, 0.0, 0.0, 0.0, 0.0, 0.0, 0.0, 0.0, 0.0, 0.0, 0.0, 0.0, 0.0, 0.0, 0.0, 0.0, 0.0, 0.0, 0.0, 0.0, 0.0, 0.0, 0.9175234533544657, 0.034057687588090975, 0.0009322770052469407, 0.0, 0.00043840911628702136, 1.5657518686724535e-05, 0.0011896526437331517, 0.0, 0.0006511157057044428, 0.0, 0.00010577809081590473, 0.0, 0.0, 0.0, 0.0, 0.0, 0.0, 0.011987137349102147, 0.003994809753084195, 0.0, 0.0, 0.0], "grad": [28296.05400444196, -6367.90609901361, 10654.231048541784, -1908.1002080446256, -3293.4100962033804, 12220.659757502513, 25419.705345840906, -7815.955324029901, 22723.073081759103, 20801.970184687343, -16456.2245225094, -11333.504562485261, 60253.31134501662, -18332.08562323118, -21624.416826848577, 16206.683664765735, -14615.344627001634, 51767.83959336804, -47926.33770574689, 721.4144901162717, 34680.15439174368, -40639.24529203845, -33869.28785696765, 45744.62089336084, -22332.37810700188, 26515.200287808497, -29228.951490184347, -15444.271704671091, -21179.895762004482, 288.52350980053325], "optimality": 60253.31134501662, "nfev": 204, "njev": null, "status": 3, "message": "`xtol` termination condition is satisfied.", "success": true, "res_time": 3232.7056630000006, "tension_error": [0.38313843449062673, -1.080585702867107, -0.24739112576568525, 1.218159628829243, -2.9238107597722274, 0.6755050366037755, 0.019587538516848243, -0.06855886479920782, 4.221728587630589, 2.4328817256604798, 0.1481916658339935, -0.04384939465464548, 0.11523966345325844, 0.03795040678737051, 0.16073687249572446, -0.05235036938808398, 0.1314805502421828, -0.0020121653088104904, 0.0717420910148433, -0.06505289099120014, -0.042037096118346516, 0.7369060646600532, -0.02670398339154627, 0.8357425258338512, -1.007329104407668, 1.1830954217985554, 1.0766202781791991, -0.2850210260510732, 0.413914107615081, -0.6373052332938685], "git_revision": "018ef57f2e70e762a509d3bbb7a77c8182022b6e", "linregress": [8.469476244790433, 0.1198369601253848, 0.5484124821149378, 0.0017027252000583405, 2.4405319865447197]}