{"x": [0.04651122324603602, 0.08838744302081747, 0.12765821057791762, 0.14345126745061731, 0.07112036722364781, 0.06544323523435239, 0.08187734442062446, 0.15425076404866664, 0.12081584398059653, 0.09200040313474558, 0.09069422463974366, 0.09675871886109143, 0.08239344455910888, 0.07803150737444535, 0.09117925898105154, 0.11128449624073276, 0.0910634087523653, 0.0875705572004044, 0.08486509443924325, 0.09042793875573492, 0.10814221337420632, 0.11561351912078968, 0.08138902236113418, 0.0716643157511424, 0.07749144185159826, 0.12695933866040804, 0.13512963600978475, 0.09162966469512003, 0.07716176210114901, 0.0840100986313965], "cost": 0.6361275146389118, "fun": [0.1900237542914486, 0.2801334710570916, 0.2366136397577405, 0.23660824223971944, 0.18513335282546375, 0.2216341698833774, 0.23450433975481377, 0.30960239743258594, 0.07139774459156172, 0.0028238703870922684, 0.07777774141757396, 0.2730085132368478, 0.29771776764425434, 0.2202666110937221, 0.4583651950066982, 0.193788719246874, 0.38673075066986906, 0.3531885598336732, 0.0015577455681792247, 0.25818579929864116, 0.0, 0.0, 0.0, 0.0, 0.0, 0.0, 0.0, 0.0, 0.0, 0.0, 0.0, 0.0, 0.0, 0.0, 0.0, 0.0, 0.0, 0.0, 0.0, 0.0, 0.0, 0.0, 0.0, 0.0, 0.0, 0.0, 0.0, 0.0, 0.0, 0.0, 0.0, 0.0, 0.0, 0.0, 0.0, 0.0, 0.0, 0.0, 0.0, 0.0, 0.0, 0.0, 0.0, 0.0, 0.0, 0.0, 0.0, 0.0, 0.0, 0.0], "grad": [0.17759523761676166, 0.4620873199005997, -0.32925759443131275, -0.4991298194757935, -0.6834267178946378, -0.13235422991065526, 0.19810715395167078, -0.08710969401064261, 0.19315131979432953, 0.16338013325893597, 0.2017261653003506, -144.02786252952262, 1.0015066919767173, -143.17711443940286, 0.38275118927469864, 143.19119061661172, 0.19732681408532143, -0.3435899155159388, 0.05822265949235994, 0.14041511245349736, -0.31268582635158904, 0.3387164962722613, 0.11519072656166607, 0.5160785183572982, -0.0557316692079346, -144.03855362713637, 143.91843192745995, -143.18099535207725, 0.38538717461272254, 0.10778992445525537], "optimality": 144.03855362713637, "nfev": 2368, "njev": null, "status": 2, "message": "`ftol` termination condition is satisfied.", "success": true, "res_time": 3152.8508589999983, "tension_error": [0.5348877675396398, 0.11612556979182537, -0.2765821057791762, -0.4345126745061731, 0.28879632776352193, 0.3455676476564762, 0.1812265557937555, -0.5425076404866663, -0.2081584398059652, 0.07999596865254421, 0.09305775360256341, 0.03241281138908578, 0.17606555440891125, 0.21968492625554656, 0.08820741018948461, -0.11284496240732758, 0.08936591247634712, 0.12429442799595611, 0.1513490556075675, 0.09572061244265087, -0.08142213374206314, -0.15613519120789676, 0.18610977638865822, 0.283356842488576, 0.22508558148401747, -0.26959338660408033, -0.3512963600978475, 0.08370335304879975, 0.2283823789885099, 0.1598990136860351], "git_revision": "ec36e56dd006ef5715c6882890a8a7f5f3c70256"}