{"x": [0.06873481543144654, 0.07172081359651922, 0.12548765563272699, 0.1462946901283233, 0.09051728972276296, 0.07186279716774586, 0.07179780879017585, 0.13363861459882154, 0.12901956350191365, 0.07806849466076331, 0.09290922294398422, 0.11768248082523662, 0.08867939569767888, 0.08203455481259675, 0.1018732385358626, 0.10099759298626311, 0.11599001667398652, 0.07916509408684119, 0.05751791654837914, 0.12001424639086263, 0.12053088226576587, 0.11530596879239385, 0.08924306424446907, 0.051096566220305645, 0.09356031232763022, 0.126108806513641, 0.12784804772067043, 0.10014356292116401, 0.053197709577753466, 0.10086510649231961], "cost": 0.5769176302641938, "fun": [0.3080515665651446, 0.0034380108497397677, 0.15535869746232253, 0.19144222180517806, 0.07915444809505681, 0.2535349487875215, 0.14690977003938832, 0.33198970898826413, 0.2087213482943012, 0.295182393368985, 0.3480814948289643, 0.20056570152938824, 0.09493685598137479, 0.003623336499591567, 0.4272636158877922, 0.2482890558479158, 0.06580115630492436, 0.061483854871054656, 0.35676147419287263, 0.33925655667340515, 0.0, 0.0, 0.0, 0.0, 0.0, 0.0, 0.0, 0.0, 0.0, 0.0, 0.0, 0.0, 0.0, 0.0, 0.0, 0.0, 0.0, 0.0, 0.0, 0.0, 0.0, 0.0, 0.0, 0.0, 0.0, 0.0, 0.0, 0.0, 0.0, 0.0, 0.0, 0.0, 0.0, 0.0, 0.0, 0.0, 0.0, 0.0, 0.0, 0.0, 0.0, 0.0, 0.0, 0.0, 0.0, 0.0, 0.0, 0.0, 0.0, 0.0], "grad": [0.8134167590021198, 1.2128088733280915, -0.12932683377423526, -0.2451872608796586, -0.8695245386140305, 0.3953693080542968, 0.2662498179221169, -0.59321285532328, 0.1009941931360272, 0.6827052066246593, 0.5663344491213942, -0.6496177678583291, -0.5502923615577887, 0.7795452435275427, 0.3812921558427902, -1.2245070726138647, 0.34999315269391396, 0.6950067416620791, 0.9115285155396982, 0.24598626993567219, 0.8521390110072997, 100.69765485648664, 1.200719428904712, 103.44033839244369, 106.69355223769037, -0.45551734647727904, -0.6160420532973153, 104.62590755439078, -178.62195817326364, -0.6361488119006413], "optimality": 178.62195817326364, "nfev": 2310, "njev": null, "status": 2, "message": "`ftol` termination condition is satisfied.", "success": true, "res_time": 2835.7141439999978, "tension_error": [0.31265184568553467, 0.2827918640348079, -0.2548765563272698, -0.46294690128323296, 0.09482710277237044, 0.2813720283225414, 0.28202191209824157, -0.3363861459882153, -0.2901956350191365, 0.21931505339236698, 0.07090777056015782, -0.17682480825236616, 0.11320604302321124, 0.17965445187403256, -0.018732385358625897, -0.009975929862631044, -0.15990016673986515, 0.20834905913158813, 0.4248208345162086, -0.2001424639086262, -0.20530882265765868, -0.15305968792393848, 0.10756935755530939, 0.4890343377969436, 0.06439687672369784, -0.26108806513641003, -0.27848047720670427, -0.0014356292116400604, 0.4680229042224654, -0.008651064923196061], "git_revision": "ec36e56dd006ef5715c6882890a8a7f5f3c70256"}